3.400000000000000000e+03 1.156000000000000085e+02
3.928000000000000000e+03 1.167500000000000000e+02
3.440000000000000000e+03 1.385000000000000000e+02
3.344000000000000000e+03 1.692500000000000000e+02
3.624000000000000000e+03 1.800000000000000000e+02
3.248000000000000000e+03 2.650500000000000114e+02
3.528000000000000000e+03 2.718999999999999773e+02
3.648000000000000000e+03 2.883000000000000114e+02
3.368000000000000000e+03 2.981000000000000227e+02
3.472000000000000000e+03 3.119000000000000341e+02
3.304000000000000000e+03 3.264000000000000341e+02
3.736000000000000000e+03 3.412500000000000000e+02
3.568000000000000000e+03 3.517500000000000000e+02
3.856000000000000000e+03 3.554499999999999886e+02
3.536000000000000000e+03 3.735000000000000000e+02
3.760000000000000000e+03 3.851000000000000227e+02
3.976000000000000000e+03 4.020500000000000114e+02
3.448000000000000000e+03 4.610000000000000000e+02
3.720000000000000000e+03 4.655000000000000000e+02
3.376000000000000000e+03 4.885000000000000000e+02
3.896000000000000000e+03 5.008500000000000227e+02
3.216000000000000000e+03 5.196499999999999773e+02
3.536000000000000000e+03 5.461499999999999773e+02
3.584000000000000000e+03 5.608500000000000227e+02
3.640000000000000000e+03 5.648500000000000227e+02
3.752000000000000000e+03 5.772500000000000000e+02
3.400000000000000000e+03 5.950000000000000000e+02
3.504000000000000000e+03 6.199500000000000455e+02
3.880000000000000000e+03 6.465000000000000000e+02
3.504000000000000000e+03 6.466000000000000227e+02
3.264000000000000000e+03 6.602000000000000455e+02
3.896000000000000000e+03 6.953000000000000682e+02
3.880000000000000000e+03 6.966000000000000227e+02
3.840000000000000000e+03 7.438999999999999773e+02
3.408000000000000000e+03 7.593500000000000227e+02
3.864000000000000000e+03 7.845000000000000000e+02
3.648000000000000000e+03 7.856000000000000227e+02
3.296000000000000000e+03 8.203500000000000227e+02
3.280000000000000000e+03 8.528000000000000682e+02
3.488000000000000000e+03 8.783000000000000682e+02
3.976000000000000000e+03 8.940500000000000682e+02
3.448000000000000000e+03 9.577000000000000455e+02
3.952000000000000000e+03 9.643999999999999773e+02
3.824000000000000000e+03 9.928500000000000227e+02
3.840000000000000000e+03 9.942500000000000000e+02
3.416000000000000000e+03 1.009050000000000068e+03
3.648000000000000000e+03 1.019700000000000045e+03
3.432000000000000000e+03 1.026500000000000000e+03
3.344000000000000000e+03 1.036299999999999955e+03
3.664000000000000000e+03 1.041750000000000000e+03
3.680000000000000000e+03 1.083849999999999909e+03
3.272000000000000000e+03 1.095350000000000136e+03
3.824000000000000000e+03 1.104400000000000091e+03
3.944000000000000000e+03 1.116200000000000045e+03
3.656000000000000000e+03 1.154950000000000045e+03
3.768000000000000000e+03 1.161549999999999955e+03
3.464000000000000000e+03 1.167600000000000136e+03
3.496000000000000000e+03 1.197100000000000136e+03
3.328000000000000000e+03 1.213350000000000136e+03
3.680000000000000000e+03 1.271000000000000000e+03
3.704000000000000000e+03 1.275049999999999955e+03
3.576000000000000000e+03 1.285700000000000045e+03
3.256000000000000000e+03 1.287400000000000091e+03
3.824000000000000000e+03 1.341299999999999955e+03
3.608000000000000000e+03 1.351650000000000091e+03
3.664000000000000000e+03 1.400750000000000000e+03
3.240000000000000000e+03 1.456500000000000000e+03
3.720000000000000000e+03 1.463750000000000000e+03
3.456000000000000000e+03 1.465299999999999955e+03
3.736000000000000000e+03 1.474200000000000045e+03
3.448000000000000000e+03 1.497750000000000000e+03
3.416000000000000000e+03 1.514350000000000136e+03
3.528000000000000000e+03 1.517600000000000136e+03
3.648000000000000000e+03 1.523049999999999955e+03
3.448000000000000000e+03 1.531450000000000045e+03
3.488000000000000000e+03 1.590650000000000091e+03
3.992000000000000000e+03 1.591200000000000045e+03
3.216000000000000000e+03 1.622100000000000136e+03
3.320000000000000000e+03 1.624200000000000045e+03
3.376000000000000000e+03 1.655400000000000091e+03
3.776000000000000000e+03 1.660250000000000000e+03
3.272000000000000000e+03 1.684299999999999955e+03
3.424000000000000000e+03 1.685650000000000091e+03
3.288000000000000000e+03 1.700250000000000000e+03
3.624000000000000000e+03 1.729549999999999955e+03
3.712000000000000000e+03 1.761549999999999955e+03
3.808000000000000000e+03 1.777150000000000091e+03
3.528000000000000000e+03 1.794650000000000091e+03
3.656000000000000000e+03 1.816650000000000091e+03
3.856000000000000000e+03 1.833400000000000091e+03
3.648000000000000000e+03 1.850750000000000000e+03
3.248000000000000000e+03 1.852100000000000136e+03
3.320000000000000000e+03 1.872850000000000136e+03
3.888000000000000000e+03 1.879400000000000091e+03
3.800000000000000000e+03 1.896250000000000000e+03
3.376000000000000000e+03 1.928500000000000000e+03
3.744000000000000000e+03 1.940600000000000136e+03
3.856000000000000000e+03 1.946950000000000045e+03
3.976000000000000000e+03 1.969100000000000136e+03
3.208000000000000000e+03 1.989400000000000091e+03
3.216000000000000000e+03 2.000000000000000000e+03
3.488000000000000000e+03 2.002799999999999955e+03
3.480000000000000000e+03 2.045650000000000091e+03
3.936000000000000000e+03 2.066849999999999909e+03
3.504000000000000000e+03 2.081000000000000000e+03
3.496000000000000000e+03 2.084800000000000182e+03
3.840000000000000000e+03 2.085599999999999909e+03
3.704000000000000000e+03 2.093349999999999909e+03
3.296000000000000000e+03 2.100300000000000182e+03
3.480000000000000000e+03 2.100300000000000182e+03
3.712000000000000000e+03 2.105250000000000000e+03
3.512000000000000000e+03 2.114400000000000091e+03
3.760000000000000000e+03 2.136750000000000000e+03
3.368000000000000000e+03 2.172800000000000182e+03
3.312000000000000000e+03 2.189200000000000273e+03
3.640000000000000000e+03 2.220000000000000000e+03
3.584000000000000000e+03 2.223700000000000273e+03
3.688000000000000000e+03 2.244650000000000091e+03
3.832000000000000000e+03 2.244750000000000000e+03
3.784000000000000000e+03 2.259450000000000273e+03
3.640000000000000000e+03 2.287200000000000273e+03
3.552000000000000000e+03 2.315500000000000000e+03
3.784000000000000000e+03 2.340500000000000000e+03
3.216000000000000000e+03 2.378150000000000091e+03
3.616000000000000000e+03 2.407500000000000000e+03
3.992000000000000000e+03 2.427900000000000091e+03
3.824000000000000000e+03 2.444400000000000091e+03
3.720000000000000000e+03 2.449349999999999909e+03
3.400000000000000000e+03 2.452599999999999909e+03
3.344000000000000000e+03 2.473650000000000091e+03
3.856000000000000000e+03 2.479000000000000000e+03
3.280000000000000000e+03 2.481950000000000273e+03
3.984000000000000000e+03 2.485900000000000091e+03
3.640000000000000000e+03 2.488700000000000273e+03
3.264000000000000000e+03 2.507550000000000182e+03
3.536000000000000000e+03 2.521300000000000182e+03
3.424000000000000000e+03 2.543599999999999909e+03
4.000000000000000000e+03 2.544349999999999909e+03
3.696000000000000000e+03 2.564150000000000091e+03
3.352000000000000000e+03 2.565550000000000182e+03
3.912000000000000000e+03 2.567099999999999909e+03
3.472000000000000000e+03 2.571849999999999909e+03
3.368000000000000000e+03 2.575700000000000273e+03
3.312000000000000000e+03 2.589050000000000182e+03
3.656000000000000000e+03 2.601000000000000000e+03
3.640000000000000000e+03 2.621500000000000000e+03
3.808000000000000000e+03 2.650200000000000273e+03
3.512000000000000000e+03 2.663450000000000273e+03
3.904000000000000000e+03 2.691050000000000182e+03
3.576000000000000000e+03 2.698050000000000182e+03
3.480000000000000000e+03 2.717550000000000182e+03
3.320000000000000000e+03 2.719650000000000091e+03
3.536000000000000000e+03 2.721150000000000091e+03
3.232000000000000000e+03 2.734099999999999909e+03
3.712000000000000000e+03 2.743849999999999909e+03
3.960000000000000000e+03 2.755650000000000091e+03
4.000000000000000000e+03 2.759000000000000000e+03
3.288000000000000000e+03 2.778050000000000182e+03
3.944000000000000000e+03 2.790500000000000000e+03
3.384000000000000000e+03 2.804750000000000000e+03
3.912000000000000000e+03 2.816900000000000091e+03
3.672000000000000000e+03 2.825250000000000000e+03
3.264000000000000000e+03 2.854250000000000000e+03
3.720000000000000000e+03 2.863000000000000000e+03
3.648000000000000000e+03 2.875500000000000000e+03
3.736000000000000000e+03 2.898900000000000091e+03
3.944000000000000000e+03 2.920500000000000000e+03
3.888000000000000000e+03 2.923800000000000182e+03
3.824000000000000000e+03 2.942450000000000273e+03
3.792000000000000000e+03 2.984050000000000182e+03
3.728000000000000000e+03 2.994849999999999909e+03
3.376000000000000000e+03 3.006800000000000182e+03
3.496000000000000000e+03 3.406400000000000091e+03
3.608000000000000000e+03 3.408250000000000000e+03
3.928000000000000000e+03 3.427200000000000273e+03
3.752000000000000000e+03 3.436800000000000182e+03
3.888000000000000000e+03 3.450250000000000000e+03
3.776000000000000000e+03 3.458349999999999909e+03
3.736000000000000000e+03 3.475950000000000273e+03
3.664000000000000000e+03 3.512050000000000182e+03
3.568000000000000000e+03 3.517300000000000182e+03
3.440000000000000000e+03 3.533800000000000182e+03
3.728000000000000000e+03 3.546050000000000182e+03
3.488000000000000000e+03 3.554550000000000182e+03
3.528000000000000000e+03 3.583349999999999909e+03
3.840000000000000000e+03 3.588849999999999909e+03
3.208000000000000000e+03 3.709599999999999909e+03
3.768000000000000000e+03 3.717849999999999909e+03
3.384000000000000000e+03 3.719650000000000091e+03
3.864000000000000000e+03 3.746150000000000091e+03
3.336000000000000000e+03 3.746349999999999909e+03
3.320000000000000000e+03 3.748700000000000273e+03
3.208000000000000000e+03 3.754250000000000000e+03
3.680000000000000000e+03 3.754400000000000091e+03
3.880000000000000000e+03 3.773650000000000091e+03
3.840000000000000000e+03 3.782750000000000000e+03
3.920000000000000000e+03 3.794150000000000091e+03
3.664000000000000000e+03 3.924300000000000182e+03
3.544000000000000000e+03 4.156500000000000000e+03
3.264000000000000000e+03 4.158449999999999818e+03
3.832000000000000000e+03 4.178300000000000182e+03
3.632000000000000000e+03 4.187850000000000364e+03
3.776000000000000000e+03 4.244449999999999818e+03
4.000000000000000000e+03 4.245750000000000000e+03
3.816000000000000000e+03 4.258149999999999636e+03
3.736000000000000000e+03 4.264699999999999818e+03
3.968000000000000000e+03 4.280949999999999818e+03
3.656000000000000000e+03 4.282699999999999818e+03
3.632000000000000000e+03 4.283800000000000182e+03
3.840000000000000000e+03 4.284550000000000182e+03
3.808000000000000000e+03 4.315750000000000000e+03
3.744000000000000000e+03 4.380050000000000182e+03
3.432000000000000000e+03 4.405750000000000000e+03
3.512000000000000000e+03 4.440050000000000182e+03
3.840000000000000000e+03 4.444850000000000364e+03
3.904000000000000000e+03 4.451650000000000546e+03
3.488000000000000000e+03 4.452000000000000000e+03
3.944000000000000000e+03 4.469949999999999818e+03
3.392000000000000000e+03 4.482449999999999818e+03
3.248000000000000000e+03 4.495000000000000000e+03
3.712000000000000000e+03 4.533250000000000000e+03
3.624000000000000000e+03 4.539250000000000000e+03
3.928000000000000000e+03 4.545900000000000546e+03
3.448000000000000000e+03 4.561650000000000546e+03
3.224000000000000000e+03 4.567500000000000000e+03
3.464000000000000000e+03 4.572900000000000546e+03
3.584000000000000000e+03 4.574500000000000000e+03
3.968000000000000000e+03 4.610250000000000000e+03
3.648000000000000000e+03 4.675050000000000182e+03
3.936000000000000000e+03 4.702750000000000000e+03
3.416000000000000000e+03 4.711850000000000364e+03
3.304000000000000000e+03 4.717750000000000000e+03
3.800000000000000000e+03 4.733000000000000000e+03
3.416000000000000000e+03 4.747300000000000182e+03
3.704000000000000000e+03 4.755500000000000000e+03
3.680000000000000000e+03 4.768949999999999818e+03
3.312000000000000000e+03 4.769900000000000546e+03
3.912000000000000000e+03 4.813250000000000000e+03
4.000000000000000000e+03 4.827650000000000546e+03
3.752000000000000000e+03 4.828900000000000546e+03
3.296000000000000000e+03 4.935500000000000000e+03
3.960000000000000000e+03 4.949949999999999818e+03
3.600000000000000000e+03 4.992400000000000546e+03
3.304000000000000000e+03 4.993199999999999818e+03
3.408000000000000000e+03 5.000600000000000364e+03
3.584000000000000000e+03 5.000750000000000000e+03
3.480000000000000000e+03 5.035350000000000364e+03
3.376000000000000000e+03 5.063050000000000182e+03
3.704000000000000000e+03 5.121800000000000182e+03
3.320000000000000000e+03 5.128850000000000364e+03
3.520000000000000000e+03 5.146600000000000364e+03
3.760000000000000000e+03 5.344050000000000182e+03
3.560000000000000000e+03 5.346750000000000000e+03
3.440000000000000000e+03 5.562150000000000546e+03
3.920000000000000000e+03 5.615600000000000364e+03
3.912000000000000000e+03 5.647600000000000364e+03
3.464000000000000000e+03 5.702000000000000000e+03
3.712000000000000000e+03 5.777850000000000364e+03
3.696000000000000000e+03 5.850350000000000364e+03
3.609000000000000000e+03 1.014000000000000057e+02
3.873000000000000000e+03 1.234000000000000057e+02
3.945000000000000000e+03 1.241000000000000085e+02
3.385000000000000000e+03 1.548000000000000114e+02
3.529000000000000000e+03 1.619500000000000171e+02
3.897000000000000000e+03 1.631500000000000057e+02
3.409000000000000000e+03 1.734500000000000171e+02
3.369000000000000000e+03 2.038499999999999943e+02
3.833000000000000000e+03 2.292000000000000171e+02
3.985000000000000000e+03 2.363499999999999943e+02
3.545000000000000000e+03 2.457000000000000171e+02
3.513000000000000000e+03 2.714499999999999886e+02
3.921000000000000000e+03 2.816999999999999886e+02
3.265000000000000000e+03 2.913500000000000227e+02
3.697000000000000000e+03 3.186000000000000227e+02
3.609000000000000000e+03 3.208500000000000227e+02
3.865000000000000000e+03 3.380500000000000114e+02
3.665000000000000000e+03 3.466999999999999886e+02
3.217000000000000000e+03 3.564499999999999886e+02
3.289000000000000000e+03 3.673000000000000114e+02
3.313000000000000000e+03 5.147500000000000000e+02
3.937000000000000000e+03 5.465500000000000682e+02
3.913000000000000000e+03 5.946499999999999773e+02
3.897000000000000000e+03 5.990000000000000000e+02
3.617000000000000000e+03 6.338500000000000227e+02
3.385000000000000000e+03 6.380000000000000000e+02
3.425000000000000000e+03 6.598999999999999773e+02
3.777000000000000000e+03 6.726000000000000227e+02
3.745000000000000000e+03 6.772000000000000455e+02
3.281000000000000000e+03 6.822000000000000455e+02
3.769000000000000000e+03 6.828000000000000682e+02
3.937000000000000000e+03 7.196000000000000227e+02
3.473000000000000000e+03 7.367000000000000455e+02
3.337000000000000000e+03 7.384500000000000455e+02
3.817000000000000000e+03 7.440000000000000000e+02
3.489000000000000000e+03 7.778999999999999773e+02
3.705000000000000000e+03 7.966000000000000227e+02
3.425000000000000000e+03 7.966499999999999773e+02
3.761000000000000000e+03 8.096000000000000227e+02
3.481000000000000000e+03 8.160000000000000000e+02
3.705000000000000000e+03 8.363999999999999773e+02
3.657000000000000000e+03 8.490000000000000000e+02
3.393000000000000000e+03 8.783999999999999773e+02
3.441000000000000000e+03 8.910500000000000682e+02
3.913000000000000000e+03 8.920500000000000682e+02
3.561000000000000000e+03 9.404500000000000455e+02
3.313000000000000000e+03 9.468000000000000682e+02
3.873000000000000000e+03 9.732000000000000455e+02
3.953000000000000000e+03 9.806000000000000227e+02
3.609000000000000000e+03 1.019149999999999977e+03
3.569000000000000000e+03 1.024650000000000091e+03
3.937000000000000000e+03 1.024849999999999909e+03
3.577000000000000000e+03 1.043400000000000091e+03
3.289000000000000000e+03 1.054150000000000091e+03
3.521000000000000000e+03 1.065450000000000045e+03
3.817000000000000000e+03 1.155850000000000136e+03
3.817000000000000000e+03 1.205299999999999955e+03
3.785000000000000000e+03 1.206950000000000045e+03
3.433000000000000000e+03 1.211200000000000045e+03
3.801000000000000000e+03 1.221049999999999955e+03
3.337000000000000000e+03 1.221600000000000136e+03
3.849000000000000000e+03 1.221850000000000136e+03
3.817000000000000000e+03 1.223250000000000000e+03
3.425000000000000000e+03 1.229750000000000000e+03
3.993000000000000000e+03 1.242750000000000000e+03
3.905000000000000000e+03 1.276400000000000091e+03
3.745000000000000000e+03 1.279299999999999955e+03
3.929000000000000000e+03 1.293549999999999955e+03
3.361000000000000000e+03 1.295049999999999955e+03
3.449000000000000000e+03 1.302450000000000045e+03
3.593000000000000000e+03 1.302600000000000136e+03
3.353000000000000000e+03 1.324750000000000000e+03
3.585000000000000000e+03 1.325500000000000000e+03
3.713000000000000000e+03 1.325450000000000045e+03
3.289000000000000000e+03 1.351150000000000091e+03
3.969000000000000000e+03 1.377450000000000045e+03
3.377000000000000000e+03 1.390950000000000045e+03
3.585000000000000000e+03 1.403200000000000045e+03
3.433000000000000000e+03 1.424049999999999955e+03
3.249000000000000000e+03 1.436000000000000000e+03
3.825000000000000000e+03 1.467100000000000136e+03
3.321000000000000000e+03 1.473700000000000045e+03
3.537000000000000000e+03 1.487549999999999955e+03
3.873000000000000000e+03 1.496150000000000091e+03
3.577000000000000000e+03 1.509700000000000045e+03
3.337000000000000000e+03 1.511700000000000045e+03
3.777000000000000000e+03 1.523700000000000045e+03
3.985000000000000000e+03 1.547549999999999955e+03
3.289000000000000000e+03 1.561549999999999955e+03
3.217000000000000000e+03 1.563100000000000136e+03
3.953000000000000000e+03 1.574650000000000091e+03
3.817000000000000000e+03 1.586049999999999955e+03
3.977000000000000000e+03 1.601400000000000091e+03
3.441000000000000000e+03 1.627200000000000045e+03
3.265000000000000000e+03 1.646250000000000000e+03
3.953000000000000000e+03 1.681450000000000045e+03
3.689000000000000000e+03 1.707650000000000091e+03
3.249000000000000000e+03 1.756299999999999955e+03
3.905000000000000000e+03 1.784850000000000136e+03
3.857000000000000000e+03 1.801250000000000000e+03
3.841000000000000000e+03 1.808650000000000091e+03
3.225000000000000000e+03 1.816299999999999955e+03
3.281000000000000000e+03 1.837750000000000000e+03
3.609000000000000000e+03 1.841250000000000000e+03
3.225000000000000000e+03 1.898299999999999955e+03
3.753000000000000000e+03 1.899100000000000136e+03
3.801000000000000000e+03 1.909350000000000136e+03
3.305000000000000000e+03 1.940900000000000091e+03
3.745000000000000000e+03 1.955600000000000136e+03
3.801000000000000000e+03 2.059000000000000000e+03
3.881000000000000000e+03 2.072150000000000091e+03
3.969000000000000000e+03 2.102000000000000000e+03
3.369000000000000000e+03 2.102650000000000091e+03
3.417000000000000000e+03 2.103650000000000091e+03
3.665000000000000000e+03 2.136250000000000000e+03
3.673000000000000000e+03 2.137050000000000182e+03
3.521000000000000000e+03 2.147000000000000000e+03
3.881000000000000000e+03 2.149349999999999909e+03
3.481000000000000000e+03 2.153750000000000000e+03
3.753000000000000000e+03 2.157150000000000091e+03
3.553000000000000000e+03 2.178650000000000091e+03
3.841000000000000000e+03 2.182449999999999818e+03
3.937000000000000000e+03 2.206200000000000273e+03
3.353000000000000000e+03 2.216900000000000091e+03
3.569000000000000000e+03 2.220200000000000273e+03
3.225000000000000000e+03 2.225849999999999909e+03
3.545000000000000000e+03 2.256700000000000273e+03
3.489000000000000000e+03 2.258400000000000091e+03
3.241000000000000000e+03 2.265849999999999909e+03
3.217000000000000000e+03 2.275050000000000182e+03
3.769000000000000000e+03 2.278250000000000000e+03
3.921000000000000000e+03 2.298050000000000182e+03
3.889000000000000000e+03 2.299650000000000091e+03
3.953000000000000000e+03 2.299700000000000273e+03
3.553000000000000000e+03 2.331250000000000000e+03
3.337000000000000000e+03 2.343050000000000182e+03
3.993000000000000000e+03 2.346450000000000273e+03
3.297000000000000000e+03 2.347349999999999909e+03
3.745000000000000000e+03 2.348800000000000182e+03
3.361000000000000000e+03 2.363000000000000000e+03
3.425000000000000000e+03 2.364650000000000091e+03
3.561000000000000000e+03 2.391000000000000000e+03
3.249000000000000000e+03 2.415550000000000182e+03
3.961000000000000000e+03 2.439849999999999909e+03
3.817000000000000000e+03 2.452700000000000273e+03
3.825000000000000000e+03 2.484800000000000182e+03
3.969000000000000000e+03 2.505700000000000273e+03
3.601000000000000000e+03 2.510950000000000273e+03
3.433000000000000000e+03 2.515300000000000182e+03
3.513000000000000000e+03 2.523950000000000273e+03
3.497000000000000000e+03 2.524550000000000182e+03
3.721000000000000000e+03 2.527150000000000091e+03
3.657000000000000000e+03 2.530950000000000273e+03
3.321000000000000000e+03 2.535599999999999909e+03
3.665000000000000000e+03 2.545700000000000273e+03
3.945000000000000000e+03 2.546200000000000273e+03
3.593000000000000000e+03 2.546950000000000273e+03
3.937000000000000000e+03 2.559099999999999909e+03
3.793000000000000000e+03 2.562550000000000182e+03
3.337000000000000000e+03 2.565950000000000273e+03
3.705000000000000000e+03 2.622550000000000182e+03
3.201000000000000000e+03 2.652900000000000091e+03
3.921000000000000000e+03 2.659200000000000273e+03
3.521000000000000000e+03 2.671050000000000182e+03
3.433000000000000000e+03 2.681500000000000000e+03
3.505000000000000000e+03 2.734400000000000091e+03
3.905000000000000000e+03 2.741400000000000091e+03
3.737000000000000000e+03 2.815450000000000273e+03
3.665000000000000000e+03 2.819349999999999909e+03
3.313000000000000000e+03 2.823650000000000091e+03
3.617000000000000000e+03 2.823750000000000000e+03
3.849000000000000000e+03 2.825349999999999909e+03
3.777000000000000000e+03 2.832050000000000182e+03
3.377000000000000000e+03 2.832849999999999909e+03
3.249000000000000000e+03 2.876400000000000091e+03
3.641000000000000000e+03 2.921200000000000273e+03
3.681000000000000000e+03 2.929650000000000091e+03
3.257000000000000000e+03 2.932950000000000273e+03
3.377000000000000000e+03 2.938500000000000000e+03
3.441000000000000000e+03 2.951099999999999909e+03
3.897000000000000000e+03 2.952200000000000273e+03
3.249000000000000000e+03 2.952900000000000091e+03
3.809000000000000000e+03 2.966200000000000273e+03
3.505000000000000000e+03 2.974349999999999909e+03
3.617000000000000000e+03 2.979500000000000000e+03
3.545000000000000000e+03 2.984650000000000091e+03
3.985000000000000000e+03 2.986150000000000091e+03
3.465000000000000000e+03 2.994200000000000273e+03
3.737000000000000000e+03 3.439849999999999909e+03
3.225000000000000000e+03 3.456400000000000091e+03
3.593000000000000000e+03 3.492750000000000000e+03
3.601000000000000000e+03 3.499200000000000273e+03
3.641000000000000000e+03 3.503150000000000091e+03
3.209000000000000000e+03 3.528400000000000091e+03
3.265000000000000000e+03 3.530000000000000000e+03
3.753000000000000000e+03 3.533150000000000091e+03
3.673000000000000000e+03 3.535349999999999909e+03
3.689000000000000000e+03 3.552450000000000273e+03
3.697000000000000000e+03 3.581750000000000000e+03
3.721000000000000000e+03 3.600650000000000091e+03
3.641000000000000000e+03 3.753300000000000182e+03
3.489000000000000000e+03 3.763849999999999909e+03
3.401000000000000000e+03 3.787750000000000000e+03
3.625000000000000000e+03 4.168250000000000000e+03
3.809000000000000000e+03 4.172000000000000000e+03
3.601000000000000000e+03 4.172800000000000182e+03
3.329000000000000000e+03 4.190899999999999636e+03
3.441000000000000000e+03 4.196050000000000182e+03
3.801000000000000000e+03 4.217250000000000000e+03
3.609000000000000000e+03 4.219600000000000364e+03
3.785000000000000000e+03 4.232149999999999636e+03
3.289000000000000000e+03 4.252500000000000000e+03
3.433000000000000000e+03 4.253149999999999636e+03
3.353000000000000000e+03 4.281850000000000364e+03
3.417000000000000000e+03 4.293199999999999818e+03
3.513000000000000000e+03 4.389350000000000364e+03
3.401000000000000000e+03 4.397300000000000182e+03
3.993000000000000000e+03 4.427050000000000182e+03
3.513000000000000000e+03 4.448699999999999818e+03
3.233000000000000000e+03 4.448800000000000182e+03
3.817000000000000000e+03 4.454600000000000364e+03
3.201000000000000000e+03 4.458650000000000546e+03
3.481000000000000000e+03 4.466800000000000182e+03
3.721000000000000000e+03 4.469000000000000000e+03
3.361000000000000000e+03 4.469500000000000000e+03
3.769000000000000000e+03 4.475600000000000364e+03
3.849000000000000000e+03 4.477199999999999818e+03
3.729000000000000000e+03 4.477350000000000364e+03
3.521000000000000000e+03 4.497800000000000182e+03
3.609000000000000000e+03 4.500250000000000000e+03
3.505000000000000000e+03 4.509449999999999818e+03
3.841000000000000000e+03 4.516949999999999818e+03
3.321000000000000000e+03 4.528949999999999818e+03
3.369000000000000000e+03 4.543650000000000546e+03
3.929000000000000000e+03 4.545699999999999818e+03
3.537000000000000000e+03 4.546300000000000182e+03
3.601000000000000000e+03 4.549100000000000364e+03
3.833000000000000000e+03 4.555500000000000000e+03
3.633000000000000000e+03 4.561250000000000000e+03
3.793000000000000000e+03 4.562199999999999818e+03
3.977000000000000000e+03 4.566199999999999818e+03
3.257000000000000000e+03 4.568600000000000364e+03
3.953000000000000000e+03 4.594949999999999818e+03
3.665000000000000000e+03 4.691900000000000546e+03
3.673000000000000000e+03 4.692199999999999818e+03
3.393000000000000000e+03 4.694300000000000182e+03
3.905000000000000000e+03 4.725550000000000182e+03
3.489000000000000000e+03 4.729949999999999818e+03
3.489000000000000000e+03 4.754100000000000364e+03
3.929000000000000000e+03 4.765800000000000182e+03
3.641000000000000000e+03 4.769300000000000182e+03
3.585000000000000000e+03 4.774850000000000364e+03
3.569000000000000000e+03 4.784199999999999818e+03
3.521000000000000000e+03 4.816949999999999818e+03
3.553000000000000000e+03 4.823050000000000182e+03
3.969000000000000000e+03 4.833400000000000546e+03
3.561000000000000000e+03 4.942750000000000000e+03
3.545000000000000000e+03 4.994199999999999818e+03
3.497000000000000000e+03 5.003350000000000364e+03
3.297000000000000000e+03 5.003850000000000364e+03
3.697000000000000000e+03 5.019949999999999818e+03
3.281000000000000000e+03 5.026300000000000182e+03
3.305000000000000000e+03 5.027199999999999818e+03
3.313000000000000000e+03 5.060550000000000182e+03
3.457000000000000000e+03 5.079150000000000546e+03
3.249000000000000000e+03 5.150650000000000546e+03
3.241000000000000000e+03 5.178500000000000000e+03
3.353000000000000000e+03 5.180050000000000182e+03
3.249000000000000000e+03 5.325250000000000000e+03
3.249000000000000000e+03 5.387500000000000000e+03
3.601000000000000000e+03 5.399150000000000546e+03
3.345000000000000000e+03 5.408199999999999818e+03
3.513000000000000000e+03 5.438000000000000000e+03
3.201000000000000000e+03 5.462050000000000182e+03
3.569000000000000000e+03 5.484250000000000000e+03
3.793000000000000000e+03 5.504500000000000000e+03
3.913000000000000000e+03 5.512750000000000000e+03
3.737000000000000000e+03 5.575699999999999818e+03
3.689000000000000000e+03 5.580150000000000546e+03
3.985000000000000000e+03 5.801900000000000546e+03
3.249000000000000000e+03 5.824050000000000182e+03
3.585000000000000000e+03 5.923000000000000000e+03
3.561000000000000000e+03 5.933300000000000182e+03
3.929000000000000000e+03 5.939900000000000546e+03
3.793000000000000000e+03 5.955100000000000364e+03
3.409000000000000000e+03 5.969250000000000000e+03
3.593000000000000000e+03 5.988199999999999818e+03
3.338000000000000000e+03 1.072500000000000000e+02
3.674000000000000000e+03 1.087999999999999972e+02
3.866000000000000000e+03 1.130000000000000000e+02
3.634000000000000000e+03 1.179500000000000028e+02
3.282000000000000000e+03 1.239500000000000028e+02
3.442000000000000000e+03 1.610000000000000000e+02
3.322000000000000000e+03 1.620500000000000114e+02
3.890000000000000000e+03 1.950000000000000000e+02
3.418000000000000000e+03 2.038000000000000114e+02
3.706000000000000000e+03 2.342000000000000171e+02
3.594000000000000000e+03 2.462000000000000171e+02
3.538000000000000000e+03 2.736000000000000227e+02
3.458000000000000000e+03 2.903000000000000114e+02
3.546000000000000000e+03 2.953500000000000227e+02
3.954000000000000000e+03 3.010000000000000000e+02
3.602000000000000000e+03 3.170500000000000114e+02
3.658000000000000000e+03 3.329000000000000341e+02
3.946000000000000000e+03 3.350500000000000114e+02
3.586000000000000000e+03 3.919499999999999886e+02
3.922000000000000000e+03 4.470500000000000114e+02
3.698000000000000000e+03 4.872500000000000000e+02
3.202000000000000000e+03 4.921000000000000227e+02
3.770000000000000000e+03 5.025000000000000000e+02
3.282000000000000000e+03 5.202000000000000455e+02
3.506000000000000000e+03 5.521499999999999773e+02
3.650000000000000000e+03 5.606000000000000227e+02
3.682000000000000000e+03 5.703999999999999773e+02
3.490000000000000000e+03 5.781000000000000227e+02
3.338000000000000000e+03 5.810500000000000682e+02
3.698000000000000000e+03 5.850500000000000682e+02
3.202000000000000000e+03 6.188999999999999773e+02
3.562000000000000000e+03 7.337000000000000455e+02
3.538000000000000000e+03 7.684500000000000455e+02
3.522000000000000000e+03 7.742000000000000455e+02
3.650000000000000000e+03 7.770500000000000682e+02
3.234000000000000000e+03 7.855000000000000000e+02
3.930000000000000000e+03 7.997000000000000455e+02
3.282000000000000000e+03 8.479500000000000455e+02
3.258000000000000000e+03 9.001499999999999773e+02
3.626000000000000000e+03 9.096499999999999773e+02
3.410000000000000000e+03 9.875500000000000682e+02
3.714000000000000000e+03 9.876000000000000227e+02
3.466000000000000000e+03 9.971499999999999773e+02
3.410000000000000000e+03 1.011550000000000068e+03
3.578000000000000000e+03 1.015000000000000000e+03
3.586000000000000000e+03 1.025200000000000045e+03
3.722000000000000000e+03 1.040299999999999955e+03
3.898000000000000000e+03 1.044200000000000045e+03
3.410000000000000000e+03 1.054200000000000045e+03
3.210000000000000000e+03 1.062349999999999909e+03
3.618000000000000000e+03 1.084650000000000091e+03
3.682000000000000000e+03 1.086599999999999909e+03
3.426000000000000000e+03 1.132549999999999955e+03
3.514000000000000000e+03 1.137650000000000091e+03
3.826000000000000000e+03 1.153549999999999955e+03
3.778000000000000000e+03 1.154750000000000000e+03
3.634000000000000000e+03 1.187700000000000045e+03
3.826000000000000000e+03 1.189150000000000091e+03
3.290000000000000000e+03 1.194700000000000045e+03
3.410000000000000000e+03 1.195450000000000045e+03
3.506000000000000000e+03 1.213500000000000000e+03
3.514000000000000000e+03 1.216799999999999955e+03
3.658000000000000000e+03 1.218950000000000045e+03
3.482000000000000000e+03 1.220650000000000091e+03
3.562000000000000000e+03 1.223799999999999955e+03
3.626000000000000000e+03 1.252049999999999955e+03
3.562000000000000000e+03 1.282100000000000136e+03
3.602000000000000000e+03 1.313950000000000045e+03
3.522000000000000000e+03 1.320299999999999955e+03
3.706000000000000000e+03 1.328350000000000136e+03
3.554000000000000000e+03 1.344200000000000045e+03
3.410000000000000000e+03 1.417250000000000000e+03
3.994000000000000000e+03 1.422900000000000091e+03
3.722000000000000000e+03 1.439500000000000000e+03
3.602000000000000000e+03 1.457650000000000091e+03
3.818000000000000000e+03 1.458549999999999955e+03
3.418000000000000000e+03 1.479100000000000136e+03
3.490000000000000000e+03 1.484299999999999955e+03
3.746000000000000000e+03 1.487150000000000091e+03
3.970000000000000000e+03 1.497150000000000091e+03
3.730000000000000000e+03 1.498200000000000045e+03
3.234000000000000000e+03 1.508350000000000136e+03
3.202000000000000000e+03 1.521950000000000045e+03
3.554000000000000000e+03 1.533200000000000045e+03
3.474000000000000000e+03 1.544700000000000045e+03
3.786000000000000000e+03 1.562650000000000091e+03
3.970000000000000000e+03 1.575250000000000000e+03
3.722000000000000000e+03 1.590299999999999955e+03
3.714000000000000000e+03 1.625250000000000000e+03
3.578000000000000000e+03 1.675799999999999955e+03
3.306000000000000000e+03 1.686100000000000136e+03
3.666000000000000000e+03 1.693750000000000000e+03
3.754000000000000000e+03 1.712250000000000000e+03
3.450000000000000000e+03 1.717200000000000045e+03
3.362000000000000000e+03 1.717950000000000045e+03
3.874000000000000000e+03 1.749000000000000000e+03
3.962000000000000000e+03 1.782750000000000000e+03
3.706000000000000000e+03 1.823350000000000136e+03
3.898000000000000000e+03 1.877700000000000045e+03
3.698000000000000000e+03 1.878850000000000136e+03
3.442000000000000000e+03 1.882049999999999955e+03
3.346000000000000000e+03 1.886400000000000091e+03
3.554000000000000000e+03 1.888400000000000091e+03
3.370000000000000000e+03 1.888500000000000000e+03
3.210000000000000000e+03 1.898000000000000000e+03
3.794000000000000000e+03 1.912750000000000000e+03
3.810000000000000000e+03 1.913100000000000136e+03
3.898000000000000000e+03 1.943049999999999955e+03
3.826000000000000000e+03 1.961900000000000091e+03
3.842000000000000000e+03 1.976450000000000045e+03
3.698000000000000000e+03 1.988200000000000045e+03
3.658000000000000000e+03 2.001299999999999955e+03
3.218000000000000000e+03 2.044450000000000045e+03
3.442000000000000000e+03 2.059550000000000182e+03
3.618000000000000000e+03 2.069599999999999909e+03
3.610000000000000000e+03 2.073650000000000091e+03
3.754000000000000000e+03 2.107099999999999909e+03
3.986000000000000000e+03 2.108000000000000000e+03
3.418000000000000000e+03 2.113750000000000000e+03
3.418000000000000000e+03 2.155250000000000000e+03
3.330000000000000000e+03 2.158449999999999818e+03
3.562000000000000000e+03 2.162550000000000182e+03
3.490000000000000000e+03 2.174949999999999818e+03
3.874000000000000000e+03 2.178099999999999909e+03
3.690000000000000000e+03 2.188250000000000000e+03
3.938000000000000000e+03 2.192450000000000273e+03
3.586000000000000000e+03 2.202900000000000091e+03
3.810000000000000000e+03 2.213700000000000273e+03
3.226000000000000000e+03 2.231500000000000000e+03
3.826000000000000000e+03 2.240800000000000182e+03
3.322000000000000000e+03 2.248450000000000273e+03
3.330000000000000000e+03 2.277300000000000182e+03
3.706000000000000000e+03 2.296550000000000182e+03
3.282000000000000000e+03 2.300099999999999909e+03
3.986000000000000000e+03 2.306250000000000000e+03
3.522000000000000000e+03 2.310200000000000273e+03
3.978000000000000000e+03 2.324300000000000182e+03
3.938000000000000000e+03 2.324700000000000273e+03
3.418000000000000000e+03 2.345500000000000000e+03
3.426000000000000000e+03 2.352050000000000182e+03
3.466000000000000000e+03 2.357349999999999909e+03
3.434000000000000000e+03 2.369550000000000182e+03
3.562000000000000000e+03 2.414200000000000273e+03
3.802000000000000000e+03 2.429250000000000000e+03
3.786000000000000000e+03 2.460849999999999909e+03
3.938000000000000000e+03 2.462300000000000182e+03
3.450000000000000000e+03 2.477250000000000000e+03
3.362000000000000000e+03 2.494700000000000273e+03
3.898000000000000000e+03 2.495550000000000182e+03
3.330000000000000000e+03 2.505099999999999909e+03
3.762000000000000000e+03 2.516050000000000182e+03
3.554000000000000000e+03 2.521099999999999909e+03
3.298000000000000000e+03 2.538550000000000182e+03
3.378000000000000000e+03 2.560400000000000091e+03
3.434000000000000000e+03 2.579000000000000000e+03
3.586000000000000000e+03 2.593099999999999909e+03
3.458000000000000000e+03 2.594200000000000273e+03
3.970000000000000000e+03 2.636800000000000182e+03
3.610000000000000000e+03 2.640750000000000000e+03
3.594000000000000000e+03 2.642150000000000091e+03
3.842000000000000000e+03 2.682750000000000000e+03
3.562000000000000000e+03 2.685650000000000091e+03
3.714000000000000000e+03 2.696500000000000000e+03
3.770000000000000000e+03 2.700300000000000182e+03
3.994000000000000000e+03 2.710849999999999909e+03
3.914000000000000000e+03 2.714650000000000091e+03
3.786000000000000000e+03 2.715050000000000182e+03
3.882000000000000000e+03 2.748050000000000182e+03
3.770000000000000000e+03 2.768650000000000091e+03
3.506000000000000000e+03 2.816200000000000273e+03
3.378000000000000000e+03 2.825150000000000091e+03
3.578000000000000000e+03 2.826349999999999909e+03
3.450000000000000000e+03 2.845000000000000000e+03
3.914000000000000000e+03 2.851500000000000000e+03
3.298000000000000000e+03 2.861750000000000000e+03
3.602000000000000000e+03 2.891599999999999909e+03
3.618000000000000000e+03 2.922300000000000182e+03
3.914000000000000000e+03 2.936150000000000091e+03
3.314000000000000000e+03 2.967050000000000182e+03
3.770000000000000000e+03 2.990349999999999909e+03
3.498000000000000000e+03 2.995099999999999909e+03
3.842000000000000000e+03 2.995150000000000091e+03
3.618000000000000000e+03 3.000500000000000000e+03
3.794000000000000000e+03 3.001349999999999909e+03
3.978000000000000000e+03 3.403400000000000091e+03
3.370000000000000000e+03 3.420650000000000091e+03
3.386000000000000000e+03 3.424849999999999909e+03
3.906000000000000000e+03 3.434200000000000273e+03
3.970000000000000000e+03 3.451550000000000182e+03
3.674000000000000000e+03 3.454700000000000273e+03
3.434000000000000000e+03 3.469150000000000091e+03
3.370000000000000000e+03 3.489250000000000000e+03
3.842000000000000000e+03 3.494599999999999909e+03
3.514000000000000000e+03 3.496800000000000182e+03
3.586000000000000000e+03 3.520000000000000000e+03
3.866000000000000000e+03 3.524250000000000000e+03
3.722000000000000000e+03 3.540700000000000273e+03
3.994000000000000000e+03 3.541349999999999909e+03
3.338000000000000000e+03 3.545500000000000000e+03
3.794000000000000000e+03 3.552800000000000182e+03
3.666000000000000000e+03 3.559800000000000182e+03
3.218000000000000000e+03 3.566150000000000091e+03
3.418000000000000000e+03 3.567300000000000182e+03
3.682000000000000000e+03 3.579200000000000273e+03
3.850000000000000000e+03 3.592300000000000182e+03
3.778000000000000000e+03 3.600849999999999909e+03
3.426000000000000000e+03 3.602200000000000273e+03
3.410000000000000000e+03 3.702900000000000091e+03
3.890000000000000000e+03 3.705750000000000000e+03
3.410000000000000000e+03 3.730250000000000000e+03
3.554000000000000000e+03 3.736650000000000091e+03
3.386000000000000000e+03 3.740500000000000000e+03
3.498000000000000000e+03 3.746900000000000091e+03
3.410000000000000000e+03 3.959550000000000182e+03
3.618000000000000000e+03 4.169199999999999818e+03
3.370000000000000000e+03 4.169750000000000000e+03
3.226000000000000000e+03 4.171699999999999818e+03
3.402000000000000000e+03 4.199550000000000182e+03
3.714000000000000000e+03 4.208899999999999636e+03
3.282000000000000000e+03 4.210899999999999636e+03
3.290000000000000000e+03 4.225250000000000000e+03
3.786000000000000000e+03 4.234399999999999636e+03
3.306000000000000000e+03 4.239899999999999636e+03
3.730000000000000000e+03 4.245399999999999636e+03
3.850000000000000000e+03 4.252399999999999636e+03
3.578000000000000000e+03 4.253699999999999818e+03
3.402000000000000000e+03 4.270899999999999636e+03
3.538000000000000000e+03 4.280449999999999818e+03
3.922000000000000000e+03 4.288050000000000182e+03
3.914000000000000000e+03 4.394800000000000182e+03
3.634000000000000000e+03 4.398850000000000364e+03
3.274000000000000000e+03 4.408400000000000546e+03
3.330000000000000000e+03 4.433600000000000364e+03
3.930000000000000000e+03 4.445000000000000000e+03
3.258000000000000000e+03 4.457100000000000364e+03
3.434000000000000000e+03 4.458600000000000364e+03
3.322000000000000000e+03 4.460650000000000546e+03
3.210000000000000000e+03 4.470199999999999818e+03
3.322000000000000000e+03 4.490000000000000000e+03
3.794000000000000000e+03 4.508699999999999818e+03
3.610000000000000000e+03 4.531850000000000364e+03
3.922000000000000000e+03 4.556050000000000182e+03
3.298000000000000000e+03 4.562150000000000546e+03
3.818000000000000000e+03 4.562150000000000546e+03
3.754000000000000000e+03 4.573250000000000000e+03
3.554000000000000000e+03 4.599050000000000182e+03
3.594000000000000000e+03 4.599699999999999818e+03
3.938000000000000000e+03 4.695300000000000182e+03
3.442000000000000000e+03 4.715600000000000364e+03
3.778000000000000000e+03 4.721400000000000546e+03
3.354000000000000000e+03 4.724350000000000364e+03
3.314000000000000000e+03 4.731100000000000364e+03
3.738000000000000000e+03 4.736199999999999818e+03
3.954000000000000000e+03 4.777750000000000000e+03
3.746000000000000000e+03 4.780350000000000364e+03
3.402000000000000000e+03 4.785000000000000000e+03
3.770000000000000000e+03 4.791250000000000000e+03
3.882000000000000000e+03 4.809949999999999818e+03
3.578000000000000000e+03 4.821650000000000546e+03
3.418000000000000000e+03 4.961850000000000364e+03
3.514000000000000000e+03 4.964050000000000182e+03
3.906000000000000000e+03 4.998199999999999818e+03
3.682000000000000000e+03 5.004850000000000364e+03
3.690000000000000000e+03 5.011250000000000000e+03
3.834000000000000000e+03 5.015199999999999818e+03
3.762000000000000000e+03 5.020400000000000546e+03
3.650000000000000000e+03 5.036750000000000000e+03
3.562000000000000000e+03 5.038199999999999818e+03
3.450000000000000000e+03 5.055100000000000364e+03
3.858000000000000000e+03 5.071699999999999818e+03
3.890000000000000000e+03 5.085199999999999818e+03
3.474000000000000000e+03 5.091800000000000182e+03
3.786000000000000000e+03 5.096900000000000546e+03
3.594000000000000000e+03 5.097900000000000546e+03
3.306000000000000000e+03 5.105850000000000364e+03
3.554000000000000000e+03 5.111250000000000000e+03
3.682000000000000000e+03 5.121150000000000546e+03
3.818000000000000000e+03 5.139650000000000546e+03
3.450000000000000000e+03 5.144150000000000546e+03
3.850000000000000000e+03 5.152400000000000546e+03
3.826000000000000000e+03 5.158400000000000546e+03
3.682000000000000000e+03 5.189050000000000182e+03
3.882000000000000000e+03 5.201600000000000364e+03
3.706000000000000000e+03 5.296550000000000182e+03
3.810000000000000000e+03 5.315850000000000364e+03
3.938000000000000000e+03 5.356350000000000364e+03
3.250000000000000000e+03 5.384650000000000546e+03
3.722000000000000000e+03 5.394699999999999818e+03
3.330000000000000000e+03 5.421000000000000000e+03
3.834000000000000000e+03 5.432000000000000000e+03
3.626000000000000000e+03 5.451449999999999818e+03
3.530000000000000000e+03 5.456500000000000000e+03
3.466000000000000000e+03 5.527400000000000546e+03
3.234000000000000000e+03 5.562150000000000546e+03
3.538000000000000000e+03 5.660050000000000182e+03
3.626000000000000000e+03 5.737500000000000000e+03
3.346000000000000000e+03 5.775550000000000182e+03
3.586000000000000000e+03 5.935800000000000182e+03
3.850000000000000000e+03 5.974600000000000364e+03
3.979000000000000000e+03 1.029500000000000028e+02
3.635000000000000000e+03 1.092999999999999972e+02
3.787000000000000000e+03 1.182500000000000000e+02
3.971000000000000000e+03 1.312500000000000000e+02
3.659000000000000000e+03 1.338000000000000114e+02
3.771000000000000000e+03 1.405500000000000114e+02
3.323000000000000000e+03 1.459500000000000171e+02
3.891000000000000000e+03 1.602000000000000171e+02
3.635000000000000000e+03 1.836500000000000057e+02
3.275000000000000000e+03 1.859000000000000057e+02
3.699000000000000000e+03 1.941500000000000057e+02
3.843000000000000000e+03 2.284000000000000057e+02
3.467000000000000000e+03 2.437000000000000171e+02
3.787000000000000000e+03 2.573000000000000114e+02
3.859000000000000000e+03 2.778000000000000114e+02
3.547000000000000000e+03 2.899499999999999886e+02
3.883000000000000000e+03 3.766000000000000227e+02
3.339000000000000000e+03 3.866000000000000227e+02
3.683000000000000000e+03 3.891000000000000227e+02
3.971000000000000000e+03 4.200500000000000114e+02
3.331000000000000000e+03 4.377500000000000000e+02
3.283000000000000000e+03 4.440000000000000000e+02
3.939000000000000000e+03 4.582500000000000000e+02
3.683000000000000000e+03 4.910000000000000000e+02
3.563000000000000000e+03 5.014499999999999886e+02
3.203000000000000000e+03 5.091500000000000341e+02
3.483000000000000000e+03 5.373999999999999773e+02
3.803000000000000000e+03 5.466000000000000227e+02
3.331000000000000000e+03 5.563000000000000682e+02
3.787000000000000000e+03 5.601499999999999773e+02
3.555000000000000000e+03 5.693000000000000682e+02
3.875000000000000000e+03 5.697500000000000000e+02
3.483000000000000000e+03 5.746499999999999773e+02
3.987000000000000000e+03 5.946000000000000227e+02
3.699000000000000000e+03 5.950000000000000000e+02
3.523000000000000000e+03 6.135500000000000682e+02
3.307000000000000000e+03 6.329500000000000455e+02
3.347000000000000000e+03 6.802500000000000000e+02
3.387000000000000000e+03 6.913999999999999773e+02
3.747000000000000000e+03 7.010500000000000682e+02
3.915000000000000000e+03 7.111499999999999773e+02
3.523000000000000000e+03 7.569500000000000455e+02
3.979000000000000000e+03 7.723500000000000227e+02
3.699000000000000000e+03 8.082500000000000000e+02
3.787000000000000000e+03 8.420000000000000000e+02
3.971000000000000000e+03 8.797500000000000000e+02
3.251000000000000000e+03 9.117000000000000455e+02
3.851000000000000000e+03 9.172000000000000455e+02
3.539000000000000000e+03 9.288999999999999773e+02
3.651000000000000000e+03 9.368000000000000682e+02
3.363000000000000000e+03 9.538999999999999773e+02
3.323000000000000000e+03 9.848999999999999773e+02
3.795000000000000000e+03 1.000000000000000000e+03
3.987000000000000000e+03 1.008149999999999977e+03
3.931000000000000000e+03 1.017200000000000045e+03
3.651000000000000000e+03 1.017450000000000045e+03
3.715000000000000000e+03 1.026250000000000000e+03
3.531000000000000000e+03 1.035099999999999909e+03
3.427000000000000000e+03 1.038200000000000045e+03
3.331000000000000000e+03 1.058049999999999955e+03
3.731000000000000000e+03 1.080599999999999909e+03
3.227000000000000000e+03 1.100299999999999955e+03
3.627000000000000000e+03 1.130650000000000091e+03
3.611000000000000000e+03 1.137100000000000136e+03
3.411000000000000000e+03 1.148500000000000000e+03
3.979000000000000000e+03 1.170100000000000136e+03
3.355000000000000000e+03 1.178750000000000000e+03
3.283000000000000000e+03 1.179400000000000091e+03
3.267000000000000000e+03 1.203950000000000045e+03
3.563000000000000000e+03 1.208400000000000091e+03
3.731000000000000000e+03 1.262150000000000091e+03
3.755000000000000000e+03 1.282299999999999955e+03
3.699000000000000000e+03 1.308150000000000091e+03
3.979000000000000000e+03 1.317049999999999955e+03
3.675000000000000000e+03 1.317900000000000091e+03
3.603000000000000000e+03 1.319600000000000136e+03
3.323000000000000000e+03 1.355450000000000045e+03
3.299000000000000000e+03 1.372049999999999955e+03
3.411000000000000000e+03 1.393600000000000136e+03
3.211000000000000000e+03 1.396500000000000000e+03
3.659000000000000000e+03 1.406900000000000091e+03
3.307000000000000000e+03 1.438200000000000045e+03
3.915000000000000000e+03 1.463450000000000045e+03
3.819000000000000000e+03 1.468549999999999955e+03
3.515000000000000000e+03 1.471650000000000091e+03
3.691000000000000000e+03 1.492100000000000136e+03
3.795000000000000000e+03 1.492750000000000000e+03
3.275000000000000000e+03 1.496650000000000091e+03
3.475000000000000000e+03 1.499400000000000091e+03
3.603000000000000000e+03 1.505950000000000045e+03
3.947000000000000000e+03 1.507600000000000136e+03
3.211000000000000000e+03 1.507700000000000045e+03
3.651000000000000000e+03 1.507950000000000045e+03
3.251000000000000000e+03 1.509200000000000045e+03
3.443000000000000000e+03 1.515100000000000136e+03
3.707000000000000000e+03 1.519950000000000045e+03
3.403000000000000000e+03 1.527750000000000000e+03
3.907000000000000000e+03 1.537299999999999955e+03
3.683000000000000000e+03 1.538250000000000000e+03
3.843000000000000000e+03 1.551700000000000045e+03
3.371000000000000000e+03 1.563350000000000136e+03
3.915000000000000000e+03 1.586700000000000045e+03
3.891000000000000000e+03 1.609049999999999955e+03
3.987000000000000000e+03 1.619200000000000045e+03
3.419000000000000000e+03 1.627350000000000136e+03
3.371000000000000000e+03 1.657100000000000136e+03
3.867000000000000000e+03 1.672799999999999955e+03
3.547000000000000000e+03 1.694700000000000045e+03
3.771000000000000000e+03 1.696250000000000000e+03
3.859000000000000000e+03 1.699600000000000136e+03
3.347000000000000000e+03 1.701200000000000045e+03
3.571000000000000000e+03 1.713650000000000091e+03
3.611000000000000000e+03 1.719650000000000091e+03
3.459000000000000000e+03 1.744049999999999955e+03
3.755000000000000000e+03 1.763650000000000091e+03
3.915000000000000000e+03 1.785200000000000045e+03
3.699000000000000000e+03 1.802750000000000000e+03
3.723000000000000000e+03 1.807950000000000045e+03
3.243000000000000000e+03 1.825000000000000000e+03
3.411000000000000000e+03 1.886700000000000045e+03
3.651000000000000000e+03 1.889450000000000045e+03
3.859000000000000000e+03 1.889750000000000000e+03
3.259000000000000000e+03 1.913950000000000045e+03
3.843000000000000000e+03 1.945500000000000000e+03
3.643000000000000000e+03 1.956549999999999955e+03
3.491000000000000000e+03 1.989850000000000136e+03
3.787000000000000000e+03 2.000799999999999955e+03
3.675000000000000000e+03 2.028200000000000045e+03
3.347000000000000000e+03 2.043250000000000000e+03
3.387000000000000000e+03 2.044250000000000000e+03
3.699000000000000000e+03 2.048800000000000182e+03
3.731000000000000000e+03 2.058849999999999909e+03
3.611000000000000000e+03 2.148599999999999909e+03
3.907000000000000000e+03 2.158699999999999818e+03
3.379000000000000000e+03 2.182500000000000000e+03
3.483000000000000000e+03 2.191099999999999909e+03
3.883000000000000000e+03 2.223750000000000000e+03
3.739000000000000000e+03 2.229250000000000000e+03
3.627000000000000000e+03 2.230349999999999909e+03
3.563000000000000000e+03 2.250150000000000091e+03
3.867000000000000000e+03 2.267000000000000000e+03
3.947000000000000000e+03 2.268150000000000091e+03
3.459000000000000000e+03 2.272650000000000091e+03
3.499000000000000000e+03 2.278200000000000273e+03
3.859000000000000000e+03 2.280700000000000273e+03
3.723000000000000000e+03 2.288599999999999909e+03
3.803000000000000000e+03 2.288950000000000273e+03
3.843000000000000000e+03 2.298950000000000273e+03
3.483000000000000000e+03 2.308450000000000273e+03
3.467000000000000000e+03 2.322050000000000182e+03
3.339000000000000000e+03 2.335550000000000182e+03
3.419000000000000000e+03 2.345150000000000091e+03
3.915000000000000000e+03 2.345900000000000091e+03
3.323000000000000000e+03 2.354099999999999909e+03
3.971000000000000000e+03 2.361500000000000000e+03
3.379000000000000000e+03 2.362300000000000182e+03
3.835000000000000000e+03 2.370700000000000273e+03
3.731000000000000000e+03 2.370800000000000182e+03
3.331000000000000000e+03 2.380400000000000091e+03
3.739000000000000000e+03 2.388849999999999909e+03
3.811000000000000000e+03 2.389300000000000182e+03
3.523000000000000000e+03 2.392099999999999909e+03
3.659000000000000000e+03 2.393099999999999909e+03
3.931000000000000000e+03 2.400150000000000091e+03
3.763000000000000000e+03 2.406450000000000273e+03
3.547000000000000000e+03 2.411200000000000273e+03
3.339000000000000000e+03 2.422700000000000273e+03
3.875000000000000000e+03 2.429550000000000182e+03
3.443000000000000000e+03 2.459750000000000000e+03
3.955000000000000000e+03 2.475849999999999909e+03
3.259000000000000000e+03 2.480650000000000091e+03
3.795000000000000000e+03 2.483450000000000273e+03
3.219000000000000000e+03 2.486000000000000000e+03
3.955000000000000000e+03 2.490099999999999909e+03
3.859000000000000000e+03 2.527800000000000182e+03
3.283000000000000000e+03 2.560800000000000182e+03
3.411000000000000000e+03 2.563349999999999909e+03
3.363000000000000000e+03 2.563950000000000273e+03
3.899000000000000000e+03 2.567300000000000182e+03
3.235000000000000000e+03 2.578250000000000000e+03
3.443000000000000000e+03 2.586550000000000182e+03
3.339000000000000000e+03 2.598250000000000000e+03
3.963000000000000000e+03 2.611349999999999909e+03
3.411000000000000000e+03 2.621400000000000091e+03
3.867000000000000000e+03 2.642200000000000273e+03
3.539000000000000000e+03 2.643550000000000182e+03
3.883000000000000000e+03 2.649500000000000000e+03
3.995000000000000000e+03 2.681550000000000182e+03
3.227000000000000000e+03 2.683099999999999909e+03
3.987000000000000000e+03 2.695250000000000000e+03
3.211000000000000000e+03 2.708099999999999909e+03
3.771000000000000000e+03 2.741150000000000091e+03
3.587000000000000000e+03 2.745599999999999909e+03
3.851000000000000000e+03 2.758950000000000273e+03
3.395000000000000000e+03 2.869000000000000000e+03
3.851000000000000000e+03 2.885800000000000182e+03
3.811000000000000000e+03 2.888700000000000273e+03
3.891000000000000000e+03 2.889099999999999909e+03
3.835000000000000000e+03 2.943700000000000273e+03
3.435000000000000000e+03 2.953700000000000273e+03
3.579000000000000000e+03 2.997900000000000091e+03
3.515000000000000000e+03 3.005200000000000273e+03
3.763000000000000000e+03 3.407050000000000182e+03
3.355000000000000000e+03 3.427250000000000000e+03
3.667000000000000000e+03 3.441849999999999909e+03
3.683000000000000000e+03 3.442450000000000273e+03
3.923000000000000000e+03 3.444250000000000000e+03
3.835000000000000000e+03 3.460950000000000273e+03
3.603000000000000000e+03 3.475000000000000000e+03
3.731000000000000000e+03 3.487300000000000182e+03
3.411000000000000000e+03 3.499200000000000273e+03
3.611000000000000000e+03 3.502950000000000273e+03
3.331000000000000000e+03 3.505300000000000182e+03
3.571000000000000000e+03 3.510000000000000000e+03
3.539000000000000000e+03 3.512349999999999909e+03
3.251000000000000000e+03 3.540300000000000182e+03
3.963000000000000000e+03 3.541950000000000273e+03
3.859000000000000000e+03 3.543349999999999909e+03
3.315000000000000000e+03 3.551950000000000273e+03
3.979000000000000000e+03 3.564300000000000182e+03
3.203000000000000000e+03 3.566950000000000273e+03
3.707000000000000000e+03 3.566950000000000273e+03
3.291000000000000000e+03 3.571450000000000273e+03
3.787000000000000000e+03 3.577050000000000182e+03
3.379000000000000000e+03 3.588450000000000273e+03
3.963000000000000000e+03 3.598550000000000182e+03
3.955000000000000000e+03 3.606250000000000000e+03
3.275000000000000000e+03 3.616300000000000182e+03
3.243000000000000000e+03 3.683950000000000273e+03
3.635000000000000000e+03 3.710450000000000273e+03
3.739000000000000000e+03 3.755900000000000091e+03
3.315000000000000000e+03 3.759650000000000091e+03
3.339000000000000000e+03 3.765599999999999909e+03
3.475000000000000000e+03 3.779450000000000273e+03
3.627000000000000000e+03 3.800000000000000000e+03
3.771000000000000000e+03 3.802400000000000091e+03
3.571000000000000000e+03 3.930000000000000000e+03
3.963000000000000000e+03 4.155149999999999636e+03
3.283000000000000000e+03 4.160800000000000182e+03
3.659000000000000000e+03 4.175699999999999818e+03
3.699000000000000000e+03 4.178300000000000182e+03
3.355000000000000000e+03 4.181500000000000000e+03
3.539000000000000000e+03 4.188550000000000182e+03
3.499000000000000000e+03 4.203800000000000182e+03
3.523000000000000000e+03 4.205600000000000364e+03
3.691000000000000000e+03 4.250699999999999818e+03
3.995000000000000000e+03 4.253800000000000182e+03
3.467000000000000000e+03 4.256500000000000000e+03
3.427000000000000000e+03 4.264250000000000000e+03
3.915000000000000000e+03 4.274149999999999636e+03
3.283000000000000000e+03 4.281699999999999818e+03
3.411000000000000000e+03 4.287500000000000000e+03
3.635000000000000000e+03 4.290149999999999636e+03
3.915000000000000000e+03 4.291550000000000182e+03
3.387000000000000000e+03 4.297750000000000000e+03
3.291000000000000000e+03 4.303649999999999636e+03
3.843000000000000000e+03 4.389900000000000546e+03
3.211000000000000000e+03 4.401500000000000000e+03
3.979000000000000000e+03 4.423350000000000364e+03
3.947000000000000000e+03 4.474400000000000546e+03
3.451000000000000000e+03 4.490500000000000000e+03
3.915000000000000000e+03 4.505199999999999818e+03
3.891000000000000000e+03 4.509350000000000364e+03
3.915000000000000000e+03 4.542750000000000000e+03
3.531000000000000000e+03 4.575449999999999818e+03
3.483000000000000000e+03 4.580850000000000364e+03
3.723000000000000000e+03 4.582650000000000546e+03
3.443000000000000000e+03 4.584250000000000000e+03
3.211000000000000000e+03 4.592300000000000182e+03
3.955000000000000000e+03 4.741300000000000182e+03
3.939000000000000000e+03 4.774050000000000182e+03
3.395000000000000000e+03 4.774199999999999818e+03
3.395000000000000000e+03 4.794050000000000182e+03
3.371000000000000000e+03 4.806400000000000546e+03
3.731000000000000000e+03 4.811050000000000182e+03
3.851000000000000000e+03 4.818150000000000546e+03
3.379000000000000000e+03 4.824300000000000182e+03
3.795000000000000000e+03 4.939350000000000364e+03
3.379000000000000000e+03 4.975750000000000000e+03
3.611000000000000000e+03 5.006000000000000000e+03
3.291000000000000000e+03 5.010350000000000364e+03
3.547000000000000000e+03 5.016949999999999818e+03
3.443000000000000000e+03 5.024050000000000182e+03
3.771000000000000000e+03 5.029100000000000364e+03
3.691000000000000000e+03 5.034949999999999818e+03
3.923000000000000000e+03 5.054650000000000546e+03
3.883000000000000000e+03 5.064350000000000364e+03
3.403000000000000000e+03 5.066500000000000000e+03
3.819000000000000000e+03 5.077900000000000546e+03
3.531000000000000000e+03 5.106100000000000364e+03
3.267000000000000000e+03 5.117199999999999818e+03
3.955000000000000000e+03 5.127199999999999818e+03
3.547000000000000000e+03 5.128100000000000364e+03
3.659000000000000000e+03 5.130949999999999818e+03
3.267000000000000000e+03 5.136150000000000546e+03
3.915000000000000000e+03 5.146750000000000000e+03
3.683000000000000000e+03 5.165050000000000182e+03
3.971000000000000000e+03 5.321550000000000182e+03
3.387000000000000000e+03 5.391199999999999818e+03
3.443000000000000000e+03 5.395699999999999818e+03
3.427000000000000000e+03 5.411949999999999818e+03
3.203000000000000000e+03 5.443050000000000182e+03
3.435000000000000000e+03 5.505800000000000182e+03
3.963000000000000000e+03 5.550100000000000364e+03
3.987000000000000000e+03 5.559600000000000364e+03
3.275000000000000000e+03 5.608800000000000182e+03
3.491000000000000000e+03 5.623300000000000182e+03
3.491000000000000000e+03 5.699850000000000364e+03
3.931000000000000000e+03 5.725449999999999818e+03
3.355000000000000000e+03 5.836800000000000182e+03
3.915000000000000000e+03 5.841100000000000364e+03
3.475000000000000000e+03 5.851850000000000364e+03
3.515000000000000000e+03 5.871300000000000182e+03
3.819000000000000000e+03 5.914500000000000000e+03
3.939000000000000000e+03 5.976600000000000364e+03
3.708000000000000000e+03 1.015499999999999972e+02
3.284000000000000000e+03 1.323000000000000114e+02
3.708000000000000000e+03 2.040000000000000000e+02
3.524000000000000000e+03 2.144000000000000057e+02
3.908000000000000000e+03 2.228499999999999943e+02
3.748000000000000000e+03 2.329500000000000171e+02
3.964000000000000000e+03 2.442000000000000171e+02
3.212000000000000000e+03 2.640500000000000114e+02
3.972000000000000000e+03 2.745500000000000114e+02
3.316000000000000000e+03 2.759499999999999886e+02
3.468000000000000000e+03 2.914000000000000341e+02
3.524000000000000000e+03 3.326500000000000341e+02
3.588000000000000000e+03 3.328500000000000227e+02
3.884000000000000000e+03 3.509000000000000341e+02
3.468000000000000000e+03 3.914000000000000341e+02
3.540000000000000000e+03 3.951999999999999886e+02
3.324000000000000000e+03 3.994000000000000341e+02
3.588000000000000000e+03 4.427500000000000000e+02
3.620000000000000000e+03 4.451500000000000341e+02
3.788000000000000000e+03 4.611000000000000227e+02
3.676000000000000000e+03 4.831999999999999886e+02
3.532000000000000000e+03 4.970500000000000114e+02
3.212000000000000000e+03 5.127500000000000000e+02
3.868000000000000000e+03 5.220499999999999545e+02
3.876000000000000000e+03 5.321000000000000227e+02
3.780000000000000000e+03 5.347500000000000000e+02
3.980000000000000000e+03 5.455000000000000000e+02
3.404000000000000000e+03 5.482500000000000000e+02
3.436000000000000000e+03 5.500000000000000000e+02
3.668000000000000000e+03 5.753999999999999773e+02
3.884000000000000000e+03 5.887500000000000000e+02
3.284000000000000000e+03 5.945000000000000000e+02
3.212000000000000000e+03 6.253500000000000227e+02
3.292000000000000000e+03 6.330500000000000682e+02
3.212000000000000000e+03 6.675000000000000000e+02
3.252000000000000000e+03 6.763500000000000227e+02
3.612000000000000000e+03 6.979500000000000455e+02
3.740000000000000000e+03 7.105500000000000682e+02
3.244000000000000000e+03 7.196499999999999773e+02
3.588000000000000000e+03 7.313999999999999773e+02
3.820000000000000000e+03 7.573999999999999773e+02
3.692000000000000000e+03 7.685500000000000682e+02
3.532000000000000000e+03 7.837000000000000455e+02
3.428000000000000000e+03 7.940500000000000682e+02
3.388000000000000000e+03 8.005000000000000000e+02
3.428000000000000000e+03 8.399500000000000455e+02
3.700000000000000000e+03 8.527500000000000000e+02
3.412000000000000000e+03 8.548999999999999773e+02
3.292000000000000000e+03 8.555500000000000682e+02
3.788000000000000000e+03 8.703500000000000227e+02
3.548000000000000000e+03 9.166000000000000227e+02
3.556000000000000000e+03 9.262000000000000455e+02
3.228000000000000000e+03 9.278500000000000227e+02
3.884000000000000000e+03 9.342000000000000455e+02
3.660000000000000000e+03 9.380500000000000682e+02
3.244000000000000000e+03 9.469500000000000455e+02
3.572000000000000000e+03 9.563500000000000227e+02
3.596000000000000000e+03 9.564500000000000455e+02
3.412000000000000000e+03 9.716499999999999773e+02
3.532000000000000000e+03 9.726000000000000227e+02
3.396000000000000000e+03 1.001300000000000068e+03
3.372000000000000000e+03 1.013149999999999977e+03
3.220000000000000000e+03 1.016000000000000000e+03
3.732000000000000000e+03 1.026150000000000091e+03
3.284000000000000000e+03 1.042700000000000045e+03
3.796000000000000000e+03 1.047250000000000000e+03
3.900000000000000000e+03 1.066799999999999955e+03
3.820000000000000000e+03 1.076049999999999955e+03
3.476000000000000000e+03 1.084200000000000045e+03
3.948000000000000000e+03 1.085000000000000000e+03
3.812000000000000000e+03 1.085150000000000091e+03
3.316000000000000000e+03 1.141900000000000091e+03
3.844000000000000000e+03 1.148000000000000000e+03
3.604000000000000000e+03 1.196600000000000136e+03
3.236000000000000000e+03 1.208400000000000091e+03
3.220000000000000000e+03 1.230900000000000091e+03
3.212000000000000000e+03 1.232450000000000045e+03
3.348000000000000000e+03 1.235500000000000000e+03
3.772000000000000000e+03 1.247350000000000136e+03
3.244000000000000000e+03 1.256400000000000091e+03
3.876000000000000000e+03 1.276950000000000045e+03
3.596000000000000000e+03 1.292100000000000136e+03
3.836000000000000000e+03 1.294650000000000091e+03
3.700000000000000000e+03 1.294750000000000000e+03
3.348000000000000000e+03 1.299750000000000000e+03
3.396000000000000000e+03 1.302549999999999955e+03
3.692000000000000000e+03 1.304799999999999955e+03
3.460000000000000000e+03 1.305200000000000045e+03
3.956000000000000000e+03 1.310700000000000045e+03
3.356000000000000000e+03 1.317200000000000045e+03
3.836000000000000000e+03 1.320500000000000000e+03
3.620000000000000000e+03 1.336950000000000045e+03
3.652000000000000000e+03 1.347049999999999955e+03
3.596000000000000000e+03 1.387750000000000000e+03
3.804000000000000000e+03 1.394150000000000091e+03
3.916000000000000000e+03 1.400049999999999955e+03
3.556000000000000000e+03 1.425799999999999955e+03
3.444000000000000000e+03 1.448700000000000045e+03
3.980000000000000000e+03 1.448950000000000045e+03
3.572000000000000000e+03 1.452100000000000136e+03
3.852000000000000000e+03 1.463250000000000000e+03
3.708000000000000000e+03 1.466500000000000000e+03
3.212000000000000000e+03 1.472100000000000136e+03
3.804000000000000000e+03 1.483900000000000091e+03
3.548000000000000000e+03 1.499500000000000000e+03
3.644000000000000000e+03 1.500549999999999955e+03
3.620000000000000000e+03 1.508500000000000000e+03
3.660000000000000000e+03 1.510250000000000000e+03
3.300000000000000000e+03 1.512299999999999955e+03
3.988000000000000000e+03 1.521549999999999955e+03
3.996000000000000000e+03 1.543000000000000000e+03
3.564000000000000000e+03 1.547650000000000091e+03
3.468000000000000000e+03 1.553700000000000045e+03
3.404000000000000000e+03 1.628600000000000136e+03
3.908000000000000000e+03 1.692650000000000091e+03
3.852000000000000000e+03 1.698900000000000091e+03
3.764000000000000000e+03 1.706450000000000045e+03
3.284000000000000000e+03 1.713500000000000000e+03
3.540000000000000000e+03 1.722900000000000091e+03
3.332000000000000000e+03 1.738000000000000000e+03
3.644000000000000000e+03 1.763049999999999955e+03
3.684000000000000000e+03 1.775750000000000000e+03
3.628000000000000000e+03 1.817799999999999955e+03
3.652000000000000000e+03 1.837750000000000000e+03
3.484000000000000000e+03 1.877650000000000091e+03
3.844000000000000000e+03 1.907350000000000136e+03
3.532000000000000000e+03 1.913850000000000136e+03
3.604000000000000000e+03 1.953549999999999955e+03
3.508000000000000000e+03 1.962549999999999955e+03
3.604000000000000000e+03 1.972250000000000000e+03
3.796000000000000000e+03 1.998850000000000136e+03
3.652000000000000000e+03 2.002250000000000000e+03
3.292000000000000000e+03 2.055349999999999909e+03
3.948000000000000000e+03 2.072699999999999818e+03
3.228000000000000000e+03 2.086349999999999909e+03
3.700000000000000000e+03 2.142349999999999909e+03
3.268000000000000000e+03 2.143849999999999909e+03
3.956000000000000000e+03 2.169300000000000182e+03
3.524000000000000000e+03 2.191450000000000273e+03
3.244000000000000000e+03 2.210200000000000273e+03
3.556000000000000000e+03 2.219000000000000000e+03
3.908000000000000000e+03 2.232700000000000273e+03
3.796000000000000000e+03 2.241000000000000000e+03
3.420000000000000000e+03 2.241900000000000091e+03
3.228000000000000000e+03 2.298700000000000273e+03
3.876000000000000000e+03 2.314900000000000091e+03
3.972000000000000000e+03 2.331099999999999909e+03
3.348000000000000000e+03 2.335150000000000091e+03
3.324000000000000000e+03 2.362000000000000000e+03
3.700000000000000000e+03 2.364000000000000000e+03
3.612000000000000000e+03 2.383750000000000000e+03
3.804000000000000000e+03 2.389849999999999909e+03
3.364000000000000000e+03 2.400500000000000000e+03
3.956000000000000000e+03 2.402349999999999909e+03
3.212000000000000000e+03 2.442550000000000182e+03
3.644000000000000000e+03 2.444500000000000000e+03
3.908000000000000000e+03 2.448550000000000182e+03
3.916000000000000000e+03 2.467950000000000273e+03
3.444000000000000000e+03 2.497300000000000182e+03
3.860000000000000000e+03 2.504050000000000182e+03
3.540000000000000000e+03 2.504200000000000273e+03
3.788000000000000000e+03 2.515900000000000091e+03
3.956000000000000000e+03 2.521250000000000000e+03
3.300000000000000000e+03 2.538349999999999909e+03
3.276000000000000000e+03 2.570849999999999909e+03
3.556000000000000000e+03 2.580950000000000273e+03
3.476000000000000000e+03 2.609400000000000091e+03
3.644000000000000000e+03 2.614650000000000091e+03
3.244000000000000000e+03 2.630099999999999909e+03
3.516000000000000000e+03 2.633050000000000182e+03
3.260000000000000000e+03 2.656650000000000091e+03
3.308000000000000000e+03 2.680250000000000000e+03
3.724000000000000000e+03 2.691150000000000091e+03
3.228000000000000000e+03 2.696349999999999909e+03
3.796000000000000000e+03 2.703099999999999909e+03
3.348000000000000000e+03 2.707700000000000273e+03
3.732000000000000000e+03 2.709349999999999909e+03
3.508000000000000000e+03 2.710849999999999909e+03
3.828000000000000000e+03 2.793700000000000273e+03
3.524000000000000000e+03 2.803700000000000273e+03
3.700000000000000000e+03 2.825099999999999909e+03
3.388000000000000000e+03 2.829200000000000273e+03
3.444000000000000000e+03 2.841349999999999909e+03
3.604000000000000000e+03 2.873150000000000091e+03
3.420000000000000000e+03 2.874099999999999909e+03
3.324000000000000000e+03 2.891200000000000273e+03
3.380000000000000000e+03 2.892900000000000091e+03
3.364000000000000000e+03 2.908150000000000091e+03
3.876000000000000000e+03 2.918500000000000000e+03
3.700000000000000000e+03 2.920849999999999909e+03
3.652000000000000000e+03 2.923300000000000182e+03
3.948000000000000000e+03 2.942599999999999909e+03
3.260000000000000000e+03 2.949300000000000182e+03
3.620000000000000000e+03 2.955300000000000182e+03
3.660000000000000000e+03 2.979000000000000000e+03
3.996000000000000000e+03 3.007349999999999909e+03
3.340000000000000000e+03 3.406599999999999909e+03
3.412000000000000000e+03 3.423200000000000273e+03
3.380000000000000000e+03 3.427700000000000273e+03
3.756000000000000000e+03 3.462349999999999909e+03
3.524000000000000000e+03 3.482250000000000000e+03
3.804000000000000000e+03 3.493800000000000182e+03
3.716000000000000000e+03 3.530950000000000273e+03
3.644000000000000000e+03 3.532200000000000273e+03
3.220000000000000000e+03 3.544250000000000000e+03
3.556000000000000000e+03 3.552950000000000273e+03
3.684000000000000000e+03 3.563349999999999909e+03
3.228000000000000000e+03 3.567400000000000091e+03
3.780000000000000000e+03 3.575700000000000273e+03
3.428000000000000000e+03 3.584150000000000091e+03
3.332000000000000000e+03 3.586800000000000182e+03
3.900000000000000000e+03 3.588150000000000091e+03
3.612000000000000000e+03 3.588250000000000000e+03
3.420000000000000000e+03 3.590150000000000091e+03
3.780000000000000000e+03 3.607349999999999909e+03
3.324000000000000000e+03 3.615150000000000091e+03
3.332000000000000000e+03 3.617300000000000182e+03
3.348000000000000000e+03 3.768900000000000091e+03
3.436000000000000000e+03 3.932250000000000000e+03
3.876000000000000000e+03 3.956849999999999909e+03
3.276000000000000000e+03 4.083900000000000091e+03
3.804000000000000000e+03 4.144149999999999636e+03
3.468000000000000000e+03 4.157250000000000000e+03
3.868000000000000000e+03 4.166649999999999636e+03
3.572000000000000000e+03 4.180000000000000000e+03
3.404000000000000000e+03 4.182649999999999636e+03
3.340000000000000000e+03 4.198699999999999818e+03
3.476000000000000000e+03 4.220949999999999818e+03
3.204000000000000000e+03 4.252149999999999636e+03
3.644000000000000000e+03 4.252250000000000000e+03
3.244000000000000000e+03 4.252850000000000364e+03
3.452000000000000000e+03 4.259050000000000182e+03
3.332000000000000000e+03 4.266649999999999636e+03
3.612000000000000000e+03 4.275000000000000000e+03
3.588000000000000000e+03 4.280850000000000364e+03
3.668000000000000000e+03 4.281600000000000364e+03
3.972000000000000000e+03 4.379350000000000364e+03
3.436000000000000000e+03 4.381850000000000364e+03
3.476000000000000000e+03 4.384949999999999818e+03
3.348000000000000000e+03 4.398550000000000182e+03
3.852000000000000000e+03 4.400699999999999818e+03
3.956000000000000000e+03 4.407100000000000364e+03
3.836000000000000000e+03 4.414800000000000182e+03
3.644000000000000000e+03 4.454900000000000546e+03
3.228000000000000000e+03 4.456400000000000546e+03
3.708000000000000000e+03 4.459150000000000546e+03
3.284000000000000000e+03 4.459699999999999818e+03
3.996000000000000000e+03 4.461650000000000546e+03
3.892000000000000000e+03 4.463000000000000000e+03
3.804000000000000000e+03 4.476750000000000000e+03
3.916000000000000000e+03 4.498400000000000546e+03
3.644000000000000000e+03 4.526150000000000546e+03
3.580000000000000000e+03 4.544000000000000000e+03
3.452000000000000000e+03 4.548949999999999818e+03
3.924000000000000000e+03 4.558000000000000000e+03
3.484000000000000000e+03 4.565300000000000182e+03
3.348000000000000000e+03 4.568199999999999818e+03
3.636000000000000000e+03 4.571300000000000182e+03
3.596000000000000000e+03 4.589949999999999818e+03
3.572000000000000000e+03 4.691900000000000546e+03
3.884000000000000000e+03 4.709600000000000364e+03
3.708000000000000000e+03 4.714650000000000546e+03
3.876000000000000000e+03 4.717900000000000546e+03
3.844000000000000000e+03 4.720550000000000182e+03
3.764000000000000000e+03 4.732250000000000000e+03
3.748000000000000000e+03 4.747199999999999818e+03
3.540000000000000000e+03 4.753949999999999818e+03
3.468000000000000000e+03 4.770650000000000546e+03
3.444000000000000000e+03 4.793050000000000182e+03
3.908000000000000000e+03 4.940199999999999818e+03
3.764000000000000000e+03 5.015100000000000364e+03
3.908000000000000000e+03 5.032400000000000546e+03
3.364000000000000000e+03 5.051250000000000000e+03
3.204000000000000000e+03 5.055699999999999818e+03
3.388000000000000000e+03 5.059850000000000364e+03
3.692000000000000000e+03 5.062500000000000000e+03
3.604000000000000000e+03 5.075150000000000546e+03
3.628000000000000000e+03 5.098550000000000182e+03
3.516000000000000000e+03 5.129400000000000546e+03
3.292000000000000000e+03 5.133850000000000364e+03
3.428000000000000000e+03 5.148199999999999818e+03
3.780000000000000000e+03 5.172449999999999818e+03
3.228000000000000000e+03 5.174800000000000182e+03
3.700000000000000000e+03 5.181449999999999818e+03
3.556000000000000000e+03 5.203050000000000182e+03
3.892000000000000000e+03 5.217300000000000182e+03
3.204000000000000000e+03 5.374650000000000546e+03
3.772000000000000000e+03 5.386699999999999818e+03
3.852000000000000000e+03 5.410000000000000000e+03
3.596000000000000000e+03 5.417550000000000182e+03
3.284000000000000000e+03 5.432949999999999818e+03
3.668000000000000000e+03 5.439100000000000364e+03
3.452000000000000000e+03 5.487900000000000546e+03
3.460000000000000000e+03 5.560699999999999818e+03
3.276000000000000000e+03 5.603949999999999818e+03
3.524000000000000000e+03 5.620949999999999818e+03
3.436000000000000000e+03 5.760600000000000364e+03
3.676000000000000000e+03 5.777150000000000546e+03
3.948000000000000000e+03 5.823300000000000182e+03
3.740000000000000000e+03 5.862550000000000182e+03
3.852000000000000000e+03 5.913650000000000546e+03
3.604000000000000000e+03 5.979650000000000546e+03
3.373000000000000000e+03 1.056000000000000085e+02
3.933000000000000000e+03 1.194500000000000028e+02
3.637000000000000000e+03 1.493000000000000114e+02
3.637000000000000000e+03 1.588499999999999943e+02
3.781000000000000000e+03 1.867000000000000171e+02
3.637000000000000000e+03 2.150500000000000114e+02
3.397000000000000000e+03 2.269000000000000057e+02
3.997000000000000000e+03 2.285000000000000000e+02
3.629000000000000000e+03 2.432500000000000000e+02
3.581000000000000000e+03 2.553000000000000114e+02
3.301000000000000000e+03 2.597500000000000000e+02
3.701000000000000000e+03 2.749499999999999886e+02
3.701000000000000000e+03 3.087500000000000000e+02
3.829000000000000000e+03 3.321000000000000227e+02
3.613000000000000000e+03 3.415000000000000000e+02
3.613000000000000000e+03 3.612500000000000000e+02
3.509000000000000000e+03 3.772500000000000000e+02
3.757000000000000000e+03 3.810000000000000000e+02
3.213000000000000000e+03 4.136999999999999886e+02
3.421000000000000000e+03 4.778000000000000114e+02
3.277000000000000000e+03 4.790000000000000000e+02
3.365000000000000000e+03 5.167000000000000455e+02
3.589000000000000000e+03 5.175000000000000000e+02
3.485000000000000000e+03 5.240000000000000000e+02
3.965000000000000000e+03 5.422000000000000455e+02
3.413000000000000000e+03 5.480000000000000000e+02
3.477000000000000000e+03 5.497000000000000455e+02
3.781000000000000000e+03 5.575500000000000682e+02
3.981000000000000000e+03 5.707000000000000455e+02
3.949000000000000000e+03 5.739500000000000455e+02
3.357000000000000000e+03 5.776000000000000227e+02
3.997000000000000000e+03 5.803999999999999773e+02
3.613000000000000000e+03 5.808999999999999773e+02
3.653000000000000000e+03 5.816000000000000227e+02
3.837000000000000000e+03 5.923000000000000682e+02
3.965000000000000000e+03 6.132000000000000455e+02
3.885000000000000000e+03 6.161499999999999773e+02
3.917000000000000000e+03 6.224500000000000455e+02
3.901000000000000000e+03 6.342000000000000455e+02
3.605000000000000000e+03 6.568999999999999773e+02
3.645000000000000000e+03 6.596000000000000227e+02
3.885000000000000000e+03 6.906499999999999773e+02
3.853000000000000000e+03 7.252000000000000455e+02
3.781000000000000000e+03 7.306499999999999773e+02
3.805000000000000000e+03 7.484500000000000455e+02
3.389000000000000000e+03 7.532000000000000455e+02
3.653000000000000000e+03 7.845000000000000000e+02
3.461000000000000000e+03 8.057500000000000000e+02
3.221000000000000000e+03 8.168500000000000227e+02
3.581000000000000000e+03 8.407000000000000455e+02
3.661000000000000000e+03 8.636499999999999773e+02
3.669000000000000000e+03 8.697000000000000455e+02
3.765000000000000000e+03 8.945500000000000682e+02
3.285000000000000000e+03 9.058999999999999773e+02
3.373000000000000000e+03 9.376499999999999773e+02
3.741000000000000000e+03 9.380500000000000682e+02
3.853000000000000000e+03 9.902500000000000000e+02
3.261000000000000000e+03 1.000450000000000045e+03
3.893000000000000000e+03 1.012950000000000045e+03
3.405000000000000000e+03 1.024849999999999909e+03
3.781000000000000000e+03 1.041599999999999909e+03
3.933000000000000000e+03 1.041599999999999909e+03
3.501000000000000000e+03 1.042500000000000000e+03
3.837000000000000000e+03 1.052950000000000045e+03
3.301000000000000000e+03 1.075200000000000045e+03
3.237000000000000000e+03 1.086349999999999909e+03
3.773000000000000000e+03 1.095799999999999955e+03
3.893000000000000000e+03 1.097250000000000000e+03
3.469000000000000000e+03 1.108799999999999955e+03
3.933000000000000000e+03 1.117600000000000136e+03
3.621000000000000000e+03 1.133650000000000091e+03
3.613000000000000000e+03 1.148900000000000091e+03
3.605000000000000000e+03 1.160299999999999955e+03
3.597000000000000000e+03 1.167850000000000136e+03
3.237000000000000000e+03 1.201750000000000000e+03
3.965000000000000000e+03 1.210299999999999955e+03
3.421000000000000000e+03 1.210549999999999955e+03
3.869000000000000000e+03 1.216250000000000000e+03
3.709000000000000000e+03 1.225799999999999955e+03
3.965000000000000000e+03 1.263750000000000000e+03
3.469000000000000000e+03 1.273549999999999955e+03
3.605000000000000000e+03 1.276000000000000000e+03
3.485000000000000000e+03 1.291250000000000000e+03
3.445000000000000000e+03 1.296200000000000045e+03
3.677000000000000000e+03 1.303950000000000045e+03
3.661000000000000000e+03 1.304200000000000045e+03
3.877000000000000000e+03 1.314799999999999955e+03
3.701000000000000000e+03 1.328350000000000136e+03
3.861000000000000000e+03 1.338299999999999955e+03
3.989000000000000000e+03 1.346700000000000045e+03
3.565000000000000000e+03 1.353549999999999955e+03
3.453000000000000000e+03 1.362950000000000045e+03
3.757000000000000000e+03 1.393700000000000045e+03
3.293000000000000000e+03 1.420500000000000000e+03
3.581000000000000000e+03 1.425100000000000136e+03
3.869000000000000000e+03 1.425600000000000136e+03
3.885000000000000000e+03 1.436549999999999955e+03
3.613000000000000000e+03 1.438299999999999955e+03
3.357000000000000000e+03 1.446650000000000091e+03
3.797000000000000000e+03 1.451850000000000136e+03
3.445000000000000000e+03 1.453000000000000000e+03
3.437000000000000000e+03 1.458600000000000136e+03
3.949000000000000000e+03 1.503700000000000045e+03
3.437000000000000000e+03 1.504250000000000000e+03
3.781000000000000000e+03 1.508000000000000000e+03
3.517000000000000000e+03 1.514650000000000091e+03
3.701000000000000000e+03 1.527250000000000000e+03
3.741000000000000000e+03 1.553549999999999955e+03
3.293000000000000000e+03 1.566850000000000136e+03
3.389000000000000000e+03 1.568250000000000000e+03
3.933000000000000000e+03 1.568650000000000091e+03
3.421000000000000000e+03 1.583450000000000045e+03
3.461000000000000000e+03 1.589000000000000000e+03
3.229000000000000000e+03 1.590950000000000045e+03
3.925000000000000000e+03 1.594500000000000000e+03
3.565000000000000000e+03 1.607950000000000045e+03
3.205000000000000000e+03 1.608400000000000091e+03
3.493000000000000000e+03 1.608700000000000045e+03
3.861000000000000000e+03 1.629549999999999955e+03
3.645000000000000000e+03 1.639549999999999955e+03
3.653000000000000000e+03 1.646950000000000045e+03
3.629000000000000000e+03 1.649549999999999955e+03
3.445000000000000000e+03 1.657400000000000091e+03
3.381000000000000000e+03 1.671799999999999955e+03
3.589000000000000000e+03 1.691150000000000091e+03
3.765000000000000000e+03 1.696049999999999955e+03
3.837000000000000000e+03 1.709450000000000045e+03
3.301000000000000000e+03 1.762150000000000091e+03
3.741000000000000000e+03 1.774200000000000045e+03
3.613000000000000000e+03 1.831500000000000000e+03
3.973000000000000000e+03 1.831750000000000000e+03
3.261000000000000000e+03 1.833549999999999955e+03
3.701000000000000000e+03 1.871400000000000091e+03
3.717000000000000000e+03 1.899100000000000136e+03
3.749000000000000000e+03 1.903200000000000045e+03
3.797000000000000000e+03 1.913000000000000000e+03
3.853000000000000000e+03 1.937250000000000000e+03
3.261000000000000000e+03 1.945049999999999955e+03
3.717000000000000000e+03 1.960450000000000045e+03
3.645000000000000000e+03 2.008950000000000045e+03
3.269000000000000000e+03 2.017799999999999955e+03
3.485000000000000000e+03 2.048250000000000000e+03
3.845000000000000000e+03 2.056449999999999818e+03
3.869000000000000000e+03 2.074599999999999909e+03
3.709000000000000000e+03 2.076800000000000182e+03
3.765000000000000000e+03 2.152650000000000091e+03
3.589000000000000000e+03 2.161099999999999909e+03
3.893000000000000000e+03 2.171400000000000091e+03
3.837000000000000000e+03 2.198849999999999909e+03
3.469000000000000000e+03 2.220599999999999909e+03
3.429000000000000000e+03 2.222250000000000000e+03
3.677000000000000000e+03 2.228599999999999909e+03
3.893000000000000000e+03 2.229250000000000000e+03
3.493000000000000000e+03 2.236900000000000091e+03
3.565000000000000000e+03 2.258849999999999909e+03
3.805000000000000000e+03 2.294950000000000273e+03
3.925000000000000000e+03 2.308099999999999909e+03
3.813000000000000000e+03 2.311950000000000273e+03
3.517000000000000000e+03 2.313250000000000000e+03
3.589000000000000000e+03 2.337700000000000273e+03
3.981000000000000000e+03 2.345400000000000091e+03
3.373000000000000000e+03 2.354750000000000000e+03
3.349000000000000000e+03 2.362400000000000091e+03
3.709000000000000000e+03 2.394349999999999909e+03
3.677000000000000000e+03 2.395750000000000000e+03
3.557000000000000000e+03 2.415200000000000273e+03
3.845000000000000000e+03 2.416200000000000273e+03
3.629000000000000000e+03 2.428500000000000000e+03
3.781000000000000000e+03 2.439150000000000091e+03
3.365000000000000000e+03 2.442800000000000182e+03
3.733000000000000000e+03 2.445950000000000273e+03
3.933000000000000000e+03 2.474800000000000182e+03
3.813000000000000000e+03 2.477000000000000000e+03
3.797000000000000000e+03 2.489099999999999909e+03
3.861000000000000000e+03 2.504099999999999909e+03
3.357000000000000000e+03 2.517400000000000091e+03
3.237000000000000000e+03 2.526150000000000091e+03
3.389000000000000000e+03 2.526300000000000182e+03
3.549000000000000000e+03 2.533550000000000182e+03
3.645000000000000000e+03 2.545250000000000000e+03
3.565000000000000000e+03 2.558550000000000182e+03
3.773000000000000000e+03 2.572400000000000091e+03
3.637000000000000000e+03 2.589300000000000182e+03
3.565000000000000000e+03 2.601550000000000182e+03
3.773000000000000000e+03 2.614150000000000091e+03
3.805000000000000000e+03 2.641750000000000000e+03
3.813000000000000000e+03 2.678300000000000182e+03
3.965000000000000000e+03 2.691349999999999909e+03
3.837000000000000000e+03 2.708300000000000182e+03
3.789000000000000000e+03 2.733349999999999909e+03
3.693000000000000000e+03 2.777000000000000000e+03
3.925000000000000000e+03 2.778650000000000091e+03
3.661000000000000000e+03 2.788599999999999909e+03
3.725000000000000000e+03 2.804050000000000182e+03
3.893000000000000000e+03 2.809400000000000091e+03
3.501000000000000000e+03 2.817050000000000182e+03
3.469000000000000000e+03 2.844700000000000273e+03
3.829000000000000000e+03 2.899500000000000000e+03
3.429000000000000000e+03 2.913599999999999909e+03
3.957000000000000000e+03 2.915599999999999909e+03
3.885000000000000000e+03 2.985950000000000273e+03
3.989000000000000000e+03 3.425000000000000000e+03
3.781000000000000000e+03 3.446700000000000273e+03
3.589000000000000000e+03 3.477650000000000091e+03
3.773000000000000000e+03 3.544950000000000273e+03
3.965000000000000000e+03 3.550750000000000000e+03
3.613000000000000000e+03 3.581650000000000091e+03
3.989000000000000000e+03 3.592700000000000273e+03
3.381000000000000000e+03 3.594849999999999909e+03
3.773000000000000000e+03 3.595800000000000182e+03
3.461000000000000000e+03 3.597599999999999909e+03
3.397000000000000000e+03 3.616400000000000091e+03
3.645000000000000000e+03 3.709900000000000091e+03
3.269000000000000000e+03 3.740500000000000000e+03
3.813000000000000000e+03 3.768750000000000000e+03
3.541000000000000000e+03 3.774150000000000091e+03
3.269000000000000000e+03 3.774700000000000273e+03
3.485000000000000000e+03 3.780750000000000000e+03
3.725000000000000000e+03 3.795300000000000182e+03
3.677000000000000000e+03 3.860599999999999909e+03
3.565000000000000000e+03 4.227500000000000000e+03
3.413000000000000000e+03 4.241750000000000000e+03
3.485000000000000000e+03 4.255250000000000000e+03
3.517000000000000000e+03 4.256399999999999636e+03
3.589000000000000000e+03 4.270250000000000000e+03
3.813000000000000000e+03 4.279300000000000182e+03
3.941000000000000000e+03 4.280000000000000000e+03
3.805000000000000000e+03 4.281750000000000000e+03
3.533000000000000000e+03 4.443050000000000182e+03
3.245000000000000000e+03 4.460199999999999818e+03
3.693000000000000000e+03 4.461000000000000000e+03
3.765000000000000000e+03 4.461300000000000182e+03
3.861000000000000000e+03 4.461250000000000000e+03
3.709000000000000000e+03 4.463250000000000000e+03
3.421000000000000000e+03 4.492550000000000182e+03
3.397000000000000000e+03 4.506800000000000182e+03
3.661000000000000000e+03 4.512900000000000546e+03
3.269000000000000000e+03 4.530600000000000364e+03
3.381000000000000000e+03 4.553250000000000000e+03
3.413000000000000000e+03 4.560050000000000182e+03
3.981000000000000000e+03 4.561000000000000000e+03
3.773000000000000000e+03 4.575199999999999818e+03
3.565000000000000000e+03 4.576300000000000182e+03
3.317000000000000000e+03 4.582250000000000000e+03
3.837000000000000000e+03 4.592949999999999818e+03
3.893000000000000000e+03 4.695250000000000000e+03
3.933000000000000000e+03 4.698150000000000546e+03
3.669000000000000000e+03 4.701650000000000546e+03
3.373000000000000000e+03 4.727199999999999818e+03
3.781000000000000000e+03 4.727699999999999818e+03
3.365000000000000000e+03 4.737350000000000364e+03
3.813000000000000000e+03 4.739100000000000364e+03
3.437000000000000000e+03 4.759850000000000364e+03
3.621000000000000000e+03 4.763699999999999818e+03
3.421000000000000000e+03 4.764449999999999818e+03
3.781000000000000000e+03 4.800550000000000182e+03
3.621000000000000000e+03 4.850500000000000000e+03
3.645000000000000000e+03 4.973850000000000364e+03
3.445000000000000000e+03 5.011050000000000182e+03
3.861000000000000000e+03 5.021199999999999818e+03
3.349000000000000000e+03 5.049500000000000000e+03
3.669000000000000000e+03 5.054600000000000364e+03
3.653000000000000000e+03 5.058050000000000182e+03
3.781000000000000000e+03 5.066350000000000364e+03
3.285000000000000000e+03 5.077449999999999818e+03
3.557000000000000000e+03 5.127900000000000546e+03
3.997000000000000000e+03 5.172900000000000546e+03
3.965000000000000000e+03 5.333300000000000182e+03
3.221000000000000000e+03 5.532600000000000364e+03
3.669000000000000000e+03 5.543199999999999818e+03
3.325000000000000000e+03 5.551650000000000546e+03
3.477000000000000000e+03 5.577449999999999818e+03
3.317000000000000000e+03 5.621850000000000364e+03
3.549000000000000000e+03 5.662350000000000364e+03
3.981000000000000000e+03 5.676300000000000182e+03
3.413000000000000000e+03 5.688550000000000182e+03
3.277000000000000000e+03 5.752900000000000546e+03
3.469000000000000000e+03 5.755400000000000546e+03
3.901000000000000000e+03 5.775150000000000546e+03
3.437000000000000000e+03 5.795150000000000546e+03
3.757000000000000000e+03 5.813850000000000364e+03
3.765000000000000000e+03 5.935800000000000182e+03
3.837000000000000000e+03 5.963300000000000182e+03
3.261000000000000000e+03 5.982949999999999818e+03
3.846000000000000000e+03 1.025000000000000000e+02
3.494000000000000000e+03 1.044500000000000028e+02
3.246000000000000000e+03 1.106500000000000057e+02
3.854000000000000000e+03 1.142500000000000000e+02
3.270000000000000000e+03 1.224500000000000028e+02
3.550000000000000000e+03 1.392000000000000171e+02
3.830000000000000000e+03 1.628000000000000114e+02
3.758000000000000000e+03 1.845000000000000000e+02
3.318000000000000000e+03 1.845999999999999943e+02
3.998000000000000000e+03 2.097000000000000171e+02
3.566000000000000000e+03 2.290500000000000114e+02
3.718000000000000000e+03 2.382500000000000000e+02
3.262000000000000000e+03 2.828500000000000227e+02
3.830000000000000000e+03 2.910500000000000114e+02
3.838000000000000000e+03 3.022500000000000000e+02
3.782000000000000000e+03 3.257500000000000000e+02
3.590000000000000000e+03 3.338000000000000114e+02
3.374000000000000000e+03 3.381999999999999886e+02
3.750000000000000000e+03 3.521000000000000227e+02
3.830000000000000000e+03 3.578500000000000227e+02
3.790000000000000000e+03 3.584499999999999886e+02
3.286000000000000000e+03 3.710500000000000114e+02
3.230000000000000000e+03 4.176999999999999886e+02
3.950000000000000000e+03 4.533000000000000114e+02
3.526000000000000000e+03 4.966000000000000227e+02
3.814000000000000000e+03 5.032500000000000000e+02
3.910000000000000000e+03 5.069499999999999886e+02
3.390000000000000000e+03 5.140000000000000000e+02
3.718000000000000000e+03 5.320000000000000000e+02
3.438000000000000000e+03 5.334500000000000455e+02
3.790000000000000000e+03 5.557000000000000455e+02
3.334000000000000000e+03 5.593999999999999773e+02
3.918000000000000000e+03 5.693500000000000227e+02
3.950000000000000000e+03 5.703999999999999773e+02
3.870000000000000000e+03 5.926000000000000227e+02
3.438000000000000000e+03 6.158999999999999773e+02
3.342000000000000000e+03 6.457500000000000000e+02
3.822000000000000000e+03 7.037500000000000000e+02
3.710000000000000000e+03 7.423999999999999773e+02
3.742000000000000000e+03 7.708000000000000682e+02
3.558000000000000000e+03 7.778500000000000227e+02
3.726000000000000000e+03 7.992000000000000455e+02
3.630000000000000000e+03 8.063999999999999773e+02
3.206000000000000000e+03 8.266499999999999773e+02
3.366000000000000000e+03 8.555000000000000000e+02
3.278000000000000000e+03 8.658000000000000682e+02
3.350000000000000000e+03 8.665000000000000000e+02
3.302000000000000000e+03 8.708000000000000682e+02
3.798000000000000000e+03 8.764500000000000455e+02
3.222000000000000000e+03 8.838000000000000682e+02
3.310000000000000000e+03 9.730000000000000000e+02
3.702000000000000000e+03 9.931000000000000227e+02
3.838000000000000000e+03 9.952500000000000000e+02
3.222000000000000000e+03 9.993999999999999773e+02
3.822000000000000000e+03 1.015899999999999977e+03
3.982000000000000000e+03 1.016500000000000000e+03
3.382000000000000000e+03 1.020800000000000068e+03
3.718000000000000000e+03 1.030700000000000045e+03
3.670000000000000000e+03 1.130500000000000000e+03
3.518000000000000000e+03 1.145950000000000045e+03
3.686000000000000000e+03 1.158600000000000136e+03
3.518000000000000000e+03 1.170450000000000045e+03
3.846000000000000000e+03 1.172500000000000000e+03
3.566000000000000000e+03 1.188850000000000136e+03
3.222000000000000000e+03 1.192049999999999955e+03
3.934000000000000000e+03 1.192150000000000091e+03
3.526000000000000000e+03 1.207850000000000136e+03
3.422000000000000000e+03 1.217549999999999955e+03
3.782000000000000000e+03 1.220350000000000136e+03
3.382000000000000000e+03 1.223100000000000136e+03
3.422000000000000000e+03 1.235000000000000000e+03
3.702000000000000000e+03 1.262000000000000000e+03
3.782000000000000000e+03 1.267549999999999955e+03
3.558000000000000000e+03 1.267850000000000136e+03
3.726000000000000000e+03 1.276799999999999955e+03
3.254000000000000000e+03 1.305250000000000000e+03
3.742000000000000000e+03 1.317650000000000091e+03
3.918000000000000000e+03 1.342250000000000000e+03
3.710000000000000000e+03 1.342450000000000045e+03
3.990000000000000000e+03 1.373049999999999955e+03
3.870000000000000000e+03 1.377100000000000136e+03
3.222000000000000000e+03 1.378549999999999955e+03
3.302000000000000000e+03 1.378700000000000045e+03
3.694000000000000000e+03 1.386150000000000091e+03
3.438000000000000000e+03 1.432000000000000000e+03
3.502000000000000000e+03 1.435100000000000136e+03
3.414000000000000000e+03 1.438600000000000136e+03
3.686000000000000000e+03 1.440200000000000045e+03
3.590000000000000000e+03 1.442200000000000045e+03
3.462000000000000000e+03 1.499650000000000091e+03
3.910000000000000000e+03 1.507549999999999955e+03
3.230000000000000000e+03 1.508450000000000045e+03
3.990000000000000000e+03 1.508600000000000136e+03
3.366000000000000000e+03 1.518250000000000000e+03
3.966000000000000000e+03 1.521200000000000045e+03
3.294000000000000000e+03 1.526350000000000136e+03
3.590000000000000000e+03 1.526400000000000091e+03
3.334000000000000000e+03 1.535900000000000091e+03
3.246000000000000000e+03 1.538650000000000091e+03
3.350000000000000000e+03 1.553450000000000045e+03
3.510000000000000000e+03 1.554799999999999955e+03
3.942000000000000000e+03 1.582400000000000091e+03
3.966000000000000000e+03 1.587250000000000000e+03
3.614000000000000000e+03 1.593049999999999955e+03
3.670000000000000000e+03 1.655250000000000000e+03
3.894000000000000000e+03 1.658650000000000091e+03
3.590000000000000000e+03 1.684350000000000136e+03
3.526000000000000000e+03 1.685549999999999955e+03
3.510000000000000000e+03 1.689000000000000000e+03
3.550000000000000000e+03 1.700549999999999955e+03
3.478000000000000000e+03 1.708900000000000091e+03
3.590000000000000000e+03 1.711700000000000045e+03
3.278000000000000000e+03 1.717049999999999955e+03
3.246000000000000000e+03 1.775900000000000091e+03
3.670000000000000000e+03 1.803100000000000136e+03
3.334000000000000000e+03 1.864850000000000136e+03
3.878000000000000000e+03 1.873250000000000000e+03
3.550000000000000000e+03 1.898700000000000045e+03
3.310000000000000000e+03 1.911700000000000045e+03
3.422000000000000000e+03 1.925000000000000000e+03
3.310000000000000000e+03 1.926200000000000045e+03
3.278000000000000000e+03 1.979500000000000000e+03
3.854000000000000000e+03 1.988000000000000000e+03
3.638000000000000000e+03 2.021250000000000000e+03
3.630000000000000000e+03 2.042650000000000091e+03
3.230000000000000000e+03 2.058449999999999818e+03
3.334000000000000000e+03 2.081199999999999818e+03
3.422000000000000000e+03 2.082449999999999818e+03
3.518000000000000000e+03 2.086300000000000182e+03
3.662000000000000000e+03 2.098949999999999818e+03
3.646000000000000000e+03 2.118550000000000182e+03
3.790000000000000000e+03 2.135849999999999909e+03
3.462000000000000000e+03 2.140500000000000000e+03
3.422000000000000000e+03 2.158550000000000182e+03
3.566000000000000000e+03 2.178150000000000091e+03
3.590000000000000000e+03 2.221550000000000182e+03
3.534000000000000000e+03 2.222650000000000091e+03
3.446000000000000000e+03 2.242250000000000000e+03
3.854000000000000000e+03 2.248750000000000000e+03
3.558000000000000000e+03 2.272650000000000091e+03
3.374000000000000000e+03 2.272800000000000182e+03
3.638000000000000000e+03 2.279200000000000273e+03
3.582000000000000000e+03 2.287500000000000000e+03
3.294000000000000000e+03 2.289500000000000000e+03
3.422000000000000000e+03 2.289700000000000273e+03
3.342000000000000000e+03 2.304900000000000091e+03
3.494000000000000000e+03 2.325650000000000091e+03
3.614000000000000000e+03 2.329200000000000273e+03
3.574000000000000000e+03 2.352200000000000273e+03
3.550000000000000000e+03 2.359500000000000000e+03
3.838000000000000000e+03 2.371250000000000000e+03
3.422000000000000000e+03 2.371700000000000273e+03
3.998000000000000000e+03 2.386200000000000273e+03
3.286000000000000000e+03 2.389200000000000273e+03
3.222000000000000000e+03 2.408650000000000091e+03
3.350000000000000000e+03 2.410599999999999909e+03
3.230000000000000000e+03 2.413200000000000273e+03
3.566000000000000000e+03 2.417300000000000182e+03
3.350000000000000000e+03 2.445599999999999909e+03
3.894000000000000000e+03 2.446599999999999909e+03
3.926000000000000000e+03 2.459599999999999909e+03
3.606000000000000000e+03 2.479250000000000000e+03
3.470000000000000000e+03 2.509099999999999909e+03
3.534000000000000000e+03 2.539300000000000182e+03
3.894000000000000000e+03 2.540700000000000273e+03
3.438000000000000000e+03 2.554750000000000000e+03
3.630000000000000000e+03 2.555900000000000091e+03
3.310000000000000000e+03 2.559300000000000182e+03
3.382000000000000000e+03 2.564200000000000273e+03
3.918000000000000000e+03 2.578000000000000000e+03
3.870000000000000000e+03 2.589400000000000091e+03
3.366000000000000000e+03 2.589500000000000000e+03
3.374000000000000000e+03 2.600800000000000182e+03
3.454000000000000000e+03 2.625650000000000091e+03
3.830000000000000000e+03 2.653099999999999909e+03
3.510000000000000000e+03 2.658200000000000273e+03
3.702000000000000000e+03 2.668650000000000091e+03
3.230000000000000000e+03 2.680300000000000182e+03
3.854000000000000000e+03 2.681349999999999909e+03
3.374000000000000000e+03 2.700200000000000273e+03
3.414000000000000000e+03 2.700599999999999909e+03
3.838000000000000000e+03 2.707500000000000000e+03
3.838000000000000000e+03 2.807599999999999909e+03
3.886000000000000000e+03 2.858700000000000273e+03
3.750000000000000000e+03 2.863400000000000091e+03
3.534000000000000000e+03 2.898050000000000182e+03
3.622000000000000000e+03 2.916099999999999909e+03
3.838000000000000000e+03 2.919800000000000182e+03
3.246000000000000000e+03 2.929200000000000273e+03
3.350000000000000000e+03 2.944900000000000091e+03
3.222000000000000000e+03 2.952550000000000182e+03
3.542000000000000000e+03 2.963300000000000182e+03
3.590000000000000000e+03 2.989000000000000000e+03
3.798000000000000000e+03 3.399750000000000000e+03
3.822000000000000000e+03 3.404150000000000091e+03
3.390000000000000000e+03 3.440950000000000273e+03
3.582000000000000000e+03 3.441349999999999909e+03
3.534000000000000000e+03 3.461349999999999909e+03
3.974000000000000000e+03 3.461349999999999909e+03
3.230000000000000000e+03 3.481050000000000182e+03
3.486000000000000000e+03 3.536599999999999909e+03
3.686000000000000000e+03 3.540900000000000091e+03
3.222000000000000000e+03 3.541950000000000273e+03
3.390000000000000000e+03 3.547849999999999909e+03
3.646000000000000000e+03 3.551849999999999909e+03
3.454000000000000000e+03 3.558750000000000000e+03
3.950000000000000000e+03 3.561900000000000091e+03
3.814000000000000000e+03 3.574050000000000182e+03
3.550000000000000000e+03 3.574550000000000182e+03
3.486000000000000000e+03 3.575200000000000273e+03
3.470000000000000000e+03 3.576849999999999909e+03
3.358000000000000000e+03 3.595250000000000000e+03
3.942000000000000000e+03 3.595750000000000000e+03
3.774000000000000000e+03 3.606849999999999909e+03
3.726000000000000000e+03 3.707700000000000273e+03
3.278000000000000000e+03 3.727099999999999909e+03
3.710000000000000000e+03 3.743250000000000000e+03
3.686000000000000000e+03 3.755550000000000182e+03
3.702000000000000000e+03 3.758400000000000091e+03
3.470000000000000000e+03 3.761099999999999909e+03
3.766000000000000000e+03 3.762550000000000182e+03
3.542000000000000000e+03 4.149750000000000000e+03
3.854000000000000000e+03 4.154250000000000000e+03
3.630000000000000000e+03 4.160850000000000364e+03
3.806000000000000000e+03 4.179050000000000182e+03
3.678000000000000000e+03 4.185949999999999818e+03
3.406000000000000000e+03 4.204199999999999818e+03
3.422000000000000000e+03 4.223300000000000182e+03
3.958000000000000000e+03 4.230500000000000000e+03
3.350000000000000000e+03 4.247050000000000182e+03
3.222000000000000000e+03 4.270350000000000364e+03
3.598000000000000000e+03 4.274100000000000364e+03
3.766000000000000000e+03 4.275649999999999636e+03
3.238000000000000000e+03 4.397600000000000364e+03
3.446000000000000000e+03 4.422199999999999818e+03
3.518000000000000000e+03 4.439850000000000364e+03
3.270000000000000000e+03 4.459600000000000364e+03
3.478000000000000000e+03 4.469500000000000000e+03
3.750000000000000000e+03 4.480850000000000364e+03
3.702000000000000000e+03 4.492500000000000000e+03
3.502000000000000000e+03 4.496600000000000364e+03
3.790000000000000000e+03 4.498750000000000000e+03
3.318000000000000000e+03 4.528400000000000546e+03
3.574000000000000000e+03 4.535750000000000000e+03
3.270000000000000000e+03 4.541300000000000182e+03
3.686000000000000000e+03 4.562949999999999818e+03
3.974000000000000000e+03 4.576949999999999818e+03
3.398000000000000000e+03 4.715199999999999818e+03
3.518000000000000000e+03 4.733350000000000364e+03
3.830000000000000000e+03 4.778250000000000000e+03
3.846000000000000000e+03 4.791699999999999818e+03
3.742000000000000000e+03 4.798400000000000546e+03
3.894000000000000000e+03 4.802000000000000000e+03
3.230000000000000000e+03 4.822900000000000546e+03
3.238000000000000000e+03 4.836949999999999818e+03
3.214000000000000000e+03 4.943100000000000364e+03
3.790000000000000000e+03 4.945100000000000364e+03
3.270000000000000000e+03 4.981050000000000182e+03
3.918000000000000000e+03 4.981050000000000182e+03
3.710000000000000000e+03 4.987800000000000182e+03
3.694000000000000000e+03 4.996800000000000182e+03
3.686000000000000000e+03 5.008449999999999818e+03
3.806000000000000000e+03 5.009050000000000182e+03
3.518000000000000000e+03 5.018000000000000000e+03
3.982000000000000000e+03 5.064350000000000364e+03
3.926000000000000000e+03 5.074650000000000546e+03
3.638000000000000000e+03 5.078050000000000182e+03
3.710000000000000000e+03 5.106100000000000364e+03
3.238000000000000000e+03 5.124949999999999818e+03
3.374000000000000000e+03 5.131850000000000364e+03
3.542000000000000000e+03 5.135850000000000364e+03
3.814000000000000000e+03 5.139150000000000546e+03
3.406000000000000000e+03 5.153150000000000546e+03
3.782000000000000000e+03 5.164350000000000364e+03
3.878000000000000000e+03 5.313750000000000000e+03
3.758000000000000000e+03 5.380900000000000546e+03
3.574000000000000000e+03 5.411650000000000546e+03
3.854000000000000000e+03 5.417050000000000182e+03
3.942000000000000000e+03 5.420150000000000546e+03
3.614000000000000000e+03 5.420300000000000182e+03
3.982000000000000000e+03 5.437650000000000546e+03
3.766000000000000000e+03 5.472100000000000364e+03
3.782000000000000000e+03 5.536699999999999818e+03
3.222000000000000000e+03 5.541600000000000364e+03
3.534000000000000000e+03 5.597150000000000546e+03
3.262000000000000000e+03 5.809449999999999818e+03
3.518000000000000000e+03 5.818600000000000364e+03
3.246000000000000000e+03 5.848400000000000546e+03
3.310000000000000000e+03 5.917199999999999818e+03
3.446000000000000000e+03 5.927800000000000182e+03
3.966000000000000000e+03 5.929750000000000000e+03
3.847000000000000000e+03 1.003500000000000085e+02
3.991000000000000000e+03 1.151500000000000057e+02
3.495000000000000000e+03 1.187500000000000000e+02
3.415000000000000000e+03 1.195000000000000000e+02
3.847000000000000000e+03 1.296500000000000057e+02
3.983000000000000000e+03 1.319499999999999886e+02
3.823000000000000000e+03 1.365000000000000000e+02
3.599000000000000000e+03 1.375000000000000000e+02
3.807000000000000000e+03 1.457000000000000171e+02
3.383000000000000000e+03 1.465000000000000000e+02
3.951000000000000000e+03 1.532500000000000000e+02
3.807000000000000000e+03 1.588499999999999943e+02
3.527000000000000000e+03 1.645000000000000000e+02
3.351000000000000000e+03 1.665999999999999943e+02
3.495000000000000000e+03 1.718000000000000114e+02
3.759000000000000000e+03 1.904000000000000057e+02
3.359000000000000000e+03 2.009500000000000171e+02
3.871000000000000000e+03 2.203499999999999943e+02
3.319000000000000000e+03 2.512500000000000000e+02
3.639000000000000000e+03 2.825500000000000114e+02
3.343000000000000000e+03 3.406999999999999886e+02
3.743000000000000000e+03 3.609000000000000341e+02
3.759000000000000000e+03 3.626999999999999886e+02
3.343000000000000000e+03 3.675000000000000000e+02
3.551000000000000000e+03 3.806999999999999886e+02
3.247000000000000000e+03 4.855500000000000114e+02
3.287000000000000000e+03 4.888500000000000227e+02
3.279000000000000000e+03 5.125000000000000000e+02
3.511000000000000000e+03 5.124500000000000455e+02
3.375000000000000000e+03 5.189500000000000455e+02
3.799000000000000000e+03 5.325499999999999545e+02
3.479000000000000000e+03 5.345499999999999545e+02
3.375000000000000000e+03 5.406000000000000227e+02
3.703000000000000000e+03 5.507000000000000455e+02
3.679000000000000000e+03 5.575000000000000000e+02
3.423000000000000000e+03 5.580000000000000000e+02
3.567000000000000000e+03 5.580000000000000000e+02
3.399000000000000000e+03 5.623500000000000227e+02
3.711000000000000000e+03 5.927000000000000455e+02
3.415000000000000000e+03 6.027000000000000455e+02
3.535000000000000000e+03 6.162500000000000000e+02
3.871000000000000000e+03 6.316499999999999773e+02
3.959000000000000000e+03 6.328000000000000682e+02
3.975000000000000000e+03 6.731499999999999773e+02
3.799000000000000000e+03 6.751000000000000227e+02
3.399000000000000000e+03 6.908500000000000227e+02
3.911000000000000000e+03 6.929500000000000455e+02
3.823000000000000000e+03 7.092500000000000000e+02
3.855000000000000000e+03 7.248999999999999773e+02
3.767000000000000000e+03 7.492500000000000000e+02
3.687000000000000000e+03 7.818500000000000227e+02
3.527000000000000000e+03 7.853500000000000227e+02
3.527000000000000000e+03 8.625500000000000682e+02
3.375000000000000000e+03 8.671000000000000227e+02
3.575000000000000000e+03 8.786000000000000227e+02
3.359000000000000000e+03 8.791499999999999773e+02
3.559000000000000000e+03 8.921499999999999773e+02
3.503000000000000000e+03 9.233999999999999773e+02
3.247000000000000000e+03 9.439500000000000455e+02
3.407000000000000000e+03 9.445500000000000682e+02
3.207000000000000000e+03 9.711499999999999773e+02
3.495000000000000000e+03 9.809500000000000455e+02
3.431000000000000000e+03 9.921000000000000227e+02
3.231000000000000000e+03 1.014149999999999977e+03
3.855000000000000000e+03 1.039099999999999909e+03
3.943000000000000000e+03 1.043700000000000045e+03
3.439000000000000000e+03 1.050450000000000045e+03
3.703000000000000000e+03 1.078049999999999955e+03
3.447000000000000000e+03 1.085250000000000000e+03
3.431000000000000000e+03 1.130450000000000045e+03
3.239000000000000000e+03 1.137350000000000136e+03
3.903000000000000000e+03 1.150200000000000045e+03
3.463000000000000000e+03 1.155299999999999955e+03
3.767000000000000000e+03 1.177750000000000000e+03
3.447000000000000000e+03 1.179350000000000136e+03
3.295000000000000000e+03 1.199150000000000091e+03
3.655000000000000000e+03 1.211700000000000045e+03
3.247000000000000000e+03 1.218799999999999955e+03
3.423000000000000000e+03 1.237950000000000045e+03
3.703000000000000000e+03 1.247549999999999955e+03
3.951000000000000000e+03 1.270299999999999955e+03
3.423000000000000000e+03 1.282049999999999955e+03
3.719000000000000000e+03 1.290400000000000091e+03
3.519000000000000000e+03 1.291850000000000136e+03
3.823000000000000000e+03 1.298850000000000136e+03
3.367000000000000000e+03 1.330299999999999955e+03
3.271000000000000000e+03 1.424200000000000045e+03
3.655000000000000000e+03 1.470900000000000091e+03
3.215000000000000000e+03 1.474049999999999955e+03
3.559000000000000000e+03 1.474200000000000045e+03
3.415000000000000000e+03 1.487600000000000136e+03
3.479000000000000000e+03 1.516750000000000000e+03
3.991000000000000000e+03 1.532000000000000000e+03
3.775000000000000000e+03 1.533850000000000136e+03
3.951000000000000000e+03 1.536049999999999955e+03
3.263000000000000000e+03 1.536250000000000000e+03
3.271000000000000000e+03 1.546200000000000045e+03
3.847000000000000000e+03 1.562299999999999955e+03
3.999000000000000000e+03 1.630850000000000136e+03
3.359000000000000000e+03 1.670600000000000136e+03
3.623000000000000000e+03 1.693500000000000000e+03
3.471000000000000000e+03 1.703500000000000000e+03
3.255000000000000000e+03 1.708000000000000000e+03
3.607000000000000000e+03 1.792549999999999955e+03
3.807000000000000000e+03 1.805650000000000091e+03
3.231000000000000000e+03 1.816150000000000091e+03
3.711000000000000000e+03 1.851549999999999955e+03
3.679000000000000000e+03 1.889299999999999955e+03
3.615000000000000000e+03 1.900900000000000091e+03
3.639000000000000000e+03 1.909450000000000045e+03
3.711000000000000000e+03 1.914500000000000000e+03
3.327000000000000000e+03 1.914799999999999955e+03
3.647000000000000000e+03 1.941500000000000000e+03
3.991000000000000000e+03 1.984299999999999955e+03
3.751000000000000000e+03 2.000950000000000045e+03
3.375000000000000000e+03 2.012500000000000000e+03
3.535000000000000000e+03 2.027100000000000136e+03
3.735000000000000000e+03 2.046250000000000000e+03
3.711000000000000000e+03 2.051250000000000000e+03
3.439000000000000000e+03 2.059800000000000182e+03
3.559000000000000000e+03 2.084349999999999909e+03
3.503000000000000000e+03 2.139400000000000091e+03
3.679000000000000000e+03 2.177250000000000000e+03
3.847000000000000000e+03 2.184650000000000091e+03
3.351000000000000000e+03 2.199900000000000091e+03
3.295000000000000000e+03 2.209650000000000091e+03
3.911000000000000000e+03 2.220849999999999909e+03
3.615000000000000000e+03 2.225300000000000182e+03
3.759000000000000000e+03 2.228099999999999909e+03
3.935000000000000000e+03 2.244099999999999909e+03
3.551000000000000000e+03 2.245849999999999909e+03
3.479000000000000000e+03 2.246400000000000091e+03
3.823000000000000000e+03 2.251349999999999909e+03
3.567000000000000000e+03 2.261050000000000182e+03
3.359000000000000000e+03 2.268050000000000182e+03
3.623000000000000000e+03 2.269099999999999909e+03
3.567000000000000000e+03 2.306150000000000091e+03
3.247000000000000000e+03 2.310400000000000091e+03
3.439000000000000000e+03 2.354400000000000091e+03
3.783000000000000000e+03 2.355650000000000091e+03
3.791000000000000000e+03 2.360050000000000182e+03
3.575000000000000000e+03 2.365599999999999909e+03
3.223000000000000000e+03 2.368450000000000273e+03
3.935000000000000000e+03 2.388599999999999909e+03
3.463000000000000000e+03 2.390300000000000182e+03
3.335000000000000000e+03 2.393099999999999909e+03
3.239000000000000000e+03 2.395050000000000182e+03
3.287000000000000000e+03 2.398800000000000182e+03
3.695000000000000000e+03 2.400700000000000273e+03
3.647000000000000000e+03 2.442950000000000273e+03
3.839000000000000000e+03 2.446450000000000273e+03
3.223000000000000000e+03 2.458050000000000182e+03
3.239000000000000000e+03 2.482950000000000273e+03
3.983000000000000000e+03 2.514599999999999909e+03
3.575000000000000000e+03 2.529250000000000000e+03
3.879000000000000000e+03 2.530349999999999909e+03
3.335000000000000000e+03 2.536599999999999909e+03
3.815000000000000000e+03 2.544950000000000273e+03
3.623000000000000000e+03 2.545500000000000000e+03
3.871000000000000000e+03 2.546700000000000273e+03
3.503000000000000000e+03 2.548450000000000273e+03
3.687000000000000000e+03 2.560150000000000091e+03
3.607000000000000000e+03 2.629000000000000000e+03
3.879000000000000000e+03 2.629599999999999909e+03
3.911000000000000000e+03 2.643700000000000273e+03
3.495000000000000000e+03 2.656099999999999909e+03
3.791000000000000000e+03 2.663599999999999909e+03
3.999000000000000000e+03 2.696900000000000091e+03
3.903000000000000000e+03 2.705500000000000000e+03
3.343000000000000000e+03 2.718650000000000091e+03
3.519000000000000000e+03 2.807650000000000091e+03
3.247000000000000000e+03 2.816150000000000091e+03
3.455000000000000000e+03 2.818300000000000182e+03
3.695000000000000000e+03 2.822200000000000273e+03
3.687000000000000000e+03 2.824300000000000182e+03
3.415000000000000000e+03 2.890500000000000000e+03
3.647000000000000000e+03 2.931700000000000273e+03
3.503000000000000000e+03 2.949750000000000000e+03
3.887000000000000000e+03 2.960500000000000000e+03
3.567000000000000000e+03 2.993500000000000000e+03
3.935000000000000000e+03 3.399000000000000000e+03
3.255000000000000000e+03 3.408250000000000000e+03
3.591000000000000000e+03 3.449700000000000273e+03
3.375000000000000000e+03 3.450300000000000182e+03
3.335000000000000000e+03 3.486599999999999909e+03
3.543000000000000000e+03 3.499400000000000091e+03
3.871000000000000000e+03 3.503950000000000273e+03
3.831000000000000000e+03 3.510650000000000091e+03
3.927000000000000000e+03 3.511650000000000091e+03
3.743000000000000000e+03 3.512450000000000273e+03
3.303000000000000000e+03 3.538150000000000091e+03
3.399000000000000000e+03 3.544900000000000091e+03
3.903000000000000000e+03 3.589849999999999909e+03
3.439000000000000000e+03 3.593250000000000000e+03
3.375000000000000000e+03 3.614599999999999909e+03
3.727000000000000000e+03 3.734849999999999909e+03
3.623000000000000000e+03 3.746000000000000000e+03
3.807000000000000000e+03 3.747500000000000000e+03
3.247000000000000000e+03 3.775300000000000182e+03
3.815000000000000000e+03 3.948150000000000091e+03
3.359000000000000000e+03 3.996150000000000091e+03
3.735000000000000000e+03 4.082200000000000273e+03
3.943000000000000000e+03 4.180699999999999818e+03
3.807000000000000000e+03 4.183449999999999818e+03
3.399000000000000000e+03 4.193199999999999818e+03
3.391000000000000000e+03 4.204399999999999636e+03
3.639000000000000000e+03 4.221100000000000364e+03
3.447000000000000000e+03 4.226449999999999818e+03
3.591000000000000000e+03 4.230550000000000182e+03
3.559000000000000000e+03 4.235100000000000364e+03
3.463000000000000000e+03 4.239399999999999636e+03
3.639000000000000000e+03 4.253350000000000364e+03
3.831000000000000000e+03 4.254600000000000364e+03
3.615000000000000000e+03 4.260500000000000000e+03
3.207000000000000000e+03 4.261149999999999636e+03
3.919000000000000000e+03 4.271449999999999818e+03
3.463000000000000000e+03 4.273050000000000182e+03
3.287000000000000000e+03 4.304750000000000000e+03
3.367000000000000000e+03 4.446199999999999818e+03
3.927000000000000000e+03 4.459199999999999818e+03
3.223000000000000000e+03 4.479150000000000546e+03
3.943000000000000000e+03 4.515949999999999818e+03
3.823000000000000000e+03 4.530949999999999818e+03
3.983000000000000000e+03 4.531050000000000182e+03
3.511000000000000000e+03 4.532900000000000546e+03
3.207000000000000000e+03 4.542150000000000546e+03
3.727000000000000000e+03 4.547500000000000000e+03
3.679000000000000000e+03 4.554750000000000000e+03
3.703000000000000000e+03 4.567150000000000546e+03
3.287000000000000000e+03 4.595150000000000546e+03
3.727000000000000000e+03 4.694800000000000182e+03
3.991000000000000000e+03 4.703350000000000364e+03
3.847000000000000000e+03 4.714800000000000182e+03
3.951000000000000000e+03 4.734050000000000182e+03
3.223000000000000000e+03 4.736500000000000000e+03
3.703000000000000000e+03 4.745900000000000546e+03
3.927000000000000000e+03 4.758699999999999818e+03
3.519000000000000000e+03 4.789800000000000182e+03
3.919000000000000000e+03 4.790400000000000546e+03
3.375000000000000000e+03 4.797550000000000182e+03
3.687000000000000000e+03 4.822300000000000182e+03
3.431000000000000000e+03 4.829650000000000546e+03
3.695000000000000000e+03 4.834449999999999818e+03
3.503000000000000000e+03 4.933100000000000364e+03
3.303000000000000000e+03 4.964650000000000546e+03
3.735000000000000000e+03 4.982650000000000546e+03
3.223000000000000000e+03 5.010300000000000182e+03
3.583000000000000000e+03 5.010300000000000182e+03
3.871000000000000000e+03 5.056900000000000546e+03
3.887000000000000000e+03 5.057000000000000000e+03
3.271000000000000000e+03 5.061800000000000182e+03
3.799000000000000000e+03 5.071600000000000364e+03
3.263000000000000000e+03 5.105050000000000182e+03
3.703000000000000000e+03 5.122199999999999818e+03
3.759000000000000000e+03 5.130100000000000364e+03
3.991000000000000000e+03 5.151300000000000182e+03
3.975000000000000000e+03 5.166000000000000000e+03
3.207000000000000000e+03 5.175449999999999818e+03
3.239000000000000000e+03 5.189949999999999818e+03
3.447000000000000000e+03 5.313600000000000364e+03
3.295000000000000000e+03 5.337050000000000182e+03
3.975000000000000000e+03 5.416850000000000364e+03
3.735000000000000000e+03 5.485550000000000182e+03
3.631000000000000000e+03 5.546350000000000364e+03
3.847000000000000000e+03 5.549400000000000546e+03
3.967000000000000000e+03 5.570250000000000000e+03
3.431000000000000000e+03 5.574100000000000364e+03
3.807000000000000000e+03 5.648400000000000546e+03
3.295000000000000000e+03 5.757050000000000182e+03
3.655000000000000000e+03 5.922250000000000000e+03
3.863000000000000000e+03 5.951900000000000546e+03
3.247000000000000000e+03 5.975550000000000182e+03
3.455000000000000000e+03 5.989400000000000546e+03
