9.840000000000000000e+02 1.130000000000000000e+02
8.400000000000000000e+02 1.393000000000000114e+02
1.584000000000000000e+03 1.602000000000000171e+02
1.432000000000000000e+03 2.115000000000000000e+02
1.496000000000000000e+03 2.443499999999999943e+02
1.544000000000000000e+03 2.450500000000000114e+02
1.248000000000000000e+03 2.566000000000000227e+02
1.336000000000000000e+03 2.881999999999999886e+02
1.488000000000000000e+03 3.173500000000000227e+02
1.056000000000000000e+03 3.253500000000000227e+02
1.296000000000000000e+03 3.541500000000000341e+02
1.112000000000000000e+03 3.648500000000000227e+02
9.840000000000000000e+02 3.710000000000000000e+02
1.072000000000000000e+03 3.768500000000000227e+02
1.592000000000000000e+03 4.020000000000000000e+02
1.568000000000000000e+03 4.125000000000000000e+02
1.008000000000000000e+03 4.431500000000000341e+02
8.480000000000000000e+02 4.449499999999999886e+02
1.080000000000000000e+03 4.595000000000000000e+02
1.432000000000000000e+03 4.795500000000000114e+02
9.600000000000000000e+02 4.846000000000000227e+02
9.600000000000000000e+02 5.118500000000000227e+02
1.088000000000000000e+03 5.128500000000000227e+02
1.200000000000000000e+03 5.350000000000000000e+02
1.208000000000000000e+03 5.655000000000000000e+02
1.584000000000000000e+03 5.836499999999999773e+02
1.200000000000000000e+03 5.933999999999999773e+02
1.472000000000000000e+03 6.051499999999999773e+02
1.472000000000000000e+03 6.205500000000000682e+02
1.584000000000000000e+03 6.323500000000000227e+02
1.176000000000000000e+03 6.555500000000000682e+02
8.320000000000000000e+02 6.667500000000000000e+02
9.920000000000000000e+02 6.778500000000000227e+02
1.216000000000000000e+03 6.866000000000000227e+02
9.600000000000000000e+02 6.922000000000000455e+02
1.136000000000000000e+03 6.943999999999999773e+02
1.192000000000000000e+03 7.036000000000000227e+02
1.512000000000000000e+03 7.205000000000000000e+02
1.272000000000000000e+03 7.514500000000000455e+02
8.160000000000000000e+02 7.700500000000000682e+02
1.576000000000000000e+03 8.135500000000000682e+02
1.392000000000000000e+03 8.348500000000000227e+02
1.400000000000000000e+03 8.658500000000000227e+02
1.096000000000000000e+03 8.695000000000000000e+02
9.920000000000000000e+02 8.872000000000000455e+02
1.304000000000000000e+03 8.961000000000000227e+02
9.280000000000000000e+02 9.111000000000000227e+02
1.296000000000000000e+03 9.185000000000000000e+02
1.104000000000000000e+03 9.260500000000000682e+02
8.240000000000000000e+02 9.354500000000000455e+02
1.048000000000000000e+03 9.448000000000000682e+02
1.080000000000000000e+03 9.862000000000000455e+02
8.080000000000000000e+02 1.013100000000000023e+03
1.584000000000000000e+03 1.029549999999999955e+03
1.432000000000000000e+03 1.057099999999999909e+03
1.248000000000000000e+03 1.095650000000000091e+03
8.720000000000000000e+02 1.117000000000000000e+03
1.552000000000000000e+03 1.117850000000000136e+03
1.152000000000000000e+03 1.123600000000000136e+03
1.408000000000000000e+03 1.128200000000000045e+03
1.488000000000000000e+03 1.205000000000000000e+03
1.048000000000000000e+03 1.235799999999999955e+03
1.520000000000000000e+03 1.240700000000000045e+03
9.040000000000000000e+02 1.292650000000000091e+03
1.176000000000000000e+03 1.319950000000000045e+03
1.344000000000000000e+03 1.324650000000000091e+03
8.400000000000000000e+02 1.329250000000000000e+03
1.496000000000000000e+03 1.369799999999999955e+03
1.536000000000000000e+03 1.371150000000000091e+03
1.432000000000000000e+03 1.419650000000000091e+03
8.640000000000000000e+02 1.438900000000000091e+03
1.336000000000000000e+03 1.471150000000000091e+03
1.392000000000000000e+03 1.478100000000000136e+03
1.536000000000000000e+03 1.482299999999999955e+03
1.384000000000000000e+03 1.547549999999999955e+03
9.440000000000000000e+02 1.570150000000000091e+03
1.360000000000000000e+03 1.575950000000000045e+03
8.160000000000000000e+02 1.579950000000000045e+03
1.584000000000000000e+03 1.598450000000000045e+03
1.248000000000000000e+03 1.609000000000000000e+03
9.440000000000000000e+02 1.622450000000000045e+03
1.560000000000000000e+03 1.628200000000000045e+03
9.200000000000000000e+02 1.646799999999999955e+03
8.720000000000000000e+02 1.649700000000000045e+03
1.336000000000000000e+03 1.660000000000000000e+03
1.360000000000000000e+03 1.664299999999999955e+03
1.512000000000000000e+03 1.665700000000000045e+03
9.040000000000000000e+02 1.670000000000000000e+03
1.504000000000000000e+03 1.689700000000000045e+03
1.456000000000000000e+03 1.710200000000000045e+03
8.080000000000000000e+02 1.741200000000000045e+03
1.384000000000000000e+03 1.741950000000000045e+03
1.024000000000000000e+03 1.754350000000000136e+03
8.320000000000000000e+02 1.774500000000000000e+03
1.560000000000000000e+03 1.793100000000000136e+03
9.200000000000000000e+02 1.793900000000000091e+03
1.408000000000000000e+03 1.804549999999999955e+03
1.456000000000000000e+03 1.807850000000000136e+03
1.080000000000000000e+03 1.815650000000000091e+03
1.336000000000000000e+03 1.844850000000000136e+03
1.136000000000000000e+03 1.856600000000000136e+03
1.016000000000000000e+03 1.862700000000000045e+03
1.368000000000000000e+03 1.865450000000000045e+03
1.368000000000000000e+03 1.932100000000000136e+03
1.456000000000000000e+03 1.937049999999999955e+03
9.680000000000000000e+02 1.944250000000000000e+03
1.496000000000000000e+03 1.945350000000000136e+03
1.488000000000000000e+03 1.946350000000000136e+03
1.160000000000000000e+03 1.980000000000000000e+03
1.136000000000000000e+03 1.980500000000000000e+03
1.296000000000000000e+03 2.001000000000000000e+03
1.024000000000000000e+03 2.009850000000000136e+03
1.320000000000000000e+03 2.029600000000000136e+03
1.328000000000000000e+03 2.031799999999999955e+03
1.432000000000000000e+03 2.051199999999999818e+03
1.488000000000000000e+03 2.060699999999999818e+03
8.800000000000000000e+02 2.078000000000000000e+03
9.440000000000000000e+02 2.084099999999999909e+03
1.296000000000000000e+03 2.124900000000000091e+03
1.120000000000000000e+03 2.145599999999999909e+03
1.512000000000000000e+03 2.170300000000000182e+03
1.360000000000000000e+03 2.184250000000000000e+03
1.424000000000000000e+03 2.184849999999999909e+03
8.320000000000000000e+02 2.201250000000000000e+03
1.312000000000000000e+03 2.207750000000000000e+03
1.568000000000000000e+03 2.216450000000000273e+03
1.280000000000000000e+03 2.219050000000000182e+03
1.224000000000000000e+03 2.230599999999999909e+03
1.088000000000000000e+03 2.233950000000000273e+03
1.152000000000000000e+03 2.242650000000000091e+03
1.256000000000000000e+03 2.251250000000000000e+03
1.384000000000000000e+03 2.257550000000000182e+03
1.432000000000000000e+03 2.284550000000000182e+03
9.520000000000000000e+02 2.290599999999999909e+03
1.000000000000000000e+03 2.307400000000000091e+03
9.440000000000000000e+02 2.314250000000000000e+03
1.392000000000000000e+03 2.332450000000000273e+03
9.520000000000000000e+02 2.346300000000000182e+03
9.920000000000000000e+02 2.355099999999999909e+03
8.800000000000000000e+02 2.355450000000000273e+03
1.320000000000000000e+03 2.367050000000000182e+03
9.280000000000000000e+02 2.398550000000000182e+03
1.008000000000000000e+03 2.405599999999999909e+03
1.336000000000000000e+03 2.415400000000000091e+03
1.072000000000000000e+03 2.437849999999999909e+03
1.152000000000000000e+03 2.443250000000000000e+03
1.088000000000000000e+03 2.451000000000000000e+03
1.200000000000000000e+03 2.456050000000000182e+03
1.568000000000000000e+03 2.460599999999999909e+03
1.488000000000000000e+03 2.476950000000000273e+03
1.288000000000000000e+03 2.505000000000000000e+03
9.200000000000000000e+02 2.505150000000000091e+03
1.008000000000000000e+03 2.543550000000000182e+03
9.920000000000000000e+02 2.556150000000000091e+03
1.432000000000000000e+03 2.559650000000000091e+03
1.064000000000000000e+03 2.578400000000000091e+03
1.120000000000000000e+03 2.589700000000000273e+03
1.456000000000000000e+03 2.606800000000000182e+03
1.184000000000000000e+03 2.615700000000000273e+03
8.960000000000000000e+02 2.621750000000000000e+03
1.240000000000000000e+03 2.630000000000000000e+03
9.520000000000000000e+02 2.651849999999999909e+03
1.480000000000000000e+03 2.683300000000000182e+03
9.200000000000000000e+02 2.692550000000000182e+03
1.592000000000000000e+03 2.720950000000000273e+03
9.600000000000000000e+02 2.730750000000000000e+03
1.512000000000000000e+03 2.733550000000000182e+03
8.160000000000000000e+02 2.735550000000000182e+03
1.272000000000000000e+03 2.743000000000000000e+03
1.120000000000000000e+03 2.743650000000000091e+03
9.120000000000000000e+02 2.756500000000000000e+03
1.440000000000000000e+03 2.776099999999999909e+03
1.288000000000000000e+03 2.788800000000000182e+03
9.360000000000000000e+02 2.808250000000000000e+03
1.552000000000000000e+03 2.814900000000000091e+03
1.600000000000000000e+03 2.854450000000000273e+03
1.272000000000000000e+03 2.857800000000000182e+03
1.120000000000000000e+03 2.863250000000000000e+03
8.880000000000000000e+02 2.864000000000000000e+03
1.336000000000000000e+03 2.864750000000000000e+03
1.128000000000000000e+03 2.865550000000000182e+03
1.152000000000000000e+03 2.875400000000000091e+03
8.400000000000000000e+02 2.888200000000000273e+03
1.560000000000000000e+03 2.888950000000000273e+03
1.144000000000000000e+03 2.893050000000000182e+03
1.008000000000000000e+03 2.905700000000000273e+03
1.392000000000000000e+03 2.912700000000000273e+03
1.424000000000000000e+03 2.927450000000000273e+03
1.128000000000000000e+03 2.934500000000000000e+03
1.520000000000000000e+03 2.960400000000000091e+03
9.520000000000000000e+02 2.965849999999999909e+03
1.296000000000000000e+03 2.978150000000000091e+03
1.272000000000000000e+03 2.987050000000000182e+03
8.560000000000000000e+02 2.992050000000000182e+03
1.008000000000000000e+03 3.426550000000000182e+03
1.360000000000000000e+03 3.434050000000000182e+03
1.552000000000000000e+03 3.443849999999999909e+03
1.368000000000000000e+03 3.491550000000000182e+03
9.520000000000000000e+02 3.503650000000000091e+03
9.040000000000000000e+02 3.521349999999999909e+03
1.000000000000000000e+03 3.537300000000000182e+03
1.208000000000000000e+03 3.552300000000000182e+03
1.224000000000000000e+03 3.565300000000000182e+03
1.528000000000000000e+03 3.730900000000000091e+03
1.536000000000000000e+03 3.746800000000000182e+03
1.032000000000000000e+03 3.767849999999999909e+03
1.000000000000000000e+03 3.952650000000000091e+03
1.400000000000000000e+03 4.185750000000000000e+03
1.256000000000000000e+03 4.191399999999999636e+03
1.200000000000000000e+03 4.203800000000000182e+03
1.480000000000000000e+03 4.213649999999999636e+03
1.152000000000000000e+03 4.290949999999999818e+03
1.400000000000000000e+03 4.293399999999999636e+03
9.920000000000000000e+02 4.421100000000000364e+03
9.840000000000000000e+02 4.433900000000000546e+03
1.408000000000000000e+03 4.439750000000000000e+03
1.104000000000000000e+03 4.459650000000000546e+03
1.600000000000000000e+03 4.510150000000000546e+03
1.136000000000000000e+03 4.513199999999999818e+03
1.424000000000000000e+03 4.514400000000000546e+03
1.072000000000000000e+03 4.530699999999999818e+03
9.600000000000000000e+02 4.563699999999999818e+03
1.304000000000000000e+03 4.584449999999999818e+03
1.136000000000000000e+03 4.696600000000000364e+03
1.424000000000000000e+03 4.703699999999999818e+03
1.304000000000000000e+03 4.719949999999999818e+03
1.104000000000000000e+03 4.724850000000000364e+03
1.000000000000000000e+03 4.732949999999999818e+03
1.144000000000000000e+03 4.741199999999999818e+03
8.480000000000000000e+02 4.757350000000000364e+03
8.160000000000000000e+02 4.782949999999999818e+03
1.128000000000000000e+03 4.794150000000000546e+03
1.280000000000000000e+03 4.806199999999999818e+03
1.112000000000000000e+03 4.955600000000000364e+03
1.240000000000000000e+03 5.003400000000000546e+03
1.064000000000000000e+03 5.035300000000000182e+03
9.280000000000000000e+02 5.061199999999999818e+03
9.040000000000000000e+02 5.066350000000000364e+03
1.520000000000000000e+03 5.066550000000000182e+03
1.264000000000000000e+03 5.074699999999999818e+03
1.568000000000000000e+03 5.104150000000000546e+03
1.112000000000000000e+03 5.156100000000000364e+03
9.040000000000000000e+02 5.163050000000000182e+03
1.440000000000000000e+03 5.351750000000000000e+03
1.128000000000000000e+03 5.375900000000000546e+03
1.584000000000000000e+03 5.410699999999999818e+03
8.640000000000000000e+02 5.438400000000000546e+03
9.520000000000000000e+02 5.439300000000000182e+03
1.520000000000000000e+03 5.448699999999999818e+03
1.448000000000000000e+03 5.516600000000000364e+03
1.240000000000000000e+03 5.544850000000000364e+03
1.552000000000000000e+03 5.609250000000000000e+03
1.184000000000000000e+03 5.610449999999999818e+03
1.064000000000000000e+03 5.647300000000000182e+03
9.360000000000000000e+02 5.651050000000000182e+03
9.280000000000000000e+02 5.702949999999999818e+03
1.528000000000000000e+03 5.721550000000000182e+03
1.240000000000000000e+03 5.817750000000000000e+03
1.480000000000000000e+03 5.895000000000000000e+03
1.072000000000000000e+03 5.927050000000000182e+03
1.385000000000000000e+03 1.204000000000000057e+02
1.017000000000000000e+03 1.720000000000000000e+02
1.297000000000000000e+03 1.862000000000000171e+02
9.610000000000000000e+02 1.962500000000000000e+02
1.521000000000000000e+03 2.312500000000000000e+02
1.441000000000000000e+03 2.655500000000000114e+02
8.010000000000000000e+02 3.023000000000000114e+02
1.529000000000000000e+03 3.490000000000000000e+02
1.417000000000000000e+03 3.725500000000000114e+02
1.249000000000000000e+03 3.861000000000000227e+02
1.545000000000000000e+03 3.863500000000000227e+02
1.305000000000000000e+03 4.077500000000000000e+02
9.850000000000000000e+02 4.168000000000000114e+02
1.465000000000000000e+03 4.185000000000000000e+02
1.001000000000000000e+03 4.511000000000000227e+02
1.081000000000000000e+03 4.581999999999999886e+02
1.313000000000000000e+03 4.668000000000000114e+02
1.217000000000000000e+03 4.776999999999999886e+02
1.281000000000000000e+03 4.821999999999999886e+02
1.177000000000000000e+03 4.869499999999999886e+02
1.433000000000000000e+03 5.044499999999999886e+02
1.065000000000000000e+03 5.143500000000000227e+02
1.449000000000000000e+03 5.328500000000000227e+02
8.730000000000000000e+02 5.515000000000000000e+02
1.449000000000000000e+03 5.660500000000000682e+02
1.401000000000000000e+03 5.667000000000000455e+02
8.410000000000000000e+02 5.812000000000000455e+02
1.169000000000000000e+03 5.811499999999999773e+02
9.050000000000000000e+02 5.865000000000000000e+02
1.001000000000000000e+03 5.908999999999999773e+02
1.153000000000000000e+03 5.913500000000000227e+02
1.185000000000000000e+03 5.942500000000000000e+02
1.017000000000000000e+03 6.041000000000000227e+02
1.449000000000000000e+03 6.154500000000000455e+02
1.361000000000000000e+03 6.264500000000000455e+02
8.090000000000000000e+02 6.582500000000000000e+02
1.233000000000000000e+03 6.718999999999999773e+02
8.650000000000000000e+02 6.729500000000000455e+02
1.185000000000000000e+03 6.763999999999999773e+02
1.513000000000000000e+03 6.877500000000000000e+02
1.345000000000000000e+03 7.126000000000000227e+02
1.401000000000000000e+03 7.158500000000000227e+02
1.049000000000000000e+03 7.607500000000000000e+02
1.209000000000000000e+03 8.199500000000000455e+02
1.097000000000000000e+03 8.432000000000000455e+02
8.810000000000000000e+02 8.472000000000000455e+02
9.210000000000000000e+02 8.561499999999999773e+02
1.273000000000000000e+03 8.662500000000000000e+02
9.370000000000000000e+02 8.757000000000000455e+02
1.193000000000000000e+03 9.046000000000000227e+02
9.130000000000000000e+02 9.234500000000000455e+02
1.177000000000000000e+03 9.309500000000000455e+02
1.401000000000000000e+03 9.424500000000000455e+02
1.193000000000000000e+03 9.481499999999999773e+02
8.170000000000000000e+02 9.805000000000000000e+02
1.257000000000000000e+03 9.810000000000000000e+02
1.241000000000000000e+03 9.865500000000000682e+02
1.441000000000000000e+03 1.019399999999999977e+03
8.250000000000000000e+02 1.052099999999999909e+03
9.930000000000000000e+02 1.066900000000000091e+03
1.089000000000000000e+03 1.079049999999999955e+03
9.850000000000000000e+02 1.083299999999999955e+03
9.210000000000000000e+02 1.085200000000000045e+03
1.545000000000000000e+03 1.107350000000000136e+03
1.361000000000000000e+03 1.119200000000000045e+03
9.690000000000000000e+02 1.127299999999999955e+03
1.073000000000000000e+03 1.135500000000000000e+03
1.425000000000000000e+03 1.141500000000000000e+03
1.113000000000000000e+03 1.183250000000000000e+03
1.225000000000000000e+03 1.210350000000000136e+03
1.257000000000000000e+03 1.218850000000000136e+03
1.585000000000000000e+03 1.219150000000000091e+03
1.537000000000000000e+03 1.235450000000000045e+03
1.145000000000000000e+03 1.248000000000000000e+03
1.529000000000000000e+03 1.262350000000000136e+03
1.401000000000000000e+03 1.265950000000000045e+03
8.250000000000000000e+02 1.283000000000000000e+03
1.593000000000000000e+03 1.284450000000000045e+03
1.345000000000000000e+03 1.308450000000000045e+03
9.530000000000000000e+02 1.322549999999999955e+03
1.465000000000000000e+03 1.329799999999999955e+03
1.401000000000000000e+03 1.334549999999999955e+03
1.545000000000000000e+03 1.344049999999999955e+03
1.401000000000000000e+03 1.347549999999999955e+03
1.217000000000000000e+03 1.354150000000000091e+03
1.081000000000000000e+03 1.419600000000000136e+03
1.281000000000000000e+03 1.432700000000000045e+03
1.033000000000000000e+03 1.451950000000000045e+03
1.057000000000000000e+03 1.489450000000000045e+03
9.530000000000000000e+02 1.562000000000000000e+03
1.193000000000000000e+03 1.577350000000000136e+03
1.209000000000000000e+03 1.581900000000000091e+03
1.169000000000000000e+03 1.582900000000000091e+03
8.650000000000000000e+02 1.584250000000000000e+03
1.409000000000000000e+03 1.605250000000000000e+03
1.561000000000000000e+03 1.609450000000000045e+03
1.401000000000000000e+03 1.609600000000000136e+03
8.250000000000000000e+02 1.620850000000000136e+03
1.441000000000000000e+03 1.629200000000000045e+03
1.345000000000000000e+03 1.634100000000000136e+03
1.425000000000000000e+03 1.634549999999999955e+03
1.225000000000000000e+03 1.649350000000000136e+03
1.393000000000000000e+03 1.649350000000000136e+03
1.281000000000000000e+03 1.687299999999999955e+03
1.193000000000000000e+03 1.707950000000000045e+03
1.577000000000000000e+03 1.708700000000000045e+03
8.490000000000000000e+02 1.709700000000000045e+03
1.281000000000000000e+03 1.733000000000000000e+03
1.209000000000000000e+03 1.738799999999999955e+03
9.450000000000000000e+02 1.739549999999999955e+03
8.650000000000000000e+02 1.740600000000000136e+03
1.241000000000000000e+03 1.742750000000000000e+03
9.770000000000000000e+02 1.749900000000000091e+03
1.289000000000000000e+03 1.753900000000000091e+03
1.577000000000000000e+03 1.763100000000000136e+03
1.425000000000000000e+03 1.765700000000000045e+03
1.009000000000000000e+03 1.780900000000000091e+03
1.065000000000000000e+03 1.782100000000000136e+03
1.521000000000000000e+03 1.797850000000000136e+03
1.097000000000000000e+03 1.807650000000000091e+03
1.537000000000000000e+03 1.808500000000000000e+03
1.201000000000000000e+03 1.812750000000000000e+03
9.930000000000000000e+02 1.834350000000000136e+03
1.377000000000000000e+03 1.851450000000000045e+03
1.481000000000000000e+03 1.862100000000000136e+03
1.409000000000000000e+03 1.872950000000000045e+03
9.210000000000000000e+02 1.873250000000000000e+03
1.297000000000000000e+03 1.878200000000000045e+03
1.097000000000000000e+03 1.878850000000000136e+03
1.353000000000000000e+03 1.924650000000000091e+03
1.577000000000000000e+03 1.931350000000000136e+03
1.385000000000000000e+03 1.939900000000000091e+03
1.057000000000000000e+03 1.942799999999999955e+03
9.770000000000000000e+02 1.963049999999999955e+03
8.410000000000000000e+02 1.964600000000000136e+03
8.330000000000000000e+02 1.968600000000000136e+03
1.257000000000000000e+03 1.968850000000000136e+03
8.650000000000000000e+02 1.969650000000000091e+03
9.770000000000000000e+02 1.973049999999999955e+03
1.457000000000000000e+03 1.975549999999999955e+03
9.850000000000000000e+02 1.985799999999999955e+03
1.265000000000000000e+03 2.002700000000000045e+03
9.210000000000000000e+02 2.019600000000000136e+03
1.073000000000000000e+03 2.030350000000000136e+03
1.449000000000000000e+03 2.044700000000000045e+03
1.465000000000000000e+03 2.072250000000000000e+03
1.281000000000000000e+03 2.074949999999999818e+03
1.273000000000000000e+03 2.122949999999999818e+03
1.153000000000000000e+03 2.134949999999999818e+03
1.513000000000000000e+03 2.136000000000000000e+03
8.010000000000000000e+02 2.173849999999999909e+03
1.561000000000000000e+03 2.185300000000000182e+03
1.593000000000000000e+03 2.186050000000000182e+03
1.185000000000000000e+03 2.212450000000000273e+03
1.137000000000000000e+03 2.220900000000000091e+03
1.441000000000000000e+03 2.243450000000000273e+03
1.129000000000000000e+03 2.246750000000000000e+03
8.650000000000000000e+02 2.271349999999999909e+03
1.057000000000000000e+03 2.272349999999999909e+03
1.153000000000000000e+03 2.278950000000000273e+03
1.041000000000000000e+03 2.291950000000000273e+03
1.105000000000000000e+03 2.299050000000000182e+03
1.585000000000000000e+03 2.299300000000000182e+03
8.810000000000000000e+02 2.314450000000000273e+03
1.137000000000000000e+03 2.314849999999999909e+03
1.233000000000000000e+03 2.315450000000000273e+03
8.650000000000000000e+02 2.326099999999999909e+03
9.290000000000000000e+02 2.331650000000000091e+03
1.361000000000000000e+03 2.338450000000000273e+03
1.249000000000000000e+03 2.393550000000000182e+03
1.273000000000000000e+03 2.401400000000000091e+03
1.025000000000000000e+03 2.417550000000000182e+03
1.521000000000000000e+03 2.453200000000000273e+03
1.073000000000000000e+03 2.454849999999999909e+03
1.081000000000000000e+03 2.469150000000000091e+03
8.730000000000000000e+02 2.482599999999999909e+03
1.481000000000000000e+03 2.494150000000000091e+03
1.561000000000000000e+03 2.504300000000000182e+03
1.489000000000000000e+03 2.509050000000000182e+03
1.129000000000000000e+03 2.511400000000000091e+03
1.425000000000000000e+03 2.511450000000000273e+03
1.105000000000000000e+03 2.514849999999999909e+03
1.337000000000000000e+03 2.515900000000000091e+03
8.090000000000000000e+02 2.517750000000000000e+03
1.185000000000000000e+03 2.526550000000000182e+03
1.385000000000000000e+03 2.530400000000000091e+03
1.257000000000000000e+03 2.531700000000000273e+03
1.161000000000000000e+03 2.555500000000000000e+03
9.450000000000000000e+02 2.564000000000000000e+03
1.161000000000000000e+03 2.565150000000000091e+03
1.241000000000000000e+03 2.602550000000000182e+03
1.505000000000000000e+03 2.620000000000000000e+03
8.730000000000000000e+02 2.624800000000000182e+03
1.457000000000000000e+03 2.631150000000000091e+03
1.097000000000000000e+03 2.633550000000000182e+03
1.377000000000000000e+03 2.653950000000000273e+03
1.545000000000000000e+03 2.661650000000000091e+03
1.289000000000000000e+03 2.668400000000000091e+03
1.329000000000000000e+03 2.717500000000000000e+03
1.337000000000000000e+03 2.725550000000000182e+03
1.577000000000000000e+03 2.732349999999999909e+03
1.401000000000000000e+03 2.781300000000000182e+03
1.537000000000000000e+03 2.796300000000000182e+03
9.370000000000000000e+02 2.816900000000000091e+03
8.250000000000000000e+02 2.841349999999999909e+03
8.410000000000000000e+02 2.850599999999999909e+03
1.025000000000000000e+03 2.865900000000000091e+03
9.850000000000000000e+02 2.868400000000000091e+03
1.305000000000000000e+03 2.869200000000000273e+03
8.650000000000000000e+02 2.875900000000000091e+03
1.153000000000000000e+03 2.888599999999999909e+03
1.441000000000000000e+03 2.889900000000000091e+03
1.369000000000000000e+03 2.899800000000000182e+03
9.850000000000000000e+02 2.939500000000000000e+03
1.001000000000000000e+03 2.951400000000000091e+03
9.690000000000000000e+02 2.959900000000000091e+03
9.450000000000000000e+02 2.974099999999999909e+03
1.121000000000000000e+03 2.984950000000000273e+03
8.650000000000000000e+02 3.006349999999999909e+03
1.449000000000000000e+03 3.431200000000000273e+03
1.497000000000000000e+03 3.451750000000000000e+03
8.970000000000000000e+02 3.483750000000000000e+03
1.185000000000000000e+03 3.484050000000000182e+03
1.569000000000000000e+03 3.489599999999999909e+03
1.193000000000000000e+03 3.568849999999999909e+03
8.090000000000000000e+02 3.573450000000000273e+03
1.161000000000000000e+03 3.575599999999999909e+03
1.465000000000000000e+03 3.581150000000000091e+03
1.305000000000000000e+03 3.589000000000000000e+03
8.810000000000000000e+02 3.686800000000000182e+03
1.201000000000000000e+03 3.729250000000000000e+03
1.153000000000000000e+03 3.736200000000000273e+03
1.057000000000000000e+03 3.744950000000000273e+03
9.530000000000000000e+02 3.781050000000000182e+03
1.417000000000000000e+03 4.155600000000000364e+03
1.121000000000000000e+03 4.179050000000000182e+03
8.810000000000000000e+02 4.180149999999999636e+03
1.577000000000000000e+03 4.202350000000000364e+03
1.529000000000000000e+03 4.205550000000000182e+03
1.097000000000000000e+03 4.221899999999999636e+03
1.345000000000000000e+03 4.238550000000000182e+03
1.425000000000000000e+03 4.243300000000000182e+03
1.241000000000000000e+03 4.265449999999999818e+03
1.193000000000000000e+03 4.280000000000000000e+03
1.145000000000000000e+03 4.288750000000000000e+03
1.433000000000000000e+03 4.378650000000000546e+03
1.521000000000000000e+03 4.388500000000000000e+03
1.521000000000000000e+03 4.435550000000000182e+03
9.050000000000000000e+02 4.475850000000000364e+03
1.513000000000000000e+03 4.480449999999999818e+03
1.241000000000000000e+03 4.491949999999999818e+03
1.249000000000000000e+03 4.509000000000000000e+03
1.409000000000000000e+03 4.509750000000000000e+03
9.690000000000000000e+02 4.519050000000000182e+03
1.137000000000000000e+03 4.525650000000000546e+03
1.025000000000000000e+03 4.531449999999999818e+03
9.770000000000000000e+02 4.544600000000000364e+03
1.265000000000000000e+03 4.551350000000000364e+03
1.473000000000000000e+03 4.593550000000000182e+03
9.530000000000000000e+02 4.677600000000000364e+03
1.425000000000000000e+03 4.684100000000000364e+03
1.065000000000000000e+03 4.747100000000000364e+03
1.289000000000000000e+03 4.753150000000000546e+03
1.529000000000000000e+03 4.776150000000000546e+03
1.369000000000000000e+03 4.777449999999999818e+03
9.850000000000000000e+02 4.798449999999999818e+03
8.490000000000000000e+02 4.922750000000000000e+03
9.130000000000000000e+02 4.934000000000000000e+03
1.345000000000000000e+03 4.934949999999999818e+03
1.377000000000000000e+03 4.947850000000000364e+03
1.153000000000000000e+03 4.949500000000000000e+03
8.170000000000000000e+02 4.968449999999999818e+03
1.321000000000000000e+03 5.004199999999999818e+03
1.521000000000000000e+03 5.005750000000000000e+03
1.073000000000000000e+03 5.009400000000000546e+03
9.290000000000000000e+02 5.027150000000000546e+03
1.513000000000000000e+03 5.054550000000000182e+03
1.209000000000000000e+03 5.070600000000000364e+03
1.457000000000000000e+03 5.076100000000000364e+03
8.810000000000000000e+02 5.091550000000000182e+03
1.001000000000000000e+03 5.113550000000000182e+03
9.450000000000000000e+02 5.166750000000000000e+03
1.561000000000000000e+03 5.182000000000000000e+03
9.850000000000000000e+02 5.317300000000000182e+03
1.561000000000000000e+03 5.343400000000000546e+03
1.081000000000000000e+03 5.372750000000000000e+03
1.217000000000000000e+03 5.464150000000000546e+03
9.530000000000000000e+02 5.525949999999999818e+03
1.153000000000000000e+03 5.577949999999999818e+03
8.330000000000000000e+02 5.628949999999999818e+03
9.050000000000000000e+02 5.636699999999999818e+03
8.890000000000000000e+02 5.642000000000000000e+03
1.257000000000000000e+03 5.772949999999999818e+03
1.529000000000000000e+03 5.851050000000000182e+03
8.330000000000000000e+02 5.877550000000000182e+03
1.233000000000000000e+03 5.911650000000000546e+03
1.361000000000000000e+03 5.936350000000000364e+03
1.546000000000000000e+03 1.646500000000000057e+02
1.306000000000000000e+03 2.017000000000000171e+02
1.434000000000000000e+03 2.119000000000000057e+02
1.202000000000000000e+03 2.182500000000000000e+02
1.458000000000000000e+03 2.189000000000000057e+02
1.194000000000000000e+03 2.189500000000000171e+02
8.980000000000000000e+02 2.287000000000000171e+02
1.354000000000000000e+03 2.439500000000000171e+02
1.346000000000000000e+03 3.013000000000000114e+02
1.586000000000000000e+03 3.182500000000000000e+02
1.194000000000000000e+03 3.199499999999999886e+02
1.050000000000000000e+03 3.592500000000000000e+02
1.058000000000000000e+03 3.751999999999999886e+02
1.578000000000000000e+03 3.865000000000000000e+02
1.090000000000000000e+03 3.956999999999999886e+02
9.220000000000000000e+02 4.081000000000000227e+02
1.090000000000000000e+03 4.184000000000000341e+02
1.314000000000000000e+03 4.415000000000000000e+02
9.940000000000000000e+02 4.596500000000000341e+02
1.010000000000000000e+03 4.676500000000000341e+02
1.394000000000000000e+03 4.752500000000000000e+02
8.740000000000000000e+02 4.770500000000000114e+02
1.074000000000000000e+03 5.119499999999999886e+02
9.060000000000000000e+02 5.237999999999999545e+02
1.370000000000000000e+03 5.932000000000000455e+02
1.586000000000000000e+03 6.141499999999999773e+02
1.066000000000000000e+03 6.173999999999999773e+02
1.322000000000000000e+03 6.175500000000000682e+02
1.050000000000000000e+03 6.701499999999999773e+02
9.300000000000000000e+02 6.803500000000000227e+02
8.820000000000000000e+02 6.906000000000000227e+02
1.290000000000000000e+03 7.050500000000000682e+02
1.314000000000000000e+03 7.193500000000000227e+02
1.322000000000000000e+03 7.212000000000000455e+02
1.434000000000000000e+03 7.333999999999999773e+02
1.002000000000000000e+03 7.354500000000000455e+02
1.530000000000000000e+03 7.378500000000000227e+02
1.522000000000000000e+03 7.512000000000000455e+02
1.402000000000000000e+03 7.515000000000000000e+02
1.578000000000000000e+03 7.610000000000000000e+02
1.482000000000000000e+03 8.076000000000000227e+02
8.180000000000000000e+02 8.091499999999999773e+02
1.266000000000000000e+03 8.668999999999999773e+02
1.178000000000000000e+03 8.833500000000000227e+02
8.580000000000000000e+02 8.892000000000000455e+02
1.594000000000000000e+03 9.080500000000000682e+02
1.194000000000000000e+03 9.147500000000000000e+02
1.026000000000000000e+03 9.364500000000000455e+02
8.580000000000000000e+02 9.461000000000000227e+02
1.362000000000000000e+03 9.809500000000000455e+02
1.210000000000000000e+03 9.958999999999999773e+02
1.090000000000000000e+03 1.065900000000000091e+03
9.700000000000000000e+02 1.084700000000000045e+03
1.170000000000000000e+03 1.085250000000000000e+03
1.034000000000000000e+03 1.086549999999999955e+03
1.434000000000000000e+03 1.105700000000000045e+03
9.060000000000000000e+02 1.119200000000000045e+03
1.242000000000000000e+03 1.127900000000000091e+03
1.106000000000000000e+03 1.130450000000000045e+03
9.940000000000000000e+02 1.141250000000000000e+03
1.362000000000000000e+03 1.147100000000000136e+03
1.090000000000000000e+03 1.148049999999999955e+03
1.122000000000000000e+03 1.199250000000000000e+03
1.514000000000000000e+03 1.201100000000000136e+03
1.426000000000000000e+03 1.210850000000000136e+03
1.106000000000000000e+03 1.213150000000000091e+03
9.620000000000000000e+02 1.261400000000000091e+03
1.298000000000000000e+03 1.280200000000000045e+03
1.226000000000000000e+03 1.320900000000000091e+03
1.442000000000000000e+03 1.329850000000000136e+03
1.522000000000000000e+03 1.344299999999999955e+03
9.460000000000000000e+02 1.356650000000000091e+03
1.450000000000000000e+03 1.365900000000000091e+03
1.506000000000000000e+03 1.366700000000000045e+03
1.162000000000000000e+03 1.367100000000000136e+03
1.042000000000000000e+03 1.417200000000000045e+03
1.074000000000000000e+03 1.419600000000000136e+03
1.146000000000000000e+03 1.448350000000000136e+03
1.114000000000000000e+03 1.467600000000000136e+03
1.514000000000000000e+03 1.488850000000000136e+03
1.394000000000000000e+03 1.499150000000000091e+03
9.780000000000000000e+02 1.503299999999999955e+03
1.346000000000000000e+03 1.569450000000000045e+03
1.450000000000000000e+03 1.571650000000000091e+03
1.514000000000000000e+03 1.576750000000000000e+03
1.490000000000000000e+03 1.586850000000000136e+03
1.498000000000000000e+03 1.587299999999999955e+03
1.314000000000000000e+03 1.590799999999999955e+03
1.122000000000000000e+03 1.601500000000000000e+03
1.178000000000000000e+03 1.632850000000000136e+03
1.378000000000000000e+03 1.633850000000000136e+03
1.530000000000000000e+03 1.636450000000000045e+03
1.370000000000000000e+03 1.638750000000000000e+03
1.458000000000000000e+03 1.648500000000000000e+03
1.562000000000000000e+03 1.656600000000000136e+03
9.700000000000000000e+02 1.658450000000000045e+03
8.420000000000000000e+02 1.670150000000000091e+03
1.498000000000000000e+03 1.705650000000000091e+03
9.940000000000000000e+02 1.720299999999999955e+03
9.620000000000000000e+02 1.721200000000000045e+03
1.138000000000000000e+03 1.722150000000000091e+03
9.780000000000000000e+02 1.727950000000000045e+03
8.180000000000000000e+02 1.748400000000000091e+03
8.340000000000000000e+02 1.773250000000000000e+03
1.226000000000000000e+03 1.774299999999999955e+03
9.380000000000000000e+02 1.776299999999999955e+03
9.780000000000000000e+02 1.777650000000000091e+03
8.740000000000000000e+02 1.785750000000000000e+03
1.594000000000000000e+03 1.794700000000000045e+03
1.178000000000000000e+03 1.796350000000000136e+03
1.570000000000000000e+03 1.807650000000000091e+03
1.266000000000000000e+03 1.808700000000000045e+03
8.820000000000000000e+02 1.812900000000000091e+03
9.060000000000000000e+02 1.816100000000000136e+03
1.346000000000000000e+03 1.818750000000000000e+03
1.146000000000000000e+03 1.837750000000000000e+03
9.380000000000000000e+02 1.840950000000000045e+03
1.130000000000000000e+03 1.851549999999999955e+03
1.090000000000000000e+03 1.855299999999999955e+03
1.162000000000000000e+03 1.860950000000000045e+03
1.514000000000000000e+03 1.873100000000000136e+03
1.522000000000000000e+03 1.891799999999999955e+03
1.562000000000000000e+03 1.897200000000000045e+03
1.090000000000000000e+03 1.908600000000000136e+03
1.578000000000000000e+03 1.916600000000000136e+03
1.258000000000000000e+03 1.925299999999999955e+03
1.074000000000000000e+03 1.928900000000000091e+03
9.540000000000000000e+02 1.931850000000000136e+03
1.394000000000000000e+03 1.933150000000000091e+03
1.218000000000000000e+03 1.936850000000000136e+03
9.060000000000000000e+02 1.938549999999999955e+03
8.740000000000000000e+02 1.952600000000000136e+03
1.266000000000000000e+03 1.961500000000000000e+03
1.418000000000000000e+03 1.963150000000000091e+03
8.980000000000000000e+02 1.969700000000000045e+03
1.034000000000000000e+03 1.976600000000000136e+03
8.100000000000000000e+02 1.978900000000000091e+03
9.620000000000000000e+02 2.010650000000000091e+03
1.370000000000000000e+03 2.019700000000000045e+03
1.202000000000000000e+03 2.020100000000000136e+03
1.394000000000000000e+03 2.032150000000000091e+03
9.060000000000000000e+02 2.072900000000000091e+03
1.490000000000000000e+03 2.073000000000000000e+03
1.298000000000000000e+03 2.075800000000000182e+03
1.018000000000000000e+03 2.080550000000000182e+03
1.378000000000000000e+03 2.092250000000000000e+03
1.578000000000000000e+03 2.110449999999999818e+03
1.026000000000000000e+03 2.116900000000000091e+03
1.178000000000000000e+03 2.121800000000000182e+03
9.620000000000000000e+02 2.133900000000000091e+03
1.186000000000000000e+03 2.154250000000000000e+03
1.138000000000000000e+03 2.170050000000000182e+03
9.620000000000000000e+02 2.188550000000000182e+03
1.090000000000000000e+03 2.190500000000000000e+03
1.506000000000000000e+03 2.193900000000000091e+03
1.378000000000000000e+03 2.204400000000000091e+03
1.346000000000000000e+03 2.205800000000000182e+03
1.370000000000000000e+03 2.209800000000000182e+03
1.122000000000000000e+03 2.268599999999999909e+03
1.450000000000000000e+03 2.268800000000000182e+03
1.162000000000000000e+03 2.270900000000000091e+03
1.578000000000000000e+03 2.318900000000000091e+03
1.250000000000000000e+03 2.330750000000000000e+03
1.466000000000000000e+03 2.332750000000000000e+03
1.594000000000000000e+03 2.342900000000000091e+03
1.450000000000000000e+03 2.354250000000000000e+03
8.900000000000000000e+02 2.359599999999999909e+03
1.266000000000000000e+03 2.378150000000000091e+03
1.394000000000000000e+03 2.409750000000000000e+03
1.306000000000000000e+03 2.414200000000000273e+03
1.554000000000000000e+03 2.430000000000000000e+03
1.034000000000000000e+03 2.442000000000000000e+03
1.458000000000000000e+03 2.456700000000000273e+03
1.394000000000000000e+03 2.460849999999999909e+03
1.426000000000000000e+03 2.468400000000000091e+03
1.066000000000000000e+03 2.489650000000000091e+03
9.940000000000000000e+02 2.504050000000000182e+03
1.178000000000000000e+03 2.565500000000000000e+03
1.170000000000000000e+03 2.566500000000000000e+03
1.394000000000000000e+03 2.615250000000000000e+03
1.250000000000000000e+03 2.657200000000000273e+03
1.106000000000000000e+03 2.695750000000000000e+03
9.540000000000000000e+02 2.719300000000000182e+03
1.250000000000000000e+03 2.726550000000000182e+03
8.100000000000000000e+02 2.730150000000000091e+03
9.700000000000000000e+02 2.748450000000000273e+03
9.380000000000000000e+02 2.753400000000000091e+03
9.140000000000000000e+02 2.756450000000000273e+03
1.226000000000000000e+03 2.757500000000000000e+03
1.146000000000000000e+03 2.762900000000000091e+03
1.266000000000000000e+03 2.793349999999999909e+03
1.226000000000000000e+03 2.795900000000000091e+03
1.042000000000000000e+03 2.796750000000000000e+03
1.378000000000000000e+03 2.810200000000000273e+03
8.580000000000000000e+02 2.817800000000000182e+03
1.314000000000000000e+03 2.832250000000000000e+03
9.620000000000000000e+02 2.849550000000000182e+03
1.458000000000000000e+03 2.855800000000000182e+03
1.098000000000000000e+03 2.856150000000000091e+03
1.170000000000000000e+03 2.857300000000000182e+03
1.306000000000000000e+03 2.864900000000000091e+03
1.378000000000000000e+03 2.870050000000000182e+03
1.162000000000000000e+03 2.887550000000000182e+03
1.482000000000000000e+03 2.897000000000000000e+03
9.060000000000000000e+02 2.897650000000000091e+03
1.034000000000000000e+03 2.908450000000000273e+03
1.170000000000000000e+03 2.933349999999999909e+03
1.490000000000000000e+03 2.935150000000000091e+03
1.010000000000000000e+03 2.950650000000000091e+03
1.346000000000000000e+03 2.953400000000000091e+03
1.010000000000000000e+03 2.964650000000000091e+03
1.458000000000000000e+03 2.967800000000000182e+03
1.050000000000000000e+03 2.969400000000000091e+03
1.162000000000000000e+03 2.992599999999999909e+03
1.058000000000000000e+03 2.993200000000000273e+03
1.138000000000000000e+03 2.994900000000000091e+03
1.490000000000000000e+03 2.999550000000000182e+03
1.170000000000000000e+03 3.471900000000000091e+03
1.546000000000000000e+03 3.484250000000000000e+03
1.018000000000000000e+03 3.504700000000000273e+03
1.250000000000000000e+03 3.615800000000000182e+03
1.290000000000000000e+03 3.700800000000000182e+03
9.860000000000000000e+02 3.719000000000000000e+03
1.170000000000000000e+03 3.731099999999999909e+03
9.780000000000000000e+02 3.734900000000000091e+03
9.700000000000000000e+02 3.746550000000000182e+03
1.082000000000000000e+03 3.764400000000000091e+03
8.500000000000000000e+02 3.811550000000000182e+03
1.562000000000000000e+03 3.956750000000000000e+03
8.420000000000000000e+02 4.174649999999999636e+03
1.594000000000000000e+03 4.184850000000000364e+03
1.338000000000000000e+03 4.185949999999999818e+03
8.900000000000000000e+02 4.186100000000000364e+03
9.860000000000000000e+02 4.246300000000000182e+03
1.474000000000000000e+03 4.256649999999999636e+03
1.370000000000000000e+03 4.269850000000000364e+03
9.700000000000000000e+02 4.272750000000000000e+03
1.418000000000000000e+03 4.273649999999999636e+03
1.330000000000000000e+03 4.293250000000000000e+03
1.418000000000000000e+03 4.299300000000000182e+03
8.180000000000000000e+02 4.314550000000000182e+03
1.314000000000000000e+03 4.446199999999999818e+03
1.010000000000000000e+03 4.453550000000000182e+03
1.418000000000000000e+03 4.468300000000000182e+03
1.298000000000000000e+03 4.481449999999999818e+03
1.586000000000000000e+03 4.483500000000000000e+03
1.546000000000000000e+03 4.494350000000000364e+03
1.298000000000000000e+03 4.500100000000000364e+03
1.322000000000000000e+03 4.505300000000000182e+03
1.538000000000000000e+03 4.505500000000000000e+03
9.380000000000000000e+02 4.509250000000000000e+03
8.980000000000000000e+02 4.517500000000000000e+03
1.386000000000000000e+03 4.528500000000000000e+03
1.194000000000000000e+03 4.600949999999999818e+03
1.154000000000000000e+03 4.692900000000000546e+03
1.378000000000000000e+03 4.706250000000000000e+03
1.314000000000000000e+03 4.746400000000000546e+03
1.002000000000000000e+03 4.770050000000000182e+03
1.298000000000000000e+03 4.778600000000000364e+03
9.540000000000000000e+02 4.804199999999999818e+03
1.066000000000000000e+03 4.812500000000000000e+03
1.106000000000000000e+03 4.828650000000000546e+03
9.460000000000000000e+02 4.928300000000000182e+03
9.860000000000000000e+02 4.944150000000000546e+03
1.490000000000000000e+03 4.974100000000000364e+03
1.186000000000000000e+03 4.995550000000000182e+03
8.980000000000000000e+02 4.998100000000000364e+03
1.570000000000000000e+03 5.026850000000000364e+03
1.378000000000000000e+03 5.030100000000000364e+03
1.010000000000000000e+03 5.035449999999999818e+03
1.482000000000000000e+03 5.047250000000000000e+03
1.354000000000000000e+03 5.063699999999999818e+03
1.442000000000000000e+03 5.101449999999999818e+03
8.260000000000000000e+02 5.120100000000000364e+03
1.002000000000000000e+03 5.147000000000000000e+03
1.250000000000000000e+03 5.330600000000000364e+03
9.700000000000000000e+02 5.334949999999999818e+03
8.660000000000000000e+02 5.355350000000000364e+03
1.354000000000000000e+03 5.397600000000000364e+03
1.554000000000000000e+03 5.406199999999999818e+03
1.042000000000000000e+03 5.413050000000000182e+03
1.442000000000000000e+03 5.430000000000000000e+03
1.234000000000000000e+03 5.439199999999999818e+03
1.298000000000000000e+03 5.442050000000000182e+03
1.298000000000000000e+03 5.614900000000000546e+03
8.100000000000000000e+02 5.629500000000000000e+03
1.042000000000000000e+03 5.647699999999999818e+03
8.020000000000000000e+02 5.794100000000000364e+03
1.306000000000000000e+03 5.802949999999999818e+03
1.106000000000000000e+03 5.882000000000000000e+03
8.900000000000000000e+02 5.938199999999999818e+03
8.420000000000000000e+02 5.962600000000000364e+03
8.660000000000000000e+02 5.965949999999999818e+03
1.075000000000000000e+03 1.027500000000000000e+02
1.099000000000000000e+03 1.035499999999999972e+02
1.467000000000000000e+03 1.286999999999999886e+02
1.411000000000000000e+03 1.311999999999999886e+02
1.427000000000000000e+03 1.319499999999999886e+02
1.171000000000000000e+03 1.339000000000000057e+02
1.059000000000000000e+03 1.619000000000000057e+02
8.590000000000000000e+02 1.663499999999999943e+02
1.075000000000000000e+03 1.705999999999999943e+02
9.150000000000000000e+02 1.833499999999999943e+02
1.395000000000000000e+03 1.847000000000000171e+02
9.630000000000000000e+02 1.874500000000000171e+02
8.350000000000000000e+02 1.887000000000000171e+02
1.083000000000000000e+03 1.911500000000000057e+02
1.395000000000000000e+03 1.962000000000000171e+02
1.379000000000000000e+03 2.004500000000000171e+02
1.283000000000000000e+03 2.040000000000000000e+02
1.531000000000000000e+03 2.278000000000000114e+02
8.750000000000000000e+02 2.331500000000000057e+02
1.403000000000000000e+03 2.497500000000000000e+02
1.211000000000000000e+03 2.515000000000000000e+02
1.195000000000000000e+03 2.535500000000000114e+02
8.510000000000000000e+02 2.774499999999999886e+02
9.230000000000000000e+02 3.111500000000000341e+02
1.451000000000000000e+03 3.123500000000000227e+02
8.430000000000000000e+02 3.269000000000000341e+02
9.070000000000000000e+02 3.406999999999999886e+02
1.395000000000000000e+03 3.583000000000000114e+02
1.179000000000000000e+03 3.594000000000000341e+02
8.670000000000000000e+02 3.611999999999999886e+02
9.950000000000000000e+02 3.616000000000000227e+02
1.419000000000000000e+03 3.716500000000000341e+02
1.331000000000000000e+03 3.860500000000000114e+02
1.219000000000000000e+03 4.032500000000000000e+02
1.099000000000000000e+03 4.196500000000000341e+02
1.307000000000000000e+03 4.365000000000000000e+02
9.390000000000000000e+02 4.398500000000000227e+02
8.910000000000000000e+02 4.748000000000000114e+02
1.499000000000000000e+03 5.031500000000000341e+02
1.091000000000000000e+03 5.403999999999999773e+02
9.950000000000000000e+02 5.432500000000000000e+02
8.270000000000000000e+02 5.495500000000000682e+02
1.131000000000000000e+03 5.800000000000000000e+02
1.027000000000000000e+03 5.865500000000000682e+02
1.035000000000000000e+03 5.876000000000000227e+02
1.243000000000000000e+03 5.921499999999999773e+02
8.750000000000000000e+02 6.449500000000000455e+02
9.390000000000000000e+02 6.542000000000000455e+02
1.571000000000000000e+03 6.571000000000000227e+02
1.147000000000000000e+03 6.581499999999999773e+02
1.523000000000000000e+03 6.794500000000000455e+02
9.870000000000000000e+02 7.328000000000000682e+02
8.270000000000000000e+02 7.361499999999999773e+02
9.550000000000000000e+02 7.491499999999999773e+02
1.059000000000000000e+03 7.578500000000000227e+02
9.630000000000000000e+02 7.943999999999999773e+02
1.523000000000000000e+03 8.075000000000000000e+02
8.350000000000000000e+02 8.353500000000000227e+02
8.590000000000000000e+02 8.365500000000000682e+02
9.630000000000000000e+02 8.478500000000000227e+02
1.203000000000000000e+03 8.538999999999999773e+02
1.499000000000000000e+03 8.568500000000000227e+02
9.230000000000000000e+02 8.625000000000000000e+02
1.387000000000000000e+03 8.632000000000000455e+02
1.011000000000000000e+03 8.683999999999999773e+02
1.219000000000000000e+03 8.757500000000000000e+02
1.267000000000000000e+03 9.026499999999999773e+02
8.590000000000000000e+02 9.121499999999999773e+02
1.187000000000000000e+03 9.170000000000000000e+02
1.419000000000000000e+03 9.374500000000000455e+02
9.950000000000000000e+02 9.420000000000000000e+02
9.070000000000000000e+02 9.442500000000000000e+02
8.270000000000000000e+02 9.460500000000000682e+02
1.371000000000000000e+03 9.461000000000000227e+02
8.030000000000000000e+02 9.657500000000000000e+02
1.579000000000000000e+03 9.727500000000000000e+02
8.750000000000000000e+02 1.006950000000000045e+03
1.227000000000000000e+03 1.013700000000000045e+03
1.139000000000000000e+03 1.024150000000000091e+03
8.270000000000000000e+02 1.031549999999999955e+03
1.227000000000000000e+03 1.037500000000000000e+03
8.910000000000000000e+02 1.038849999999999909e+03
9.470000000000000000e+02 1.043599999999999909e+03
1.131000000000000000e+03 1.065049999999999955e+03
1.083000000000000000e+03 1.069799999999999955e+03
8.510000000000000000e+02 1.101650000000000091e+03
1.459000000000000000e+03 1.115400000000000091e+03
9.230000000000000000e+02 1.117950000000000045e+03
1.523000000000000000e+03 1.119850000000000136e+03
1.147000000000000000e+03 1.123400000000000091e+03
9.390000000000000000e+02 1.130450000000000045e+03
9.310000000000000000e+02 1.153799999999999955e+03
1.547000000000000000e+03 1.159450000000000045e+03
1.107000000000000000e+03 1.197049999999999955e+03
1.395000000000000000e+03 1.221400000000000091e+03
1.003000000000000000e+03 1.223350000000000136e+03
1.315000000000000000e+03 1.233200000000000045e+03
1.131000000000000000e+03 1.261600000000000136e+03
1.483000000000000000e+03 1.273549999999999955e+03
8.670000000000000000e+02 1.308900000000000091e+03
1.427000000000000000e+03 1.344250000000000000e+03
9.710000000000000000e+02 1.371500000000000000e+03
8.110000000000000000e+02 1.391200000000000045e+03
1.403000000000000000e+03 1.427450000000000045e+03
1.043000000000000000e+03 1.440549999999999955e+03
1.091000000000000000e+03 1.473049999999999955e+03
8.750000000000000000e+02 1.487400000000000091e+03
8.990000000000000000e+02 1.526650000000000091e+03
1.179000000000000000e+03 1.576799999999999955e+03
1.587000000000000000e+03 1.580950000000000045e+03
1.563000000000000000e+03 1.591500000000000000e+03
9.630000000000000000e+02 1.607850000000000136e+03
1.147000000000000000e+03 1.607900000000000091e+03
1.571000000000000000e+03 1.608900000000000091e+03
9.390000000000000000e+02 1.618350000000000136e+03
1.243000000000000000e+03 1.629650000000000091e+03
1.155000000000000000e+03 1.634100000000000136e+03
1.355000000000000000e+03 1.653600000000000136e+03
1.563000000000000000e+03 1.670549999999999955e+03
9.550000000000000000e+02 1.671049999999999955e+03
9.630000000000000000e+02 1.671299999999999955e+03
1.075000000000000000e+03 1.685150000000000091e+03
1.219000000000000000e+03 1.716549999999999955e+03
1.003000000000000000e+03 1.717250000000000000e+03
1.251000000000000000e+03 1.742049999999999955e+03
1.307000000000000000e+03 1.758650000000000091e+03
1.411000000000000000e+03 1.759600000000000136e+03
9.870000000000000000e+02 1.764100000000000136e+03
8.270000000000000000e+02 1.771549999999999955e+03
1.571000000000000000e+03 1.774200000000000045e+03
9.470000000000000000e+02 1.784700000000000045e+03
1.459000000000000000e+03 1.785049999999999955e+03
1.011000000000000000e+03 1.785350000000000136e+03
1.515000000000000000e+03 1.785799999999999955e+03
9.950000000000000000e+02 1.786000000000000000e+03
9.630000000000000000e+02 1.796850000000000136e+03
1.267000000000000000e+03 1.811850000000000136e+03
1.523000000000000000e+03 1.843049999999999955e+03
9.310000000000000000e+02 1.844250000000000000e+03
9.390000000000000000e+02 1.858549999999999955e+03
1.147000000000000000e+03 1.862650000000000091e+03
1.011000000000000000e+03 1.879049999999999955e+03
8.910000000000000000e+02 1.883150000000000091e+03
9.390000000000000000e+02 1.889500000000000000e+03
8.190000000000000000e+02 1.901700000000000045e+03
8.190000000000000000e+02 1.928750000000000000e+03
1.467000000000000000e+03 1.937799999999999955e+03
1.443000000000000000e+03 1.939950000000000045e+03
1.267000000000000000e+03 1.951450000000000045e+03
1.195000000000000000e+03 1.952200000000000045e+03
1.427000000000000000e+03 1.953750000000000000e+03
1.275000000000000000e+03 1.955250000000000000e+03
1.035000000000000000e+03 1.960600000000000136e+03
1.459000000000000000e+03 1.969450000000000045e+03
9.230000000000000000e+02 1.976700000000000045e+03
1.595000000000000000e+03 1.987299999999999955e+03
8.750000000000000000e+02 1.987750000000000000e+03
1.515000000000000000e+03 1.989650000000000091e+03
8.190000000000000000e+02 1.992299999999999955e+03
9.310000000000000000e+02 2.018549999999999955e+03
1.163000000000000000e+03 2.025150000000000091e+03
1.139000000000000000e+03 2.055000000000000000e+03
1.275000000000000000e+03 2.123449999999999818e+03
8.510000000000000000e+02 2.125400000000000091e+03
1.043000000000000000e+03 2.130250000000000000e+03
1.035000000000000000e+03 2.142750000000000000e+03
8.510000000000000000e+02 2.153650000000000091e+03
8.110000000000000000e+02 2.177050000000000182e+03
9.470000000000000000e+02 2.187849999999999909e+03
1.419000000000000000e+03 2.190300000000000182e+03
1.035000000000000000e+03 2.216550000000000182e+03
1.443000000000000000e+03 2.251849999999999909e+03
1.347000000000000000e+03 2.256349999999999909e+03
1.323000000000000000e+03 2.259400000000000091e+03
1.059000000000000000e+03 2.315200000000000273e+03
9.230000000000000000e+02 2.316200000000000273e+03
8.030000000000000000e+02 2.340150000000000091e+03
1.259000000000000000e+03 2.344849999999999909e+03
1.411000000000000000e+03 2.352550000000000182e+03
1.139000000000000000e+03 2.370300000000000182e+03
8.190000000000000000e+02 2.372250000000000000e+03
1.227000000000000000e+03 2.380300000000000182e+03
1.539000000000000000e+03 2.437200000000000273e+03
1.059000000000000000e+03 2.447900000000000091e+03
1.251000000000000000e+03 2.460300000000000182e+03
1.395000000000000000e+03 2.466550000000000182e+03
9.950000000000000000e+02 2.468849999999999909e+03
1.387000000000000000e+03 2.470650000000000091e+03
1.003000000000000000e+03 2.504349999999999909e+03
1.419000000000000000e+03 2.504599999999999909e+03
1.523000000000000000e+03 2.512050000000000182e+03
1.283000000000000000e+03 2.531599999999999909e+03
1.275000000000000000e+03 2.595599999999999909e+03
8.990000000000000000e+02 2.640150000000000091e+03
9.310000000000000000e+02 2.643000000000000000e+03
8.990000000000000000e+02 2.663050000000000182e+03
1.499000000000000000e+03 2.680599999999999909e+03
1.035000000000000000e+03 2.681099999999999909e+03
8.670000000000000000e+02 2.681450000000000273e+03
1.115000000000000000e+03 2.696300000000000182e+03
1.339000000000000000e+03 2.701250000000000000e+03
1.323000000000000000e+03 2.718800000000000182e+03
1.195000000000000000e+03 2.732900000000000091e+03
9.070000000000000000e+02 2.743250000000000000e+03
9.070000000000000000e+02 2.757750000000000000e+03
9.390000000000000000e+02 2.794200000000000273e+03
1.419000000000000000e+03 2.797900000000000091e+03
1.091000000000000000e+03 2.806400000000000091e+03
1.315000000000000000e+03 2.807050000000000182e+03
8.750000000000000000e+02 2.814200000000000273e+03
8.510000000000000000e+02 2.827000000000000000e+03
1.539000000000000000e+03 2.829500000000000000e+03
1.275000000000000000e+03 2.839050000000000182e+03
1.011000000000000000e+03 2.845750000000000000e+03
1.155000000000000000e+03 2.874450000000000273e+03
1.387000000000000000e+03 2.888700000000000273e+03
1.595000000000000000e+03 2.898200000000000273e+03
1.187000000000000000e+03 2.898500000000000000e+03
1.203000000000000000e+03 2.899000000000000000e+03
9.150000000000000000e+02 2.906800000000000182e+03
1.019000000000000000e+03 2.909099999999999909e+03
1.555000000000000000e+03 2.914500000000000000e+03
8.270000000000000000e+02 2.928849999999999909e+03
8.110000000000000000e+02 2.951599999999999909e+03
1.291000000000000000e+03 2.954849999999999909e+03
9.630000000000000000e+02 2.966800000000000182e+03
1.499000000000000000e+03 3.008099999999999909e+03
1.595000000000000000e+03 3.493150000000000091e+03
1.459000000000000000e+03 3.511150000000000091e+03
9.470000000000000000e+02 3.543150000000000091e+03
1.347000000000000000e+03 3.562849999999999909e+03
1.363000000000000000e+03 3.681400000000000091e+03
1.419000000000000000e+03 3.695599999999999909e+03
1.499000000000000000e+03 3.711050000000000182e+03
1.443000000000000000e+03 3.713700000000000273e+03
8.110000000000000000e+02 3.749750000000000000e+03
8.270000000000000000e+02 3.951349999999999909e+03
1.467000000000000000e+03 3.981599999999999909e+03
1.475000000000000000e+03 4.157300000000000182e+03
1.483000000000000000e+03 4.160300000000000182e+03
1.467000000000000000e+03 4.193850000000000364e+03
9.790000000000000000e+02 4.206449999999999818e+03
1.499000000000000000e+03 4.219199999999999818e+03
9.390000000000000000e+02 4.241850000000000364e+03
1.443000000000000000e+03 4.258649999999999636e+03
1.299000000000000000e+03 4.263600000000000364e+03
1.163000000000000000e+03 4.299550000000000182e+03
1.195000000000000000e+03 4.412300000000000182e+03
1.187000000000000000e+03 4.412600000000000364e+03
1.595000000000000000e+03 4.509000000000000000e+03
1.395000000000000000e+03 4.528500000000000000e+03
1.419000000000000000e+03 4.531850000000000364e+03
1.355000000000000000e+03 4.596600000000000364e+03
1.395000000000000000e+03 4.713800000000000182e+03
1.563000000000000000e+03 4.732050000000000182e+03
1.331000000000000000e+03 4.744699999999999818e+03
8.910000000000000000e+02 4.754350000000000364e+03
1.435000000000000000e+03 4.759949999999999818e+03
8.350000000000000000e+02 4.782550000000000182e+03
1.571000000000000000e+03 4.785750000000000000e+03
9.870000000000000000e+02 4.795400000000000546e+03
1.467000000000000000e+03 4.799550000000000182e+03
1.299000000000000000e+03 4.800750000000000000e+03
1.307000000000000000e+03 4.802100000000000364e+03
9.710000000000000000e+02 4.934050000000000182e+03
1.515000000000000000e+03 4.945300000000000182e+03
8.830000000000000000e+02 4.963050000000000182e+03
1.195000000000000000e+03 4.971350000000000364e+03
1.563000000000000000e+03 4.981000000000000000e+03
9.150000000000000000e+02 4.994199999999999818e+03
1.491000000000000000e+03 4.994949999999999818e+03
1.371000000000000000e+03 5.027400000000000546e+03
1.267000000000000000e+03 5.069850000000000364e+03
1.131000000000000000e+03 5.091949999999999818e+03
1.043000000000000000e+03 5.100600000000000364e+03
1.587000000000000000e+03 5.107850000000000364e+03
1.195000000000000000e+03 5.121900000000000546e+03
1.187000000000000000e+03 5.130500000000000000e+03
1.563000000000000000e+03 5.319449999999999818e+03
1.443000000000000000e+03 5.320300000000000182e+03
8.110000000000000000e+02 5.332199999999999818e+03
9.470000000000000000e+02 5.401150000000000546e+03
1.291000000000000000e+03 5.570150000000000546e+03
1.051000000000000000e+03 5.603199999999999818e+03
1.299000000000000000e+03 5.626800000000000182e+03
1.131000000000000000e+03 5.667449999999999818e+03
1.435000000000000000e+03 5.708000000000000000e+03
1.211000000000000000e+03 5.733600000000000364e+03
1.435000000000000000e+03 5.734949999999999818e+03
9.150000000000000000e+02 5.754350000000000364e+03
8.510000000000000000e+02 5.756250000000000000e+03
9.390000000000000000e+02 5.798650000000000546e+03
1.171000000000000000e+03 5.807100000000000364e+03
9.070000000000000000e+02 5.851000000000000000e+03
1.475000000000000000e+03 5.861250000000000000e+03
1.115000000000000000e+03 5.880400000000000546e+03
1.251000000000000000e+03 5.937300000000000182e+03
8.110000000000000000e+02 5.951600000000000364e+03
1.115000000000000000e+03 5.997400000000000546e+03
1.084000000000000000e+03 1.281999999999999886e+02
1.316000000000000000e+03 1.750500000000000114e+02
9.080000000000000000e+02 1.834500000000000171e+02
1.564000000000000000e+03 1.910500000000000114e+02
1.092000000000000000e+03 1.928499999999999943e+02
1.236000000000000000e+03 2.245000000000000000e+02
1.572000000000000000e+03 2.297000000000000171e+02
9.720000000000000000e+02 2.354500000000000171e+02
8.440000000000000000e+02 2.485000000000000000e+02
9.480000000000000000e+02 2.575000000000000000e+02
1.508000000000000000e+03 2.595500000000000114e+02
8.760000000000000000e+02 2.621000000000000227e+02
1.500000000000000000e+03 2.892500000000000000e+02
1.516000000000000000e+03 3.539000000000000341e+02
1.388000000000000000e+03 4.132500000000000000e+02
1.188000000000000000e+03 4.207500000000000000e+02
1.124000000000000000e+03 4.373500000000000227e+02
1.028000000000000000e+03 4.438500000000000227e+02
1.492000000000000000e+03 4.760000000000000000e+02
8.040000000000000000e+02 4.808500000000000227e+02
9.560000000000000000e+02 4.974499999999999886e+02
1.060000000000000000e+03 4.976500000000000341e+02
8.360000000000000000e+02 5.024000000000000341e+02
1.396000000000000000e+03 5.238500000000000227e+02
8.120000000000000000e+02 5.257000000000000455e+02
1.148000000000000000e+03 5.486000000000000227e+02
1.180000000000000000e+03 5.808000000000000682e+02
1.060000000000000000e+03 5.960500000000000682e+02
1.452000000000000000e+03 5.996000000000000227e+02
1.556000000000000000e+03 6.026499999999999773e+02
1.292000000000000000e+03 6.052000000000000455e+02
1.260000000000000000e+03 6.175000000000000000e+02
8.120000000000000000e+02 6.183999999999999773e+02
1.188000000000000000e+03 6.494500000000000455e+02
1.524000000000000000e+03 6.630000000000000000e+02
9.640000000000000000e+02 6.658999999999999773e+02
1.300000000000000000e+03 6.693000000000000682e+02
9.480000000000000000e+02 6.977500000000000000e+02
8.520000000000000000e+02 7.226499999999999773e+02
1.500000000000000000e+03 7.465500000000000682e+02
1.236000000000000000e+03 7.601499999999999773e+02
8.680000000000000000e+02 7.649500000000000455e+02
8.040000000000000000e+02 7.688999999999999773e+02
1.500000000000000000e+03 7.977500000000000000e+02
1.380000000000000000e+03 8.466000000000000227e+02
9.960000000000000000e+02 8.600500000000000682e+02
1.212000000000000000e+03 8.760500000000000682e+02
8.680000000000000000e+02 8.846000000000000227e+02
8.840000000000000000e+02 8.893500000000000227e+02
1.052000000000000000e+03 8.998000000000000682e+02
1.020000000000000000e+03 9.131000000000000227e+02
8.040000000000000000e+02 9.415000000000000000e+02
9.080000000000000000e+02 9.470000000000000000e+02
1.316000000000000000e+03 9.738000000000000682e+02
1.164000000000000000e+03 9.744500000000000455e+02
1.332000000000000000e+03 9.850500000000000682e+02
1.364000000000000000e+03 1.042599999999999909e+03
1.532000000000000000e+03 1.067250000000000000e+03
8.600000000000000000e+02 1.101150000000000091e+03
9.960000000000000000e+02 1.106000000000000000e+03
1.044000000000000000e+03 1.107650000000000091e+03
1.148000000000000000e+03 1.117150000000000091e+03
9.480000000000000000e+02 1.129850000000000136e+03
1.324000000000000000e+03 1.137000000000000000e+03
9.400000000000000000e+02 1.138350000000000136e+03
1.012000000000000000e+03 1.138900000000000091e+03
8.120000000000000000e+02 1.154950000000000045e+03
1.020000000000000000e+03 1.168350000000000136e+03
1.276000000000000000e+03 1.172650000000000091e+03
1.036000000000000000e+03 1.179049999999999955e+03
1.060000000000000000e+03 1.183200000000000045e+03
1.188000000000000000e+03 1.196500000000000000e+03
1.228000000000000000e+03 1.217750000000000000e+03
1.540000000000000000e+03 1.223100000000000136e+03
1.292000000000000000e+03 1.236750000000000000e+03
1.084000000000000000e+03 1.248400000000000091e+03
1.524000000000000000e+03 1.264500000000000000e+03
1.124000000000000000e+03 1.271250000000000000e+03
1.412000000000000000e+03 1.304200000000000045e+03
1.516000000000000000e+03 1.327049999999999955e+03
1.116000000000000000e+03 1.331950000000000045e+03
1.132000000000000000e+03 1.394200000000000045e+03
8.120000000000000000e+02 1.423450000000000045e+03
8.520000000000000000e+02 1.511750000000000000e+03
1.172000000000000000e+03 1.517000000000000000e+03
1.068000000000000000e+03 1.525850000000000136e+03
1.596000000000000000e+03 1.602600000000000136e+03
1.028000000000000000e+03 1.608750000000000000e+03
1.588000000000000000e+03 1.622549999999999955e+03
1.428000000000000000e+03 1.638299999999999955e+03
1.108000000000000000e+03 1.641350000000000136e+03
8.120000000000000000e+02 1.654900000000000091e+03
1.116000000000000000e+03 1.658549999999999955e+03
1.124000000000000000e+03 1.665150000000000091e+03
1.012000000000000000e+03 1.668200000000000045e+03
1.268000000000000000e+03 1.734799999999999955e+03
1.108000000000000000e+03 1.735900000000000091e+03
1.340000000000000000e+03 1.737100000000000136e+03
9.000000000000000000e+02 1.746950000000000045e+03
9.240000000000000000e+02 1.749549999999999955e+03
1.124000000000000000e+03 1.756799999999999955e+03
8.600000000000000000e+02 1.766250000000000000e+03
1.348000000000000000e+03 1.777150000000000091e+03
1.100000000000000000e+03 1.782549999999999955e+03
1.236000000000000000e+03 1.802049999999999955e+03
8.200000000000000000e+02 1.805200000000000045e+03
9.160000000000000000e+02 1.810250000000000000e+03
8.600000000000000000e+02 1.824549999999999955e+03
1.092000000000000000e+03 1.831549999999999955e+03
1.020000000000000000e+03 1.857799999999999955e+03
1.004000000000000000e+03 1.863400000000000091e+03
1.260000000000000000e+03 1.864100000000000136e+03
8.920000000000000000e+02 1.878000000000000000e+03
1.188000000000000000e+03 1.878750000000000000e+03
1.124000000000000000e+03 1.892350000000000136e+03
1.484000000000000000e+03 1.898650000000000091e+03
9.080000000000000000e+02 1.934250000000000000e+03
1.524000000000000000e+03 1.940700000000000045e+03
1.156000000000000000e+03 1.942900000000000091e+03
1.388000000000000000e+03 1.957200000000000045e+03
1.260000000000000000e+03 1.962200000000000045e+03
9.480000000000000000e+02 1.966049999999999955e+03
1.084000000000000000e+03 1.968500000000000000e+03
1.316000000000000000e+03 1.971350000000000136e+03
1.588000000000000000e+03 1.984500000000000000e+03
1.284000000000000000e+03 2.008500000000000000e+03
1.092000000000000000e+03 2.024950000000000045e+03
8.680000000000000000e+02 2.070300000000000182e+03
9.480000000000000000e+02 2.085900000000000091e+03
1.324000000000000000e+03 2.120250000000000000e+03
1.556000000000000000e+03 2.145300000000000182e+03
1.340000000000000000e+03 2.173150000000000091e+03
1.108000000000000000e+03 2.179900000000000091e+03
8.920000000000000000e+02 2.182099999999999909e+03
1.188000000000000000e+03 2.182150000000000091e+03
1.148000000000000000e+03 2.184950000000000273e+03
1.580000000000000000e+03 2.189400000000000091e+03
1.276000000000000000e+03 2.199400000000000091e+03
9.400000000000000000e+02 2.219849999999999909e+03
1.092000000000000000e+03 2.223200000000000273e+03
1.348000000000000000e+03 2.240500000000000000e+03
1.084000000000000000e+03 2.241700000000000273e+03
8.280000000000000000e+02 2.242650000000000091e+03
1.332000000000000000e+03 2.253050000000000182e+03
1.276000000000000000e+03 2.273000000000000000e+03
1.092000000000000000e+03 2.308150000000000091e+03
1.068000000000000000e+03 2.316000000000000000e+03
1.308000000000000000e+03 2.329400000000000091e+03
9.720000000000000000e+02 2.358349999999999909e+03
1.068000000000000000e+03 2.370700000000000273e+03
8.920000000000000000e+02 2.371900000000000091e+03
1.500000000000000000e+03 2.379849999999999909e+03
1.396000000000000000e+03 2.394349999999999909e+03
1.420000000000000000e+03 2.413500000000000000e+03
1.556000000000000000e+03 2.414250000000000000e+03
1.020000000000000000e+03 2.422650000000000091e+03
1.540000000000000000e+03 2.445500000000000000e+03
1.532000000000000000e+03 2.452650000000000091e+03
1.324000000000000000e+03 2.453500000000000000e+03
1.004000000000000000e+03 2.474300000000000182e+03
1.436000000000000000e+03 2.505800000000000182e+03
1.516000000000000000e+03 2.545800000000000182e+03
1.596000000000000000e+03 2.561500000000000000e+03
1.508000000000000000e+03 2.584000000000000000e+03
9.640000000000000000e+02 2.590450000000000273e+03
1.044000000000000000e+03 2.595500000000000000e+03
1.268000000000000000e+03 2.603050000000000182e+03
1.228000000000000000e+03 2.613000000000000000e+03
1.196000000000000000e+03 2.650900000000000091e+03
1.060000000000000000e+03 2.658599999999999909e+03
1.564000000000000000e+03 2.658700000000000273e+03
1.324000000000000000e+03 2.659950000000000273e+03
9.400000000000000000e+02 2.670950000000000273e+03
9.080000000000000000e+02 2.693000000000000000e+03
1.308000000000000000e+03 2.695250000000000000e+03
1.580000000000000000e+03 2.697500000000000000e+03
9.800000000000000000e+02 2.708250000000000000e+03
1.332000000000000000e+03 2.741450000000000273e+03
1.124000000000000000e+03 2.742300000000000182e+03
1.172000000000000000e+03 2.767150000000000091e+03
1.364000000000000000e+03 2.778349999999999909e+03
9.080000000000000000e+02 2.780500000000000000e+03
1.012000000000000000e+03 2.781500000000000000e+03
9.160000000000000000e+02 2.786400000000000091e+03
1.484000000000000000e+03 2.800300000000000182e+03
1.356000000000000000e+03 2.804099999999999909e+03
8.200000000000000000e+02 2.806599999999999909e+03
1.508000000000000000e+03 2.812599999999999909e+03
1.020000000000000000e+03 2.814400000000000091e+03
1.372000000000000000e+03 2.834750000000000000e+03
8.200000000000000000e+02 2.837349999999999909e+03
1.180000000000000000e+03 2.843700000000000273e+03
1.524000000000000000e+03 2.851099999999999909e+03
1.252000000000000000e+03 2.852200000000000273e+03
1.476000000000000000e+03 2.853599999999999909e+03
1.436000000000000000e+03 2.865099999999999909e+03
1.540000000000000000e+03 2.876150000000000091e+03
1.020000000000000000e+03 2.884599999999999909e+03
1.196000000000000000e+03 2.899849999999999909e+03
8.680000000000000000e+02 2.933099999999999909e+03
1.236000000000000000e+03 2.938900000000000091e+03
1.532000000000000000e+03 2.941500000000000000e+03
1.436000000000000000e+03 2.965200000000000273e+03
8.280000000000000000e+02 2.965750000000000000e+03
1.356000000000000000e+03 2.966950000000000273e+03
1.316000000000000000e+03 2.968800000000000182e+03
1.268000000000000000e+03 3.005500000000000000e+03
1.484000000000000000e+03 3.393450000000000273e+03
9.960000000000000000e+02 3.394800000000000182e+03
9.000000000000000000e+02 3.426300000000000182e+03
9.960000000000000000e+02 3.428400000000000091e+03
1.492000000000000000e+03 3.434500000000000000e+03
9.240000000000000000e+02 3.436550000000000182e+03
1.276000000000000000e+03 3.442750000000000000e+03
1.188000000000000000e+03 3.446250000000000000e+03
1.308000000000000000e+03 3.452250000000000000e+03
8.600000000000000000e+02 3.466000000000000000e+03
1.332000000000000000e+03 3.489099999999999909e+03
1.036000000000000000e+03 3.544349999999999909e+03
1.244000000000000000e+03 3.567250000000000000e+03
1.076000000000000000e+03 3.571500000000000000e+03
1.508000000000000000e+03 3.577450000000000273e+03
8.840000000000000000e+02 3.579250000000000000e+03
9.560000000000000000e+02 3.581900000000000091e+03
1.452000000000000000e+03 3.710500000000000000e+03
1.508000000000000000e+03 3.716849999999999909e+03
1.548000000000000000e+03 3.735849999999999909e+03
1.548000000000000000e+03 3.868300000000000182e+03
1.492000000000000000e+03 3.966500000000000000e+03
1.420000000000000000e+03 4.156500000000000000e+03
1.348000000000000000e+03 4.191000000000000000e+03
9.560000000000000000e+02 4.198050000000000182e+03
1.308000000000000000e+03 4.214100000000000364e+03
9.000000000000000000e+02 4.217199999999999818e+03
1.556000000000000000e+03 4.243399999999999636e+03
1.212000000000000000e+03 4.264250000000000000e+03
1.116000000000000000e+03 4.280699999999999818e+03
1.196000000000000000e+03 4.309899999999999636e+03
1.228000000000000000e+03 4.399800000000000182e+03
1.412000000000000000e+03 4.420100000000000364e+03
1.396000000000000000e+03 4.439250000000000000e+03
9.320000000000000000e+02 4.442300000000000182e+03
9.960000000000000000e+02 4.460550000000000182e+03
1.204000000000000000e+03 4.476300000000000182e+03
8.200000000000000000e+02 4.485550000000000182e+03
1.084000000000000000e+03 4.495400000000000546e+03
1.252000000000000000e+03 4.498000000000000000e+03
1.468000000000000000e+03 4.561600000000000364e+03
9.080000000000000000e+02 4.582350000000000364e+03
8.600000000000000000e+02 4.582650000000000546e+03
1.564000000000000000e+03 4.592000000000000000e+03
1.012000000000000000e+03 4.606050000000000182e+03
1.164000000000000000e+03 4.739900000000000546e+03
1.348000000000000000e+03 4.745300000000000182e+03
1.132000000000000000e+03 4.762400000000000546e+03
1.588000000000000000e+03 4.770650000000000546e+03
1.204000000000000000e+03 4.777100000000000364e+03
1.364000000000000000e+03 4.822650000000000546e+03
1.540000000000000000e+03 4.957500000000000000e+03
8.760000000000000000e+02 4.968150000000000546e+03
1.556000000000000000e+03 4.981050000000000182e+03
1.052000000000000000e+03 4.988900000000000546e+03
1.564000000000000000e+03 5.028500000000000000e+03
9.560000000000000000e+02 5.039850000000000364e+03
8.920000000000000000e+02 5.052699999999999818e+03
1.484000000000000000e+03 5.094600000000000364e+03
1.108000000000000000e+03 5.116949999999999818e+03
8.280000000000000000e+02 5.121600000000000364e+03
9.640000000000000000e+02 5.135449999999999818e+03
9.480000000000000000e+02 5.332150000000000546e+03
1.236000000000000000e+03 5.347550000000000182e+03
8.360000000000000000e+02 5.358449999999999818e+03
1.308000000000000000e+03 5.463600000000000364e+03
1.124000000000000000e+03 5.549400000000000546e+03
1.564000000000000000e+03 5.604850000000000364e+03
1.532000000000000000e+03 5.650550000000000182e+03
1.180000000000000000e+03 5.706699999999999818e+03
1.020000000000000000e+03 5.749350000000000364e+03
9.960000000000000000e+02 5.766449999999999818e+03
1.228000000000000000e+03 5.962449999999999818e+03
1.237000000000000000e+03 1.042000000000000028e+02
1.461000000000000000e+03 1.175499999999999972e+02
1.525000000000000000e+03 1.497500000000000000e+02
1.181000000000000000e+03 1.960000000000000000e+02
1.597000000000000000e+03 1.973000000000000114e+02
1.101000000000000000e+03 2.105000000000000000e+02
1.581000000000000000e+03 2.157500000000000000e+02
8.130000000000000000e+02 2.347000000000000171e+02
1.373000000000000000e+03 2.393000000000000114e+02
1.181000000000000000e+03 2.434500000000000171e+02
1.069000000000000000e+03 2.630500000000000114e+02
1.117000000000000000e+03 2.746500000000000341e+02
9.090000000000000000e+02 2.752500000000000000e+02
1.485000000000000000e+03 3.124499999999999886e+02
1.597000000000000000e+03 3.419499999999999886e+02
1.061000000000000000e+03 3.484000000000000341e+02
1.557000000000000000e+03 3.591999999999999886e+02
8.290000000000000000e+02 3.594000000000000341e+02
1.165000000000000000e+03 3.746000000000000227e+02
9.170000000000000000e+02 3.869000000000000341e+02
1.589000000000000000e+03 4.053000000000000114e+02
8.610000000000000000e+02 4.120000000000000000e+02
1.117000000000000000e+03 4.455000000000000000e+02
1.141000000000000000e+03 4.506999999999999886e+02
1.053000000000000000e+03 4.565500000000000114e+02
1.469000000000000000e+03 4.577500000000000000e+02
1.557000000000000000e+03 4.666500000000000341e+02
1.173000000000000000e+03 4.783000000000000114e+02
1.445000000000000000e+03 4.825000000000000000e+02
1.277000000000000000e+03 4.878000000000000114e+02
1.045000000000000000e+03 4.970500000000000114e+02
1.213000000000000000e+03 4.974499999999999886e+02
1.197000000000000000e+03 5.047500000000000000e+02
9.650000000000000000e+02 5.256499999999999773e+02
1.085000000000000000e+03 5.416000000000000227e+02
1.445000000000000000e+03 5.446499999999999773e+02
1.093000000000000000e+03 5.612000000000000455e+02
1.469000000000000000e+03 5.628500000000000227e+02
9.650000000000000000e+02 5.847000000000000455e+02
1.053000000000000000e+03 5.981000000000000227e+02
1.093000000000000000e+03 6.080500000000000682e+02
1.573000000000000000e+03 6.136499999999999773e+02
9.890000000000000000e+02 6.183999999999999773e+02
9.970000000000000000e+02 6.373500000000000227e+02
9.970000000000000000e+02 6.590000000000000000e+02
8.370000000000000000e+02 6.730500000000000682e+02
1.381000000000000000e+03 6.868999999999999773e+02
1.005000000000000000e+03 6.973999999999999773e+02
1.493000000000000000e+03 7.093500000000000227e+02
1.045000000000000000e+03 7.278500000000000227e+02
1.533000000000000000e+03 7.323999999999999773e+02
1.453000000000000000e+03 7.463999999999999773e+02
1.221000000000000000e+03 7.502000000000000455e+02
1.509000000000000000e+03 7.573000000000000682e+02
1.093000000000000000e+03 8.435000000000000000e+02
9.170000000000000000e+02 8.636499999999999773e+02
8.770000000000000000e+02 8.666499999999999773e+02
1.293000000000000000e+03 8.938999999999999773e+02
1.013000000000000000e+03 9.133000000000000682e+02
1.269000000000000000e+03 9.133500000000000227e+02
1.157000000000000000e+03 9.215000000000000000e+02
9.090000000000000000e+02 9.272000000000000455e+02
8.930000000000000000e+02 9.280500000000000682e+02
1.245000000000000000e+03 9.470500000000000682e+02
1.381000000000000000e+03 9.685000000000000000e+02
1.565000000000000000e+03 1.004649999999999977e+03
1.069000000000000000e+03 1.018000000000000000e+03
1.565000000000000000e+03 1.035549999999999955e+03
9.730000000000000000e+02 1.065549999999999955e+03
1.509000000000000000e+03 1.074349999999999909e+03
1.317000000000000000e+03 1.076900000000000091e+03
9.330000000000000000e+02 1.078250000000000000e+03
1.301000000000000000e+03 1.082049999999999955e+03
1.405000000000000000e+03 1.095799999999999955e+03
9.730000000000000000e+02 1.099150000000000091e+03
1.477000000000000000e+03 1.117900000000000091e+03
1.141000000000000000e+03 1.137150000000000091e+03
1.253000000000000000e+03 1.148600000000000136e+03
1.261000000000000000e+03 1.154299999999999955e+03
9.010000000000000000e+02 1.164650000000000091e+03
1.517000000000000000e+03 1.209350000000000136e+03
1.485000000000000000e+03 1.216450000000000045e+03
9.970000000000000000e+02 1.219850000000000136e+03
1.197000000000000000e+03 1.222299999999999955e+03
1.309000000000000000e+03 1.231049999999999955e+03
1.525000000000000000e+03 1.250400000000000091e+03
1.509000000000000000e+03 1.364799999999999955e+03
9.090000000000000000e+02 1.375100000000000136e+03
1.573000000000000000e+03 1.386049999999999955e+03
1.085000000000000000e+03 1.400500000000000000e+03
1.205000000000000000e+03 1.439250000000000000e+03
1.181000000000000000e+03 1.525750000000000000e+03
1.053000000000000000e+03 1.549200000000000045e+03
1.373000000000000000e+03 1.563500000000000000e+03
1.205000000000000000e+03 1.596600000000000136e+03
9.010000000000000000e+02 1.619900000000000091e+03
1.317000000000000000e+03 1.636650000000000091e+03
1.445000000000000000e+03 1.637350000000000136e+03
9.090000000000000000e+02 1.638100000000000136e+03
1.037000000000000000e+03 1.648799999999999955e+03
1.013000000000000000e+03 1.670650000000000091e+03
1.061000000000000000e+03 1.678400000000000091e+03
1.117000000000000000e+03 1.683350000000000136e+03
8.290000000000000000e+02 1.685600000000000136e+03
9.650000000000000000e+02 1.685750000000000000e+03
1.189000000000000000e+03 1.715549999999999955e+03
1.517000000000000000e+03 1.717700000000000045e+03
1.197000000000000000e+03 1.720100000000000136e+03
1.533000000000000000e+03 1.732750000000000000e+03
1.509000000000000000e+03 1.749150000000000091e+03
1.581000000000000000e+03 1.763950000000000045e+03
1.549000000000000000e+03 1.770750000000000000e+03
8.130000000000000000e+02 1.793950000000000045e+03
1.141000000000000000e+03 1.796049999999999955e+03
8.370000000000000000e+02 1.807650000000000091e+03
1.365000000000000000e+03 1.831000000000000000e+03
8.210000000000000000e+02 1.836500000000000000e+03
1.445000000000000000e+03 1.842250000000000000e+03
1.157000000000000000e+03 1.852750000000000000e+03
1.461000000000000000e+03 1.865850000000000136e+03
1.109000000000000000e+03 1.867000000000000000e+03
1.013000000000000000e+03 1.874350000000000136e+03
1.021000000000000000e+03 1.886049999999999955e+03
1.085000000000000000e+03 1.888400000000000091e+03
1.189000000000000000e+03 1.897900000000000091e+03
1.157000000000000000e+03 1.908350000000000136e+03
8.370000000000000000e+02 1.918549999999999955e+03
1.037000000000000000e+03 1.929600000000000136e+03
8.370000000000000000e+02 1.931049999999999955e+03
1.333000000000000000e+03 1.938500000000000000e+03
1.565000000000000000e+03 1.955350000000000136e+03
1.445000000000000000e+03 1.961750000000000000e+03
1.053000000000000000e+03 1.962900000000000091e+03
1.309000000000000000e+03 1.965600000000000136e+03
1.157000000000000000e+03 1.966900000000000091e+03
1.317000000000000000e+03 1.983049999999999955e+03
1.429000000000000000e+03 1.996900000000000091e+03
1.333000000000000000e+03 2.025549999999999955e+03
8.450000000000000000e+02 2.028150000000000091e+03
1.013000000000000000e+03 2.047299999999999955e+03
1.013000000000000000e+03 2.075199999999999818e+03
1.405000000000000000e+03 2.088849999999999909e+03
9.010000000000000000e+02 2.110449999999999818e+03
9.090000000000000000e+02 2.113750000000000000e+03
1.229000000000000000e+03 2.133849999999999909e+03
9.890000000000000000e+02 2.153199999999999818e+03
8.530000000000000000e+02 2.164050000000000182e+03
1.013000000000000000e+03 2.172300000000000182e+03
1.085000000000000000e+03 2.175550000000000182e+03
1.397000000000000000e+03 2.195000000000000000e+03
1.421000000000000000e+03 2.198150000000000091e+03
1.189000000000000000e+03 2.209300000000000182e+03
1.173000000000000000e+03 2.211700000000000273e+03
1.389000000000000000e+03 2.213349999999999909e+03
1.589000000000000000e+03 2.230250000000000000e+03
1.357000000000000000e+03 2.256099999999999909e+03
1.573000000000000000e+03 2.258849999999999909e+03
1.101000000000000000e+03 2.267250000000000000e+03
1.533000000000000000e+03 2.272250000000000000e+03
9.810000000000000000e+02 2.289599999999999909e+03
1.373000000000000000e+03 2.317550000000000182e+03
1.125000000000000000e+03 2.323950000000000273e+03
1.157000000000000000e+03 2.328250000000000000e+03
1.333000000000000000e+03 2.385950000000000273e+03
1.341000000000000000e+03 2.425500000000000000e+03
8.050000000000000000e+02 2.441349999999999909e+03
1.373000000000000000e+03 2.450200000000000273e+03
1.285000000000000000e+03 2.477400000000000091e+03
1.477000000000000000e+03 2.503550000000000182e+03
1.589000000000000000e+03 2.523550000000000182e+03
8.050000000000000000e+02 2.533200000000000273e+03
1.389000000000000000e+03 2.543599999999999909e+03
1.005000000000000000e+03 2.545750000000000000e+03
1.477000000000000000e+03 2.580800000000000182e+03
9.890000000000000000e+02 2.587050000000000182e+03
1.109000000000000000e+03 2.588800000000000182e+03
1.261000000000000000e+03 2.601200000000000273e+03
9.810000000000000000e+02 2.603950000000000273e+03
1.453000000000000000e+03 2.616349999999999909e+03
1.445000000000000000e+03 2.623500000000000000e+03
1.293000000000000000e+03 2.632950000000000273e+03
9.010000000000000000e+02 2.650349999999999909e+03
1.005000000000000000e+03 2.650650000000000091e+03
1.101000000000000000e+03 2.652150000000000091e+03
1.069000000000000000e+03 2.695750000000000000e+03
1.213000000000000000e+03 2.696000000000000000e+03
1.021000000000000000e+03 2.697400000000000091e+03
1.317000000000000000e+03 2.713900000000000091e+03
1.469000000000000000e+03 2.715349999999999909e+03
1.181000000000000000e+03 2.721650000000000091e+03
1.245000000000000000e+03 2.732750000000000000e+03
1.069000000000000000e+03 2.733250000000000000e+03
1.253000000000000000e+03 2.741349999999999909e+03
9.650000000000000000e+02 2.743599999999999909e+03
9.410000000000000000e+02 2.753050000000000182e+03
8.530000000000000000e+02 2.756300000000000182e+03
1.357000000000000000e+03 2.762900000000000091e+03
1.525000000000000000e+03 2.768849999999999909e+03
1.133000000000000000e+03 2.779400000000000091e+03
1.533000000000000000e+03 2.785099999999999909e+03
1.181000000000000000e+03 2.817650000000000091e+03
1.069000000000000000e+03 2.818150000000000091e+03
8.130000000000000000e+02 2.827250000000000000e+03
9.730000000000000000e+02 2.836400000000000091e+03
1.253000000000000000e+03 2.843500000000000000e+03
1.229000000000000000e+03 2.845050000000000182e+03
1.469000000000000000e+03 2.845200000000000273e+03
9.730000000000000000e+02 2.857099999999999909e+03
1.029000000000000000e+03 2.877900000000000091e+03
1.421000000000000000e+03 2.887099999999999909e+03
1.341000000000000000e+03 2.898250000000000000e+03
1.157000000000000000e+03 2.907400000000000091e+03
8.370000000000000000e+02 2.913150000000000091e+03
9.010000000000000000e+02 2.914550000000000182e+03
1.237000000000000000e+03 2.941700000000000273e+03
1.421000000000000000e+03 2.942800000000000182e+03
1.157000000000000000e+03 2.952150000000000091e+03
1.429000000000000000e+03 2.969849999999999909e+03
1.245000000000000000e+03 2.984900000000000091e+03
1.341000000000000000e+03 3.000050000000000182e+03
1.309000000000000000e+03 3.007050000000000182e+03
1.525000000000000000e+03 3.464250000000000000e+03
1.069000000000000000e+03 3.475150000000000091e+03
9.490000000000000000e+02 3.542000000000000000e+03
8.850000000000000000e+02 3.594200000000000273e+03
1.021000000000000000e+03 3.596849999999999909e+03
9.810000000000000000e+02 3.607000000000000000e+03
1.365000000000000000e+03 3.691000000000000000e+03
1.197000000000000000e+03 3.719750000000000000e+03
1.157000000000000000e+03 3.728550000000000182e+03
1.493000000000000000e+03 3.782400000000000091e+03
1.109000000000000000e+03 3.802500000000000000e+03
8.130000000000000000e+02 3.903050000000000182e+03
1.149000000000000000e+03 4.149600000000000364e+03
9.010000000000000000e+02 4.169699999999999818e+03
1.301000000000000000e+03 4.171000000000000000e+03
1.397000000000000000e+03 4.173250000000000000e+03
1.349000000000000000e+03 4.221000000000000000e+03
1.461000000000000000e+03 4.274399999999999636e+03
9.170000000000000000e+02 4.436350000000000364e+03
1.597000000000000000e+03 4.444650000000000546e+03
1.005000000000000000e+03 4.453100000000000364e+03
8.290000000000000000e+02 4.469600000000000364e+03
1.573000000000000000e+03 4.471449999999999818e+03
1.381000000000000000e+03 4.479400000000000546e+03
1.517000000000000000e+03 4.479449999999999818e+03
1.229000000000000000e+03 4.486350000000000364e+03
1.213000000000000000e+03 4.490400000000000546e+03
9.090000000000000000e+02 4.491050000000000182e+03
1.341000000000000000e+03 4.492199999999999818e+03
1.205000000000000000e+03 4.503850000000000364e+03
8.210000000000000000e+02 4.517400000000000546e+03
9.490000000000000000e+02 4.545900000000000546e+03
1.069000000000000000e+03 4.547800000000000182e+03
1.413000000000000000e+03 4.548699999999999818e+03
1.245000000000000000e+03 4.584850000000000364e+03
1.413000000000000000e+03 4.602699999999999818e+03
1.037000000000000000e+03 4.694500000000000000e+03
1.013000000000000000e+03 4.708949999999999818e+03
9.410000000000000000e+02 4.728000000000000000e+03
9.650000000000000000e+02 4.776699999999999818e+03
1.333000000000000000e+03 4.777800000000000182e+03
1.277000000000000000e+03 4.784050000000000182e+03
1.069000000000000000e+03 4.784650000000000546e+03
1.205000000000000000e+03 4.924000000000000000e+03
1.533000000000000000e+03 4.948650000000000546e+03
1.453000000000000000e+03 4.981699999999999818e+03
8.850000000000000000e+02 5.041050000000000182e+03
8.450000000000000000e+02 5.056150000000000546e+03
1.477000000000000000e+03 5.103000000000000000e+03
1.125000000000000000e+03 5.105550000000000182e+03
1.213000000000000000e+03 5.108449999999999818e+03
9.890000000000000000e+02 5.174800000000000182e+03
1.413000000000000000e+03 5.187500000000000000e+03
1.005000000000000000e+03 5.354550000000000182e+03
1.325000000000000000e+03 5.404949999999999818e+03
1.397000000000000000e+03 5.453650000000000546e+03
9.090000000000000000e+02 5.456800000000000182e+03
1.021000000000000000e+03 5.526250000000000000e+03
1.509000000000000000e+03 5.609150000000000546e+03
9.730000000000000000e+02 5.628199999999999818e+03
1.141000000000000000e+03 5.634449999999999818e+03
1.125000000000000000e+03 5.926600000000000364e+03
8.780000000000000000e+02 1.014000000000000057e+02
1.062000000000000000e+03 1.026000000000000085e+02
9.340000000000000000e+02 1.555000000000000000e+02
1.030000000000000000e+03 1.564500000000000171e+02
9.740000000000000000e+02 1.805000000000000000e+02
9.420000000000000000e+02 1.909000000000000057e+02
9.660000000000000000e+02 1.970500000000000114e+02
1.438000000000000000e+03 2.238499999999999943e+02
1.070000000000000000e+03 2.262000000000000171e+02
8.940000000000000000e+02 2.279000000000000057e+02
1.190000000000000000e+03 2.564499999999999886e+02
1.534000000000000000e+03 2.581499999999999773e+02
1.342000000000000000e+03 2.583999999999999773e+02
9.580000000000000000e+02 2.706000000000000227e+02
1.598000000000000000e+03 2.918500000000000227e+02
9.980000000000000000e+02 3.339000000000000341e+02
8.460000000000000000e+02 3.410000000000000000e+02
1.222000000000000000e+03 3.496500000000000341e+02
1.502000000000000000e+03 3.667500000000000000e+02
9.980000000000000000e+02 3.685000000000000000e+02
1.390000000000000000e+03 3.884000000000000341e+02
1.510000000000000000e+03 4.197500000000000000e+02
1.438000000000000000e+03 4.301000000000000227e+02
9.980000000000000000e+02 4.410500000000000114e+02
1.286000000000000000e+03 4.615000000000000000e+02
8.300000000000000000e+02 4.638500000000000227e+02
1.374000000000000000e+03 4.680500000000000114e+02
1.094000000000000000e+03 4.751500000000000341e+02
1.302000000000000000e+03 4.785000000000000000e+02
1.470000000000000000e+03 4.909499999999999886e+02
8.060000000000000000e+02 5.054000000000000341e+02
1.558000000000000000e+03 5.145499999999999545e+02
1.006000000000000000e+03 5.246499999999999773e+02
1.590000000000000000e+03 5.248500000000000227e+02
1.022000000000000000e+03 5.264500000000000455e+02
9.500000000000000000e+02 5.322500000000000000e+02
1.558000000000000000e+03 5.343500000000000227e+02
1.350000000000000000e+03 5.571499999999999773e+02
1.110000000000000000e+03 5.694500000000000455e+02
1.326000000000000000e+03 5.701499999999999773e+02
1.022000000000000000e+03 5.934500000000000455e+02
9.740000000000000000e+02 6.102500000000000000e+02
1.414000000000000000e+03 6.116000000000000227e+02
1.014000000000000000e+03 6.152500000000000000e+02
8.620000000000000000e+02 6.171499999999999773e+02
1.550000000000000000e+03 6.187500000000000000e+02
1.342000000000000000e+03 6.327000000000000455e+02
1.198000000000000000e+03 6.376000000000000227e+02
1.150000000000000000e+03 6.528999999999999773e+02
8.700000000000000000e+02 6.662000000000000455e+02
1.518000000000000000e+03 6.941499999999999773e+02
1.502000000000000000e+03 7.043500000000000227e+02
9.980000000000000000e+02 7.132000000000000455e+02
9.020000000000000000e+02 7.406499999999999773e+02
1.574000000000000000e+03 7.665500000000000682e+02
1.110000000000000000e+03 7.792500000000000000e+02
1.430000000000000000e+03 7.956499999999999773e+02
1.526000000000000000e+03 7.960500000000000682e+02
1.166000000000000000e+03 7.986000000000000227e+02
1.438000000000000000e+03 8.068999999999999773e+02
1.526000000000000000e+03 8.125000000000000000e+02
1.054000000000000000e+03 8.202000000000000455e+02
1.406000000000000000e+03 8.297000000000000455e+02
1.110000000000000000e+03 8.298500000000000227e+02
1.510000000000000000e+03 8.397000000000000455e+02
9.180000000000000000e+02 8.630500000000000682e+02
1.070000000000000000e+03 8.642500000000000000e+02
8.140000000000000000e+02 8.703000000000000682e+02
1.358000000000000000e+03 9.191000000000000227e+02
1.518000000000000000e+03 9.260500000000000682e+02
1.534000000000000000e+03 9.587000000000000455e+02
1.542000000000000000e+03 9.615500000000000682e+02
1.222000000000000000e+03 1.006899999999999977e+03
1.126000000000000000e+03 1.007399999999999977e+03
1.262000000000000000e+03 1.032700000000000045e+03
8.620000000000000000e+02 1.053500000000000000e+03
1.334000000000000000e+03 1.057299999999999955e+03
8.220000000000000000e+02 1.072200000000000045e+03
1.214000000000000000e+03 1.086650000000000091e+03
9.740000000000000000e+02 1.094450000000000045e+03
1.230000000000000000e+03 1.102850000000000136e+03
1.014000000000000000e+03 1.103700000000000045e+03
1.302000000000000000e+03 1.108650000000000091e+03
1.238000000000000000e+03 1.131450000000000045e+03
8.060000000000000000e+02 1.136049999999999955e+03
1.566000000000000000e+03 1.149950000000000045e+03
1.166000000000000000e+03 1.222299999999999955e+03
1.286000000000000000e+03 1.223650000000000091e+03
8.300000000000000000e+02 1.240350000000000136e+03
1.574000000000000000e+03 1.275150000000000091e+03
1.462000000000000000e+03 1.308450000000000045e+03
1.014000000000000000e+03 1.328250000000000000e+03
1.102000000000000000e+03 1.346600000000000136e+03
1.102000000000000000e+03 1.394250000000000000e+03
1.478000000000000000e+03 1.427950000000000045e+03
8.140000000000000000e+02 1.453900000000000091e+03
1.022000000000000000e+03 1.454850000000000136e+03
8.380000000000000000e+02 1.465299999999999955e+03
1.270000000000000000e+03 1.470450000000000045e+03
9.180000000000000000e+02 1.484100000000000136e+03
1.118000000000000000e+03 1.509799999999999955e+03
1.198000000000000000e+03 1.539850000000000136e+03
9.580000000000000000e+02 1.551299999999999955e+03
1.590000000000000000e+03 1.552850000000000136e+03
1.598000000000000000e+03 1.560799999999999955e+03
1.414000000000000000e+03 1.581200000000000045e+03
1.214000000000000000e+03 1.585299999999999955e+03
1.054000000000000000e+03 1.606200000000000045e+03
9.340000000000000000e+02 1.621200000000000045e+03
1.166000000000000000e+03 1.628700000000000045e+03
1.014000000000000000e+03 1.629250000000000000e+03
1.062000000000000000e+03 1.631150000000000091e+03
1.414000000000000000e+03 1.636850000000000136e+03
1.126000000000000000e+03 1.639650000000000091e+03
1.582000000000000000e+03 1.649200000000000045e+03
1.198000000000000000e+03 1.656500000000000000e+03
8.940000000000000000e+02 1.669450000000000045e+03
1.598000000000000000e+03 1.681750000000000000e+03
9.740000000000000000e+02 1.727950000000000045e+03
1.390000000000000000e+03 1.739150000000000091e+03
8.860000000000000000e+02 1.775700000000000045e+03
9.740000000000000000e+02 1.785950000000000045e+03
1.126000000000000000e+03 1.790549999999999955e+03
8.460000000000000000e+02 1.802600000000000136e+03
9.180000000000000000e+02 1.805700000000000045e+03
1.374000000000000000e+03 1.827850000000000136e+03
9.260000000000000000e+02 1.828500000000000000e+03
8.460000000000000000e+02 1.833350000000000136e+03
1.238000000000000000e+03 1.835000000000000000e+03
1.382000000000000000e+03 1.834950000000000045e+03
1.262000000000000000e+03 1.837400000000000091e+03
1.046000000000000000e+03 1.840400000000000091e+03
9.580000000000000000e+02 1.851000000000000000e+03
1.078000000000000000e+03 1.860450000000000045e+03
1.590000000000000000e+03 1.862150000000000091e+03
1.518000000000000000e+03 1.866400000000000091e+03
8.300000000000000000e+02 1.878250000000000000e+03
9.820000000000000000e+02 1.885100000000000136e+03
9.180000000000000000e+02 1.941549999999999955e+03
9.580000000000000000e+02 1.944400000000000091e+03
1.358000000000000000e+03 1.963150000000000091e+03
1.350000000000000000e+03 1.966400000000000091e+03
8.780000000000000000e+02 1.972100000000000136e+03
1.574000000000000000e+03 1.978799999999999955e+03
9.260000000000000000e+02 1.983250000000000000e+03
1.446000000000000000e+03 1.989400000000000091e+03
1.294000000000000000e+03 2.006700000000000045e+03
9.420000000000000000e+02 2.007400000000000091e+03
9.740000000000000000e+02 2.015450000000000045e+03
1.078000000000000000e+03 2.026950000000000045e+03
1.294000000000000000e+03 2.058849999999999909e+03
1.230000000000000000e+03 2.059500000000000000e+03
1.590000000000000000e+03 2.068800000000000182e+03
1.110000000000000000e+03 2.087449999999999818e+03
1.526000000000000000e+03 2.112750000000000000e+03
1.342000000000000000e+03 2.122650000000000091e+03
1.254000000000000000e+03 2.161650000000000091e+03
8.860000000000000000e+02 2.176599999999999909e+03
1.030000000000000000e+03 2.182550000000000182e+03
1.094000000000000000e+03 2.185300000000000182e+03
9.340000000000000000e+02 2.191050000000000182e+03
1.198000000000000000e+03 2.193900000000000091e+03
1.294000000000000000e+03 2.195000000000000000e+03
8.700000000000000000e+02 2.201750000000000000e+03
8.460000000000000000e+02 2.208500000000000000e+03
9.500000000000000000e+02 2.218150000000000091e+03
1.502000000000000000e+03 2.228849999999999909e+03
1.158000000000000000e+03 2.246849999999999909e+03
1.318000000000000000e+03 2.246900000000000091e+03
1.590000000000000000e+03 2.248599999999999909e+03
1.422000000000000000e+03 2.260099999999999909e+03
1.462000000000000000e+03 2.268900000000000091e+03
1.014000000000000000e+03 2.316150000000000091e+03
1.422000000000000000e+03 2.381900000000000091e+03
1.070000000000000000e+03 2.385200000000000273e+03
1.334000000000000000e+03 2.431599999999999909e+03
1.478000000000000000e+03 2.437950000000000273e+03
1.094000000000000000e+03 2.446849999999999909e+03
8.940000000000000000e+02 2.458099999999999909e+03
1.598000000000000000e+03 2.468349999999999909e+03
1.086000000000000000e+03 2.470349999999999909e+03
9.260000000000000000e+02 2.478099999999999909e+03
1.198000000000000000e+03 2.482300000000000182e+03
1.174000000000000000e+03 2.488050000000000182e+03
8.060000000000000000e+02 2.496950000000000273e+03
1.126000000000000000e+03 2.523700000000000273e+03
9.020000000000000000e+02 2.538200000000000273e+03
1.550000000000000000e+03 2.560750000000000000e+03
1.086000000000000000e+03 2.564450000000000273e+03
1.054000000000000000e+03 2.565900000000000091e+03
1.590000000000000000e+03 2.589800000000000182e+03
8.060000000000000000e+02 2.594650000000000091e+03
1.014000000000000000e+03 2.642599999999999909e+03
9.420000000000000000e+02 2.652500000000000000e+03
8.140000000000000000e+02 2.683400000000000091e+03
1.478000000000000000e+03 2.688500000000000000e+03
1.598000000000000000e+03 2.689950000000000273e+03
1.014000000000000000e+03 2.717150000000000091e+03
1.310000000000000000e+03 2.717400000000000091e+03
9.100000000000000000e+02 2.720750000000000000e+03
1.390000000000000000e+03 2.731400000000000091e+03
1.126000000000000000e+03 2.731750000000000000e+03
8.780000000000000000e+02 2.745349999999999909e+03
9.980000000000000000e+02 2.750099999999999909e+03
1.414000000000000000e+03 2.758500000000000000e+03
1.030000000000000000e+03 2.760400000000000091e+03
1.206000000000000000e+03 2.765550000000000182e+03
8.220000000000000000e+02 2.780200000000000273e+03
9.020000000000000000e+02 2.782800000000000182e+03
8.460000000000000000e+02 2.793500000000000000e+03
1.334000000000000000e+03 2.798250000000000000e+03
9.660000000000000000e+02 2.810750000000000000e+03
1.406000000000000000e+03 2.864800000000000182e+03
9.420000000000000000e+02 2.868849999999999909e+03
1.286000000000000000e+03 2.881099999999999909e+03
8.220000000000000000e+02 2.915599999999999909e+03
1.278000000000000000e+03 2.923650000000000091e+03
1.078000000000000000e+03 2.938400000000000091e+03
8.460000000000000000e+02 2.950300000000000182e+03
1.110000000000000000e+03 2.957550000000000182e+03
1.358000000000000000e+03 2.996550000000000182e+03
1.030000000000000000e+03 2.997200000000000273e+03
1.150000000000000000e+03 2.999200000000000273e+03
1.126000000000000000e+03 3.389650000000000091e+03
1.398000000000000000e+03 3.468800000000000182e+03
1.262000000000000000e+03 3.526849999999999909e+03
1.582000000000000000e+03 3.553500000000000000e+03
1.214000000000000000e+03 3.563800000000000182e+03
9.900000000000000000e+02 3.721099999999999909e+03
1.366000000000000000e+03 3.745750000000000000e+03
9.260000000000000000e+02 3.801000000000000000e+03
1.518000000000000000e+03 3.917849999999999909e+03
1.398000000000000000e+03 4.113800000000000182e+03
1.182000000000000000e+03 4.174800000000000182e+03
1.422000000000000000e+03 4.184100000000000364e+03
9.820000000000000000e+02 4.231949999999999818e+03
1.334000000000000000e+03 4.252199999999999818e+03
1.486000000000000000e+03 4.264550000000000182e+03
1.190000000000000000e+03 4.284750000000000000e+03
1.390000000000000000e+03 4.309649999999999636e+03
8.540000000000000000e+02 4.398500000000000000e+03
1.110000000000000000e+03 4.437500000000000000e+03
1.054000000000000000e+03 4.450000000000000000e+03
1.054000000000000000e+03 4.467900000000000546e+03
1.078000000000000000e+03 4.468550000000000182e+03
9.420000000000000000e+02 4.469850000000000364e+03
1.390000000000000000e+03 4.479150000000000546e+03
1.470000000000000000e+03 4.485550000000000182e+03
1.206000000000000000e+03 4.485900000000000546e+03
1.134000000000000000e+03 4.489000000000000000e+03
1.134000000000000000e+03 4.536350000000000364e+03
1.222000000000000000e+03 4.546800000000000182e+03
1.030000000000000000e+03 4.555000000000000000e+03
9.020000000000000000e+02 4.573449999999999818e+03
1.046000000000000000e+03 4.574650000000000546e+03
8.460000000000000000e+02 4.583100000000000364e+03
1.198000000000000000e+03 4.685500000000000000e+03
1.262000000000000000e+03 4.718900000000000546e+03
1.118000000000000000e+03 4.734150000000000546e+03
8.620000000000000000e+02 4.755650000000000546e+03
1.310000000000000000e+03 4.833449999999999818e+03
8.300000000000000000e+02 4.837050000000000182e+03
1.550000000000000000e+03 4.920699999999999818e+03
1.286000000000000000e+03 4.964050000000000182e+03
1.534000000000000000e+03 4.983750000000000000e+03
9.180000000000000000e+02 4.986000000000000000e+03
1.358000000000000000e+03 4.990600000000000364e+03
1.246000000000000000e+03 5.029350000000000364e+03
1.598000000000000000e+03 5.052350000000000364e+03
1.206000000000000000e+03 5.057949999999999818e+03
1.350000000000000000e+03 5.111850000000000364e+03
1.302000000000000000e+03 5.117050000000000182e+03
9.500000000000000000e+02 5.143400000000000546e+03
1.302000000000000000e+03 5.316650000000000546e+03
1.590000000000000000e+03 5.322400000000000546e+03
1.382000000000000000e+03 5.327550000000000182e+03
1.574000000000000000e+03 5.372699999999999818e+03
9.980000000000000000e+02 5.475600000000000364e+03
1.414000000000000000e+03 5.495650000000000546e+03
8.700000000000000000e+02 5.608000000000000000e+03
9.660000000000000000e+02 5.622050000000000182e+03
1.150000000000000000e+03 5.622150000000000546e+03
9.100000000000000000e+02 5.704350000000000364e+03
9.900000000000000000e+02 5.709000000000000000e+03
1.574000000000000000e+03 5.740800000000000182e+03
1.126000000000000000e+03 5.769750000000000000e+03
1.430000000000000000e+03 5.866150000000000546e+03
1.454000000000000000e+03 5.896550000000000182e+03
9.900000000000000000e+02 5.899449999999999818e+03
1.358000000000000000e+03 5.918750000000000000e+03
1.222000000000000000e+03 5.973050000000000182e+03
1.126000000000000000e+03 5.979900000000000546e+03
8.710000000000000000e+02 1.044500000000000028e+02
1.255000000000000000e+03 1.094500000000000028e+02
1.159000000000000000e+03 1.172999999999999972e+02
1.111000000000000000e+03 1.515000000000000000e+02
1.335000000000000000e+03 1.539000000000000057e+02
1.391000000000000000e+03 1.973499999999999943e+02
1.407000000000000000e+03 2.108499999999999943e+02
1.079000000000000000e+03 2.596000000000000227e+02
1.103000000000000000e+03 2.656499999999999773e+02
1.575000000000000000e+03 3.184000000000000341e+02
9.830000000000000000e+02 3.428000000000000114e+02
1.479000000000000000e+03 3.706999999999999886e+02
1.359000000000000000e+03 3.906500000000000341e+02
8.630000000000000000e+02 3.990000000000000000e+02
1.535000000000000000e+03 4.034499999999999886e+02
1.119000000000000000e+03 4.455000000000000000e+02
1.311000000000000000e+03 4.579499999999999886e+02
1.215000000000000000e+03 4.742500000000000000e+02
1.255000000000000000e+03 4.775500000000000114e+02
1.247000000000000000e+03 5.220499999999999545e+02
9.270000000000000000e+02 5.303999999999999773e+02
1.287000000000000000e+03 5.347500000000000000e+02
1.023000000000000000e+03 5.557000000000000455e+02
1.263000000000000000e+03 5.588500000000000227e+02
1.399000000000000000e+03 5.810000000000000000e+02
8.470000000000000000e+02 5.851000000000000227e+02
9.270000000000000000e+02 6.061499999999999773e+02
1.487000000000000000e+03 6.301000000000000227e+02
1.207000000000000000e+03 6.332500000000000000e+02
1.247000000000000000e+03 6.424500000000000455e+02
1.511000000000000000e+03 6.447500000000000000e+02
1.447000000000000000e+03 6.588999999999999773e+02
1.279000000000000000e+03 6.876000000000000227e+02
1.127000000000000000e+03 6.910500000000000682e+02
9.510000000000000000e+02 6.989500000000000455e+02
1.383000000000000000e+03 7.087500000000000000e+02
9.030000000000000000e+02 7.212500000000000000e+02
1.111000000000000000e+03 7.358999999999999773e+02
8.870000000000000000e+02 7.363999999999999773e+02
1.175000000000000000e+03 7.373000000000000682e+02
1.103000000000000000e+03 7.701499999999999773e+02
1.183000000000000000e+03 7.713999999999999773e+02
1.407000000000000000e+03 8.060500000000000682e+02
1.447000000000000000e+03 8.179500000000000455e+02
1.159000000000000000e+03 8.612000000000000455e+02
9.510000000000000000e+02 8.705000000000000000e+02
1.015000000000000000e+03 8.783000000000000682e+02
1.391000000000000000e+03 8.805000000000000000e+02
1.279000000000000000e+03 8.933999999999999773e+02
1.503000000000000000e+03 8.963999999999999773e+02
1.167000000000000000e+03 8.975000000000000000e+02
1.127000000000000000e+03 9.016000000000000227e+02
1.263000000000000000e+03 9.043000000000000682e+02
9.430000000000000000e+02 9.093500000000000227e+02
8.390000000000000000e+02 9.148000000000000682e+02
1.399000000000000000e+03 9.323000000000000682e+02
1.231000000000000000e+03 9.360000000000000000e+02
1.399000000000000000e+03 9.462500000000000000e+02
1.375000000000000000e+03 9.641499999999999773e+02
1.239000000000000000e+03 9.642500000000000000e+02
1.079000000000000000e+03 9.713999999999999773e+02
1.127000000000000000e+03 1.013100000000000023e+03
9.590000000000000000e+02 1.029549999999999955e+03
9.990000000000000000e+02 1.039799999999999955e+03
1.599000000000000000e+03 1.052150000000000091e+03
9.350000000000000000e+02 1.058450000000000045e+03
1.103000000000000000e+03 1.075900000000000091e+03
8.870000000000000000e+02 1.078500000000000000e+03
1.543000000000000000e+03 1.084500000000000000e+03
1.519000000000000000e+03 1.095950000000000045e+03
8.630000000000000000e+02 1.107799999999999955e+03
8.070000000000000000e+02 1.111100000000000136e+03
1.151000000000000000e+03 1.147000000000000000e+03
1.391000000000000000e+03 1.163049999999999955e+03
1.175000000000000000e+03 1.167049999999999955e+03
8.070000000000000000e+02 1.199049999999999955e+03
9.990000000000000000e+02 1.229950000000000045e+03
1.183000000000000000e+03 1.231100000000000136e+03
8.550000000000000000e+02 1.252000000000000000e+03
1.343000000000000000e+03 1.272450000000000045e+03
1.111000000000000000e+03 1.273350000000000136e+03
8.470000000000000000e+02 1.278549999999999955e+03
1.191000000000000000e+03 1.285850000000000136e+03
1.119000000000000000e+03 1.389750000000000000e+03
1.279000000000000000e+03 1.394150000000000091e+03
1.263000000000000000e+03 1.437450000000000045e+03
1.471000000000000000e+03 1.453299999999999955e+03
1.271000000000000000e+03 1.470799999999999955e+03
1.535000000000000000e+03 1.474549999999999955e+03
1.319000000000000000e+03 1.488150000000000091e+03
8.470000000000000000e+02 1.527049999999999955e+03
8.070000000000000000e+02 1.533549999999999955e+03
1.551000000000000000e+03 1.535049999999999955e+03
8.230000000000000000e+02 1.535850000000000136e+03
1.567000000000000000e+03 1.538900000000000091e+03
9.670000000000000000e+02 1.549250000000000000e+03
9.670000000000000000e+02 1.589400000000000091e+03
1.319000000000000000e+03 1.618799999999999955e+03
1.007000000000000000e+03 1.637950000000000045e+03
1.303000000000000000e+03 1.645450000000000045e+03
1.391000000000000000e+03 1.648350000000000136e+03
9.270000000000000000e+02 1.657700000000000045e+03
9.030000000000000000e+02 1.660700000000000045e+03
1.567000000000000000e+03 1.670750000000000000e+03
1.535000000000000000e+03 1.672150000000000091e+03
1.423000000000000000e+03 1.686350000000000136e+03
1.575000000000000000e+03 1.689350000000000136e+03
1.431000000000000000e+03 1.730650000000000091e+03
9.190000000000000000e+02 1.762750000000000000e+03
8.230000000000000000e+02 1.765650000000000091e+03
8.150000000000000000e+02 1.768650000000000091e+03
1.591000000000000000e+03 1.779799999999999955e+03
8.550000000000000000e+02 1.784049999999999955e+03
1.255000000000000000e+03 1.835400000000000091e+03
1.207000000000000000e+03 1.852250000000000000e+03
8.470000000000000000e+02 1.859900000000000091e+03
1.015000000000000000e+03 1.864350000000000136e+03
1.407000000000000000e+03 1.878850000000000136e+03
1.471000000000000000e+03 1.889650000000000091e+03
8.310000000000000000e+02 1.899900000000000091e+03
1.239000000000000000e+03 1.909350000000000136e+03
1.295000000000000000e+03 1.910700000000000045e+03
1.199000000000000000e+03 1.920600000000000136e+03
1.135000000000000000e+03 1.925500000000000000e+03
1.191000000000000000e+03 1.929250000000000000e+03
1.215000000000000000e+03 1.956100000000000136e+03
1.471000000000000000e+03 1.958400000000000091e+03
1.143000000000000000e+03 1.958750000000000000e+03
1.327000000000000000e+03 1.971549999999999955e+03
1.591000000000000000e+03 1.977250000000000000e+03
8.470000000000000000e+02 1.989700000000000045e+03
1.535000000000000000e+03 2.040400000000000091e+03
1.335000000000000000e+03 2.045799999999999955e+03
1.047000000000000000e+03 2.058099999999999909e+03
1.335000000000000000e+03 2.059699999999999818e+03
1.343000000000000000e+03 2.085099999999999909e+03
1.551000000000000000e+03 2.089849999999999909e+03
1.551000000000000000e+03 2.108099999999999909e+03
1.199000000000000000e+03 2.114099999999999909e+03
1.335000000000000000e+03 2.136150000000000091e+03
8.150000000000000000e+02 2.155400000000000091e+03
1.423000000000000000e+03 2.160750000000000000e+03
8.310000000000000000e+02 2.164550000000000182e+03
9.110000000000000000e+02 2.174099999999999909e+03
1.455000000000000000e+03 2.197349999999999909e+03
1.231000000000000000e+03 2.202400000000000091e+03
1.135000000000000000e+03 2.207550000000000182e+03
9.110000000000000000e+02 2.219300000000000182e+03
1.343000000000000000e+03 2.228750000000000000e+03
9.750000000000000000e+02 2.233500000000000000e+03
1.159000000000000000e+03 2.249800000000000182e+03
8.310000000000000000e+02 2.250700000000000273e+03
1.119000000000000000e+03 2.255900000000000091e+03
8.630000000000000000e+02 2.256550000000000182e+03
1.375000000000000000e+03 2.283050000000000182e+03
8.070000000000000000e+02 2.322599999999999909e+03
1.063000000000000000e+03 2.324750000000000000e+03
9.910000000000000000e+02 2.331200000000000273e+03
9.110000000000000000e+02 2.336900000000000091e+03
1.519000000000000000e+03 2.359300000000000182e+03
1.135000000000000000e+03 2.370650000000000091e+03
1.447000000000000000e+03 2.374550000000000182e+03
9.430000000000000000e+02 2.397099999999999909e+03
1.071000000000000000e+03 2.412000000000000000e+03
1.103000000000000000e+03 2.424800000000000182e+03
1.287000000000000000e+03 2.460450000000000273e+03
1.559000000000000000e+03 2.536400000000000091e+03
8.710000000000000000e+02 2.559250000000000000e+03
1.167000000000000000e+03 2.565500000000000000e+03
1.351000000000000000e+03 2.565950000000000273e+03
1.335000000000000000e+03 2.577099999999999909e+03
1.239000000000000000e+03 2.588300000000000182e+03
1.375000000000000000e+03 2.596550000000000182e+03
8.710000000000000000e+02 2.600450000000000273e+03
1.447000000000000000e+03 2.603849999999999909e+03
9.430000000000000000e+02 2.614650000000000091e+03
1.359000000000000000e+03 2.624500000000000000e+03
9.750000000000000000e+02 2.649150000000000091e+03
1.551000000000000000e+03 2.649150000000000091e+03
1.575000000000000000e+03 2.649849999999999909e+03
1.271000000000000000e+03 2.657050000000000182e+03
9.910000000000000000e+02 2.666849999999999909e+03
8.070000000000000000e+02 2.674450000000000273e+03
1.103000000000000000e+03 2.674950000000000273e+03
1.071000000000000000e+03 2.679099999999999909e+03
1.127000000000000000e+03 2.681050000000000182e+03
8.630000000000000000e+02 2.699450000000000273e+03
1.551000000000000000e+03 2.706750000000000000e+03
1.343000000000000000e+03 2.707650000000000091e+03
1.159000000000000000e+03 2.710800000000000182e+03
1.527000000000000000e+03 2.718250000000000000e+03
1.295000000000000000e+03 2.720200000000000273e+03
1.559000000000000000e+03 2.733599999999999909e+03
1.439000000000000000e+03 2.742000000000000000e+03
1.007000000000000000e+03 2.742650000000000091e+03
9.750000000000000000e+02 2.743300000000000182e+03
1.039000000000000000e+03 2.745099999999999909e+03
1.071000000000000000e+03 2.753950000000000273e+03
1.327000000000000000e+03 2.755400000000000091e+03
1.159000000000000000e+03 2.756300000000000182e+03
1.207000000000000000e+03 2.757950000000000273e+03
8.470000000000000000e+02 2.776849999999999909e+03
9.510000000000000000e+02 2.783050000000000182e+03
9.990000000000000000e+02 2.792900000000000091e+03
9.990000000000000000e+02 2.804750000000000000e+03
8.550000000000000000e+02 2.817500000000000000e+03
1.279000000000000000e+03 2.833500000000000000e+03
1.103000000000000000e+03 2.841450000000000273e+03
1.119000000000000000e+03 2.844000000000000000e+03
1.487000000000000000e+03 2.861750000000000000e+03
1.511000000000000000e+03 2.886099999999999909e+03
9.830000000000000000e+02 2.898750000000000000e+03
1.087000000000000000e+03 2.931300000000000182e+03
1.079000000000000000e+03 2.945400000000000091e+03
1.591000000000000000e+03 2.962950000000000273e+03
8.790000000000000000e+02 2.969950000000000273e+03
8.070000000000000000e+02 2.997800000000000182e+03
1.015000000000000000e+03 3.420099999999999909e+03
9.030000000000000000e+02 3.449900000000000091e+03
1.095000000000000000e+03 3.456150000000000091e+03
9.990000000000000000e+02 3.462000000000000000e+03
1.375000000000000000e+03 3.467050000000000182e+03
1.167000000000000000e+03 3.480400000000000091e+03
9.990000000000000000e+02 3.503650000000000091e+03
1.559000000000000000e+03 3.517849999999999909e+03
1.151000000000000000e+03 3.523750000000000000e+03
1.383000000000000000e+03 3.575200000000000273e+03
1.119000000000000000e+03 3.591599999999999909e+03
1.495000000000000000e+03 3.597550000000000182e+03
1.079000000000000000e+03 3.609700000000000273e+03
1.223000000000000000e+03 3.727050000000000182e+03
1.015000000000000000e+03 3.763250000000000000e+03
1.207000000000000000e+03 3.785050000000000182e+03
1.575000000000000000e+03 3.924599999999999909e+03
1.207000000000000000e+03 4.153449999999999818e+03
9.670000000000000000e+02 4.158100000000000364e+03
8.710000000000000000e+02 4.241800000000000182e+03
9.430000000000000000e+02 4.256500000000000000e+03
1.383000000000000000e+03 4.273699999999999818e+03
1.047000000000000000e+03 4.385750000000000000e+03
1.535000000000000000e+03 4.437850000000000364e+03
1.495000000000000000e+03 4.444150000000000546e+03
1.087000000000000000e+03 4.499100000000000364e+03
8.310000000000000000e+02 4.512850000000000364e+03
1.271000000000000000e+03 4.560900000000000546e+03
8.470000000000000000e+02 4.567850000000000364e+03
1.095000000000000000e+03 4.576300000000000182e+03
1.191000000000000000e+03 4.756350000000000364e+03
1.455000000000000000e+03 4.760850000000000364e+03
9.990000000000000000e+02 4.761600000000000364e+03
1.335000000000000000e+03 4.785000000000000000e+03
1.575000000000000000e+03 4.792150000000000546e+03
8.550000000000000000e+02 4.797850000000000364e+03
9.750000000000000000e+02 4.805550000000000182e+03
1.271000000000000000e+03 4.929650000000000546e+03
1.271000000000000000e+03 4.952050000000000182e+03
8.550000000000000000e+02 4.978199999999999818e+03
1.535000000000000000e+03 4.978550000000000182e+03
1.519000000000000000e+03 4.996199999999999818e+03
9.350000000000000000e+02 5.018800000000000182e+03
1.015000000000000000e+03 5.042949999999999818e+03
1.055000000000000000e+03 5.052100000000000364e+03
8.630000000000000000e+02 5.065900000000000546e+03
1.247000000000000000e+03 5.075850000000000364e+03
8.470000000000000000e+02 5.108500000000000000e+03
9.990000000000000000e+02 5.113100000000000364e+03
1.159000000000000000e+03 5.115100000000000364e+03
1.567000000000000000e+03 5.115250000000000000e+03
1.591000000000000000e+03 5.122600000000000364e+03
1.007000000000000000e+03 5.146250000000000000e+03
9.990000000000000000e+02 5.165949999999999818e+03
1.415000000000000000e+03 5.190500000000000000e+03
1.039000000000000000e+03 5.198050000000000182e+03
1.239000000000000000e+03 5.199800000000000182e+03
1.287000000000000000e+03 5.352250000000000000e+03
1.455000000000000000e+03 5.370050000000000182e+03
1.047000000000000000e+03 5.424699999999999818e+03
1.599000000000000000e+03 5.456000000000000000e+03
8.950000000000000000e+02 5.493350000000000364e+03
8.790000000000000000e+02 5.515500000000000000e+03
1.447000000000000000e+03 5.558850000000000364e+03
1.415000000000000000e+03 5.586250000000000000e+03
1.591000000000000000e+03 5.600250000000000000e+03
1.279000000000000000e+03 5.619350000000000364e+03
1.351000000000000000e+03 5.660449999999999818e+03
1.487000000000000000e+03 5.716250000000000000e+03
1.047000000000000000e+03 5.744050000000000182e+03
1.471000000000000000e+03 5.851150000000000546e+03
1.263000000000000000e+03 5.885850000000000364e+03
1.439000000000000000e+03 5.992100000000000364e+03
