2.048000000000000000e+03 1.251500000000000057e+02
2.000000000000000000e+03 1.293499999999999943e+02
2.296000000000000000e+03 1.350000000000000000e+02
1.896000000000000000e+03 1.599500000000000171e+02
1.752000000000000000e+03 1.647500000000000000e+02
2.280000000000000000e+03 1.835500000000000114e+02
1.784000000000000000e+03 2.088499999999999943e+02
2.136000000000000000e+03 2.358000000000000114e+02
2.184000000000000000e+03 2.557500000000000000e+02
1.992000000000000000e+03 2.767500000000000000e+02
1.672000000000000000e+03 2.815000000000000000e+02
1.696000000000000000e+03 2.953000000000000114e+02
2.264000000000000000e+03 3.489499999999999886e+02
2.248000000000000000e+03 3.592500000000000000e+02
1.872000000000000000e+03 3.651500000000000341e+02
2.128000000000000000e+03 3.651500000000000341e+02
2.344000000000000000e+03 3.665500000000000114e+02
2.400000000000000000e+03 4.071000000000000227e+02
2.312000000000000000e+03 4.144499999999999886e+02
2.216000000000000000e+03 4.232500000000000000e+02
2.176000000000000000e+03 4.790500000000000114e+02
2.328000000000000000e+03 5.034000000000000341e+02
1.784000000000000000e+03 5.135499999999999545e+02
1.784000000000000000e+03 5.216000000000000227e+02
2.384000000000000000e+03 5.690500000000000682e+02
1.744000000000000000e+03 5.758000000000000682e+02
1.800000000000000000e+03 5.931000000000000227e+02
1.888000000000000000e+03 6.035500000000000682e+02
2.240000000000000000e+03 6.291000000000000227e+02
2.400000000000000000e+03 6.443999999999999773e+02
1.792000000000000000e+03 6.563000000000000682e+02
1.784000000000000000e+03 6.573000000000000682e+02
2.064000000000000000e+03 6.677500000000000000e+02
2.224000000000000000e+03 6.746499999999999773e+02
1.680000000000000000e+03 7.011499999999999773e+02
2.280000000000000000e+03 7.170500000000000682e+02
1.928000000000000000e+03 7.244500000000000455e+02
2.288000000000000000e+03 7.495500000000000682e+02
1.616000000000000000e+03 7.628999999999999773e+02
2.176000000000000000e+03 7.867000000000000455e+02
1.864000000000000000e+03 8.043999999999999773e+02
2.304000000000000000e+03 8.476000000000000227e+02
1.984000000000000000e+03 8.501499999999999773e+02
2.160000000000000000e+03 8.727500000000000000e+02
1.816000000000000000e+03 8.780000000000000000e+02
1.992000000000000000e+03 8.812500000000000000e+02
2.104000000000000000e+03 8.879500000000000455e+02
2.336000000000000000e+03 9.431499999999999773e+02
1.856000000000000000e+03 9.433999999999999773e+02
1.960000000000000000e+03 9.593999999999999773e+02
2.304000000000000000e+03 9.882500000000000000e+02
2.384000000000000000e+03 1.001399999999999977e+03
1.656000000000000000e+03 1.005800000000000068e+03
1.648000000000000000e+03 1.010700000000000045e+03
1.784000000000000000e+03 1.012050000000000068e+03
1.632000000000000000e+03 1.017649999999999977e+03
1.904000000000000000e+03 1.032099999999999909e+03
1.752000000000000000e+03 1.033549999999999955e+03
2.184000000000000000e+03 1.040099999999999909e+03
2.272000000000000000e+03 1.049000000000000000e+03
1.776000000000000000e+03 1.053349999999999909e+03
2.320000000000000000e+03 1.057299999999999955e+03
2.168000000000000000e+03 1.064200000000000045e+03
2.248000000000000000e+03 1.064650000000000091e+03
1.712000000000000000e+03 1.065700000000000045e+03
1.800000000000000000e+03 1.076450000000000045e+03
2.176000000000000000e+03 1.143600000000000136e+03
1.976000000000000000e+03 1.144299999999999955e+03
2.032000000000000000e+03 1.191950000000000045e+03
2.008000000000000000e+03 1.196600000000000136e+03
2.360000000000000000e+03 1.219500000000000000e+03
1.840000000000000000e+03 1.232150000000000091e+03
2.008000000000000000e+03 1.234700000000000045e+03
2.056000000000000000e+03 1.252900000000000091e+03
1.824000000000000000e+03 1.260900000000000091e+03
1.768000000000000000e+03 1.314250000000000000e+03
2.352000000000000000e+03 1.337299999999999955e+03
2.016000000000000000e+03 1.357350000000000136e+03
2.264000000000000000e+03 1.382000000000000000e+03
2.352000000000000000e+03 1.384350000000000136e+03
1.944000000000000000e+03 1.390600000000000136e+03
1.856000000000000000e+03 1.393900000000000091e+03
2.240000000000000000e+03 1.399100000000000136e+03
2.184000000000000000e+03 1.424650000000000091e+03
2.296000000000000000e+03 1.425400000000000091e+03
1.984000000000000000e+03 1.433750000000000000e+03
1.680000000000000000e+03 1.435700000000000045e+03
1.648000000000000000e+03 1.469299999999999955e+03
1.664000000000000000e+03 1.495950000000000045e+03
1.704000000000000000e+03 1.498299999999999955e+03
2.168000000000000000e+03 1.521000000000000000e+03
1.624000000000000000e+03 1.538100000000000136e+03
1.888000000000000000e+03 1.577299999999999955e+03
1.696000000000000000e+03 1.589549999999999955e+03
2.232000000000000000e+03 1.599049999999999955e+03
1.776000000000000000e+03 1.629299999999999955e+03
1.976000000000000000e+03 1.639400000000000091e+03
1.664000000000000000e+03 1.655900000000000091e+03
1.640000000000000000e+03 1.710500000000000000e+03
2.344000000000000000e+03 1.710549999999999955e+03
2.312000000000000000e+03 1.725700000000000045e+03
1.912000000000000000e+03 1.734900000000000091e+03
1.816000000000000000e+03 1.746950000000000045e+03
1.680000000000000000e+03 1.748950000000000045e+03
1.832000000000000000e+03 1.751500000000000000e+03
2.112000000000000000e+03 1.753250000000000000e+03
1.976000000000000000e+03 1.761350000000000136e+03
2.400000000000000000e+03 1.764000000000000000e+03
2.024000000000000000e+03 1.764500000000000000e+03
2.024000000000000000e+03 1.796450000000000045e+03
1.624000000000000000e+03 1.806549999999999955e+03
2.176000000000000000e+03 1.806700000000000045e+03
2.184000000000000000e+03 1.818850000000000136e+03
2.280000000000000000e+03 1.846450000000000045e+03
2.296000000000000000e+03 1.852350000000000136e+03
2.096000000000000000e+03 1.866600000000000136e+03
1.688000000000000000e+03 1.876200000000000045e+03
2.200000000000000000e+03 1.888000000000000000e+03
1.968000000000000000e+03 1.979650000000000091e+03
2.320000000000000000e+03 2.020549999999999955e+03
2.224000000000000000e+03 2.027400000000000091e+03
2.016000000000000000e+03 2.043400000000000091e+03
1.736000000000000000e+03 2.043799999999999955e+03
1.616000000000000000e+03 2.053849999999999909e+03
1.928000000000000000e+03 2.057650000000000091e+03
2.088000000000000000e+03 2.059650000000000091e+03
2.240000000000000000e+03 2.093199999999999818e+03
1.736000000000000000e+03 2.101650000000000091e+03
1.760000000000000000e+03 2.102900000000000091e+03
1.632000000000000000e+03 2.107050000000000182e+03
2.208000000000000000e+03 2.109800000000000182e+03
1.640000000000000000e+03 2.138000000000000000e+03
2.080000000000000000e+03 2.152400000000000091e+03
1.632000000000000000e+03 2.162400000000000091e+03
2.304000000000000000e+03 2.173550000000000182e+03
1.816000000000000000e+03 2.177349999999999909e+03
1.712000000000000000e+03 2.214300000000000182e+03
2.128000000000000000e+03 2.228599999999999909e+03
1.976000000000000000e+03 2.266250000000000000e+03
1.680000000000000000e+03 2.277800000000000182e+03
1.768000000000000000e+03 2.278200000000000273e+03
2.128000000000000000e+03 2.280200000000000273e+03
1.944000000000000000e+03 2.299150000000000091e+03
2.024000000000000000e+03 2.313700000000000273e+03
1.608000000000000000e+03 2.314700000000000273e+03
1.808000000000000000e+03 2.332050000000000182e+03
2.096000000000000000e+03 2.340050000000000182e+03
1.728000000000000000e+03 2.351950000000000273e+03
2.184000000000000000e+03 2.359550000000000182e+03
2.280000000000000000e+03 2.437300000000000182e+03
1.864000000000000000e+03 2.437400000000000091e+03
2.352000000000000000e+03 2.442800000000000182e+03
2.296000000000000000e+03 2.450050000000000182e+03
2.160000000000000000e+03 2.452349999999999909e+03
2.232000000000000000e+03 2.470500000000000000e+03
2.288000000000000000e+03 2.472300000000000182e+03
1.944000000000000000e+03 2.482400000000000091e+03
2.056000000000000000e+03 2.485099999999999909e+03
2.232000000000000000e+03 2.489050000000000182e+03
2.096000000000000000e+03 2.502550000000000182e+03
2.216000000000000000e+03 2.590150000000000091e+03
2.176000000000000000e+03 2.591700000000000273e+03
2.208000000000000000e+03 2.603800000000000182e+03
2.280000000000000000e+03 2.629550000000000182e+03
1.896000000000000000e+03 2.632599999999999909e+03
1.912000000000000000e+03 2.667599999999999909e+03
1.992000000000000000e+03 2.675700000000000273e+03
1.736000000000000000e+03 2.703450000000000273e+03
2.072000000000000000e+03 2.721450000000000273e+03
2.264000000000000000e+03 2.741700000000000273e+03
2.144000000000000000e+03 2.753000000000000000e+03
2.224000000000000000e+03 2.757550000000000182e+03
2.320000000000000000e+03 2.758400000000000091e+03
2.248000000000000000e+03 2.770150000000000091e+03
2.024000000000000000e+03 2.784500000000000000e+03
1.944000000000000000e+03 2.787950000000000273e+03
1.808000000000000000e+03 2.794300000000000182e+03
2.032000000000000000e+03 2.795099999999999909e+03
1.664000000000000000e+03 2.797250000000000000e+03
1.624000000000000000e+03 2.833700000000000273e+03
1.792000000000000000e+03 2.834550000000000182e+03
1.720000000000000000e+03 2.835900000000000091e+03
2.392000000000000000e+03 2.839300000000000182e+03
1.664000000000000000e+03 2.867599999999999909e+03
2.088000000000000000e+03 2.873250000000000000e+03
2.040000000000000000e+03 2.875849999999999909e+03
1.616000000000000000e+03 2.881050000000000182e+03
1.704000000000000000e+03 2.904500000000000000e+03
1.736000000000000000e+03 2.908050000000000182e+03
1.736000000000000000e+03 2.934349999999999909e+03
1.848000000000000000e+03 2.973700000000000273e+03
1.872000000000000000e+03 2.995099999999999909e+03
1.656000000000000000e+03 3.433450000000000273e+03
2.136000000000000000e+03 3.460500000000000000e+03
1.784000000000000000e+03 3.461950000000000273e+03
2.200000000000000000e+03 3.468950000000000273e+03
1.720000000000000000e+03 3.474250000000000000e+03
2.264000000000000000e+03 3.495650000000000091e+03
1.960000000000000000e+03 3.502150000000000091e+03
2.104000000000000000e+03 3.502150000000000091e+03
1.992000000000000000e+03 3.508849999999999909e+03
1.968000000000000000e+03 3.519000000000000000e+03
1.840000000000000000e+03 3.534500000000000000e+03
1.656000000000000000e+03 3.534650000000000091e+03
2.272000000000000000e+03 3.560000000000000000e+03
2.104000000000000000e+03 3.603900000000000091e+03
2.264000000000000000e+03 3.606099999999999909e+03
2.176000000000000000e+03 3.609900000000000091e+03
2.200000000000000000e+03 3.626700000000000273e+03
2.144000000000000000e+03 3.706950000000000273e+03
2.304000000000000000e+03 3.763300000000000182e+03
2.152000000000000000e+03 3.782349999999999909e+03
2.064000000000000000e+03 3.791849999999999909e+03
2.184000000000000000e+03 3.892550000000000182e+03
2.216000000000000000e+03 3.983550000000000182e+03
2.376000000000000000e+03 4.168149999999999636e+03
2.208000000000000000e+03 4.186949999999999818e+03
2.160000000000000000e+03 4.205250000000000000e+03
2.168000000000000000e+03 4.209050000000000182e+03
2.320000000000000000e+03 4.211850000000000364e+03
1.648000000000000000e+03 4.212500000000000000e+03
1.688000000000000000e+03 4.220750000000000000e+03
1.640000000000000000e+03 4.236949999999999818e+03
1.688000000000000000e+03 4.265199999999999818e+03
2.248000000000000000e+03 4.287850000000000364e+03
1.984000000000000000e+03 4.412350000000000364e+03
1.768000000000000000e+03 4.436300000000000182e+03
1.648000000000000000e+03 4.468900000000000546e+03
2.016000000000000000e+03 4.498100000000000364e+03
2.056000000000000000e+03 4.552750000000000000e+03
2.000000000000000000e+03 4.561600000000000364e+03
2.016000000000000000e+03 4.675350000000000364e+03
1.656000000000000000e+03 4.677000000000000000e+03
2.064000000000000000e+03 4.678000000000000000e+03
1.768000000000000000e+03 4.703050000000000182e+03
1.992000000000000000e+03 4.725699999999999818e+03
1.720000000000000000e+03 4.752850000000000364e+03
2.280000000000000000e+03 4.765500000000000000e+03
2.096000000000000000e+03 4.768750000000000000e+03
2.208000000000000000e+03 4.799150000000000546e+03
2.088000000000000000e+03 4.809699999999999818e+03
1.776000000000000000e+03 4.935850000000000364e+03
1.744000000000000000e+03 5.004199999999999818e+03
1.856000000000000000e+03 5.005850000000000364e+03
1.712000000000000000e+03 5.055600000000000364e+03
2.384000000000000000e+03 5.056000000000000000e+03
2.056000000000000000e+03 5.083300000000000182e+03
2.192000000000000000e+03 5.086949999999999818e+03
2.104000000000000000e+03 5.092949999999999818e+03
2.320000000000000000e+03 5.097850000000000364e+03
1.624000000000000000e+03 5.133699999999999818e+03
1.888000000000000000e+03 5.135750000000000000e+03
1.688000000000000000e+03 5.136500000000000000e+03
2.184000000000000000e+03 5.144350000000000364e+03
1.640000000000000000e+03 5.147449999999999818e+03
1.712000000000000000e+03 5.160800000000000182e+03
1.856000000000000000e+03 5.164650000000000546e+03
1.944000000000000000e+03 5.176000000000000000e+03
2.184000000000000000e+03 5.189650000000000546e+03
1.864000000000000000e+03 5.191900000000000546e+03
2.352000000000000000e+03 5.191949999999999818e+03
1.752000000000000000e+03 5.345550000000000182e+03
1.712000000000000000e+03 5.496800000000000182e+03
1.912000000000000000e+03 5.588449999999999818e+03
2.112000000000000000e+03 5.645699999999999818e+03
2.096000000000000000e+03 5.692350000000000364e+03
1.608000000000000000e+03 5.711750000000000000e+03
2.184000000000000000e+03 5.757250000000000000e+03
2.376000000000000000e+03 5.767949999999999818e+03
2.128000000000000000e+03 5.798400000000000546e+03
2.176000000000000000e+03 5.924500000000000000e+03
2.296000000000000000e+03 5.975600000000000364e+03
1.681000000000000000e+03 1.102000000000000028e+02
2.289000000000000000e+03 1.164500000000000028e+02
2.209000000000000000e+03 1.451500000000000057e+02
2.105000000000000000e+03 1.614000000000000057e+02
1.889000000000000000e+03 1.684500000000000171e+02
1.601000000000000000e+03 1.703000000000000114e+02
2.017000000000000000e+03 1.789500000000000171e+02
2.353000000000000000e+03 1.838499999999999943e+02
1.713000000000000000e+03 2.098000000000000114e+02
1.681000000000000000e+03 2.340500000000000114e+02
2.289000000000000000e+03 2.645000000000000000e+02
2.017000000000000000e+03 2.651499999999999773e+02
2.097000000000000000e+03 2.798500000000000227e+02
1.705000000000000000e+03 2.948000000000000114e+02
1.633000000000000000e+03 3.153500000000000227e+02
1.833000000000000000e+03 3.188000000000000114e+02
1.761000000000000000e+03 3.214000000000000341e+02
1.809000000000000000e+03 3.556000000000000227e+02
1.617000000000000000e+03 3.782500000000000000e+02
2.297000000000000000e+03 3.858500000000000227e+02
1.681000000000000000e+03 3.968000000000000114e+02
1.921000000000000000e+03 4.209000000000000341e+02
1.953000000000000000e+03 4.531500000000000341e+02
2.289000000000000000e+03 4.547500000000000000e+02
1.625000000000000000e+03 4.631999999999999886e+02
1.761000000000000000e+03 4.785000000000000000e+02
2.329000000000000000e+03 4.880500000000000114e+02
2.113000000000000000e+03 4.975500000000000114e+02
1.785000000000000000e+03 5.140000000000000000e+02
1.937000000000000000e+03 5.188500000000000227e+02
1.913000000000000000e+03 5.270000000000000000e+02
2.209000000000000000e+03 5.666499999999999773e+02
1.713000000000000000e+03 6.015000000000000000e+02
1.825000000000000000e+03 6.067000000000000455e+02
2.089000000000000000e+03 6.125000000000000000e+02
2.369000000000000000e+03 6.390500000000000682e+02
1.921000000000000000e+03 6.463999999999999773e+02
2.001000000000000000e+03 6.512500000000000000e+02
1.849000000000000000e+03 6.557500000000000000e+02
2.369000000000000000e+03 6.957500000000000000e+02
1.729000000000000000e+03 7.113000000000000682e+02
1.737000000000000000e+03 7.409500000000000455e+02
1.705000000000000000e+03 7.707000000000000455e+02
1.705000000000000000e+03 7.943000000000000682e+02
2.153000000000000000e+03 7.993999999999999773e+02
1.897000000000000000e+03 8.695000000000000000e+02
1.625000000000000000e+03 8.808500000000000227e+02
1.929000000000000000e+03 9.246499999999999773e+02
2.345000000000000000e+03 9.338000000000000682e+02
2.129000000000000000e+03 9.449500000000000455e+02
2.105000000000000000e+03 9.458000000000000682e+02
2.217000000000000000e+03 9.502500000000000000e+02
2.089000000000000000e+03 9.563999999999999773e+02
2.105000000000000000e+03 9.602500000000000000e+02
1.689000000000000000e+03 9.663999999999999773e+02
1.785000000000000000e+03 9.836499999999999773e+02
2.193000000000000000e+03 9.962500000000000000e+02
1.801000000000000000e+03 9.963999999999999773e+02
2.097000000000000000e+03 1.005450000000000045e+03
2.249000000000000000e+03 1.030750000000000000e+03
2.137000000000000000e+03 1.054549999999999955e+03
1.785000000000000000e+03 1.062849999999999909e+03
2.313000000000000000e+03 1.067200000000000045e+03
1.769000000000000000e+03 1.084549999999999955e+03
2.041000000000000000e+03 1.095799999999999955e+03
1.993000000000000000e+03 1.119250000000000000e+03
1.809000000000000000e+03 1.129100000000000136e+03
1.785000000000000000e+03 1.138549999999999955e+03
2.177000000000000000e+03 1.140799999999999955e+03
2.305000000000000000e+03 1.142400000000000091e+03
1.761000000000000000e+03 1.144200000000000045e+03
2.129000000000000000e+03 1.147350000000000136e+03
2.033000000000000000e+03 1.158650000000000091e+03
2.161000000000000000e+03 1.172299999999999955e+03
2.137000000000000000e+03 1.184650000000000091e+03
2.121000000000000000e+03 1.189799999999999955e+03
1.689000000000000000e+03 1.194600000000000136e+03
2.113000000000000000e+03 1.199450000000000045e+03
2.217000000000000000e+03 1.215299999999999955e+03
1.817000000000000000e+03 1.233350000000000136e+03
2.257000000000000000e+03 1.259049999999999955e+03
2.369000000000000000e+03 1.261750000000000000e+03
1.649000000000000000e+03 1.328799999999999955e+03
1.809000000000000000e+03 1.353400000000000091e+03
2.209000000000000000e+03 1.355850000000000136e+03
2.345000000000000000e+03 1.362100000000000136e+03
2.297000000000000000e+03 1.404049999999999955e+03
2.209000000000000000e+03 1.409100000000000136e+03
2.193000000000000000e+03 1.424850000000000136e+03
1.801000000000000000e+03 1.425650000000000091e+03
2.385000000000000000e+03 1.437250000000000000e+03
2.089000000000000000e+03 1.437450000000000045e+03
1.697000000000000000e+03 1.448350000000000136e+03
1.889000000000000000e+03 1.448850000000000136e+03
2.129000000000000000e+03 1.474549999999999955e+03
2.177000000000000000e+03 1.501900000000000091e+03
2.057000000000000000e+03 1.514250000000000000e+03
2.081000000000000000e+03 1.535900000000000091e+03
2.113000000000000000e+03 1.542650000000000091e+03
2.041000000000000000e+03 1.566500000000000000e+03
1.825000000000000000e+03 1.582100000000000136e+03
2.353000000000000000e+03 1.586799999999999955e+03
1.649000000000000000e+03 1.597150000000000091e+03
2.313000000000000000e+03 1.615049999999999955e+03
1.633000000000000000e+03 1.621100000000000136e+03
2.377000000000000000e+03 1.628600000000000136e+03
1.881000000000000000e+03 1.660000000000000000e+03
1.801000000000000000e+03 1.660200000000000045e+03
2.393000000000000000e+03 1.685150000000000091e+03
1.833000000000000000e+03 1.690100000000000136e+03
2.265000000000000000e+03 1.699100000000000136e+03
1.761000000000000000e+03 1.730650000000000091e+03
1.657000000000000000e+03 1.730900000000000091e+03
2.105000000000000000e+03 1.734650000000000091e+03
2.241000000000000000e+03 1.755150000000000091e+03
1.833000000000000000e+03 1.791450000000000045e+03
2.073000000000000000e+03 1.824250000000000000e+03
2.113000000000000000e+03 1.827049999999999955e+03
1.985000000000000000e+03 1.841350000000000136e+03
1.905000000000000000e+03 1.864650000000000091e+03
2.177000000000000000e+03 1.871200000000000045e+03
1.881000000000000000e+03 1.872049999999999955e+03
1.977000000000000000e+03 1.887750000000000000e+03
2.249000000000000000e+03 1.909500000000000000e+03
2.161000000000000000e+03 1.918250000000000000e+03
1.865000000000000000e+03 2.001950000000000045e+03
1.777000000000000000e+03 2.021799999999999955e+03
1.617000000000000000e+03 2.069949999999999818e+03
1.857000000000000000e+03 2.071750000000000000e+03
1.737000000000000000e+03 2.085949999999999818e+03
1.881000000000000000e+03 2.101550000000000182e+03
1.905000000000000000e+03 2.108300000000000182e+03
2.129000000000000000e+03 2.137500000000000000e+03
2.209000000000000000e+03 2.140900000000000091e+03
1.745000000000000000e+03 2.147099999999999909e+03
2.001000000000000000e+03 2.147650000000000091e+03
1.625000000000000000e+03 2.175199999999999818e+03
1.641000000000000000e+03 2.197950000000000273e+03
1.657000000000000000e+03 2.198700000000000273e+03
2.297000000000000000e+03 2.200450000000000273e+03
2.001000000000000000e+03 2.208349999999999909e+03
1.601000000000000000e+03 2.247599999999999909e+03
1.897000000000000000e+03 2.266300000000000182e+03
2.049000000000000000e+03 2.267300000000000182e+03
1.809000000000000000e+03 2.288650000000000091e+03
2.321000000000000000e+03 2.299150000000000091e+03
2.209000000000000000e+03 2.308349999999999909e+03
1.865000000000000000e+03 2.312150000000000091e+03
1.697000000000000000e+03 2.331450000000000273e+03
1.657000000000000000e+03 2.332800000000000182e+03
1.833000000000000000e+03 2.358650000000000091e+03
2.377000000000000000e+03 2.376300000000000182e+03
2.217000000000000000e+03 2.399050000000000182e+03
1.961000000000000000e+03 2.416900000000000091e+03
2.145000000000000000e+03 2.422650000000000091e+03
2.345000000000000000e+03 2.425000000000000000e+03
1.817000000000000000e+03 2.444650000000000091e+03
1.689000000000000000e+03 2.467050000000000182e+03
2.329000000000000000e+03 2.476300000000000182e+03
2.121000000000000000e+03 2.485849999999999909e+03
1.673000000000000000e+03 2.523200000000000273e+03
1.673000000000000000e+03 2.553150000000000091e+03
1.937000000000000000e+03 2.566400000000000091e+03
1.889000000000000000e+03 2.566950000000000273e+03
2.113000000000000000e+03 2.598050000000000182e+03
2.209000000000000000e+03 2.624050000000000182e+03
1.953000000000000000e+03 2.641400000000000091e+03
1.761000000000000000e+03 2.648800000000000182e+03
1.617000000000000000e+03 2.649349999999999909e+03
1.857000000000000000e+03 2.672400000000000091e+03
2.249000000000000000e+03 2.676450000000000273e+03
2.297000000000000000e+03 2.679849999999999909e+03
2.097000000000000000e+03 2.680500000000000000e+03
2.281000000000000000e+03 2.690200000000000273e+03
2.033000000000000000e+03 2.704250000000000000e+03
1.785000000000000000e+03 2.707700000000000273e+03
1.657000000000000000e+03 2.734150000000000091e+03
1.841000000000000000e+03 2.749650000000000091e+03
2.137000000000000000e+03 2.758150000000000091e+03
1.737000000000000000e+03 2.767550000000000182e+03
2.065000000000000000e+03 2.771250000000000000e+03
1.777000000000000000e+03 2.778750000000000000e+03
2.297000000000000000e+03 2.784400000000000091e+03
2.081000000000000000e+03 2.788800000000000182e+03
1.889000000000000000e+03 2.791849999999999909e+03
2.161000000000000000e+03 2.795250000000000000e+03
1.729000000000000000e+03 2.797050000000000182e+03
2.217000000000000000e+03 2.805599999999999909e+03
2.097000000000000000e+03 2.823099999999999909e+03
1.969000000000000000e+03 2.826150000000000091e+03
2.177000000000000000e+03 2.834000000000000000e+03
2.361000000000000000e+03 2.853550000000000182e+03
2.185000000000000000e+03 2.867900000000000091e+03
1.849000000000000000e+03 2.868550000000000182e+03
1.761000000000000000e+03 2.871050000000000182e+03
1.873000000000000000e+03 2.875950000000000273e+03
2.377000000000000000e+03 2.888000000000000000e+03
1.937000000000000000e+03 2.913250000000000000e+03
1.705000000000000000e+03 2.923349999999999909e+03
1.617000000000000000e+03 2.929300000000000182e+03
2.209000000000000000e+03 2.942099999999999909e+03
2.105000000000000000e+03 2.944750000000000000e+03
1.849000000000000000e+03 2.945900000000000091e+03
2.249000000000000000e+03 2.947200000000000273e+03
2.217000000000000000e+03 2.953200000000000273e+03
1.889000000000000000e+03 2.977000000000000000e+03
2.241000000000000000e+03 2.983050000000000182e+03
1.977000000000000000e+03 2.986800000000000182e+03
2.305000000000000000e+03 3.415650000000000091e+03
1.705000000000000000e+03 3.425800000000000182e+03
1.657000000000000000e+03 3.442650000000000091e+03
1.897000000000000000e+03 3.502050000000000182e+03
1.801000000000000000e+03 3.531849999999999909e+03
2.161000000000000000e+03 3.552150000000000091e+03
2.057000000000000000e+03 3.558650000000000091e+03
2.025000000000000000e+03 3.559950000000000273e+03
1.769000000000000000e+03 3.563200000000000273e+03
1.993000000000000000e+03 3.573599999999999909e+03
1.657000000000000000e+03 3.588099999999999909e+03
2.121000000000000000e+03 3.682000000000000000e+03
1.881000000000000000e+03 3.727550000000000182e+03
1.673000000000000000e+03 3.737200000000000273e+03
2.281000000000000000e+03 3.737300000000000182e+03
1.857000000000000000e+03 3.745400000000000091e+03
1.753000000000000000e+03 4.181050000000000182e+03
2.041000000000000000e+03 4.182050000000000182e+03
1.777000000000000000e+03 4.202199999999999818e+03
2.345000000000000000e+03 4.221050000000000182e+03
2.329000000000000000e+03 4.224000000000000000e+03
1.665000000000000000e+03 4.226399999999999636e+03
1.625000000000000000e+03 4.230550000000000182e+03
2.065000000000000000e+03 4.253750000000000000e+03
2.201000000000000000e+03 4.270800000000000182e+03
1.897000000000000000e+03 4.272899999999999636e+03
2.105000000000000000e+03 4.379900000000000546e+03
1.913000000000000000e+03 4.426900000000000546e+03
1.777000000000000000e+03 4.448600000000000364e+03
1.633000000000000000e+03 4.459300000000000182e+03
1.633000000000000000e+03 4.509699999999999818e+03
2.385000000000000000e+03 4.517100000000000364e+03
2.089000000000000000e+03 4.542800000000000182e+03
2.385000000000000000e+03 4.574000000000000000e+03
1.865000000000000000e+03 4.583500000000000000e+03
2.025000000000000000e+03 4.677550000000000182e+03
1.937000000000000000e+03 4.717100000000000364e+03
2.257000000000000000e+03 4.731800000000000182e+03
2.033000000000000000e+03 4.744400000000000546e+03
2.281000000000000000e+03 4.788000000000000000e+03
1.849000000000000000e+03 4.794199999999999818e+03
1.809000000000000000e+03 4.798600000000000364e+03
1.737000000000000000e+03 4.805350000000000364e+03
1.977000000000000000e+03 4.980900000000000546e+03
1.825000000000000000e+03 5.000150000000000546e+03
2.153000000000000000e+03 5.021199999999999818e+03
1.817000000000000000e+03 5.027050000000000182e+03
2.193000000000000000e+03 5.043800000000000182e+03
1.825000000000000000e+03 5.053600000000000364e+03
1.817000000000000000e+03 5.078100000000000364e+03
2.217000000000000000e+03 5.083550000000000182e+03
1.841000000000000000e+03 5.090650000000000546e+03
1.985000000000000000e+03 5.103449999999999818e+03
2.377000000000000000e+03 5.115500000000000000e+03
2.001000000000000000e+03 5.122699999999999818e+03
1.929000000000000000e+03 5.147550000000000182e+03
2.369000000000000000e+03 5.174699999999999818e+03
2.289000000000000000e+03 5.185500000000000000e+03
1.833000000000000000e+03 5.197650000000000546e+03
1.825000000000000000e+03 5.198800000000000182e+03
1.985000000000000000e+03 5.367250000000000000e+03
1.777000000000000000e+03 5.488000000000000000e+03
1.865000000000000000e+03 5.490699999999999818e+03
1.793000000000000000e+03 5.494050000000000182e+03
1.873000000000000000e+03 5.624699999999999818e+03
2.345000000000000000e+03 5.685900000000000546e+03
2.369000000000000000e+03 5.700100000000000364e+03
2.089000000000000000e+03 5.770850000000000364e+03
1.993000000000000000e+03 5.774699999999999818e+03
1.833000000000000000e+03 5.795400000000000546e+03
1.665000000000000000e+03 5.849949999999999818e+03
2.337000000000000000e+03 5.856000000000000000e+03
1.641000000000000000e+03 5.889199999999999818e+03
2.129000000000000000e+03 5.921250000000000000e+03
1.817000000000000000e+03 5.927100000000000364e+03
2.057000000000000000e+03 5.940250000000000000e+03
1.761000000000000000e+03 5.976350000000000364e+03
1.938000000000000000e+03 1.034000000000000057e+02
2.362000000000000000e+03 1.339000000000000057e+02
1.818000000000000000e+03 1.340500000000000114e+02
2.122000000000000000e+03 1.660999999999999943e+02
2.202000000000000000e+03 1.725500000000000114e+02
1.874000000000000000e+03 1.760500000000000114e+02
1.930000000000000000e+03 2.365999999999999943e+02
1.898000000000000000e+03 2.628000000000000114e+02
2.282000000000000000e+03 3.579000000000000341e+02
1.786000000000000000e+03 3.669000000000000341e+02
2.354000000000000000e+03 4.011999999999999886e+02
2.258000000000000000e+03 4.072500000000000000e+02
2.098000000000000000e+03 4.200000000000000000e+02
2.338000000000000000e+03 4.279000000000000341e+02
2.026000000000000000e+03 4.380000000000000000e+02
1.834000000000000000e+03 4.991000000000000227e+02
1.930000000000000000e+03 5.480000000000000000e+02
1.674000000000000000e+03 5.508000000000000682e+02
1.746000000000000000e+03 5.557500000000000000e+02
1.794000000000000000e+03 5.659500000000000455e+02
2.330000000000000000e+03 6.056499999999999773e+02
2.370000000000000000e+03 6.063000000000000682e+02
1.690000000000000000e+03 6.343500000000000227e+02
2.226000000000000000e+03 6.493999999999999773e+02
2.218000000000000000e+03 6.590000000000000000e+02
2.282000000000000000e+03 6.595000000000000000e+02
2.090000000000000000e+03 6.654500000000000455e+02
1.666000000000000000e+03 6.708000000000000682e+02
1.610000000000000000e+03 6.826499999999999773e+02
2.162000000000000000e+03 6.907500000000000000e+02
1.850000000000000000e+03 7.012500000000000000e+02
2.186000000000000000e+03 7.047000000000000455e+02
2.386000000000000000e+03 7.313999999999999773e+02
1.858000000000000000e+03 7.503000000000000682e+02
2.338000000000000000e+03 7.600500000000000682e+02
2.202000000000000000e+03 7.798000000000000682e+02
2.162000000000000000e+03 7.882000000000000455e+02
1.682000000000000000e+03 7.947500000000000000e+02
2.298000000000000000e+03 7.954500000000000455e+02
1.866000000000000000e+03 7.981000000000000227e+02
2.186000000000000000e+03 7.993999999999999773e+02
2.218000000000000000e+03 8.010000000000000000e+02
2.050000000000000000e+03 8.188000000000000682e+02
2.298000000000000000e+03 8.193000000000000682e+02
1.714000000000000000e+03 8.201499999999999773e+02
2.210000000000000000e+03 8.382500000000000000e+02
2.010000000000000000e+03 8.443999999999999773e+02
1.778000000000000000e+03 8.780500000000000682e+02
1.722000000000000000e+03 8.960000000000000000e+02
1.906000000000000000e+03 9.128500000000000227e+02
2.034000000000000000e+03 9.261000000000000227e+02
2.202000000000000000e+03 9.280000000000000000e+02
1.770000000000000000e+03 9.339500000000000455e+02
1.946000000000000000e+03 9.542500000000000000e+02
2.274000000000000000e+03 9.555000000000000000e+02
1.818000000000000000e+03 9.635000000000000000e+02
1.618000000000000000e+03 1.025200000000000045e+03
1.634000000000000000e+03 1.026200000000000045e+03
1.714000000000000000e+03 1.038950000000000045e+03
1.946000000000000000e+03 1.051049999999999955e+03
2.002000000000000000e+03 1.070650000000000091e+03
2.034000000000000000e+03 1.075000000000000000e+03
2.250000000000000000e+03 1.079549999999999955e+03
2.322000000000000000e+03 1.086650000000000091e+03
2.338000000000000000e+03 1.093250000000000000e+03
1.666000000000000000e+03 1.160299999999999955e+03
1.882000000000000000e+03 1.177200000000000045e+03
1.826000000000000000e+03 1.182100000000000136e+03
2.242000000000000000e+03 1.188200000000000045e+03
2.346000000000000000e+03 1.195500000000000000e+03
2.050000000000000000e+03 1.207200000000000045e+03
2.026000000000000000e+03 1.219750000000000000e+03
1.802000000000000000e+03 1.232100000000000136e+03
1.938000000000000000e+03 1.239549999999999955e+03
1.994000000000000000e+03 1.240549999999999955e+03
2.050000000000000000e+03 1.251250000000000000e+03
2.194000000000000000e+03 1.272850000000000136e+03
1.626000000000000000e+03 1.303200000000000045e+03
1.722000000000000000e+03 1.311350000000000136e+03
1.954000000000000000e+03 1.342799999999999955e+03
1.666000000000000000e+03 1.343000000000000000e+03
1.642000000000000000e+03 1.389400000000000091e+03
1.882000000000000000e+03 1.394650000000000091e+03
1.994000000000000000e+03 1.415450000000000045e+03
2.146000000000000000e+03 1.417049999999999955e+03
1.986000000000000000e+03 1.417250000000000000e+03
1.978000000000000000e+03 1.488549999999999955e+03
1.642000000000000000e+03 1.490049999999999955e+03
2.314000000000000000e+03 1.509299999999999955e+03
2.018000000000000000e+03 1.520049999999999955e+03
1.722000000000000000e+03 1.528450000000000045e+03
2.378000000000000000e+03 1.534799999999999955e+03
1.746000000000000000e+03 1.547150000000000091e+03
2.314000000000000000e+03 1.559400000000000091e+03
1.994000000000000000e+03 1.560450000000000045e+03
1.610000000000000000e+03 1.586549999999999955e+03
2.058000000000000000e+03 1.595049999999999955e+03
1.882000000000000000e+03 1.600650000000000091e+03
2.122000000000000000e+03 1.637400000000000091e+03
2.394000000000000000e+03 1.639850000000000136e+03
2.250000000000000000e+03 1.648750000000000000e+03
1.938000000000000000e+03 1.671400000000000091e+03
2.290000000000000000e+03 1.679900000000000091e+03
2.346000000000000000e+03 1.679850000000000136e+03
1.826000000000000000e+03 1.682500000000000000e+03
2.114000000000000000e+03 1.701350000000000136e+03
2.082000000000000000e+03 1.706850000000000136e+03
1.930000000000000000e+03 1.723000000000000000e+03
1.730000000000000000e+03 1.735150000000000091e+03
1.962000000000000000e+03 1.737299999999999955e+03
2.146000000000000000e+03 1.776549999999999955e+03
2.002000000000000000e+03 1.826500000000000000e+03
2.242000000000000000e+03 1.833799999999999955e+03
1.938000000000000000e+03 1.901350000000000136e+03
1.850000000000000000e+03 1.913299999999999955e+03
1.994000000000000000e+03 1.928900000000000091e+03
1.794000000000000000e+03 1.932100000000000136e+03
2.026000000000000000e+03 1.956100000000000136e+03
2.170000000000000000e+03 1.988700000000000045e+03
2.074000000000000000e+03 2.014750000000000000e+03
2.298000000000000000e+03 2.018850000000000136e+03
1.874000000000000000e+03 2.019250000000000000e+03
2.098000000000000000e+03 2.041750000000000000e+03
1.842000000000000000e+03 2.045000000000000000e+03
1.666000000000000000e+03 2.058500000000000000e+03
1.898000000000000000e+03 2.070800000000000182e+03
1.818000000000000000e+03 2.081150000000000091e+03
1.706000000000000000e+03 2.091150000000000091e+03
1.978000000000000000e+03 2.117000000000000000e+03
2.010000000000000000e+03 2.126949999999999818e+03
1.730000000000000000e+03 2.132800000000000182e+03
1.746000000000000000e+03 2.157800000000000182e+03
2.114000000000000000e+03 2.164000000000000000e+03
1.834000000000000000e+03 2.177349999999999909e+03
1.650000000000000000e+03 2.212400000000000091e+03
1.978000000000000000e+03 2.251450000000000273e+03
2.082000000000000000e+03 2.267500000000000000e+03
1.866000000000000000e+03 2.276950000000000273e+03
2.066000000000000000e+03 2.278849999999999909e+03
2.218000000000000000e+03 2.280500000000000000e+03
2.050000000000000000e+03 2.292099999999999909e+03
1.714000000000000000e+03 2.311250000000000000e+03
1.986000000000000000e+03 2.326550000000000182e+03
2.178000000000000000e+03 2.364550000000000182e+03
1.906000000000000000e+03 2.379400000000000091e+03
1.762000000000000000e+03 2.385500000000000000e+03
1.938000000000000000e+03 2.481650000000000091e+03
1.666000000000000000e+03 2.498200000000000273e+03
2.058000000000000000e+03 2.505200000000000273e+03
1.746000000000000000e+03 2.526849999999999909e+03
2.218000000000000000e+03 2.594900000000000091e+03
1.618000000000000000e+03 2.601300000000000182e+03
2.298000000000000000e+03 2.603400000000000091e+03
2.082000000000000000e+03 2.604550000000000182e+03
1.778000000000000000e+03 2.629300000000000182e+03
2.314000000000000000e+03 2.645900000000000091e+03
1.634000000000000000e+03 2.672400000000000091e+03
2.338000000000000000e+03 2.733900000000000091e+03
2.394000000000000000e+03 2.757500000000000000e+03
1.890000000000000000e+03 2.767599999999999909e+03
2.306000000000000000e+03 2.787099999999999909e+03
1.674000000000000000e+03 2.791800000000000182e+03
2.306000000000000000e+03 2.845300000000000182e+03
2.106000000000000000e+03 2.856450000000000273e+03
2.346000000000000000e+03 2.857599999999999909e+03
1.778000000000000000e+03 2.862650000000000091e+03
1.602000000000000000e+03 2.876150000000000091e+03
1.810000000000000000e+03 2.877950000000000273e+03
1.746000000000000000e+03 2.896400000000000091e+03
2.130000000000000000e+03 2.925700000000000273e+03
2.290000000000000000e+03 2.935200000000000273e+03
1.690000000000000000e+03 2.947950000000000273e+03
2.162000000000000000e+03 2.960150000000000091e+03
1.882000000000000000e+03 2.981950000000000273e+03
2.010000000000000000e+03 3.405150000000000091e+03
2.162000000000000000e+03 3.416599999999999909e+03
2.362000000000000000e+03 3.444250000000000000e+03
2.250000000000000000e+03 3.450750000000000000e+03
1.674000000000000000e+03 3.472599999999999909e+03
2.322000000000000000e+03 3.499650000000000091e+03
1.642000000000000000e+03 3.521349999999999909e+03
1.962000000000000000e+03 3.522450000000000273e+03
2.322000000000000000e+03 3.539050000000000182e+03
2.226000000000000000e+03 3.544099999999999909e+03
1.906000000000000000e+03 3.562550000000000182e+03
1.962000000000000000e+03 3.591800000000000182e+03
1.746000000000000000e+03 3.613800000000000182e+03
2.082000000000000000e+03 3.777950000000000273e+03
2.202000000000000000e+03 3.782800000000000182e+03
1.754000000000000000e+03 3.983800000000000182e+03
2.050000000000000000e+03 4.218449999999999818e+03
1.658000000000000000e+03 4.235050000000000182e+03
1.874000000000000000e+03 4.239000000000000000e+03
1.642000000000000000e+03 4.242800000000000182e+03
2.114000000000000000e+03 4.243449999999999818e+03
1.858000000000000000e+03 4.258250000000000000e+03
2.266000000000000000e+03 4.289149999999999636e+03
2.162000000000000000e+03 4.308750000000000000e+03
2.074000000000000000e+03 4.412600000000000364e+03
1.786000000000000000e+03 4.422300000000000182e+03
2.378000000000000000e+03 4.432300000000000182e+03
2.186000000000000000e+03 4.434650000000000546e+03
2.042000000000000000e+03 4.440000000000000000e+03
2.282000000000000000e+03 4.455850000000000364e+03
1.938000000000000000e+03 4.477800000000000182e+03
1.978000000000000000e+03 4.499000000000000000e+03
2.098000000000000000e+03 4.561100000000000364e+03
1.658000000000000000e+03 4.571699999999999818e+03
2.042000000000000000e+03 4.574350000000000364e+03
2.074000000000000000e+03 4.590600000000000364e+03
2.130000000000000000e+03 4.591050000000000182e+03
2.378000000000000000e+03 4.693000000000000000e+03
2.330000000000000000e+03 4.695949999999999818e+03
2.258000000000000000e+03 4.727350000000000364e+03
2.330000000000000000e+03 4.736350000000000364e+03
1.642000000000000000e+03 4.738500000000000000e+03
1.906000000000000000e+03 4.747350000000000364e+03
2.362000000000000000e+03 4.752250000000000000e+03
1.842000000000000000e+03 4.754350000000000364e+03
2.250000000000000000e+03 4.762750000000000000e+03
2.266000000000000000e+03 4.764650000000000546e+03
2.322000000000000000e+03 4.766800000000000182e+03
1.946000000000000000e+03 4.769650000000000546e+03
2.090000000000000000e+03 4.792949999999999818e+03
2.362000000000000000e+03 4.807800000000000182e+03
1.858000000000000000e+03 4.808449999999999818e+03
1.722000000000000000e+03 4.820300000000000182e+03
2.146000000000000000e+03 4.827100000000000364e+03
2.362000000000000000e+03 4.941100000000000364e+03
2.178000000000000000e+03 4.949900000000000546e+03
1.746000000000000000e+03 4.964350000000000364e+03
1.618000000000000000e+03 4.965650000000000546e+03
1.642000000000000000e+03 4.968500000000000000e+03
1.722000000000000000e+03 5.001500000000000000e+03
1.866000000000000000e+03 5.003800000000000182e+03
1.714000000000000000e+03 5.023949999999999818e+03
1.810000000000000000e+03 5.042100000000000364e+03
1.866000000000000000e+03 5.066350000000000364e+03
1.690000000000000000e+03 5.077949999999999818e+03
2.362000000000000000e+03 5.085800000000000182e+03
2.194000000000000000e+03 5.092600000000000364e+03
2.346000000000000000e+03 5.107250000000000000e+03
1.834000000000000000e+03 5.110400000000000546e+03
2.242000000000000000e+03 5.130199999999999818e+03
2.194000000000000000e+03 5.136650000000000546e+03
1.642000000000000000e+03 5.139449999999999818e+03
1.722000000000000000e+03 5.144900000000000546e+03
1.922000000000000000e+03 5.165350000000000364e+03
1.674000000000000000e+03 5.176050000000000182e+03
1.778000000000000000e+03 5.187400000000000546e+03
2.210000000000000000e+03 5.198300000000000182e+03
2.314000000000000000e+03 5.353850000000000364e+03
1.978000000000000000e+03 5.358949999999999818e+03
1.762000000000000000e+03 5.411699999999999818e+03
1.690000000000000000e+03 5.414199999999999818e+03
1.666000000000000000e+03 5.457850000000000364e+03
2.306000000000000000e+03 5.475250000000000000e+03
1.954000000000000000e+03 5.514100000000000364e+03
1.626000000000000000e+03 5.533500000000000000e+03
2.050000000000000000e+03 5.549050000000000182e+03
1.786000000000000000e+03 5.550350000000000364e+03
2.050000000000000000e+03 5.569300000000000182e+03
2.170000000000000000e+03 5.616449999999999818e+03
1.802000000000000000e+03 5.637350000000000364e+03
2.050000000000000000e+03 5.655500000000000000e+03
2.234000000000000000e+03 5.657600000000000364e+03
2.394000000000000000e+03 5.664550000000000182e+03
1.770000000000000000e+03 5.727699999999999818e+03
1.786000000000000000e+03 5.764500000000000000e+03
1.698000000000000000e+03 5.772150000000000546e+03
1.922000000000000000e+03 5.776850000000000364e+03
2.266000000000000000e+03 5.817100000000000364e+03
1.962000000000000000e+03 5.866750000000000000e+03
1.738000000000000000e+03 5.871900000000000546e+03
1.658000000000000000e+03 5.883100000000000364e+03
1.914000000000000000e+03 5.901350000000000364e+03
1.810000000000000000e+03 5.927199999999999818e+03
1.762000000000000000e+03 5.928350000000000364e+03
2.098000000000000000e+03 5.960250000000000000e+03
2.283000000000000000e+03 1.413000000000000114e+02
2.035000000000000000e+03 1.740000000000000000e+02
2.371000000000000000e+03 2.089500000000000171e+02
2.115000000000000000e+03 2.643999999999999773e+02
2.011000000000000000e+03 2.823500000000000227e+02
2.011000000000000000e+03 3.636000000000000227e+02
1.811000000000000000e+03 3.874499999999999886e+02
2.035000000000000000e+03 3.910000000000000000e+02
2.067000000000000000e+03 3.968000000000000114e+02
1.603000000000000000e+03 4.072500000000000000e+02
2.139000000000000000e+03 4.138000000000000114e+02
1.619000000000000000e+03 4.827500000000000000e+02
2.019000000000000000e+03 5.247000000000000455e+02
2.323000000000000000e+03 5.312500000000000000e+02
2.299000000000000000e+03 5.460499999999999545e+02
1.995000000000000000e+03 5.628999999999999773e+02
2.227000000000000000e+03 5.629500000000000455e+02
1.851000000000000000e+03 6.348999999999999773e+02
1.795000000000000000e+03 6.466499999999999773e+02
2.267000000000000000e+03 6.551000000000000227e+02
2.243000000000000000e+03 6.752500000000000000e+02
1.827000000000000000e+03 6.793500000000000227e+02
2.275000000000000000e+03 6.901499999999999773e+02
2.059000000000000000e+03 7.003000000000000682e+02
1.771000000000000000e+03 7.053000000000000682e+02
1.899000000000000000e+03 7.157000000000000455e+02
2.171000000000000000e+03 7.643000000000000682e+02
1.755000000000000000e+03 7.650500000000000682e+02
2.291000000000000000e+03 7.712500000000000000e+02
2.195000000000000000e+03 8.373000000000000682e+02
1.739000000000000000e+03 8.548999999999999773e+02
1.971000000000000000e+03 8.598999999999999773e+02
1.635000000000000000e+03 8.768500000000000227e+02
1.891000000000000000e+03 8.819500000000000455e+02
1.803000000000000000e+03 8.996000000000000227e+02
2.395000000000000000e+03 9.007000000000000455e+02
2.267000000000000000e+03 9.235500000000000682e+02
2.059000000000000000e+03 9.473000000000000682e+02
2.035000000000000000e+03 9.812000000000000455e+02
1.803000000000000000e+03 9.865000000000000000e+02
1.683000000000000000e+03 1.015450000000000045e+03
1.723000000000000000e+03 1.022600000000000023e+03
2.379000000000000000e+03 1.028549999999999955e+03
1.923000000000000000e+03 1.041750000000000000e+03
2.283000000000000000e+03 1.052299999999999955e+03
1.771000000000000000e+03 1.057799999999999955e+03
1.827000000000000000e+03 1.061599999999999909e+03
1.987000000000000000e+03 1.061799999999999955e+03
2.131000000000000000e+03 1.084549999999999955e+03
2.083000000000000000e+03 1.107299999999999955e+03
1.675000000000000000e+03 1.107799999999999955e+03
2.155000000000000000e+03 1.131049999999999955e+03
2.035000000000000000e+03 1.177150000000000091e+03
2.139000000000000000e+03 1.177799999999999955e+03
1.715000000000000000e+03 1.178750000000000000e+03
2.363000000000000000e+03 1.179200000000000045e+03
1.907000000000000000e+03 1.186750000000000000e+03
1.995000000000000000e+03 1.212000000000000000e+03
2.291000000000000000e+03 1.278150000000000091e+03
1.787000000000000000e+03 1.398350000000000136e+03
2.315000000000000000e+03 1.418350000000000136e+03
2.131000000000000000e+03 1.427600000000000136e+03
1.771000000000000000e+03 1.437650000000000091e+03
2.235000000000000000e+03 1.474500000000000000e+03
1.803000000000000000e+03 1.475350000000000136e+03
2.219000000000000000e+03 1.479950000000000045e+03
1.915000000000000000e+03 1.489600000000000136e+03
2.395000000000000000e+03 1.524850000000000136e+03
1.691000000000000000e+03 1.528750000000000000e+03
1.811000000000000000e+03 1.548000000000000000e+03
1.747000000000000000e+03 1.561049999999999955e+03
1.883000000000000000e+03 1.575400000000000091e+03
1.731000000000000000e+03 1.590549999999999955e+03
1.979000000000000000e+03 1.597500000000000000e+03
2.387000000000000000e+03 1.609450000000000045e+03
2.011000000000000000e+03 1.638250000000000000e+03
1.611000000000000000e+03 1.669400000000000091e+03
1.899000000000000000e+03 1.669850000000000136e+03
2.043000000000000000e+03 1.688450000000000045e+03
2.227000000000000000e+03 1.690049999999999955e+03
2.003000000000000000e+03 1.697200000000000045e+03
2.283000000000000000e+03 1.717600000000000136e+03
1.603000000000000000e+03 1.727950000000000045e+03
1.731000000000000000e+03 1.729049999999999955e+03
1.635000000000000000e+03 1.733400000000000091e+03
1.779000000000000000e+03 1.736650000000000091e+03
1.667000000000000000e+03 1.737000000000000000e+03
2.275000000000000000e+03 1.740400000000000091e+03
2.003000000000000000e+03 1.743000000000000000e+03
2.379000000000000000e+03 1.759600000000000136e+03
1.683000000000000000e+03 1.776100000000000136e+03
1.787000000000000000e+03 1.776650000000000091e+03
2.339000000000000000e+03 1.797299999999999955e+03
1.827000000000000000e+03 1.817250000000000000e+03
1.771000000000000000e+03 1.823400000000000091e+03
1.643000000000000000e+03 1.825250000000000000e+03
2.155000000000000000e+03 1.851049999999999955e+03
1.619000000000000000e+03 1.864600000000000136e+03
1.667000000000000000e+03 1.888150000000000091e+03
1.835000000000000000e+03 1.899350000000000136e+03
1.683000000000000000e+03 1.910900000000000091e+03
1.739000000000000000e+03 1.913600000000000136e+03
1.611000000000000000e+03 1.954350000000000136e+03
2.379000000000000000e+03 1.955200000000000045e+03
1.643000000000000000e+03 2.006650000000000091e+03
1.603000000000000000e+03 2.029549999999999955e+03
2.227000000000000000e+03 2.030400000000000091e+03
1.803000000000000000e+03 2.030650000000000091e+03
1.867000000000000000e+03 2.031500000000000000e+03
2.003000000000000000e+03 2.034049999999999955e+03
2.235000000000000000e+03 2.064199999999999818e+03
2.027000000000000000e+03 2.081400000000000091e+03
2.363000000000000000e+03 2.087400000000000091e+03
2.227000000000000000e+03 2.090500000000000000e+03
1.851000000000000000e+03 2.093750000000000000e+03
2.187000000000000000e+03 2.109599999999999909e+03
1.651000000000000000e+03 2.134650000000000091e+03
1.859000000000000000e+03 2.135599999999999909e+03
2.395000000000000000e+03 2.147099999999999909e+03
2.251000000000000000e+03 2.147449999999999818e+03
1.747000000000000000e+03 2.152849999999999909e+03
1.931000000000000000e+03 2.162349999999999909e+03
1.723000000000000000e+03 2.172050000000000182e+03
2.083000000000000000e+03 2.215500000000000000e+03
2.219000000000000000e+03 2.222450000000000273e+03
1.883000000000000000e+03 2.239950000000000273e+03
2.395000000000000000e+03 2.277250000000000000e+03
2.379000000000000000e+03 2.281849999999999909e+03
2.043000000000000000e+03 2.290000000000000000e+03
2.051000000000000000e+03 2.303250000000000000e+03
2.123000000000000000e+03 2.310599999999999909e+03
1.979000000000000000e+03 2.315450000000000273e+03
2.083000000000000000e+03 2.335750000000000000e+03
1.771000000000000000e+03 2.362700000000000273e+03
1.875000000000000000e+03 2.393050000000000182e+03
1.883000000000000000e+03 2.395300000000000182e+03
1.627000000000000000e+03 2.416150000000000091e+03
2.123000000000000000e+03 2.447599999999999909e+03
1.747000000000000000e+03 2.455599999999999909e+03
1.851000000000000000e+03 2.470650000000000091e+03
1.667000000000000000e+03 2.471750000000000000e+03
1.683000000000000000e+03 2.487849999999999909e+03
2.051000000000000000e+03 2.504950000000000273e+03
1.771000000000000000e+03 2.518250000000000000e+03
1.707000000000000000e+03 2.571599999999999909e+03
2.355000000000000000e+03 2.586400000000000091e+03
2.227000000000000000e+03 2.596750000000000000e+03
2.163000000000000000e+03 2.622300000000000182e+03
2.387000000000000000e+03 2.648800000000000182e+03
2.235000000000000000e+03 2.659150000000000091e+03
2.099000000000000000e+03 2.661849999999999909e+03
1.715000000000000000e+03 2.690150000000000091e+03
1.891000000000000000e+03 2.703099999999999909e+03
2.195000000000000000e+03 2.721849999999999909e+03
1.827000000000000000e+03 2.734250000000000000e+03
1.947000000000000000e+03 2.742750000000000000e+03
1.723000000000000000e+03 2.750150000000000091e+03
2.027000000000000000e+03 2.790750000000000000e+03
1.963000000000000000e+03 2.796450000000000273e+03
1.971000000000000000e+03 2.805000000000000000e+03
2.011000000000000000e+03 2.813300000000000182e+03
2.219000000000000000e+03 2.817650000000000091e+03
1.699000000000000000e+03 2.818700000000000273e+03
1.971000000000000000e+03 2.845599999999999909e+03
2.075000000000000000e+03 2.846900000000000091e+03
2.307000000000000000e+03 2.856550000000000182e+03
1.995000000000000000e+03 2.857349999999999909e+03
1.771000000000000000e+03 2.862349999999999909e+03
2.051000000000000000e+03 2.864050000000000182e+03
2.091000000000000000e+03 2.882849999999999909e+03
2.051000000000000000e+03 2.905849999999999909e+03
1.699000000000000000e+03 2.909450000000000273e+03
2.275000000000000000e+03 2.955200000000000273e+03
2.299000000000000000e+03 2.993800000000000182e+03
1.883000000000000000e+03 3.417150000000000091e+03
2.019000000000000000e+03 3.433250000000000000e+03
2.315000000000000000e+03 3.434150000000000091e+03
1.851000000000000000e+03 3.434650000000000091e+03
2.395000000000000000e+03 3.436950000000000273e+03
1.691000000000000000e+03 3.448400000000000091e+03
2.019000000000000000e+03 3.460900000000000091e+03
2.307000000000000000e+03 3.501300000000000182e+03
2.387000000000000000e+03 3.514200000000000273e+03
1.787000000000000000e+03 3.525900000000000091e+03
2.011000000000000000e+03 3.544200000000000273e+03
2.275000000000000000e+03 3.546800000000000182e+03
2.251000000000000000e+03 3.557650000000000091e+03
1.739000000000000000e+03 3.561599999999999909e+03
2.331000000000000000e+03 3.567050000000000182e+03
2.363000000000000000e+03 3.607800000000000182e+03
2.395000000000000000e+03 3.734800000000000182e+03
1.779000000000000000e+03 3.746950000000000273e+03
2.163000000000000000e+03 3.747050000000000182e+03
1.699000000000000000e+03 3.766050000000000182e+03
2.267000000000000000e+03 3.925250000000000000e+03
1.771000000000000000e+03 3.984450000000000273e+03
1.979000000000000000e+03 4.003250000000000000e+03
1.923000000000000000e+03 4.080599999999999909e+03
2.131000000000000000e+03 4.140699999999999818e+03
2.051000000000000000e+03 4.161600000000000364e+03
1.731000000000000000e+03 4.173100000000000364e+03
1.651000000000000000e+03 4.189800000000000182e+03
2.323000000000000000e+03 4.196350000000000364e+03
1.923000000000000000e+03 4.200000000000000000e+03
2.083000000000000000e+03 4.223000000000000000e+03
1.683000000000000000e+03 4.243800000000000182e+03
1.811000000000000000e+03 4.264050000000000182e+03
1.763000000000000000e+03 4.267600000000000364e+03
1.819000000000000000e+03 4.273000000000000000e+03
1.699000000000000000e+03 4.273250000000000000e+03
1.963000000000000000e+03 4.288600000000000364e+03
2.107000000000000000e+03 4.299000000000000000e+03
1.891000000000000000e+03 4.303449999999999818e+03
2.003000000000000000e+03 4.397400000000000546e+03
2.147000000000000000e+03 4.415050000000000182e+03
1.963000000000000000e+03 4.419550000000000182e+03
2.283000000000000000e+03 4.448550000000000182e+03
1.675000000000000000e+03 4.470550000000000182e+03
1.859000000000000000e+03 4.474750000000000000e+03
2.219000000000000000e+03 4.483900000000000546e+03
1.715000000000000000e+03 4.494350000000000364e+03
2.107000000000000000e+03 4.509300000000000182e+03
1.835000000000000000e+03 4.513500000000000000e+03
2.371000000000000000e+03 4.532300000000000182e+03
2.243000000000000000e+03 4.546750000000000000e+03
1.659000000000000000e+03 4.555000000000000000e+03
2.331000000000000000e+03 4.572850000000000364e+03
1.747000000000000000e+03 4.742150000000000546e+03
1.667000000000000000e+03 4.764800000000000182e+03
2.371000000000000000e+03 4.778900000000000546e+03
2.347000000000000000e+03 4.814100000000000364e+03
1.891000000000000000e+03 4.819300000000000182e+03
2.099000000000000000e+03 4.824100000000000364e+03
1.659000000000000000e+03 4.826650000000000546e+03
1.779000000000000000e+03 4.836949999999999818e+03
1.939000000000000000e+03 4.957850000000000364e+03
2.307000000000000000e+03 5.032600000000000364e+03
2.171000000000000000e+03 5.043500000000000000e+03
2.347000000000000000e+03 5.044449999999999818e+03
2.059000000000000000e+03 5.074350000000000364e+03
1.755000000000000000e+03 5.130150000000000546e+03
1.715000000000000000e+03 5.136100000000000364e+03
1.931000000000000000e+03 5.136350000000000364e+03
1.811000000000000000e+03 5.139550000000000182e+03
1.979000000000000000e+03 5.145000000000000000e+03
1.619000000000000000e+03 5.160750000000000000e+03
1.923000000000000000e+03 5.163500000000000000e+03
1.843000000000000000e+03 5.189600000000000364e+03
2.163000000000000000e+03 5.199350000000000364e+03
2.075000000000000000e+03 5.226100000000000364e+03
2.395000000000000000e+03 5.231050000000000182e+03
2.387000000000000000e+03 5.375050000000000182e+03
1.763000000000000000e+03 5.474500000000000000e+03
2.091000000000000000e+03 5.487449999999999818e+03
1.811000000000000000e+03 5.494000000000000000e+03
1.971000000000000000e+03 5.494199999999999818e+03
1.883000000000000000e+03 5.521800000000000182e+03
1.651000000000000000e+03 5.611199999999999818e+03
1.611000000000000000e+03 5.637449999999999818e+03
2.019000000000000000e+03 5.654550000000000182e+03
1.987000000000000000e+03 5.683400000000000546e+03
2.227000000000000000e+03 5.700150000000000546e+03
1.643000000000000000e+03 5.716000000000000000e+03
2.227000000000000000e+03 5.747850000000000364e+03
1.803000000000000000e+03 5.765500000000000000e+03
1.779000000000000000e+03 5.783900000000000546e+03
1.835000000000000000e+03 5.818550000000000182e+03
1.907000000000000000e+03 5.918250000000000000e+03
1.835000000000000000e+03 5.952500000000000000e+03
2.108000000000000000e+03 1.034500000000000028e+02
1.948000000000000000e+03 1.705000000000000000e+02
2.004000000000000000e+03 2.187500000000000000e+02
2.188000000000000000e+03 2.376500000000000057e+02
2.060000000000000000e+03 2.570000000000000000e+02
1.836000000000000000e+03 3.206000000000000227e+02
1.692000000000000000e+03 3.208000000000000114e+02
1.924000000000000000e+03 3.266000000000000227e+02
2.092000000000000000e+03 3.776999999999999886e+02
2.332000000000000000e+03 4.091000000000000227e+02
1.868000000000000000e+03 4.127500000000000000e+02
2.156000000000000000e+03 4.304499999999999886e+02
2.044000000000000000e+03 4.447500000000000000e+02
2.204000000000000000e+03 4.981000000000000227e+02
2.332000000000000000e+03 4.981500000000000341e+02
2.396000000000000000e+03 5.181499999999999773e+02
1.628000000000000000e+03 5.457500000000000000e+02
2.180000000000000000e+03 5.737500000000000000e+02
2.132000000000000000e+03 5.772500000000000000e+02
1.988000000000000000e+03 5.793999999999999773e+02
1.764000000000000000e+03 5.870000000000000000e+02
1.980000000000000000e+03 5.937500000000000000e+02
1.788000000000000000e+03 6.183500000000000227e+02
1.756000000000000000e+03 6.248999999999999773e+02
1.788000000000000000e+03 6.321499999999999773e+02
1.636000000000000000e+03 6.515500000000000682e+02
1.804000000000000000e+03 6.531499999999999773e+02
1.628000000000000000e+03 6.568999999999999773e+02
1.716000000000000000e+03 6.583000000000000682e+02
1.828000000000000000e+03 6.737500000000000000e+02
1.796000000000000000e+03 6.784500000000000455e+02
1.692000000000000000e+03 6.906499999999999773e+02
2.076000000000000000e+03 6.992000000000000455e+02
1.620000000000000000e+03 7.078500000000000227e+02
2.100000000000000000e+03 7.096000000000000227e+02
1.732000000000000000e+03 7.137500000000000000e+02
2.236000000000000000e+03 7.204500000000000455e+02
2.356000000000000000e+03 7.372500000000000000e+02
2.324000000000000000e+03 8.065500000000000682e+02
2.172000000000000000e+03 8.208500000000000227e+02
2.356000000000000000e+03 8.274500000000000455e+02
2.156000000000000000e+03 8.758500000000000227e+02
2.148000000000000000e+03 8.977500000000000000e+02
2.084000000000000000e+03 9.123999999999999773e+02
1.772000000000000000e+03 9.127500000000000000e+02
2.396000000000000000e+03 9.186499999999999773e+02
1.852000000000000000e+03 9.348000000000000682e+02
1.916000000000000000e+03 9.431000000000000227e+02
2.148000000000000000e+03 9.557500000000000000e+02
2.340000000000000000e+03 9.621000000000000227e+02
2.276000000000000000e+03 9.692000000000000455e+02
1.876000000000000000e+03 9.823000000000000682e+02
2.196000000000000000e+03 9.950000000000000000e+02
1.772000000000000000e+03 1.009800000000000068e+03
2.260000000000000000e+03 1.012550000000000068e+03
2.164000000000000000e+03 1.018250000000000000e+03
1.796000000000000000e+03 1.028500000000000000e+03
2.356000000000000000e+03 1.049650000000000091e+03
2.284000000000000000e+03 1.053900000000000091e+03
1.796000000000000000e+03 1.066950000000000045e+03
1.636000000000000000e+03 1.076799999999999955e+03
1.900000000000000000e+03 1.084400000000000091e+03
1.932000000000000000e+03 1.099000000000000000e+03
2.180000000000000000e+03 1.115750000000000000e+03
2.220000000000000000e+03 1.125400000000000091e+03
1.684000000000000000e+03 1.144950000000000045e+03
1.668000000000000000e+03 1.160049999999999955e+03
2.388000000000000000e+03 1.163299999999999955e+03
1.996000000000000000e+03 1.165000000000000000e+03
1.972000000000000000e+03 1.179299999999999955e+03
1.708000000000000000e+03 1.209200000000000045e+03
1.740000000000000000e+03 1.210750000000000000e+03
1.772000000000000000e+03 1.224500000000000000e+03
1.996000000000000000e+03 1.224950000000000045e+03
2.396000000000000000e+03 1.261549999999999955e+03
1.604000000000000000e+03 1.270549999999999955e+03
2.092000000000000000e+03 1.336200000000000045e+03
1.820000000000000000e+03 1.343650000000000091e+03
2.060000000000000000e+03 1.351400000000000091e+03
1.948000000000000000e+03 1.373150000000000091e+03
2.028000000000000000e+03 1.378650000000000091e+03
1.948000000000000000e+03 1.393600000000000136e+03
2.396000000000000000e+03 1.423799999999999955e+03
1.684000000000000000e+03 1.424700000000000045e+03
2.036000000000000000e+03 1.438400000000000091e+03
1.916000000000000000e+03 1.455900000000000091e+03
1.692000000000000000e+03 1.462000000000000000e+03
2.332000000000000000e+03 1.483250000000000000e+03
2.396000000000000000e+03 1.490299999999999955e+03
2.124000000000000000e+03 1.496950000000000045e+03
1.804000000000000000e+03 1.510650000000000091e+03
2.252000000000000000e+03 1.518350000000000136e+03
1.868000000000000000e+03 1.520100000000000136e+03
2.332000000000000000e+03 1.547100000000000136e+03
1.876000000000000000e+03 1.566350000000000136e+03
1.804000000000000000e+03 1.611000000000000000e+03
2.340000000000000000e+03 1.615200000000000045e+03
2.196000000000000000e+03 1.617900000000000091e+03
2.260000000000000000e+03 1.618650000000000091e+03
1.820000000000000000e+03 1.657650000000000091e+03
1.612000000000000000e+03 1.688750000000000000e+03
1.796000000000000000e+03 1.716450000000000045e+03
2.260000000000000000e+03 1.727799999999999955e+03
2.100000000000000000e+03 1.736000000000000000e+03
1.844000000000000000e+03 1.757600000000000136e+03
1.700000000000000000e+03 1.757700000000000045e+03
1.628000000000000000e+03 1.777750000000000000e+03
2.020000000000000000e+03 1.782100000000000136e+03
2.204000000000000000e+03 1.806500000000000000e+03
1.684000000000000000e+03 1.833799999999999955e+03
2.220000000000000000e+03 1.858950000000000045e+03
1.780000000000000000e+03 1.876200000000000045e+03
1.868000000000000000e+03 1.900100000000000136e+03
2.300000000000000000e+03 1.902950000000000045e+03
1.684000000000000000e+03 1.959100000000000136e+03
2.028000000000000000e+03 1.971000000000000000e+03
2.108000000000000000e+03 1.972500000000000000e+03
2.196000000000000000e+03 2.020450000000000045e+03
2.188000000000000000e+03 2.028150000000000091e+03
1.852000000000000000e+03 2.028350000000000136e+03
2.148000000000000000e+03 2.037150000000000091e+03
1.868000000000000000e+03 2.047750000000000000e+03
2.076000000000000000e+03 2.055000000000000000e+03
2.396000000000000000e+03 2.059500000000000000e+03
2.124000000000000000e+03 2.062199999999999818e+03
2.052000000000000000e+03 2.074449999999999818e+03
2.364000000000000000e+03 2.075800000000000182e+03
2.388000000000000000e+03 2.117250000000000000e+03
1.940000000000000000e+03 2.118750000000000000e+03
1.692000000000000000e+03 2.122250000000000000e+03
2.012000000000000000e+03 2.130000000000000000e+03
2.140000000000000000e+03 2.134599999999999909e+03
1.948000000000000000e+03 2.146750000000000000e+03
1.612000000000000000e+03 2.174000000000000000e+03
2.156000000000000000e+03 2.180349999999999909e+03
2.324000000000000000e+03 2.219200000000000273e+03
2.140000000000000000e+03 2.235599999999999909e+03
2.268000000000000000e+03 2.247349999999999909e+03
1.828000000000000000e+03 2.278500000000000000e+03
2.364000000000000000e+03 2.279400000000000091e+03
2.212000000000000000e+03 2.289700000000000273e+03
2.388000000000000000e+03 2.300849999999999909e+03
1.780000000000000000e+03 2.330400000000000091e+03
2.180000000000000000e+03 2.399700000000000273e+03
2.372000000000000000e+03 2.415000000000000000e+03
1.884000000000000000e+03 2.417300000000000182e+03
1.828000000000000000e+03 2.463450000000000273e+03
1.620000000000000000e+03 2.464550000000000182e+03
2.108000000000000000e+03 2.470300000000000182e+03
2.292000000000000000e+03 2.482599999999999909e+03
1.772000000000000000e+03 2.537349999999999909e+03
2.316000000000000000e+03 2.604500000000000000e+03
1.964000000000000000e+03 2.623650000000000091e+03
2.004000000000000000e+03 2.628450000000000273e+03
2.204000000000000000e+03 2.643000000000000000e+03
2.132000000000000000e+03 2.656950000000000273e+03
2.204000000000000000e+03 2.680150000000000091e+03
2.284000000000000000e+03 2.705550000000000182e+03
2.028000000000000000e+03 2.711849999999999909e+03
1.852000000000000000e+03 2.721250000000000000e+03
2.228000000000000000e+03 2.742000000000000000e+03
1.628000000000000000e+03 2.756500000000000000e+03
1.804000000000000000e+03 2.757050000000000182e+03
2.044000000000000000e+03 2.763550000000000182e+03
1.876000000000000000e+03 2.767849999999999909e+03
1.820000000000000000e+03 2.772849999999999909e+03
2.396000000000000000e+03 2.776000000000000000e+03
1.708000000000000000e+03 2.795300000000000182e+03
1.844000000000000000e+03 2.819650000000000091e+03
2.220000000000000000e+03 2.823099999999999909e+03
2.228000000000000000e+03 2.854900000000000091e+03
2.332000000000000000e+03 2.857200000000000273e+03
2.012000000000000000e+03 2.857650000000000091e+03
1.684000000000000000e+03 2.875650000000000091e+03
1.780000000000000000e+03 2.877349999999999909e+03
1.916000000000000000e+03 2.897800000000000182e+03
2.172000000000000000e+03 2.898950000000000273e+03
1.732000000000000000e+03 2.906849999999999909e+03
2.372000000000000000e+03 2.935000000000000000e+03
1.972000000000000000e+03 2.936000000000000000e+03
2.276000000000000000e+03 2.941050000000000182e+03
1.892000000000000000e+03 2.956450000000000273e+03
2.100000000000000000e+03 2.966250000000000000e+03
2.188000000000000000e+03 2.973700000000000273e+03
1.692000000000000000e+03 3.004849999999999909e+03
2.228000000000000000e+03 3.407700000000000273e+03
2.268000000000000000e+03 3.450500000000000000e+03
2.356000000000000000e+03 3.451800000000000182e+03
2.124000000000000000e+03 3.454849999999999909e+03
2.092000000000000000e+03 3.457400000000000091e+03
2.340000000000000000e+03 3.457800000000000182e+03
1.628000000000000000e+03 3.466099999999999909e+03
1.684000000000000000e+03 3.484650000000000091e+03
1.828000000000000000e+03 3.493099999999999909e+03
2.156000000000000000e+03 3.503650000000000091e+03
2.132000000000000000e+03 3.518349999999999909e+03
2.060000000000000000e+03 3.529550000000000182e+03
1.620000000000000000e+03 3.530650000000000091e+03
2.364000000000000000e+03 3.551400000000000091e+03
2.316000000000000000e+03 3.571300000000000182e+03
2.372000000000000000e+03 3.573750000000000000e+03
1.692000000000000000e+03 3.692800000000000182e+03
1.988000000000000000e+03 3.741099999999999909e+03
1.748000000000000000e+03 3.790000000000000000e+03
1.788000000000000000e+03 3.811300000000000182e+03
1.948000000000000000e+03 3.985300000000000182e+03
1.644000000000000000e+03 4.174649999999999636e+03
1.668000000000000000e+03 4.177000000000000000e+03
2.188000000000000000e+03 4.186199999999999818e+03
2.156000000000000000e+03 4.194250000000000000e+03
2.028000000000000000e+03 4.197250000000000000e+03
1.940000000000000000e+03 4.200699999999999818e+03
2.060000000000000000e+03 4.210399999999999636e+03
1.884000000000000000e+03 4.219199999999999818e+03
1.788000000000000000e+03 4.219649999999999636e+03
1.644000000000000000e+03 4.220000000000000000e+03
2.084000000000000000e+03 4.224800000000000182e+03
2.204000000000000000e+03 4.236050000000000182e+03
2.100000000000000000e+03 4.248850000000000364e+03
1.828000000000000000e+03 4.249600000000000364e+03
1.932000000000000000e+03 4.265399999999999636e+03
1.940000000000000000e+03 4.270500000000000000e+03
2.132000000000000000e+03 4.274000000000000000e+03
1.772000000000000000e+03 4.305300000000000182e+03
2.036000000000000000e+03 4.307199999999999818e+03
2.220000000000000000e+03 4.313750000000000000e+03
2.124000000000000000e+03 4.413250000000000000e+03
1.820000000000000000e+03 4.423350000000000364e+03
2.284000000000000000e+03 4.444250000000000000e+03
2.180000000000000000e+03 4.461000000000000000e+03
1.924000000000000000e+03 4.461350000000000364e+03
1.668000000000000000e+03 4.468449999999999818e+03
2.260000000000000000e+03 4.500150000000000546e+03
1.620000000000000000e+03 4.516900000000000546e+03
1.660000000000000000e+03 4.527500000000000000e+03
1.684000000000000000e+03 4.543300000000000182e+03
1.876000000000000000e+03 4.553000000000000000e+03
1.652000000000000000e+03 4.573050000000000182e+03
1.860000000000000000e+03 4.678050000000000182e+03
2.116000000000000000e+03 4.681500000000000000e+03
1.804000000000000000e+03 4.721150000000000546e+03
1.948000000000000000e+03 4.723400000000000546e+03
2.076000000000000000e+03 4.727850000000000364e+03
1.972000000000000000e+03 4.739150000000000546e+03
2.228000000000000000e+03 4.829850000000000364e+03
1.676000000000000000e+03 4.834699999999999818e+03
1.948000000000000000e+03 4.958400000000000546e+03
1.660000000000000000e+03 4.997400000000000546e+03
2.260000000000000000e+03 5.005150000000000546e+03
1.900000000000000000e+03 5.044900000000000546e+03
2.388000000000000000e+03 5.046850000000000364e+03
2.180000000000000000e+03 5.071250000000000000e+03
1.636000000000000000e+03 5.136650000000000546e+03
1.844000000000000000e+03 5.139900000000000546e+03
2.228000000000000000e+03 5.173750000000000000e+03
2.364000000000000000e+03 5.176949999999999818e+03
2.380000000000000000e+03 5.195550000000000182e+03
1.740000000000000000e+03 5.345449999999999818e+03
1.612000000000000000e+03 5.535800000000000182e+03
2.060000000000000000e+03 5.565550000000000182e+03
2.172000000000000000e+03 5.578000000000000000e+03
1.884000000000000000e+03 5.624750000000000000e+03
2.244000000000000000e+03 5.670750000000000000e+03
2.356000000000000000e+03 5.678250000000000000e+03
2.100000000000000000e+03 5.679050000000000182e+03
1.940000000000000000e+03 5.690400000000000546e+03
2.396000000000000000e+03 5.703900000000000546e+03
2.340000000000000000e+03 5.756750000000000000e+03
1.788000000000000000e+03 5.762250000000000000e+03
1.804000000000000000e+03 5.832199999999999818e+03
2.108000000000000000e+03 5.979900000000000546e+03
1.980000000000000000e+03 5.998350000000000364e+03
2.036000000000000000e+03 5.999150000000000546e+03
1.661000000000000000e+03 1.029000000000000057e+02
1.709000000000000000e+03 1.064000000000000057e+02
1.965000000000000000e+03 1.145499999999999972e+02
1.621000000000000000e+03 1.239000000000000057e+02
2.253000000000000000e+03 1.399500000000000171e+02
2.213000000000000000e+03 1.615500000000000114e+02
1.813000000000000000e+03 1.767500000000000000e+02
1.845000000000000000e+03 4.075000000000000000e+02
2.125000000000000000e+03 4.139499999999999886e+02
1.941000000000000000e+03 4.305000000000000000e+02
2.189000000000000000e+03 4.430500000000000114e+02
1.925000000000000000e+03 4.643000000000000114e+02
2.125000000000000000e+03 4.907500000000000000e+02
1.685000000000000000e+03 4.916999999999999886e+02
2.189000000000000000e+03 5.205499999999999545e+02
2.117000000000000000e+03 5.240000000000000000e+02
2.309000000000000000e+03 5.327999999999999545e+02
2.117000000000000000e+03 5.467000000000000455e+02
1.613000000000000000e+03 6.333000000000000682e+02
2.317000000000000000e+03 6.447500000000000000e+02
2.133000000000000000e+03 6.464500000000000455e+02
1.789000000000000000e+03 6.603500000000000227e+02
1.949000000000000000e+03 6.681000000000000227e+02
1.965000000000000000e+03 6.855000000000000000e+02
2.181000000000000000e+03 6.952000000000000455e+02
1.637000000000000000e+03 6.956499999999999773e+02
2.365000000000000000e+03 6.958999999999999773e+02
1.853000000000000000e+03 7.015500000000000682e+02
1.789000000000000000e+03 7.088000000000000682e+02
1.621000000000000000e+03 7.112000000000000455e+02
1.909000000000000000e+03 7.443000000000000682e+02
2.245000000000000000e+03 7.553500000000000227e+02
2.373000000000000000e+03 7.614500000000000455e+02
1.629000000000000000e+03 7.800500000000000682e+02
1.877000000000000000e+03 7.942500000000000000e+02
1.685000000000000000e+03 8.200500000000000682e+02
1.845000000000000000e+03 8.291499999999999773e+02
1.933000000000000000e+03 8.378999999999999773e+02
1.637000000000000000e+03 8.488000000000000682e+02
2.301000000000000000e+03 8.658999999999999773e+02
2.173000000000000000e+03 8.853000000000000682e+02
2.285000000000000000e+03 8.896499999999999773e+02
1.765000000000000000e+03 8.930000000000000000e+02
1.701000000000000000e+03 9.002500000000000000e+02
1.965000000000000000e+03 9.038500000000000227e+02
1.709000000000000000e+03 9.497500000000000000e+02
1.981000000000000000e+03 9.648500000000000227e+02
1.709000000000000000e+03 9.688999999999999773e+02
1.909000000000000000e+03 9.770500000000000682e+02
2.005000000000000000e+03 9.830000000000000000e+02
2.085000000000000000e+03 1.007649999999999977e+03
2.341000000000000000e+03 1.009600000000000023e+03
1.965000000000000000e+03 1.023550000000000068e+03
1.677000000000000000e+03 1.025500000000000000e+03
1.837000000000000000e+03 1.043349999999999909e+03
2.357000000000000000e+03 1.055400000000000091e+03
1.925000000000000000e+03 1.074700000000000045e+03
2.141000000000000000e+03 1.104250000000000000e+03
1.973000000000000000e+03 1.115299999999999955e+03
2.397000000000000000e+03 1.119500000000000000e+03
2.173000000000000000e+03 1.202200000000000045e+03
1.789000000000000000e+03 1.220049999999999955e+03
1.933000000000000000e+03 1.251000000000000000e+03
2.301000000000000000e+03 1.251850000000000136e+03
2.141000000000000000e+03 1.263700000000000045e+03
2.341000000000000000e+03 1.271000000000000000e+03
2.109000000000000000e+03 1.327150000000000091e+03
1.853000000000000000e+03 1.335799999999999955e+03
2.213000000000000000e+03 1.335950000000000045e+03
1.621000000000000000e+03 1.346400000000000091e+03
1.805000000000000000e+03 1.359000000000000000e+03
1.701000000000000000e+03 1.361250000000000000e+03
1.717000000000000000e+03 1.405200000000000045e+03
1.613000000000000000e+03 1.425400000000000091e+03
1.829000000000000000e+03 1.463549999999999955e+03
2.117000000000000000e+03 1.488400000000000091e+03
2.373000000000000000e+03 1.525450000000000045e+03
1.869000000000000000e+03 1.534950000000000045e+03
2.141000000000000000e+03 1.546100000000000136e+03
2.125000000000000000e+03 1.567000000000000000e+03
1.701000000000000000e+03 1.567250000000000000e+03
1.669000000000000000e+03 1.645250000000000000e+03
2.293000000000000000e+03 1.657600000000000136e+03
2.053000000000000000e+03 1.680000000000000000e+03
1.677000000000000000e+03 1.718200000000000045e+03
1.869000000000000000e+03 1.720150000000000091e+03
2.157000000000000000e+03 1.725100000000000136e+03
2.125000000000000000e+03 1.728049999999999955e+03
1.901000000000000000e+03 1.738000000000000000e+03
2.117000000000000000e+03 1.738799999999999955e+03
2.061000000000000000e+03 1.742299999999999955e+03
2.213000000000000000e+03 1.745250000000000000e+03
1.813000000000000000e+03 1.767299999999999955e+03
2.181000000000000000e+03 1.769650000000000091e+03
1.781000000000000000e+03 1.815150000000000091e+03
1.797000000000000000e+03 1.818000000000000000e+03
1.701000000000000000e+03 1.852350000000000136e+03
2.117000000000000000e+03 1.871200000000000045e+03
2.037000000000000000e+03 1.877000000000000000e+03
1.965000000000000000e+03 1.879000000000000000e+03
2.397000000000000000e+03 1.890100000000000136e+03
2.077000000000000000e+03 1.908100000000000136e+03
2.197000000000000000e+03 1.911049999999999955e+03
1.749000000000000000e+03 1.930100000000000136e+03
1.973000000000000000e+03 1.944600000000000136e+03
2.285000000000000000e+03 1.973850000000000136e+03
1.821000000000000000e+03 1.978049999999999955e+03
1.773000000000000000e+03 1.986450000000000045e+03
1.893000000000000000e+03 2.006100000000000136e+03
2.133000000000000000e+03 2.007150000000000091e+03
2.037000000000000000e+03 2.009850000000000136e+03
1.741000000000000000e+03 2.015200000000000045e+03
1.781000000000000000e+03 2.017450000000000045e+03
1.629000000000000000e+03 2.055099999999999909e+03
1.693000000000000000e+03 2.061150000000000091e+03
1.765000000000000000e+03 2.086400000000000091e+03
2.381000000000000000e+03 2.095300000000000182e+03
1.925000000000000000e+03 2.101400000000000091e+03
1.853000000000000000e+03 2.105800000000000182e+03
1.717000000000000000e+03 2.110099999999999909e+03
2.381000000000000000e+03 2.120800000000000182e+03
2.053000000000000000e+03 2.133900000000000091e+03
1.661000000000000000e+03 2.176800000000000182e+03
1.621000000000000000e+03 2.181400000000000091e+03
1.629000000000000000e+03 2.190950000000000273e+03
2.261000000000000000e+03 2.196950000000000273e+03
1.901000000000000000e+03 2.199550000000000182e+03
2.213000000000000000e+03 2.210099999999999909e+03
2.173000000000000000e+03 2.250050000000000182e+03
1.765000000000000000e+03 2.273500000000000000e+03
1.845000000000000000e+03 2.276750000000000000e+03
1.837000000000000000e+03 2.279700000000000273e+03
1.749000000000000000e+03 2.286050000000000182e+03
2.213000000000000000e+03 2.290900000000000091e+03
2.325000000000000000e+03 2.303450000000000273e+03
2.349000000000000000e+03 2.353550000000000182e+03
1.845000000000000000e+03 2.358300000000000182e+03
2.053000000000000000e+03 2.358550000000000182e+03
2.165000000000000000e+03 2.362900000000000091e+03
2.221000000000000000e+03 2.363300000000000182e+03
2.045000000000000000e+03 2.365349999999999909e+03
2.277000000000000000e+03 2.371099999999999909e+03
1.653000000000000000e+03 2.396250000000000000e+03
1.749000000000000000e+03 2.413550000000000182e+03
2.205000000000000000e+03 2.414650000000000091e+03
1.805000000000000000e+03 2.416250000000000000e+03
1.909000000000000000e+03 2.438500000000000000e+03
1.989000000000000000e+03 2.453550000000000182e+03
1.861000000000000000e+03 2.460650000000000091e+03
2.317000000000000000e+03 2.460800000000000182e+03
2.053000000000000000e+03 2.481150000000000091e+03
2.381000000000000000e+03 2.491200000000000273e+03
2.397000000000000000e+03 2.504650000000000091e+03
2.325000000000000000e+03 2.511550000000000182e+03
2.181000000000000000e+03 2.527250000000000000e+03
1.941000000000000000e+03 2.556050000000000182e+03
1.917000000000000000e+03 2.580200000000000273e+03
1.997000000000000000e+03 2.604250000000000000e+03
2.341000000000000000e+03 2.610500000000000000e+03
2.093000000000000000e+03 2.623349999999999909e+03
2.189000000000000000e+03 2.639099999999999909e+03
2.261000000000000000e+03 2.676400000000000091e+03
1.869000000000000000e+03 2.680849999999999909e+03
2.253000000000000000e+03 2.699500000000000000e+03
1.901000000000000000e+03 2.699900000000000091e+03
1.781000000000000000e+03 2.733349999999999909e+03
1.877000000000000000e+03 2.749500000000000000e+03
2.149000000000000000e+03 2.759900000000000091e+03
2.365000000000000000e+03 2.784000000000000000e+03
2.173000000000000000e+03 2.790200000000000273e+03
1.645000000000000000e+03 2.791300000000000182e+03
2.189000000000000000e+03 2.798200000000000273e+03
1.613000000000000000e+03 2.806099999999999909e+03
2.141000000000000000e+03 2.813400000000000091e+03
1.957000000000000000e+03 2.828200000000000273e+03
1.677000000000000000e+03 2.841200000000000273e+03
2.189000000000000000e+03 2.855650000000000091e+03
2.269000000000000000e+03 2.858849999999999909e+03
1.845000000000000000e+03 2.864000000000000000e+03
2.045000000000000000e+03 2.873650000000000091e+03
1.605000000000000000e+03 2.880300000000000182e+03
1.645000000000000000e+03 2.899750000000000000e+03
1.757000000000000000e+03 2.907950000000000273e+03
1.733000000000000000e+03 2.924849999999999909e+03
2.021000000000000000e+03 2.945050000000000182e+03
2.141000000000000000e+03 2.959900000000000091e+03
2.245000000000000000e+03 2.986750000000000000e+03
1.709000000000000000e+03 2.997150000000000091e+03
2.109000000000000000e+03 3.005550000000000182e+03
2.117000000000000000e+03 3.399099999999999909e+03
2.285000000000000000e+03 3.411599999999999909e+03
2.149000000000000000e+03 3.443400000000000091e+03
2.253000000000000000e+03 3.460550000000000182e+03
1.917000000000000000e+03 3.490550000000000182e+03
2.053000000000000000e+03 3.490700000000000273e+03
1.885000000000000000e+03 3.492000000000000000e+03
1.653000000000000000e+03 3.508050000000000182e+03
1.877000000000000000e+03 3.509650000000000091e+03
1.781000000000000000e+03 3.511400000000000091e+03
2.205000000000000000e+03 3.521400000000000091e+03
1.997000000000000000e+03 3.533900000000000091e+03
2.053000000000000000e+03 3.557700000000000273e+03
1.909000000000000000e+03 3.607450000000000273e+03
1.741000000000000000e+03 3.691300000000000182e+03
1.725000000000000000e+03 3.712000000000000000e+03
1.877000000000000000e+03 3.746000000000000000e+03
2.173000000000000000e+03 3.749599999999999909e+03
2.389000000000000000e+03 3.761700000000000273e+03
1.621000000000000000e+03 3.767500000000000000e+03
1.941000000000000000e+03 3.775400000000000091e+03
1.845000000000000000e+03 3.775900000000000091e+03
2.197000000000000000e+03 3.928599999999999909e+03
2.349000000000000000e+03 4.184899999999999636e+03
2.149000000000000000e+03 4.185649999999999636e+03
1.821000000000000000e+03 4.186000000000000000e+03
2.389000000000000000e+03 4.192600000000000364e+03
1.677000000000000000e+03 4.197100000000000364e+03
2.341000000000000000e+03 4.221100000000000364e+03
2.269000000000000000e+03 4.223399999999999636e+03
2.085000000000000000e+03 4.230149999999999636e+03
2.269000000000000000e+03 4.242550000000000182e+03
1.685000000000000000e+03 4.271199999999999818e+03
2.301000000000000000e+03 4.288750000000000000e+03
1.741000000000000000e+03 4.289149999999999636e+03
1.645000000000000000e+03 4.296949999999999818e+03
2.213000000000000000e+03 4.297750000000000000e+03
1.661000000000000000e+03 4.379850000000000364e+03
2.349000000000000000e+03 4.416400000000000546e+03
1.677000000000000000e+03 4.429949999999999818e+03
2.173000000000000000e+03 4.434949999999999818e+03
1.885000000000000000e+03 4.440500000000000000e+03
2.189000000000000000e+03 4.443250000000000000e+03
2.149000000000000000e+03 4.444800000000000182e+03
1.941000000000000000e+03 4.446800000000000182e+03
2.277000000000000000e+03 4.448350000000000364e+03
2.069000000000000000e+03 4.458800000000000182e+03
2.293000000000000000e+03 4.498550000000000182e+03
1.605000000000000000e+03 4.510350000000000364e+03
2.213000000000000000e+03 4.519600000000000364e+03
2.333000000000000000e+03 4.555449999999999818e+03
1.717000000000000000e+03 4.559800000000000182e+03
2.237000000000000000e+03 4.577350000000000364e+03
2.101000000000000000e+03 4.589850000000000364e+03
1.661000000000000000e+03 4.743600000000000364e+03
1.781000000000000000e+03 4.763500000000000000e+03
2.293000000000000000e+03 4.818900000000000546e+03
2.221000000000000000e+03 4.820699999999999818e+03
2.333000000000000000e+03 4.920050000000000182e+03
1.749000000000000000e+03 4.969449999999999818e+03
1.773000000000000000e+03 5.018400000000000546e+03
1.869000000000000000e+03 5.035449999999999818e+03
2.021000000000000000e+03 5.035550000000000182e+03
2.093000000000000000e+03 5.035650000000000546e+03
1.813000000000000000e+03 5.036449999999999818e+03
2.357000000000000000e+03 5.067100000000000364e+03
2.061000000000000000e+03 5.074000000000000000e+03
2.037000000000000000e+03 5.102449999999999818e+03
1.949000000000000000e+03 5.115300000000000182e+03
1.861000000000000000e+03 5.164550000000000182e+03
2.149000000000000000e+03 5.174199999999999818e+03
1.789000000000000000e+03 5.345900000000000546e+03
2.093000000000000000e+03 5.360449999999999818e+03
1.757000000000000000e+03 5.369500000000000000e+03
1.629000000000000000e+03 5.392800000000000182e+03
2.085000000000000000e+03 5.410199999999999818e+03
2.365000000000000000e+03 5.451500000000000000e+03
2.021000000000000000e+03 5.467750000000000000e+03
2.005000000000000000e+03 5.472900000000000546e+03
2.149000000000000000e+03 5.502100000000000364e+03
1.693000000000000000e+03 5.548800000000000182e+03
2.061000000000000000e+03 5.603250000000000000e+03
2.349000000000000000e+03 5.698699999999999818e+03
2.189000000000000000e+03 5.716449999999999818e+03
1.701000000000000000e+03 5.724600000000000364e+03
1.797000000000000000e+03 5.837050000000000182e+03
2.029000000000000000e+03 5.941300000000000182e+03
2.069000000000000000e+03 5.959949999999999818e+03
2.189000000000000000e+03 5.963250000000000000e+03
1.773000000000000000e+03 5.969650000000000546e+03
1.870000000000000000e+03 1.344499999999999886e+02
1.878000000000000000e+03 1.520000000000000000e+02
1.886000000000000000e+03 1.579000000000000057e+02
2.038000000000000000e+03 1.589500000000000171e+02
2.374000000000000000e+03 1.857500000000000000e+02
2.238000000000000000e+03 1.903000000000000114e+02
2.030000000000000000e+03 2.176500000000000057e+02
2.006000000000000000e+03 3.401999999999999886e+02
1.606000000000000000e+03 3.576500000000000341e+02
2.262000000000000000e+03 3.664000000000000341e+02
2.030000000000000000e+03 3.686000000000000227e+02
1.822000000000000000e+03 4.184499999999999886e+02
2.294000000000000000e+03 4.305500000000000114e+02
1.982000000000000000e+03 4.680000000000000000e+02
2.174000000000000000e+03 4.956999999999999886e+02
2.222000000000000000e+03 4.996000000000000227e+02
2.238000000000000000e+03 5.812500000000000000e+02
2.038000000000000000e+03 5.933999999999999773e+02
1.838000000000000000e+03 5.935000000000000000e+02
2.214000000000000000e+03 5.946000000000000227e+02
1.782000000000000000e+03 5.975000000000000000e+02
1.918000000000000000e+03 6.043999999999999773e+02
2.382000000000000000e+03 6.062000000000000455e+02
1.990000000000000000e+03 6.343999999999999773e+02
1.814000000000000000e+03 6.347500000000000000e+02
1.822000000000000000e+03 6.504500000000000455e+02
2.158000000000000000e+03 6.681000000000000227e+02
2.166000000000000000e+03 6.965000000000000000e+02
1.926000000000000000e+03 6.968000000000000682e+02
2.374000000000000000e+03 6.975000000000000000e+02
2.062000000000000000e+03 7.596000000000000227e+02
1.822000000000000000e+03 7.936000000000000227e+02
1.758000000000000000e+03 7.948999999999999773e+02
2.270000000000000000e+03 8.101000000000000227e+02
2.102000000000000000e+03 8.185500000000000682e+02
2.150000000000000000e+03 8.198500000000000227e+02
1.646000000000000000e+03 8.486499999999999773e+02
1.966000000000000000e+03 8.499500000000000455e+02
2.062000000000000000e+03 8.818500000000000227e+02
2.078000000000000000e+03 8.947000000000000455e+02
2.214000000000000000e+03 9.013500000000000227e+02
2.070000000000000000e+03 9.277500000000000000e+02
1.998000000000000000e+03 9.296499999999999773e+02
2.238000000000000000e+03 1.006300000000000068e+03
2.342000000000000000e+03 1.028750000000000000e+03
2.190000000000000000e+03 1.037299999999999955e+03
2.062000000000000000e+03 1.087349999999999909e+03
2.030000000000000000e+03 1.095850000000000136e+03
2.078000000000000000e+03 1.102000000000000000e+03
2.342000000000000000e+03 1.106750000000000000e+03
2.102000000000000000e+03 1.130750000000000000e+03
2.286000000000000000e+03 1.156400000000000091e+03
1.606000000000000000e+03 1.162150000000000091e+03
1.798000000000000000e+03 1.211850000000000136e+03
2.310000000000000000e+03 1.246000000000000000e+03
1.798000000000000000e+03 1.252299999999999955e+03
2.030000000000000000e+03 1.255150000000000091e+03
1.718000000000000000e+03 1.255650000000000091e+03
1.742000000000000000e+03 1.268150000000000091e+03
1.806000000000000000e+03 1.277850000000000136e+03
1.990000000000000000e+03 1.304750000000000000e+03
2.174000000000000000e+03 1.308400000000000091e+03
2.374000000000000000e+03 1.322850000000000136e+03
1.894000000000000000e+03 1.325000000000000000e+03
1.758000000000000000e+03 1.326299999999999955e+03
2.182000000000000000e+03 1.327900000000000091e+03
2.182000000000000000e+03 1.371900000000000091e+03
1.726000000000000000e+03 1.406500000000000000e+03
1.838000000000000000e+03 1.411549999999999955e+03
2.062000000000000000e+03 1.423049999999999955e+03
2.126000000000000000e+03 1.425900000000000091e+03
2.158000000000000000e+03 1.431350000000000136e+03
2.358000000000000000e+03 1.461100000000000136e+03
2.030000000000000000e+03 1.485600000000000136e+03
2.374000000000000000e+03 1.487450000000000045e+03
1.766000000000000000e+03 1.488600000000000136e+03
1.998000000000000000e+03 1.516850000000000136e+03
1.934000000000000000e+03 1.524650000000000091e+03
1.742000000000000000e+03 1.542750000000000000e+03
2.318000000000000000e+03 1.546049999999999955e+03
1.958000000000000000e+03 1.548600000000000136e+03
2.062000000000000000e+03 1.563100000000000136e+03
1.982000000000000000e+03 1.592900000000000091e+03
1.766000000000000000e+03 1.638750000000000000e+03
1.910000000000000000e+03 1.649650000000000091e+03
1.902000000000000000e+03 1.686900000000000091e+03
1.734000000000000000e+03 1.703350000000000136e+03
2.286000000000000000e+03 1.705350000000000136e+03
1.830000000000000000e+03 1.709000000000000000e+03
2.222000000000000000e+03 1.725000000000000000e+03
2.006000000000000000e+03 1.728900000000000091e+03
2.134000000000000000e+03 1.735200000000000045e+03
2.358000000000000000e+03 1.741500000000000000e+03
1.630000000000000000e+03 1.746950000000000045e+03
1.990000000000000000e+03 1.752600000000000136e+03
1.726000000000000000e+03 1.758600000000000136e+03
1.998000000000000000e+03 1.775900000000000091e+03
1.782000000000000000e+03 1.786900000000000091e+03
1.766000000000000000e+03 1.792200000000000045e+03
1.942000000000000000e+03 1.793750000000000000e+03
1.742000000000000000e+03 1.807049999999999955e+03
1.622000000000000000e+03 1.825700000000000045e+03
1.678000000000000000e+03 1.843850000000000136e+03
2.158000000000000000e+03 1.846750000000000000e+03
1.910000000000000000e+03 1.850500000000000000e+03
2.278000000000000000e+03 1.860250000000000000e+03
1.630000000000000000e+03 1.876250000000000000e+03
1.870000000000000000e+03 1.886799999999999955e+03
1.718000000000000000e+03 1.897150000000000091e+03
1.686000000000000000e+03 1.955900000000000091e+03
2.390000000000000000e+03 1.970549999999999955e+03
1.678000000000000000e+03 1.997350000000000136e+03
2.318000000000000000e+03 2.020950000000000045e+03
1.766000000000000000e+03 2.030650000000000091e+03
2.270000000000000000e+03 2.034000000000000000e+03
1.830000000000000000e+03 2.043450000000000045e+03
2.350000000000000000e+03 2.067949999999999818e+03
1.918000000000000000e+03 2.073599999999999909e+03
2.062000000000000000e+03 2.090000000000000000e+03
2.126000000000000000e+03 2.107500000000000000e+03
1.766000000000000000e+03 2.112599999999999909e+03
1.886000000000000000e+03 2.114199999999999818e+03
2.326000000000000000e+03 2.125650000000000091e+03
2.014000000000000000e+03 2.126449999999999818e+03
1.686000000000000000e+03 2.136599999999999909e+03
2.222000000000000000e+03 2.136699999999999818e+03
2.270000000000000000e+03 2.165800000000000182e+03
2.086000000000000000e+03 2.169300000000000182e+03
2.222000000000000000e+03 2.182400000000000091e+03
1.742000000000000000e+03 2.192450000000000273e+03
2.022000000000000000e+03 2.199400000000000091e+03
1.854000000000000000e+03 2.199950000000000273e+03
2.142000000000000000e+03 2.221050000000000182e+03
2.070000000000000000e+03 2.254599999999999909e+03
1.926000000000000000e+03 2.257200000000000273e+03
2.358000000000000000e+03 2.257550000000000182e+03
2.070000000000000000e+03 2.291900000000000091e+03
2.398000000000000000e+03 2.298849999999999909e+03
1.838000000000000000e+03 2.312400000000000091e+03
2.374000000000000000e+03 2.314200000000000273e+03
1.774000000000000000e+03 2.330700000000000273e+03
1.926000000000000000e+03 2.358550000000000182e+03
1.702000000000000000e+03 2.381800000000000182e+03
2.270000000000000000e+03 2.382050000000000182e+03
1.870000000000000000e+03 2.415150000000000091e+03
1.846000000000000000e+03 2.467750000000000000e+03
1.822000000000000000e+03 2.476150000000000091e+03
1.966000000000000000e+03 2.488400000000000091e+03
1.830000000000000000e+03 2.496150000000000091e+03
1.870000000000000000e+03 2.526099999999999909e+03
2.150000000000000000e+03 2.537599999999999909e+03
2.326000000000000000e+03 2.547500000000000000e+03
2.390000000000000000e+03 2.558050000000000182e+03
1.886000000000000000e+03 2.594900000000000091e+03
2.278000000000000000e+03 2.614650000000000091e+03
2.310000000000000000e+03 2.624950000000000273e+03
1.806000000000000000e+03 2.633950000000000273e+03
2.278000000000000000e+03 2.637099999999999909e+03
2.398000000000000000e+03 2.672450000000000273e+03
2.038000000000000000e+03 2.674450000000000273e+03
2.318000000000000000e+03 2.679450000000000273e+03
1.670000000000000000e+03 2.691550000000000182e+03
1.614000000000000000e+03 2.696849999999999909e+03
1.654000000000000000e+03 2.706000000000000000e+03
1.990000000000000000e+03 2.718050000000000182e+03
2.318000000000000000e+03 2.733650000000000091e+03
1.622000000000000000e+03 2.734800000000000182e+03
2.174000000000000000e+03 2.742800000000000182e+03
1.766000000000000000e+03 2.757599999999999909e+03
1.606000000000000000e+03 2.765300000000000182e+03
1.646000000000000000e+03 2.774300000000000182e+03
1.654000000000000000e+03 2.777650000000000091e+03
2.086000000000000000e+03 2.783000000000000000e+03
1.718000000000000000e+03 2.783150000000000091e+03
2.174000000000000000e+03 2.787349999999999909e+03
2.230000000000000000e+03 2.795650000000000091e+03
2.126000000000000000e+03 2.816349999999999909e+03
1.758000000000000000e+03 2.834700000000000273e+03
1.814000000000000000e+03 2.846099999999999909e+03
1.718000000000000000e+03 2.873550000000000182e+03
1.966000000000000000e+03 2.874599999999999909e+03
2.078000000000000000e+03 2.875150000000000091e+03
2.030000000000000000e+03 2.875400000000000091e+03
2.086000000000000000e+03 2.879750000000000000e+03
2.118000000000000000e+03 2.898300000000000182e+03
2.374000000000000000e+03 2.919550000000000182e+03
2.174000000000000000e+03 2.923650000000000091e+03
1.766000000000000000e+03 2.927599999999999909e+03
1.934000000000000000e+03 2.931550000000000182e+03
2.078000000000000000e+03 2.943000000000000000e+03
2.206000000000000000e+03 2.966050000000000182e+03
2.102000000000000000e+03 2.982849999999999909e+03
1.694000000000000000e+03 2.996400000000000091e+03
1.862000000000000000e+03 3.405750000000000000e+03
2.142000000000000000e+03 3.444400000000000091e+03
1.806000000000000000e+03 3.451450000000000273e+03
1.846000000000000000e+03 3.466849999999999909e+03
1.790000000000000000e+03 3.475750000000000000e+03
1.734000000000000000e+03 3.490250000000000000e+03
1.942000000000000000e+03 3.494200000000000273e+03
2.350000000000000000e+03 3.501849999999999909e+03
1.806000000000000000e+03 3.553050000000000182e+03
2.206000000000000000e+03 3.564000000000000000e+03
2.006000000000000000e+03 3.564400000000000091e+03
2.110000000000000000e+03 3.575599999999999909e+03
2.070000000000000000e+03 3.606849999999999909e+03
1.734000000000000000e+03 3.757950000000000273e+03
2.062000000000000000e+03 3.888150000000000091e+03
2.078000000000000000e+03 3.982400000000000091e+03
2.342000000000000000e+03 3.986849999999999909e+03
2.038000000000000000e+03 4.133600000000000364e+03
2.326000000000000000e+03 4.166300000000000182e+03
2.366000000000000000e+03 4.180050000000000182e+03
1.886000000000000000e+03 4.184850000000000364e+03
2.006000000000000000e+03 4.205750000000000000e+03
1.982000000000000000e+03 4.221550000000000182e+03
1.686000000000000000e+03 4.234600000000000364e+03
1.774000000000000000e+03 4.235399999999999636e+03
1.782000000000000000e+03 4.251100000000000364e+03
1.758000000000000000e+03 4.272350000000000364e+03
2.006000000000000000e+03 4.275050000000000182e+03
2.294000000000000000e+03 4.295449999999999818e+03
1.974000000000000000e+03 4.301649999999999636e+03
1.822000000000000000e+03 4.371199999999999818e+03
2.214000000000000000e+03 4.400000000000000000e+03
2.214000000000000000e+03 4.415650000000000546e+03
1.750000000000000000e+03 4.416300000000000182e+03
1.862000000000000000e+03 4.426650000000000546e+03
2.318000000000000000e+03 4.432100000000000364e+03
1.726000000000000000e+03 4.436750000000000000e+03
1.982000000000000000e+03 4.437550000000000182e+03
1.886000000000000000e+03 4.441850000000000364e+03
2.102000000000000000e+03 4.443500000000000000e+03
1.710000000000000000e+03 4.447100000000000364e+03
1.894000000000000000e+03 4.450100000000000364e+03
2.278000000000000000e+03 4.468050000000000182e+03
1.838000000000000000e+03 4.518050000000000182e+03
1.646000000000000000e+03 4.521600000000000364e+03
1.622000000000000000e+03 4.563300000000000182e+03
2.062000000000000000e+03 4.582750000000000000e+03
2.302000000000000000e+03 4.608449999999999818e+03
2.270000000000000000e+03 4.709850000000000364e+03
2.238000000000000000e+03 4.753400000000000546e+03
1.854000000000000000e+03 4.758800000000000182e+03
2.382000000000000000e+03 4.766750000000000000e+03
1.918000000000000000e+03 4.768000000000000000e+03
2.302000000000000000e+03 4.770300000000000182e+03
2.102000000000000000e+03 4.793350000000000364e+03
2.350000000000000000e+03 4.804900000000000546e+03
1.726000000000000000e+03 4.808850000000000364e+03
2.230000000000000000e+03 4.816050000000000182e+03
2.102000000000000000e+03 4.958699999999999818e+03
2.022000000000000000e+03 4.966949999999999818e+03
2.094000000000000000e+03 4.969400000000000546e+03
1.630000000000000000e+03 4.995199999999999818e+03
1.982000000000000000e+03 5.038199999999999818e+03
1.902000000000000000e+03 5.059699999999999818e+03
1.790000000000000000e+03 5.103850000000000364e+03
2.238000000000000000e+03 5.133449999999999818e+03
2.142000000000000000e+03 5.145199999999999818e+03
2.094000000000000000e+03 5.155900000000000546e+03
2.262000000000000000e+03 5.166699999999999818e+03
2.222000000000000000e+03 5.190250000000000000e+03
2.390000000000000000e+03 5.213699999999999818e+03
2.174000000000000000e+03 5.217550000000000182e+03
1.742000000000000000e+03 5.236949999999999818e+03
2.198000000000000000e+03 5.239699999999999818e+03
1.950000000000000000e+03 5.337800000000000182e+03
2.382000000000000000e+03 5.378400000000000546e+03
1.854000000000000000e+03 5.395449999999999818e+03
1.966000000000000000e+03 5.462800000000000182e+03
1.942000000000000000e+03 5.658500000000000000e+03
1.990000000000000000e+03 5.669699999999999818e+03
2.222000000000000000e+03 5.702699999999999818e+03
1.750000000000000000e+03 5.715850000000000364e+03
2.086000000000000000e+03 5.755199999999999818e+03
1.646000000000000000e+03 5.812600000000000364e+03
2.198000000000000000e+03 5.908600000000000364e+03
1.918000000000000000e+03 5.938050000000000182e+03
1.942000000000000000e+03 5.957150000000000546e+03
2.254000000000000000e+03 5.961900000000000546e+03
1.606000000000000000e+03 5.968699999999999818e+03
1.630000000000000000e+03 5.992550000000000182e+03
1.871000000000000000e+03 1.109500000000000028e+02
2.271000000000000000e+03 1.353000000000000114e+02
1.799000000000000000e+03 1.415999999999999943e+02
1.831000000000000000e+03 1.739000000000000057e+02
2.183000000000000000e+03 2.028000000000000114e+02
2.191000000000000000e+03 2.124500000000000171e+02
2.183000000000000000e+03 2.434000000000000057e+02
2.031000000000000000e+03 2.606000000000000227e+02
2.143000000000000000e+03 2.819499999999999886e+02
1.983000000000000000e+03 3.215000000000000000e+02
1.695000000000000000e+03 3.268000000000000114e+02
2.015000000000000000e+03 3.356000000000000227e+02
2.375000000000000000e+03 3.531000000000000227e+02
2.111000000000000000e+03 4.030000000000000000e+02
1.647000000000000000e+03 4.198000000000000114e+02
1.799000000000000000e+03 4.440000000000000000e+02
1.975000000000000000e+03 4.453500000000000227e+02
1.631000000000000000e+03 4.576500000000000341e+02
1.991000000000000000e+03 4.761500000000000341e+02
1.903000000000000000e+03 4.894499999999999886e+02
2.351000000000000000e+03 4.924499999999999886e+02
2.391000000000000000e+03 5.222000000000000455e+02
2.087000000000000000e+03 5.573999999999999773e+02
2.303000000000000000e+03 5.633000000000000682e+02
1.895000000000000000e+03 6.181499999999999773e+02
2.207000000000000000e+03 6.906000000000000227e+02
1.959000000000000000e+03 7.027000000000000455e+02
1.719000000000000000e+03 7.266000000000000227e+02
1.887000000000000000e+03 7.845000000000000000e+02
2.239000000000000000e+03 7.952500000000000000e+02
2.271000000000000000e+03 8.196000000000000227e+02
1.807000000000000000e+03 8.204500000000000455e+02
1.871000000000000000e+03 8.477500000000000000e+02
1.743000000000000000e+03 8.746499999999999773e+02
1.967000000000000000e+03 8.830500000000000682e+02
2.271000000000000000e+03 9.187500000000000000e+02
1.975000000000000000e+03 9.189500000000000455e+02
2.119000000000000000e+03 9.262000000000000455e+02
1.951000000000000000e+03 9.327500000000000000e+02
1.975000000000000000e+03 9.365500000000000682e+02
2.239000000000000000e+03 9.367500000000000000e+02
2.207000000000000000e+03 9.369500000000000455e+02
1.959000000000000000e+03 9.505000000000000000e+02
2.295000000000000000e+03 9.523000000000000682e+02
2.255000000000000000e+03 9.610000000000000000e+02
1.783000000000000000e+03 9.676499999999999773e+02
2.015000000000000000e+03 9.815000000000000000e+02
1.671000000000000000e+03 9.835500000000000682e+02
2.215000000000000000e+03 9.878999999999999773e+02
2.295000000000000000e+03 9.938999999999999773e+02
2.343000000000000000e+03 1.003500000000000000e+03
2.279000000000000000e+03 1.012200000000000045e+03
1.983000000000000000e+03 1.021600000000000023e+03
1.983000000000000000e+03 1.040299999999999955e+03
2.023000000000000000e+03 1.056650000000000091e+03
2.071000000000000000e+03 1.086299999999999955e+03
2.119000000000000000e+03 1.106299999999999955e+03
2.007000000000000000e+03 1.108500000000000000e+03
1.855000000000000000e+03 1.117350000000000136e+03
2.071000000000000000e+03 1.126700000000000045e+03
2.015000000000000000e+03 1.136250000000000000e+03
1.951000000000000000e+03 1.147950000000000045e+03
1.935000000000000000e+03 1.155450000000000045e+03
2.151000000000000000e+03 1.158549999999999955e+03
1.775000000000000000e+03 1.178850000000000136e+03
2.335000000000000000e+03 1.183799999999999955e+03
2.287000000000000000e+03 1.198950000000000045e+03
1.935000000000000000e+03 1.208100000000000136e+03
2.399000000000000000e+03 1.209150000000000091e+03
2.199000000000000000e+03 1.220500000000000000e+03
2.303000000000000000e+03 1.246549999999999955e+03
2.271000000000000000e+03 1.255600000000000136e+03
1.967000000000000000e+03 1.304950000000000045e+03
1.831000000000000000e+03 1.319150000000000091e+03
2.159000000000000000e+03 1.327650000000000091e+03
2.175000000000000000e+03 1.369100000000000136e+03
2.279000000000000000e+03 1.369450000000000045e+03
2.175000000000000000e+03 1.382850000000000136e+03
1.647000000000000000e+03 1.399799999999999955e+03
2.367000000000000000e+03 1.413049999999999955e+03
2.303000000000000000e+03 1.430700000000000045e+03
2.047000000000000000e+03 1.440850000000000136e+03
1.967000000000000000e+03 1.465049999999999955e+03
2.359000000000000000e+03 1.466799999999999955e+03
1.815000000000000000e+03 1.480400000000000091e+03
1.991000000000000000e+03 1.484000000000000000e+03
2.167000000000000000e+03 1.497400000000000091e+03
1.999000000000000000e+03 1.516700000000000045e+03
1.943000000000000000e+03 1.518850000000000136e+03
2.239000000000000000e+03 1.527350000000000136e+03
1.975000000000000000e+03 1.562400000000000091e+03
2.303000000000000000e+03 1.570100000000000136e+03
1.943000000000000000e+03 1.575400000000000091e+03
1.663000000000000000e+03 1.575799999999999955e+03
1.911000000000000000e+03 1.600850000000000136e+03
2.207000000000000000e+03 1.616100000000000136e+03
1.847000000000000000e+03 1.647600000000000136e+03
1.967000000000000000e+03 1.658450000000000045e+03
2.287000000000000000e+03 1.695600000000000136e+03
1.855000000000000000e+03 1.738549999999999955e+03
1.887000000000000000e+03 1.738650000000000091e+03
2.159000000000000000e+03 1.867700000000000045e+03
1.631000000000000000e+03 1.869000000000000000e+03
2.087000000000000000e+03 1.878400000000000091e+03
2.231000000000000000e+03 1.892400000000000091e+03
1.663000000000000000e+03 1.896450000000000045e+03
2.271000000000000000e+03 1.897950000000000045e+03
2.343000000000000000e+03 1.898350000000000136e+03
1.607000000000000000e+03 1.907250000000000000e+03
2.151000000000000000e+03 1.909650000000000091e+03
2.103000000000000000e+03 1.910350000000000136e+03
1.807000000000000000e+03 1.935450000000000045e+03
2.263000000000000000e+03 1.952500000000000000e+03
1.759000000000000000e+03 1.962250000000000000e+03
1.999000000000000000e+03 1.970500000000000000e+03
2.223000000000000000e+03 1.989750000000000000e+03
1.631000000000000000e+03 2.008350000000000136e+03
2.231000000000000000e+03 2.009799999999999955e+03
2.151000000000000000e+03 2.020549999999999955e+03
2.343000000000000000e+03 2.020650000000000091e+03
2.111000000000000000e+03 2.030850000000000136e+03
1.679000000000000000e+03 2.044250000000000000e+03
1.999000000000000000e+03 2.054250000000000000e+03
2.391000000000000000e+03 2.056449999999999818e+03
2.007000000000000000e+03 2.114550000000000182e+03
1.679000000000000000e+03 2.122900000000000091e+03
1.951000000000000000e+03 2.147050000000000182e+03
1.807000000000000000e+03 2.171550000000000182e+03
2.207000000000000000e+03 2.176300000000000182e+03
2.127000000000000000e+03 2.201099999999999909e+03
1.775000000000000000e+03 2.214849999999999909e+03
1.647000000000000000e+03 2.241800000000000182e+03
2.391000000000000000e+03 2.259650000000000091e+03
1.783000000000000000e+03 2.287700000000000273e+03
1.999000000000000000e+03 2.288250000000000000e+03
1.687000000000000000e+03 2.311849999999999909e+03
1.655000000000000000e+03 2.314050000000000182e+03
1.999000000000000000e+03 2.314500000000000000e+03
1.679000000000000000e+03 2.315349999999999909e+03
2.079000000000000000e+03 2.316099999999999909e+03
2.239000000000000000e+03 2.324200000000000273e+03
2.335000000000000000e+03 2.344900000000000091e+03
1.919000000000000000e+03 2.349400000000000091e+03
2.151000000000000000e+03 2.414800000000000182e+03
1.895000000000000000e+03 2.438950000000000273e+03
2.287000000000000000e+03 2.440700000000000273e+03
2.071000000000000000e+03 2.445150000000000091e+03
2.111000000000000000e+03 2.467450000000000273e+03
1.871000000000000000e+03 2.473599999999999909e+03
1.823000000000000000e+03 2.489849999999999909e+03
2.095000000000000000e+03 2.494050000000000182e+03
2.119000000000000000e+03 2.505150000000000091e+03
2.231000000000000000e+03 2.539450000000000273e+03
1.895000000000000000e+03 2.602349999999999909e+03
1.735000000000000000e+03 2.616400000000000091e+03
1.975000000000000000e+03 2.630349999999999909e+03
2.271000000000000000e+03 2.641750000000000000e+03
1.839000000000000000e+03 2.645050000000000182e+03
1.743000000000000000e+03 2.656250000000000000e+03
1.935000000000000000e+03 2.696150000000000091e+03
1.839000000000000000e+03 2.741250000000000000e+03
1.783000000000000000e+03 2.763500000000000000e+03
2.231000000000000000e+03 2.777250000000000000e+03
2.143000000000000000e+03 2.787849999999999909e+03
2.095000000000000000e+03 2.798099999999999909e+03
1.895000000000000000e+03 2.799099999999999909e+03
2.071000000000000000e+03 2.804200000000000273e+03
2.255000000000000000e+03 2.817750000000000000e+03
2.127000000000000000e+03 2.845000000000000000e+03
1.975000000000000000e+03 2.845300000000000182e+03
1.735000000000000000e+03 2.864599999999999909e+03
2.047000000000000000e+03 2.887349999999999909e+03
1.991000000000000000e+03 2.888700000000000273e+03
2.175000000000000000e+03 2.909500000000000000e+03
1.839000000000000000e+03 2.941800000000000182e+03
1.863000000000000000e+03 2.941900000000000091e+03
1.999000000000000000e+03 2.978450000000000273e+03
2.071000000000000000e+03 2.979750000000000000e+03
1.887000000000000000e+03 2.993250000000000000e+03
2.303000000000000000e+03 3.421099999999999909e+03
1.903000000000000000e+03 3.424050000000000182e+03
1.735000000000000000e+03 3.427750000000000000e+03
2.351000000000000000e+03 3.434200000000000273e+03
2.239000000000000000e+03 3.450599999999999909e+03
2.023000000000000000e+03 3.457200000000000273e+03
1.639000000000000000e+03 3.467599999999999909e+03
1.607000000000000000e+03 3.567800000000000182e+03
2.215000000000000000e+03 3.569849999999999909e+03
1.983000000000000000e+03 3.593500000000000000e+03
2.399000000000000000e+03 3.709700000000000273e+03
2.223000000000000000e+03 3.733650000000000091e+03
1.967000000000000000e+03 3.736500000000000000e+03
1.919000000000000000e+03 3.747950000000000273e+03
2.263000000000000000e+03 3.777849999999999909e+03
1.807000000000000000e+03 3.798099999999999909e+03
2.095000000000000000e+03 4.003900000000000091e+03
1.855000000000000000e+03 4.155050000000000182e+03
2.271000000000000000e+03 4.171300000000000182e+03
1.815000000000000000e+03 4.178699999999999818e+03
1.991000000000000000e+03 4.184350000000000364e+03
1.879000000000000000e+03 4.191000000000000000e+03
2.119000000000000000e+03 4.195149999999999636e+03
2.375000000000000000e+03 4.195300000000000182e+03
1.847000000000000000e+03 4.195850000000000364e+03
2.119000000000000000e+03 4.228550000000000182e+03
1.735000000000000000e+03 4.229750000000000000e+03
1.695000000000000000e+03 4.230350000000000364e+03
1.703000000000000000e+03 4.241850000000000364e+03
2.263000000000000000e+03 4.246350000000000364e+03
1.959000000000000000e+03 4.247899999999999636e+03
2.151000000000000000e+03 4.251500000000000000e+03
2.063000000000000000e+03 4.308850000000000364e+03
1.767000000000000000e+03 4.377050000000000182e+03
2.343000000000000000e+03 4.420699999999999818e+03
2.327000000000000000e+03 4.446250000000000000e+03
1.927000000000000000e+03 4.448250000000000000e+03
2.367000000000000000e+03 4.459350000000000364e+03
2.343000000000000000e+03 4.475500000000000000e+03
2.079000000000000000e+03 4.501650000000000546e+03
2.279000000000000000e+03 4.507100000000000364e+03
2.055000000000000000e+03 4.556650000000000546e+03
2.135000000000000000e+03 4.687850000000000364e+03
1.767000000000000000e+03 4.723050000000000182e+03
2.231000000000000000e+03 4.778500000000000000e+03
1.615000000000000000e+03 4.809500000000000000e+03
2.279000000000000000e+03 4.825400000000000546e+03
2.391000000000000000e+03 4.828449999999999818e+03
2.343000000000000000e+03 5.017350000000000364e+03
2.039000000000000000e+03 5.017500000000000000e+03
1.919000000000000000e+03 5.021250000000000000e+03
2.167000000000000000e+03 5.035050000000000182e+03
1.927000000000000000e+03 5.038050000000000182e+03
1.711000000000000000e+03 5.044400000000000546e+03
2.295000000000000000e+03 5.073400000000000546e+03
2.231000000000000000e+03 5.122199999999999818e+03
2.023000000000000000e+03 5.122949999999999818e+03
1.887000000000000000e+03 5.136050000000000182e+03
1.919000000000000000e+03 5.145500000000000000e+03
2.239000000000000000e+03 5.157900000000000546e+03
1.735000000000000000e+03 5.177550000000000182e+03
1.655000000000000000e+03 5.192500000000000000e+03
1.855000000000000000e+03 5.230199999999999818e+03
1.711000000000000000e+03 5.334350000000000364e+03
1.847000000000000000e+03 5.386750000000000000e+03
2.319000000000000000e+03 5.387900000000000546e+03
1.967000000000000000e+03 5.410800000000000182e+03
2.079000000000000000e+03 5.420750000000000000e+03
2.255000000000000000e+03 5.449250000000000000e+03
2.327000000000000000e+03 5.453100000000000364e+03
1.623000000000000000e+03 5.493100000000000364e+03
2.055000000000000000e+03 5.502400000000000546e+03
2.079000000000000000e+03 5.598750000000000000e+03
2.335000000000000000e+03 5.628150000000000546e+03
1.871000000000000000e+03 5.637199999999999818e+03
2.311000000000000000e+03 5.637500000000000000e+03
1.823000000000000000e+03 5.685650000000000546e+03
2.287000000000000000e+03 5.717000000000000000e+03
2.103000000000000000e+03 5.726449999999999818e+03
2.335000000000000000e+03 5.769500000000000000e+03
1.679000000000000000e+03 5.799650000000000546e+03
1.855000000000000000e+03 5.843350000000000364e+03
1.943000000000000000e+03 5.969449999999999818e+03
1.855000000000000000e+03 5.974699999999999818e+03
