2.952000000000000000e+03 1.042500000000000000e+02
2.736000000000000000e+03 1.056000000000000085e+02
2.472000000000000000e+03 1.123500000000000085e+02
2.688000000000000000e+03 1.445999999999999943e+02
2.928000000000000000e+03 1.885500000000000114e+02
3.120000000000000000e+03 1.920000000000000000e+02
3.096000000000000000e+03 2.158499999999999943e+02
2.672000000000000000e+03 2.372000000000000171e+02
2.688000000000000000e+03 2.437000000000000171e+02
2.856000000000000000e+03 2.553499999999999943e+02
2.520000000000000000e+03 2.821500000000000341e+02
2.976000000000000000e+03 2.821999999999999886e+02
3.064000000000000000e+03 2.881999999999999886e+02
2.728000000000000000e+03 2.905000000000000000e+02
2.616000000000000000e+03 3.491500000000000341e+02
2.720000000000000000e+03 3.618500000000000227e+02
2.984000000000000000e+03 4.198000000000000114e+02
3.064000000000000000e+03 4.366000000000000227e+02
3.000000000000000000e+03 4.505000000000000000e+02
2.664000000000000000e+03 4.673500000000000227e+02
3.008000000000000000e+03 4.735500000000000114e+02
3.096000000000000000e+03 4.766500000000000341e+02
2.936000000000000000e+03 4.918000000000000114e+02
3.136000000000000000e+03 5.056999999999999886e+02
2.872000000000000000e+03 5.075000000000000000e+02
3.152000000000000000e+03 5.142500000000000000e+02
3.072000000000000000e+03 5.331000000000000227e+02
2.744000000000000000e+03 5.576499999999999773e+02
2.640000000000000000e+03 5.578000000000000682e+02
2.616000000000000000e+03 5.735500000000000682e+02
2.696000000000000000e+03 5.851000000000000227e+02
2.568000000000000000e+03 6.065500000000000682e+02
2.632000000000000000e+03 6.086000000000000227e+02
2.672000000000000000e+03 6.125500000000000682e+02
2.968000000000000000e+03 6.334500000000000455e+02
2.856000000000000000e+03 6.337000000000000455e+02
2.928000000000000000e+03 6.455500000000000682e+02
2.456000000000000000e+03 6.678500000000000227e+02
3.080000000000000000e+03 6.746000000000000227e+02
3.104000000000000000e+03 6.770500000000000682e+02
3.152000000000000000e+03 6.930500000000000682e+02
2.968000000000000000e+03 7.136499999999999773e+02
2.904000000000000000e+03 7.247000000000000455e+02
3.008000000000000000e+03 7.644500000000000455e+02
3.120000000000000000e+03 7.652500000000000000e+02
2.632000000000000000e+03 7.782000000000000455e+02
2.584000000000000000e+03 7.862000000000000455e+02
3.120000000000000000e+03 7.902500000000000000e+02
2.944000000000000000e+03 7.948500000000000227e+02
2.608000000000000000e+03 8.109500000000000455e+02
2.672000000000000000e+03 8.147000000000000455e+02
2.616000000000000000e+03 8.193500000000000227e+02
3.072000000000000000e+03 8.240000000000000000e+02
2.976000000000000000e+03 8.261499999999999773e+02
2.992000000000000000e+03 8.275500000000000682e+02
3.160000000000000000e+03 8.298999999999999773e+02
3.200000000000000000e+03 8.381499999999999773e+02
2.888000000000000000e+03 8.463500000000000227e+02
2.512000000000000000e+03 8.475000000000000000e+02
3.152000000000000000e+03 8.482000000000000455e+02
2.520000000000000000e+03 8.631499999999999773e+02
3.064000000000000000e+03 8.897500000000000000e+02
2.712000000000000000e+03 8.949500000000000455e+02
2.808000000000000000e+03 9.172000000000000455e+02
2.512000000000000000e+03 9.357000000000000455e+02
2.808000000000000000e+03 9.665500000000000682e+02
2.504000000000000000e+03 9.833500000000000227e+02
2.776000000000000000e+03 9.836000000000000227e+02
3.048000000000000000e+03 1.019200000000000045e+03
2.928000000000000000e+03 1.040799999999999955e+03
3.024000000000000000e+03 1.041049999999999955e+03
2.488000000000000000e+03 1.042349999999999909e+03
2.800000000000000000e+03 1.043349999999999909e+03
2.984000000000000000e+03 1.056500000000000000e+03
2.512000000000000000e+03 1.083950000000000045e+03
3.008000000000000000e+03 1.089500000000000000e+03
2.592000000000000000e+03 1.097150000000000091e+03
3.080000000000000000e+03 1.098549999999999955e+03
2.480000000000000000e+03 1.128799999999999955e+03
2.968000000000000000e+03 1.137000000000000000e+03
2.816000000000000000e+03 1.162200000000000045e+03
2.976000000000000000e+03 1.164750000000000000e+03
2.944000000000000000e+03 1.176250000000000000e+03
2.496000000000000000e+03 1.183250000000000000e+03
2.624000000000000000e+03 1.197299999999999955e+03
3.040000000000000000e+03 1.219600000000000136e+03
3.120000000000000000e+03 1.237700000000000045e+03
2.656000000000000000e+03 1.253850000000000136e+03
2.720000000000000000e+03 1.263600000000000136e+03
2.784000000000000000e+03 1.284900000000000091e+03
2.440000000000000000e+03 1.291000000000000000e+03
2.872000000000000000e+03 1.303150000000000091e+03
2.952000000000000000e+03 1.317350000000000136e+03
3.040000000000000000e+03 1.331299999999999955e+03
2.776000000000000000e+03 1.357150000000000091e+03
2.696000000000000000e+03 1.363000000000000000e+03
2.856000000000000000e+03 1.363250000000000000e+03
2.880000000000000000e+03 1.409000000000000000e+03
2.552000000000000000e+03 1.412650000000000091e+03
2.416000000000000000e+03 1.450250000000000000e+03
2.528000000000000000e+03 1.466049999999999955e+03
3.088000000000000000e+03 1.515400000000000091e+03
2.888000000000000000e+03 1.527200000000000045e+03
2.488000000000000000e+03 1.548900000000000091e+03
2.536000000000000000e+03 1.582600000000000136e+03
3.168000000000000000e+03 1.600950000000000045e+03
2.568000000000000000e+03 1.608000000000000000e+03
2.624000000000000000e+03 1.609100000000000136e+03
2.832000000000000000e+03 1.614549999999999955e+03
2.640000000000000000e+03 1.629049999999999955e+03
2.936000000000000000e+03 1.637100000000000136e+03
2.624000000000000000e+03 1.650900000000000091e+03
3.016000000000000000e+03 1.669299999999999955e+03
2.928000000000000000e+03 1.672299999999999955e+03
3.056000000000000000e+03 1.681700000000000045e+03
3.088000000000000000e+03 1.696150000000000091e+03
3.192000000000000000e+03 1.742549999999999955e+03
2.872000000000000000e+03 1.758850000000000136e+03
2.408000000000000000e+03 1.776850000000000136e+03
3.088000000000000000e+03 1.795000000000000000e+03
2.968000000000000000e+03 1.805650000000000091e+03
2.776000000000000000e+03 1.806299999999999955e+03
2.992000000000000000e+03 1.816850000000000136e+03
2.488000000000000000e+03 1.817100000000000136e+03
2.832000000000000000e+03 1.820000000000000000e+03
3.168000000000000000e+03 1.822950000000000045e+03
2.584000000000000000e+03 1.825549999999999955e+03
3.160000000000000000e+03 1.851250000000000000e+03
2.784000000000000000e+03 1.867900000000000091e+03
3.128000000000000000e+03 1.890950000000000045e+03
2.704000000000000000e+03 1.898500000000000000e+03
2.736000000000000000e+03 1.927299999999999955e+03
3.008000000000000000e+03 1.930700000000000045e+03
2.736000000000000000e+03 1.955950000000000045e+03
2.600000000000000000e+03 1.956799999999999955e+03
2.608000000000000000e+03 1.977400000000000091e+03
3.032000000000000000e+03 1.989600000000000136e+03
2.704000000000000000e+03 2.007299999999999955e+03
3.088000000000000000e+03 2.014500000000000000e+03
2.424000000000000000e+03 2.019299999999999955e+03
3.024000000000000000e+03 2.021850000000000136e+03
2.976000000000000000e+03 2.049400000000000091e+03
2.848000000000000000e+03 2.049800000000000182e+03
2.800000000000000000e+03 2.067750000000000000e+03
2.616000000000000000e+03 2.071400000000000091e+03
3.120000000000000000e+03 2.072849999999999909e+03
2.920000000000000000e+03 2.080800000000000182e+03
3.072000000000000000e+03 2.081599999999999909e+03
2.568000000000000000e+03 2.100599999999999909e+03
2.848000000000000000e+03 2.112599999999999909e+03
3.136000000000000000e+03 2.122199999999999818e+03
2.432000000000000000e+03 2.123900000000000091e+03
2.904000000000000000e+03 2.133699999999999818e+03
2.696000000000000000e+03 2.134500000000000000e+03
2.824000000000000000e+03 2.136599999999999909e+03
3.016000000000000000e+03 2.140750000000000000e+03
2.584000000000000000e+03 2.159900000000000091e+03
2.592000000000000000e+03 2.173349999999999909e+03
2.944000000000000000e+03 2.176650000000000091e+03
3.152000000000000000e+03 2.199099999999999909e+03
2.840000000000000000e+03 2.239000000000000000e+03
2.456000000000000000e+03 2.319099999999999909e+03
3.088000000000000000e+03 2.379650000000000091e+03
2.840000000000000000e+03 2.381950000000000273e+03
2.960000000000000000e+03 2.391099999999999909e+03
2.584000000000000000e+03 2.391700000000000273e+03
3.016000000000000000e+03 2.392849999999999909e+03
3.112000000000000000e+03 2.392900000000000091e+03
2.480000000000000000e+03 2.396250000000000000e+03
2.552000000000000000e+03 2.413599999999999909e+03
2.672000000000000000e+03 2.485099999999999909e+03
2.816000000000000000e+03 2.493349999999999909e+03
3.104000000000000000e+03 2.509000000000000000e+03
3.032000000000000000e+03 2.530900000000000091e+03
2.512000000000000000e+03 2.538099999999999909e+03
2.760000000000000000e+03 2.564650000000000091e+03
2.992000000000000000e+03 2.583900000000000091e+03
3.000000000000000000e+03 2.584450000000000273e+03
2.560000000000000000e+03 2.603000000000000000e+03
3.048000000000000000e+03 2.603150000000000091e+03
3.144000000000000000e+03 2.621849999999999909e+03
2.888000000000000000e+03 2.626550000000000182e+03
3.024000000000000000e+03 2.641849999999999909e+03
3.096000000000000000e+03 2.644099999999999909e+03
2.744000000000000000e+03 2.652800000000000182e+03
2.632000000000000000e+03 2.691750000000000000e+03
2.832000000000000000e+03 2.691900000000000091e+03
2.432000000000000000e+03 2.706500000000000000e+03
2.696000000000000000e+03 2.748900000000000091e+03
2.896000000000000000e+03 2.753000000000000000e+03
2.856000000000000000e+03 2.764950000000000273e+03
2.720000000000000000e+03 2.771250000000000000e+03
2.976000000000000000e+03 2.776849999999999909e+03
3.024000000000000000e+03 2.817150000000000091e+03
2.704000000000000000e+03 2.827800000000000182e+03
2.784000000000000000e+03 2.854050000000000182e+03
3.072000000000000000e+03 2.864900000000000091e+03
3.048000000000000000e+03 2.874150000000000091e+03
2.784000000000000000e+03 2.887000000000000000e+03
2.440000000000000000e+03 2.888550000000000182e+03
3.088000000000000000e+03 2.897349999999999909e+03
3.104000000000000000e+03 2.901500000000000000e+03
3.016000000000000000e+03 2.904849999999999909e+03
2.416000000000000000e+03 2.932700000000000273e+03
2.936000000000000000e+03 2.943750000000000000e+03
3.088000000000000000e+03 2.981000000000000000e+03
3.168000000000000000e+03 2.982150000000000091e+03
2.640000000000000000e+03 2.985900000000000091e+03
2.952000000000000000e+03 2.985900000000000091e+03
2.624000000000000000e+03 2.998200000000000273e+03
3.144000000000000000e+03 3.002450000000000273e+03
2.992000000000000000e+03 3.427700000000000273e+03
2.856000000000000000e+03 3.443450000000000273e+03
3.104000000000000000e+03 3.471250000000000000e+03
3.136000000000000000e+03 3.481400000000000091e+03
2.464000000000000000e+03 3.488500000000000000e+03
3.144000000000000000e+03 3.490000000000000000e+03
3.072000000000000000e+03 3.504050000000000182e+03
2.920000000000000000e+03 3.506800000000000182e+03
2.848000000000000000e+03 3.512900000000000091e+03
3.160000000000000000e+03 3.528700000000000273e+03
2.408000000000000000e+03 3.577500000000000000e+03
2.416000000000000000e+03 3.580800000000000182e+03
2.640000000000000000e+03 3.616800000000000182e+03
3.048000000000000000e+03 3.697700000000000273e+03
2.608000000000000000e+03 3.700099999999999909e+03
3.080000000000000000e+03 3.704900000000000091e+03
2.536000000000000000e+03 3.712599999999999909e+03
2.608000000000000000e+03 3.713750000000000000e+03
2.632000000000000000e+03 3.729950000000000273e+03
3.008000000000000000e+03 3.736050000000000182e+03
2.808000000000000000e+03 3.762400000000000091e+03
3.144000000000000000e+03 3.766650000000000091e+03
3.064000000000000000e+03 3.787950000000000273e+03
3.016000000000000000e+03 3.797450000000000273e+03
3.096000000000000000e+03 3.930349999999999909e+03
2.592000000000000000e+03 4.203000000000000000e+03
2.568000000000000000e+03 4.204500000000000000e+03
2.624000000000000000e+03 4.205050000000000182e+03
2.440000000000000000e+03 4.218649999999999636e+03
3.072000000000000000e+03 4.221600000000000364e+03
2.976000000000000000e+03 4.229800000000000182e+03
2.824000000000000000e+03 4.235350000000000364e+03
2.960000000000000000e+03 4.236750000000000000e+03
3.080000000000000000e+03 4.245800000000000182e+03
3.144000000000000000e+03 4.274399999999999636e+03
2.768000000000000000e+03 4.290649999999999636e+03
2.424000000000000000e+03 4.299199999999999818e+03
2.648000000000000000e+03 4.315600000000000364e+03
3.136000000000000000e+03 4.433400000000000546e+03
3.016000000000000000e+03 4.493750000000000000e+03
3.096000000000000000e+03 4.498699999999999818e+03
2.680000000000000000e+03 4.520900000000000546e+03
2.760000000000000000e+03 4.535850000000000364e+03
2.768000000000000000e+03 4.536300000000000182e+03
2.696000000000000000e+03 4.554600000000000364e+03
3.152000000000000000e+03 4.608699999999999818e+03
3.096000000000000000e+03 4.694350000000000364e+03
2.824000000000000000e+03 4.703900000000000546e+03
2.496000000000000000e+03 4.710050000000000182e+03
2.424000000000000000e+03 4.720550000000000182e+03
3.000000000000000000e+03 4.723150000000000546e+03
3.040000000000000000e+03 4.733150000000000546e+03
2.880000000000000000e+03 4.733500000000000000e+03
2.800000000000000000e+03 4.746600000000000364e+03
2.456000000000000000e+03 4.828500000000000000e+03
2.768000000000000000e+03 4.837150000000000546e+03
3.048000000000000000e+03 4.851150000000000546e+03
3.016000000000000000e+03 4.929050000000000182e+03
2.424000000000000000e+03 4.950750000000000000e+03
3.096000000000000000e+03 4.975100000000000364e+03
2.528000000000000000e+03 4.975699999999999818e+03
2.600000000000000000e+03 4.987100000000000364e+03
2.536000000000000000e+03 4.993150000000000546e+03
3.200000000000000000e+03 5.011150000000000546e+03
2.680000000000000000e+03 5.021350000000000364e+03
2.904000000000000000e+03 5.022350000000000364e+03
3.008000000000000000e+03 5.034449999999999818e+03
2.552000000000000000e+03 5.041949999999999818e+03
3.160000000000000000e+03 5.085150000000000546e+03
2.856000000000000000e+03 5.091050000000000182e+03
3.184000000000000000e+03 5.095550000000000182e+03
2.584000000000000000e+03 5.096199999999999818e+03
2.992000000000000000e+03 5.097600000000000364e+03
2.520000000000000000e+03 5.110199999999999818e+03
2.552000000000000000e+03 5.113949999999999818e+03
2.728000000000000000e+03 5.121800000000000182e+03
2.768000000000000000e+03 5.135650000000000546e+03
2.408000000000000000e+03 5.143750000000000000e+03
3.192000000000000000e+03 5.164000000000000000e+03
2.464000000000000000e+03 5.164500000000000000e+03
3.072000000000000000e+03 5.174550000000000182e+03
2.440000000000000000e+03 5.208699999999999818e+03
2.536000000000000000e+03 5.330949999999999818e+03
2.760000000000000000e+03 5.378000000000000000e+03
2.592000000000000000e+03 5.439350000000000364e+03
2.696000000000000000e+03 5.589650000000000546e+03
2.752000000000000000e+03 5.637300000000000182e+03
2.512000000000000000e+03 5.689050000000000182e+03
3.136000000000000000e+03 5.744050000000000182e+03
2.624000000000000000e+03 5.757600000000000364e+03
2.960000000000000000e+03 5.768699999999999818e+03
3.192000000000000000e+03 5.771199999999999818e+03
2.944000000000000000e+03 5.786300000000000182e+03
2.984000000000000000e+03 5.801949999999999818e+03
3.024000000000000000e+03 5.865600000000000364e+03
3.072000000000000000e+03 5.901050000000000182e+03
2.993000000000000000e+03 1.020000000000000000e+02
2.601000000000000000e+03 1.281999999999999886e+02
2.753000000000000000e+03 1.402000000000000171e+02
2.401000000000000000e+03 1.515999999999999943e+02
2.777000000000000000e+03 1.529000000000000057e+02
2.961000000000000000e+03 1.691500000000000057e+02
3.057000000000000000e+03 1.955999999999999943e+02
3.017000000000000000e+03 1.960000000000000000e+02
2.865000000000000000e+03 2.197000000000000171e+02
2.969000000000000000e+03 2.284500000000000171e+02
2.633000000000000000e+03 2.780500000000000114e+02
3.001000000000000000e+03 2.917500000000000000e+02
2.817000000000000000e+03 3.001500000000000341e+02
2.937000000000000000e+03 3.005500000000000114e+02
2.545000000000000000e+03 3.043500000000000227e+02
3.113000000000000000e+03 3.126000000000000227e+02
2.705000000000000000e+03 3.155000000000000000e+02
2.569000000000000000e+03 3.158500000000000227e+02
2.841000000000000000e+03 3.260500000000000114e+02
3.025000000000000000e+03 3.414000000000000341e+02
2.897000000000000000e+03 3.565000000000000000e+02
2.521000000000000000e+03 3.588000000000000114e+02
3.081000000000000000e+03 3.756999999999999886e+02
2.713000000000000000e+03 4.436500000000000341e+02
2.801000000000000000e+03 4.771500000000000341e+02
2.889000000000000000e+03 4.878500000000000227e+02
2.761000000000000000e+03 5.021000000000000227e+02
3.081000000000000000e+03 5.186000000000000227e+02
2.417000000000000000e+03 5.218999999999999773e+02
2.729000000000000000e+03 5.297000000000000455e+02
2.585000000000000000e+03 5.520000000000000000e+02
2.953000000000000000e+03 5.698500000000000227e+02
2.721000000000000000e+03 5.762500000000000000e+02
2.425000000000000000e+03 5.803500000000000227e+02
2.489000000000000000e+03 5.863500000000000227e+02
2.449000000000000000e+03 5.942500000000000000e+02
3.081000000000000000e+03 5.991499999999999773e+02
2.785000000000000000e+03 6.077500000000000000e+02
3.113000000000000000e+03 6.108999999999999773e+02
3.193000000000000000e+03 6.240000000000000000e+02
2.417000000000000000e+03 6.346000000000000227e+02
2.849000000000000000e+03 6.455500000000000682e+02
3.185000000000000000e+03 6.590500000000000682e+02
3.113000000000000000e+03 6.888000000000000682e+02
2.617000000000000000e+03 6.906000000000000227e+02
2.929000000000000000e+03 6.965000000000000000e+02
3.057000000000000000e+03 7.147500000000000000e+02
3.097000000000000000e+03 7.208000000000000682e+02
2.921000000000000000e+03 7.224500000000000455e+02
2.649000000000000000e+03 7.291499999999999773e+02
2.921000000000000000e+03 7.296499999999999773e+02
3.057000000000000000e+03 7.308500000000000227e+02
3.185000000000000000e+03 7.493000000000000682e+02
2.825000000000000000e+03 7.532000000000000455e+02
2.841000000000000000e+03 7.853500000000000227e+02
3.057000000000000000e+03 7.917500000000000000e+02
2.729000000000000000e+03 7.933500000000000227e+02
2.425000000000000000e+03 8.178999999999999773e+02
2.985000000000000000e+03 8.208000000000000682e+02
3.033000000000000000e+03 8.212500000000000000e+02
2.745000000000000000e+03 8.331000000000000227e+02
2.953000000000000000e+03 8.390500000000000682e+02
2.921000000000000000e+03 8.706000000000000227e+02
2.457000000000000000e+03 8.868000000000000682e+02
2.841000000000000000e+03 9.087000000000000455e+02
3.089000000000000000e+03 9.123500000000000227e+02
3.065000000000000000e+03 9.468500000000000227e+02
2.849000000000000000e+03 9.738999999999999773e+02
3.129000000000000000e+03 9.963000000000000682e+02
2.561000000000000000e+03 9.998000000000000682e+02
3.089000000000000000e+03 1.038900000000000091e+03
2.777000000000000000e+03 1.053049999999999955e+03
2.665000000000000000e+03 1.147900000000000091e+03
3.161000000000000000e+03 1.167500000000000000e+03
2.441000000000000000e+03 1.173400000000000091e+03
2.905000000000000000e+03 1.181549999999999955e+03
2.521000000000000000e+03 1.186850000000000136e+03
2.481000000000000000e+03 1.211950000000000045e+03
2.865000000000000000e+03 1.230799999999999955e+03
2.425000000000000000e+03 1.246500000000000000e+03
2.977000000000000000e+03 1.269950000000000045e+03
2.625000000000000000e+03 1.274750000000000000e+03
2.497000000000000000e+03 1.310450000000000045e+03
3.065000000000000000e+03 1.339799999999999955e+03
3.009000000000000000e+03 1.381200000000000045e+03
2.809000000000000000e+03 1.382000000000000000e+03
2.497000000000000000e+03 1.392100000000000136e+03
2.905000000000000000e+03 1.409700000000000045e+03
2.441000000000000000e+03 1.414850000000000136e+03
2.513000000000000000e+03 1.415150000000000091e+03
2.433000000000000000e+03 1.425100000000000136e+03
2.577000000000000000e+03 1.508049999999999955e+03
2.913000000000000000e+03 1.536600000000000136e+03
3.049000000000000000e+03 1.543549999999999955e+03
2.497000000000000000e+03 1.544500000000000000e+03
2.401000000000000000e+03 1.546350000000000136e+03
2.801000000000000000e+03 1.552200000000000045e+03
3.169000000000000000e+03 1.567049999999999955e+03
2.849000000000000000e+03 1.574250000000000000e+03
2.521000000000000000e+03 1.575000000000000000e+03
2.401000000000000000e+03 1.575600000000000136e+03
2.601000000000000000e+03 1.577250000000000000e+03
2.817000000000000000e+03 1.592350000000000136e+03
2.873000000000000000e+03 1.614049999999999955e+03
3.193000000000000000e+03 1.617250000000000000e+03
2.833000000000000000e+03 1.638049999999999955e+03
2.441000000000000000e+03 1.658799999999999955e+03
2.953000000000000000e+03 1.663200000000000045e+03
2.905000000000000000e+03 1.672000000000000000e+03
3.033000000000000000e+03 1.748100000000000136e+03
2.625000000000000000e+03 1.754950000000000045e+03
3.185000000000000000e+03 1.772200000000000045e+03
2.529000000000000000e+03 1.774850000000000136e+03
2.905000000000000000e+03 1.836150000000000091e+03
2.881000000000000000e+03 1.851799999999999955e+03
2.521000000000000000e+03 1.857200000000000045e+03
2.657000000000000000e+03 1.867450000000000045e+03
3.025000000000000000e+03 1.871299999999999955e+03
2.465000000000000000e+03 1.878000000000000000e+03
2.681000000000000000e+03 1.898450000000000045e+03
2.937000000000000000e+03 1.908150000000000091e+03
2.937000000000000000e+03 1.969250000000000000e+03
2.641000000000000000e+03 1.971200000000000045e+03
2.817000000000000000e+03 1.992150000000000091e+03
2.633000000000000000e+03 2.008799999999999955e+03
2.665000000000000000e+03 2.013299999999999955e+03
2.889000000000000000e+03 2.027750000000000000e+03
2.673000000000000000e+03 2.038799999999999955e+03
2.841000000000000000e+03 2.044100000000000136e+03
2.417000000000000000e+03 2.045049999999999955e+03
2.785000000000000000e+03 2.060750000000000000e+03
3.129000000000000000e+03 2.076000000000000000e+03
2.433000000000000000e+03 2.079300000000000182e+03
2.561000000000000000e+03 2.082349999999999909e+03
2.857000000000000000e+03 2.084750000000000000e+03
3.105000000000000000e+03 2.096599999999999909e+03
2.649000000000000000e+03 2.097599999999999909e+03
2.777000000000000000e+03 2.101550000000000182e+03
2.601000000000000000e+03 2.106400000000000091e+03
3.097000000000000000e+03 2.107699999999999818e+03
2.881000000000000000e+03 2.127050000000000182e+03
2.713000000000000000e+03 2.162949999999999818e+03
3.177000000000000000e+03 2.171750000000000000e+03
3.033000000000000000e+03 2.217650000000000091e+03
3.001000000000000000e+03 2.229700000000000273e+03
2.657000000000000000e+03 2.242349999999999909e+03
2.681000000000000000e+03 2.267349999999999909e+03
2.473000000000000000e+03 2.272700000000000273e+03
3.185000000000000000e+03 2.349750000000000000e+03
2.433000000000000000e+03 2.370050000000000182e+03
2.857000000000000000e+03 2.385650000000000091e+03
2.689000000000000000e+03 2.390750000000000000e+03
2.793000000000000000e+03 2.395400000000000091e+03
2.585000000000000000e+03 2.399150000000000091e+03
3.137000000000000000e+03 2.400000000000000000e+03
2.569000000000000000e+03 2.447500000000000000e+03
2.649000000000000000e+03 2.454700000000000273e+03
2.945000000000000000e+03 2.521250000000000000e+03
3.025000000000000000e+03 2.558950000000000273e+03
3.057000000000000000e+03 2.588750000000000000e+03
2.657000000000000000e+03 2.604000000000000000e+03
2.513000000000000000e+03 2.604099999999999909e+03
2.577000000000000000e+03 2.604450000000000273e+03
3.145000000000000000e+03 2.606099999999999909e+03
2.969000000000000000e+03 2.613650000000000091e+03
2.409000000000000000e+03 2.625000000000000000e+03
3.041000000000000000e+03 2.641750000000000000e+03
2.697000000000000000e+03 2.642500000000000000e+03
3.129000000000000000e+03 2.652900000000000091e+03
2.857000000000000000e+03 2.661650000000000091e+03
2.817000000000000000e+03 2.674200000000000273e+03
2.633000000000000000e+03 2.727200000000000273e+03
2.785000000000000000e+03 2.734250000000000000e+03
3.097000000000000000e+03 2.741500000000000000e+03
2.745000000000000000e+03 2.761700000000000273e+03
2.553000000000000000e+03 2.763200000000000273e+03
3.129000000000000000e+03 2.766200000000000273e+03
2.657000000000000000e+03 2.777950000000000273e+03
2.465000000000000000e+03 2.856650000000000091e+03
3.017000000000000000e+03 2.908700000000000273e+03
2.721000000000000000e+03 2.940900000000000091e+03
2.657000000000000000e+03 2.966900000000000091e+03
3.001000000000000000e+03 3.372300000000000182e+03
2.705000000000000000e+03 3.436250000000000000e+03
3.009000000000000000e+03 3.454400000000000091e+03
2.465000000000000000e+03 3.467950000000000273e+03
3.177000000000000000e+03 3.473800000000000182e+03
2.849000000000000000e+03 3.475800000000000182e+03
3.153000000000000000e+03 3.476250000000000000e+03
2.801000000000000000e+03 3.484900000000000091e+03
2.625000000000000000e+03 3.504550000000000182e+03
2.697000000000000000e+03 3.505950000000000273e+03
2.729000000000000000e+03 3.506800000000000182e+03
2.457000000000000000e+03 3.512000000000000000e+03
3.145000000000000000e+03 3.513250000000000000e+03
2.857000000000000000e+03 3.522650000000000091e+03
2.825000000000000000e+03 3.525349999999999909e+03
2.401000000000000000e+03 3.529550000000000182e+03
2.433000000000000000e+03 3.542150000000000091e+03
2.857000000000000000e+03 3.568000000000000000e+03
2.761000000000000000e+03 3.572550000000000182e+03
2.425000000000000000e+03 3.578200000000000273e+03
2.561000000000000000e+03 3.581000000000000000e+03
2.537000000000000000e+03 3.582650000000000091e+03
2.457000000000000000e+03 3.589500000000000000e+03
3.033000000000000000e+03 3.616150000000000091e+03
2.481000000000000000e+03 3.688550000000000182e+03
2.537000000000000000e+03 3.700400000000000091e+03
2.449000000000000000e+03 3.709800000000000182e+03
2.401000000000000000e+03 3.710150000000000091e+03
2.465000000000000000e+03 3.737000000000000000e+03
3.057000000000000000e+03 3.741300000000000182e+03
3.169000000000000000e+03 3.746599999999999909e+03
3.193000000000000000e+03 3.748099999999999909e+03
2.569000000000000000e+03 3.753450000000000273e+03
2.945000000000000000e+03 3.782900000000000091e+03
2.433000000000000000e+03 4.152649999999999636e+03
3.097000000000000000e+03 4.162600000000000364e+03
2.809000000000000000e+03 4.172149999999999636e+03
2.721000000000000000e+03 4.184449999999999818e+03
3.057000000000000000e+03 4.219149999999999636e+03
2.409000000000000000e+03 4.241699999999999818e+03
2.561000000000000000e+03 4.244949999999999818e+03
3.009000000000000000e+03 4.287949999999999818e+03
2.593000000000000000e+03 4.317649999999999636e+03
2.729000000000000000e+03 4.483100000000000364e+03
2.657000000000000000e+03 4.504150000000000546e+03
3.153000000000000000e+03 4.510650000000000546e+03
2.409000000000000000e+03 4.538100000000000364e+03
2.665000000000000000e+03 4.542100000000000364e+03
2.633000000000000000e+03 4.552150000000000546e+03
2.761000000000000000e+03 4.554250000000000000e+03
2.521000000000000000e+03 4.555199999999999818e+03
2.857000000000000000e+03 4.560650000000000546e+03
3.097000000000000000e+03 4.684800000000000182e+03
2.929000000000000000e+03 4.709449999999999818e+03
2.449000000000000000e+03 4.719199999999999818e+03
2.537000000000000000e+03 4.721900000000000546e+03
2.825000000000000000e+03 4.726199999999999818e+03
2.969000000000000000e+03 4.733400000000000546e+03
2.761000000000000000e+03 4.736250000000000000e+03
2.601000000000000000e+03 4.743350000000000364e+03
2.705000000000000000e+03 4.759949999999999818e+03
2.625000000000000000e+03 4.777000000000000000e+03
2.537000000000000000e+03 4.799199999999999818e+03
2.985000000000000000e+03 4.931300000000000182e+03
3.041000000000000000e+03 4.941199999999999818e+03
3.017000000000000000e+03 4.944900000000000546e+03
2.473000000000000000e+03 4.964250000000000000e+03
3.009000000000000000e+03 4.970949999999999818e+03
3.009000000000000000e+03 4.987600000000000364e+03
2.793000000000000000e+03 5.004100000000000364e+03
2.665000000000000000e+03 5.017250000000000000e+03
3.089000000000000000e+03 5.019800000000000182e+03
3.137000000000000000e+03 5.020699999999999818e+03
3.001000000000000000e+03 5.046850000000000364e+03
3.137000000000000000e+03 5.065550000000000182e+03
2.769000000000000000e+03 5.078500000000000000e+03
3.065000000000000000e+03 5.100900000000000546e+03
3.185000000000000000e+03 5.105699999999999818e+03
2.785000000000000000e+03 5.127000000000000000e+03
3.105000000000000000e+03 5.143850000000000364e+03
3.113000000000000000e+03 5.145449999999999818e+03
2.465000000000000000e+03 5.145900000000000546e+03
2.857000000000000000e+03 5.165900000000000546e+03
2.865000000000000000e+03 5.174000000000000000e+03
2.729000000000000000e+03 5.176150000000000546e+03
2.513000000000000000e+03 5.181199999999999818e+03
2.473000000000000000e+03 5.376699999999999818e+03
2.409000000000000000e+03 5.394750000000000000e+03
2.425000000000000000e+03 5.407100000000000364e+03
2.913000000000000000e+03 5.437000000000000000e+03
2.793000000000000000e+03 5.499699999999999818e+03
2.441000000000000000e+03 5.510500000000000000e+03
2.929000000000000000e+03 5.536000000000000000e+03
3.153000000000000000e+03 5.594800000000000182e+03
3.033000000000000000e+03 5.673100000000000364e+03
3.081000000000000000e+03 5.768800000000000182e+03
2.697000000000000000e+03 5.837900000000000546e+03
3.145000000000000000e+03 5.859850000000000364e+03
2.865000000000000000e+03 5.862400000000000546e+03
2.833000000000000000e+03 5.870900000000000546e+03
2.945000000000000000e+03 5.878400000000000546e+03
3.057000000000000000e+03 5.895550000000000182e+03
2.641000000000000000e+03 5.896600000000000364e+03
2.417000000000000000e+03 5.901750000000000000e+03
2.913000000000000000e+03 5.952050000000000182e+03
2.570000000000000000e+03 1.206500000000000057e+02
2.626000000000000000e+03 1.225000000000000000e+02
2.586000000000000000e+03 1.388000000000000114e+02
2.754000000000000000e+03 1.520000000000000000e+02
2.530000000000000000e+03 1.534500000000000171e+02
2.842000000000000000e+03 1.545999999999999943e+02
2.570000000000000000e+03 1.667000000000000171e+02
2.634000000000000000e+03 1.828000000000000114e+02
3.074000000000000000e+03 1.854000000000000057e+02
2.898000000000000000e+03 1.938499999999999943e+02
3.018000000000000000e+03 1.955500000000000114e+02
3.010000000000000000e+03 2.209500000000000171e+02
2.706000000000000000e+03 2.223499999999999943e+02
3.066000000000000000e+03 2.349000000000000057e+02
2.794000000000000000e+03 2.646000000000000227e+02
2.402000000000000000e+03 2.693500000000000227e+02
2.714000000000000000e+03 3.265000000000000000e+02
2.426000000000000000e+03 3.421999999999999886e+02
3.010000000000000000e+03 3.549499999999999886e+02
2.634000000000000000e+03 3.581999999999999886e+02
2.666000000000000000e+03 3.708500000000000227e+02
2.930000000000000000e+03 3.803000000000000114e+02
3.042000000000000000e+03 4.303000000000000114e+02
2.874000000000000000e+03 4.416000000000000227e+02
2.738000000000000000e+03 4.460000000000000000e+02
2.426000000000000000e+03 4.656000000000000227e+02
3.010000000000000000e+03 4.671500000000000341e+02
2.490000000000000000e+03 4.853000000000000114e+02
2.882000000000000000e+03 4.902500000000000000e+02
2.858000000000000000e+03 4.978500000000000227e+02
3.002000000000000000e+03 5.320000000000000000e+02
3.082000000000000000e+03 5.634500000000000455e+02
2.938000000000000000e+03 5.687000000000000455e+02
2.586000000000000000e+03 5.703999999999999773e+02
2.794000000000000000e+03 5.818500000000000227e+02
2.618000000000000000e+03 5.912500000000000000e+02
2.610000000000000000e+03 6.093999999999999773e+02
2.794000000000000000e+03 6.173999999999999773e+02
2.546000000000000000e+03 6.221499999999999773e+02
3.130000000000000000e+03 6.567500000000000000e+02
3.010000000000000000e+03 6.653999999999999773e+02
2.754000000000000000e+03 6.755500000000000682e+02
2.850000000000000000e+03 6.908500000000000227e+02
2.986000000000000000e+03 6.909500000000000455e+02
2.954000000000000000e+03 7.130500000000000682e+02
2.506000000000000000e+03 7.140500000000000682e+02
3.034000000000000000e+03 7.256499999999999773e+02
2.594000000000000000e+03 7.504500000000000455e+02
3.114000000000000000e+03 7.630000000000000000e+02
3.074000000000000000e+03 7.828000000000000682e+02
2.882000000000000000e+03 7.883000000000000682e+02
2.746000000000000000e+03 7.969500000000000455e+02
3.034000000000000000e+03 7.993000000000000682e+02
3.170000000000000000e+03 8.034500000000000455e+02
2.890000000000000000e+03 8.042500000000000000e+02
3.010000000000000000e+03 8.099500000000000455e+02
2.986000000000000000e+03 8.123500000000000227e+02
3.194000000000000000e+03 8.145000000000000000e+02
3.074000000000000000e+03 8.149500000000000455e+02
2.594000000000000000e+03 8.153000000000000682e+02
2.450000000000000000e+03 8.188999999999999773e+02
3.026000000000000000e+03 8.199500000000000455e+02
2.650000000000000000e+03 8.212000000000000455e+02
2.746000000000000000e+03 8.225000000000000000e+02
3.034000000000000000e+03 8.288999999999999773e+02
2.506000000000000000e+03 8.307000000000000455e+02
2.658000000000000000e+03 8.348000000000000682e+02
2.906000000000000000e+03 8.410000000000000000e+02
2.754000000000000000e+03 8.543500000000000227e+02
2.946000000000000000e+03 8.715000000000000000e+02
2.442000000000000000e+03 8.902000000000000455e+02
2.986000000000000000e+03 9.385000000000000000e+02
2.426000000000000000e+03 9.685500000000000682e+02
2.450000000000000000e+03 9.707500000000000000e+02
2.530000000000000000e+03 9.761000000000000227e+02
3.002000000000000000e+03 9.777000000000000455e+02
2.770000000000000000e+03 9.981000000000000227e+02
2.666000000000000000e+03 9.989500000000000455e+02
2.618000000000000000e+03 1.009649999999999977e+03
2.570000000000000000e+03 1.020250000000000000e+03
2.842000000000000000e+03 1.043099999999999909e+03
2.978000000000000000e+03 1.052799999999999955e+03
2.882000000000000000e+03 1.066349999999999909e+03
2.522000000000000000e+03 1.075700000000000045e+03
2.914000000000000000e+03 1.095650000000000091e+03
2.810000000000000000e+03 1.096750000000000000e+03
2.658000000000000000e+03 1.131799999999999955e+03
2.922000000000000000e+03 1.149650000000000091e+03
2.450000000000000000e+03 1.168700000000000045e+03
2.474000000000000000e+03 1.238799999999999955e+03
2.658000000000000000e+03 1.244150000000000091e+03
2.658000000000000000e+03 1.254000000000000000e+03
2.698000000000000000e+03 1.256750000000000000e+03
2.858000000000000000e+03 1.260750000000000000e+03
3.074000000000000000e+03 1.284650000000000091e+03
2.602000000000000000e+03 1.292200000000000045e+03
2.754000000000000000e+03 1.292799999999999955e+03
3.138000000000000000e+03 1.293150000000000091e+03
3.114000000000000000e+03 1.323250000000000000e+03
3.018000000000000000e+03 1.329500000000000000e+03
3.130000000000000000e+03 1.343049999999999955e+03
2.882000000000000000e+03 1.353450000000000045e+03
2.834000000000000000e+03 1.381299999999999955e+03
2.906000000000000000e+03 1.394100000000000136e+03
2.458000000000000000e+03 1.425600000000000136e+03
2.994000000000000000e+03 1.433549999999999955e+03
3.194000000000000000e+03 1.457000000000000000e+03
2.738000000000000000e+03 1.471700000000000045e+03
3.034000000000000000e+03 1.482200000000000045e+03
2.682000000000000000e+03 1.490750000000000000e+03
2.562000000000000000e+03 1.498400000000000091e+03
2.906000000000000000e+03 1.528400000000000091e+03
2.778000000000000000e+03 1.543799999999999955e+03
2.954000000000000000e+03 1.555900000000000091e+03
3.146000000000000000e+03 1.562900000000000091e+03
2.698000000000000000e+03 1.565850000000000136e+03
2.650000000000000000e+03 1.596500000000000000e+03
2.682000000000000000e+03 1.609650000000000091e+03
2.666000000000000000e+03 1.619650000000000091e+03
2.554000000000000000e+03 1.629100000000000136e+03
2.530000000000000000e+03 1.670500000000000000e+03
2.554000000000000000e+03 1.704100000000000136e+03
2.698000000000000000e+03 1.729350000000000136e+03
2.426000000000000000e+03 1.805900000000000091e+03
2.986000000000000000e+03 1.824400000000000091e+03
2.538000000000000000e+03 1.836700000000000045e+03
2.594000000000000000e+03 1.883850000000000136e+03
3.122000000000000000e+03 1.884299999999999955e+03
2.690000000000000000e+03 1.885450000000000045e+03
2.938000000000000000e+03 1.908600000000000136e+03
2.618000000000000000e+03 1.914299999999999955e+03
2.906000000000000000e+03 1.914350000000000136e+03
3.146000000000000000e+03 1.933049999999999955e+03
2.722000000000000000e+03 1.944500000000000000e+03
3.154000000000000000e+03 1.956000000000000000e+03
2.442000000000000000e+03 1.979200000000000045e+03
3.170000000000000000e+03 1.979600000000000136e+03
3.122000000000000000e+03 1.996450000000000045e+03
3.082000000000000000e+03 2.045100000000000136e+03
3.114000000000000000e+03 2.064750000000000000e+03
2.810000000000000000e+03 2.070000000000000000e+03
2.474000000000000000e+03 2.071949999999999818e+03
2.706000000000000000e+03 2.074099999999999909e+03
3.042000000000000000e+03 2.075199999999999818e+03
2.458000000000000000e+03 2.075500000000000000e+03
3.162000000000000000e+03 2.091949999999999818e+03
2.946000000000000000e+03 2.109650000000000091e+03
2.514000000000000000e+03 2.116699999999999818e+03
2.818000000000000000e+03 2.118750000000000000e+03
3.130000000000000000e+03 2.143449999999999818e+03
2.594000000000000000e+03 2.145699999999999818e+03
2.602000000000000000e+03 2.166050000000000182e+03
2.410000000000000000e+03 2.171150000000000091e+03
2.938000000000000000e+03 2.200050000000000182e+03
2.506000000000000000e+03 2.237950000000000273e+03
2.666000000000000000e+03 2.270550000000000182e+03
2.522000000000000000e+03 2.285599999999999909e+03
3.042000000000000000e+03 2.292300000000000182e+03
2.834000000000000000e+03 2.344349999999999909e+03
2.498000000000000000e+03 2.353750000000000000e+03
2.402000000000000000e+03 2.357450000000000273e+03
3.138000000000000000e+03 2.384000000000000000e+03
2.874000000000000000e+03 2.387400000000000091e+03
2.562000000000000000e+03 2.437000000000000000e+03
2.818000000000000000e+03 2.530700000000000273e+03
2.890000000000000000e+03 2.536500000000000000e+03
3.194000000000000000e+03 2.538400000000000091e+03
2.546000000000000000e+03 2.554150000000000091e+03
2.522000000000000000e+03 2.565750000000000000e+03
3.090000000000000000e+03 2.585500000000000000e+03
2.714000000000000000e+03 2.599750000000000000e+03
2.618000000000000000e+03 2.605849999999999909e+03
2.594000000000000000e+03 2.612000000000000000e+03
2.802000000000000000e+03 2.628150000000000091e+03
2.442000000000000000e+03 2.641650000000000091e+03
2.482000000000000000e+03 2.658349999999999909e+03
3.058000000000000000e+03 2.681050000000000182e+03
2.450000000000000000e+03 2.682050000000000182e+03
2.450000000000000000e+03 2.707650000000000091e+03
2.970000000000000000e+03 2.721349999999999909e+03
2.418000000000000000e+03 2.796349999999999909e+03
2.994000000000000000e+03 2.817700000000000273e+03
2.594000000000000000e+03 2.822050000000000182e+03
3.066000000000000000e+03 2.887150000000000091e+03
2.778000000000000000e+03 2.889599999999999909e+03
2.450000000000000000e+03 2.920150000000000091e+03
2.730000000000000000e+03 2.930500000000000000e+03
3.122000000000000000e+03 2.962000000000000000e+03
3.042000000000000000e+03 2.962700000000000273e+03
2.850000000000000000e+03 2.967400000000000091e+03
2.642000000000000000e+03 2.977800000000000182e+03
2.514000000000000000e+03 2.980450000000000273e+03
2.410000000000000000e+03 3.381550000000000182e+03
2.842000000000000000e+03 3.451099999999999909e+03
3.090000000000000000e+03 3.455900000000000091e+03
2.434000000000000000e+03 3.466650000000000091e+03
2.426000000000000000e+03 3.469050000000000182e+03
2.762000000000000000e+03 3.473450000000000273e+03
2.682000000000000000e+03 3.474099999999999909e+03
3.130000000000000000e+03 3.479500000000000000e+03
2.898000000000000000e+03 3.487200000000000273e+03
2.482000000000000000e+03 3.491099999999999909e+03
2.458000000000000000e+03 3.499050000000000182e+03
2.626000000000000000e+03 3.505050000000000182e+03
2.946000000000000000e+03 3.514950000000000273e+03
2.426000000000000000e+03 3.517349999999999909e+03
3.130000000000000000e+03 3.542650000000000091e+03
2.586000000000000000e+03 3.544599999999999909e+03
2.826000000000000000e+03 3.552250000000000000e+03
3.058000000000000000e+03 3.582000000000000000e+03
3.170000000000000000e+03 3.586500000000000000e+03
2.650000000000000000e+03 3.698500000000000000e+03
2.930000000000000000e+03 3.711400000000000091e+03
3.042000000000000000e+03 3.729050000000000182e+03
3.082000000000000000e+03 3.737050000000000182e+03
3.130000000000000000e+03 3.743300000000000182e+03
2.482000000000000000e+03 3.758050000000000182e+03
2.882000000000000000e+03 3.768050000000000182e+03
2.698000000000000000e+03 3.776550000000000182e+03
3.162000000000000000e+03 3.918050000000000182e+03
3.098000000000000000e+03 3.956849999999999909e+03
3.010000000000000000e+03 3.976200000000000273e+03
2.722000000000000000e+03 4.204350000000000364e+03
3.026000000000000000e+03 4.225300000000000182e+03
3.122000000000000000e+03 4.227000000000000000e+03
2.530000000000000000e+03 4.240550000000000182e+03
3.130000000000000000e+03 4.241649999999999636e+03
3.058000000000000000e+03 4.243399999999999636e+03
3.154000000000000000e+03 4.272800000000000182e+03
2.458000000000000000e+03 4.283199999999999818e+03
3.138000000000000000e+03 4.289250000000000000e+03
3.074000000000000000e+03 4.412199999999999818e+03
2.842000000000000000e+03 4.425750000000000000e+03
3.002000000000000000e+03 4.426550000000000182e+03
2.586000000000000000e+03 4.446550000000000182e+03
2.986000000000000000e+03 4.459300000000000182e+03
2.882000000000000000e+03 4.475650000000000546e+03
2.634000000000000000e+03 4.476900000000000546e+03
3.130000000000000000e+03 4.543650000000000546e+03
2.698000000000000000e+03 4.555600000000000364e+03
2.602000000000000000e+03 4.562800000000000182e+03
2.570000000000000000e+03 4.571750000000000000e+03
2.810000000000000000e+03 4.589000000000000000e+03
2.978000000000000000e+03 4.605050000000000182e+03
2.610000000000000000e+03 4.686699999999999818e+03
2.594000000000000000e+03 4.704650000000000546e+03
2.442000000000000000e+03 4.707650000000000546e+03
3.042000000000000000e+03 4.709500000000000000e+03
2.922000000000000000e+03 4.717600000000000364e+03
2.482000000000000000e+03 4.724650000000000546e+03
2.682000000000000000e+03 4.740000000000000000e+03
2.754000000000000000e+03 4.751550000000000182e+03
2.682000000000000000e+03 4.767500000000000000e+03
2.690000000000000000e+03 4.768949999999999818e+03
2.602000000000000000e+03 4.798300000000000182e+03
2.930000000000000000e+03 4.805800000000000182e+03
2.754000000000000000e+03 4.815699999999999818e+03
2.834000000000000000e+03 4.846300000000000182e+03
3.082000000000000000e+03 4.948949999999999818e+03
2.450000000000000000e+03 4.955699999999999818e+03
2.634000000000000000e+03 4.966100000000000364e+03
2.466000000000000000e+03 4.979400000000000546e+03
2.898000000000000000e+03 4.998400000000000546e+03
3.130000000000000000e+03 5.066050000000000182e+03
3.186000000000000000e+03 5.066250000000000000e+03
2.890000000000000000e+03 5.101500000000000000e+03
2.578000000000000000e+03 5.101699999999999818e+03
2.866000000000000000e+03 5.112100000000000364e+03
2.602000000000000000e+03 5.115250000000000000e+03
3.114000000000000000e+03 5.115250000000000000e+03
2.466000000000000000e+03 5.129300000000000182e+03
2.818000000000000000e+03 5.130000000000000000e+03
2.762000000000000000e+03 5.135900000000000546e+03
2.402000000000000000e+03 5.137000000000000000e+03
2.778000000000000000e+03 5.145949999999999818e+03
3.002000000000000000e+03 5.150800000000000182e+03
2.658000000000000000e+03 5.154699999999999818e+03
2.938000000000000000e+03 5.164250000000000000e+03
3.018000000000000000e+03 5.166500000000000000e+03
2.874000000000000000e+03 5.177650000000000546e+03
2.594000000000000000e+03 5.327449999999999818e+03
3.138000000000000000e+03 5.343650000000000546e+03
2.946000000000000000e+03 5.356550000000000182e+03
3.178000000000000000e+03 5.417250000000000000e+03
2.898000000000000000e+03 5.424800000000000182e+03
3.098000000000000000e+03 5.439000000000000000e+03
3.138000000000000000e+03 5.472699999999999818e+03
2.906000000000000000e+03 5.505000000000000000e+03
3.090000000000000000e+03 5.624050000000000182e+03
3.146000000000000000e+03 5.678350000000000364e+03
2.514000000000000000e+03 5.706300000000000182e+03
2.442000000000000000e+03 5.707100000000000364e+03
2.634000000000000000e+03 5.710900000000000546e+03
2.850000000000000000e+03 5.726000000000000000e+03
2.690000000000000000e+03 5.831750000000000000e+03
3.082000000000000000e+03 5.850199999999999818e+03
2.642000000000000000e+03 5.851500000000000000e+03
2.506000000000000000e+03 5.900500000000000000e+03
2.466000000000000000e+03 5.953850000000000364e+03
2.723000000000000000e+03 1.169500000000000028e+02
2.803000000000000000e+03 1.174500000000000028e+02
2.787000000000000000e+03 1.293499999999999943e+02
2.883000000000000000e+03 1.346500000000000057e+02
2.867000000000000000e+03 1.422500000000000000e+02
2.595000000000000000e+03 1.434500000000000171e+02
2.587000000000000000e+03 1.456500000000000057e+02
2.827000000000000000e+03 1.525000000000000000e+02
2.707000000000000000e+03 1.715999999999999943e+02
3.187000000000000000e+03 1.800000000000000000e+02
2.771000000000000000e+03 1.837500000000000000e+02
2.483000000000000000e+03 1.887500000000000000e+02
2.763000000000000000e+03 1.955500000000000114e+02
2.843000000000000000e+03 2.020999999999999943e+02
2.403000000000000000e+03 2.373000000000000114e+02
2.875000000000000000e+03 2.800500000000000114e+02
2.411000000000000000e+03 2.899000000000000341e+02
2.547000000000000000e+03 2.948000000000000114e+02
3.043000000000000000e+03 3.031000000000000227e+02
3.059000000000000000e+03 3.118000000000000114e+02
3.083000000000000000e+03 3.312500000000000000e+02
2.731000000000000000e+03 3.322500000000000000e+02
3.011000000000000000e+03 3.330500000000000114e+02
2.963000000000000000e+03 3.419000000000000341e+02
2.739000000000000000e+03 3.481500000000000341e+02
2.539000000000000000e+03 3.896000000000000227e+02
2.851000000000000000e+03 4.117500000000000000e+02
2.771000000000000000e+03 4.250500000000000114e+02
3.123000000000000000e+03 4.641999999999999886e+02
3.171000000000000000e+03 4.641500000000000341e+02
2.491000000000000000e+03 4.671999999999999886e+02
2.443000000000000000e+03 4.743000000000000114e+02
2.675000000000000000e+03 5.051500000000000341e+02
2.923000000000000000e+03 5.208500000000000227e+02
2.963000000000000000e+03 5.243500000000000227e+02
3.171000000000000000e+03 5.247000000000000455e+02
2.435000000000000000e+03 5.503000000000000682e+02
3.075000000000000000e+03 5.585500000000000682e+02
2.915000000000000000e+03 5.701000000000000227e+02
2.595000000000000000e+03 5.706499999999999773e+02
2.971000000000000000e+03 5.861499999999999773e+02
3.131000000000000000e+03 5.990000000000000000e+02
2.531000000000000000e+03 6.063000000000000682e+02
2.715000000000000000e+03 6.281000000000000227e+02
2.971000000000000000e+03 6.321000000000000227e+02
2.611000000000000000e+03 6.361499999999999773e+02
3.115000000000000000e+03 6.540500000000000682e+02
2.427000000000000000e+03 6.553000000000000682e+02
3.147000000000000000e+03 6.841000000000000227e+02
2.547000000000000000e+03 6.898999999999999773e+02
2.579000000000000000e+03 6.932000000000000455e+02
3.123000000000000000e+03 7.250500000000000682e+02
2.403000000000000000e+03 7.952500000000000000e+02
3.107000000000000000e+03 8.087500000000000000e+02
2.835000000000000000e+03 8.166499999999999773e+02
2.483000000000000000e+03 8.189500000000000455e+02
2.435000000000000000e+03 8.203999999999999773e+02
2.771000000000000000e+03 8.261499999999999773e+02
3.195000000000000000e+03 8.293500000000000227e+02
3.155000000000000000e+03 8.397000000000000455e+02
2.515000000000000000e+03 8.413999999999999773e+02
3.107000000000000000e+03 8.427500000000000000e+02
2.467000000000000000e+03 8.473500000000000227e+02
3.043000000000000000e+03 8.531000000000000227e+02
2.755000000000000000e+03 8.614500000000000455e+02
2.627000000000000000e+03 8.692500000000000000e+02
2.779000000000000000e+03 8.875500000000000682e+02
2.483000000000000000e+03 8.932500000000000000e+02
3.195000000000000000e+03 8.978999999999999773e+02
2.667000000000000000e+03 9.046499999999999773e+02
3.043000000000000000e+03 9.052000000000000455e+02
2.827000000000000000e+03 9.213000000000000682e+02
2.467000000000000000e+03 9.213500000000000227e+02
2.963000000000000000e+03 9.266000000000000227e+02
2.803000000000000000e+03 9.297000000000000455e+02
2.659000000000000000e+03 9.405000000000000000e+02
2.475000000000000000e+03 9.488500000000000227e+02
2.475000000000000000e+03 9.633000000000000682e+02
2.987000000000000000e+03 9.643500000000000227e+02
2.883000000000000000e+03 9.644500000000000455e+02
2.483000000000000000e+03 9.735500000000000682e+02
2.731000000000000000e+03 9.745500000000000682e+02
2.859000000000000000e+03 9.808500000000000227e+02
2.907000000000000000e+03 9.851499999999999773e+02
3.147000000000000000e+03 1.001050000000000068e+03
2.867000000000000000e+03 1.011850000000000023e+03
2.635000000000000000e+03 1.014649999999999977e+03
2.635000000000000000e+03 1.036000000000000000e+03
2.867000000000000000e+03 1.055400000000000091e+03
2.667000000000000000e+03 1.061950000000000045e+03
2.611000000000000000e+03 1.068400000000000091e+03
3.171000000000000000e+03 1.072299999999999955e+03
3.051000000000000000e+03 1.094799999999999955e+03
2.523000000000000000e+03 1.105750000000000000e+03
2.851000000000000000e+03 1.106600000000000136e+03
2.979000000000000000e+03 1.108600000000000136e+03
2.795000000000000000e+03 1.119100000000000136e+03
2.771000000000000000e+03 1.137000000000000000e+03
2.699000000000000000e+03 1.173150000000000091e+03
2.411000000000000000e+03 1.181500000000000000e+03
2.531000000000000000e+03 1.182200000000000045e+03
3.187000000000000000e+03 1.184000000000000000e+03
3.091000000000000000e+03 1.230350000000000136e+03
2.603000000000000000e+03 1.232000000000000000e+03
3.011000000000000000e+03 1.236000000000000000e+03
2.675000000000000000e+03 1.252100000000000136e+03
3.027000000000000000e+03 1.265450000000000045e+03
2.571000000000000000e+03 1.272850000000000136e+03
3.019000000000000000e+03 1.292750000000000000e+03
2.851000000000000000e+03 1.364350000000000136e+03
3.091000000000000000e+03 1.384299999999999955e+03
2.923000000000000000e+03 1.386700000000000045e+03
2.611000000000000000e+03 1.392950000000000045e+03
2.963000000000000000e+03 1.401500000000000000e+03
2.419000000000000000e+03 1.405850000000000136e+03
3.059000000000000000e+03 1.407000000000000000e+03
3.091000000000000000e+03 1.411000000000000000e+03
2.603000000000000000e+03 1.451250000000000000e+03
2.827000000000000000e+03 1.468750000000000000e+03
2.947000000000000000e+03 1.469500000000000000e+03
3.067000000000000000e+03 1.469650000000000091e+03
3.147000000000000000e+03 1.474850000000000136e+03
3.075000000000000000e+03 1.497750000000000000e+03
2.459000000000000000e+03 1.506950000000000045e+03
2.883000000000000000e+03 1.525450000000000045e+03
2.987000000000000000e+03 1.538450000000000045e+03
2.667000000000000000e+03 1.561049999999999955e+03
3.171000000000000000e+03 1.585049999999999955e+03
2.579000000000000000e+03 1.592500000000000000e+03
2.475000000000000000e+03 1.601700000000000045e+03
3.139000000000000000e+03 1.608549999999999955e+03
2.811000000000000000e+03 1.619600000000000136e+03
2.731000000000000000e+03 1.637400000000000091e+03
3.155000000000000000e+03 1.648750000000000000e+03
2.643000000000000000e+03 1.690350000000000136e+03
2.979000000000000000e+03 1.696200000000000045e+03
3.003000000000000000e+03 1.709900000000000091e+03
3.059000000000000000e+03 1.714650000000000091e+03
3.059000000000000000e+03 1.762750000000000000e+03
2.787000000000000000e+03 1.774150000000000091e+03
2.539000000000000000e+03 1.786450000000000045e+03
3.075000000000000000e+03 1.806000000000000000e+03
3.163000000000000000e+03 1.826500000000000000e+03
2.603000000000000000e+03 1.832650000000000091e+03
2.595000000000000000e+03 1.834400000000000091e+03
2.579000000000000000e+03 1.835150000000000091e+03
3.067000000000000000e+03 1.847299999999999955e+03
2.835000000000000000e+03 1.850549999999999955e+03
2.787000000000000000e+03 1.898400000000000091e+03
2.803000000000000000e+03 1.898400000000000091e+03
3.195000000000000000e+03 1.925200000000000045e+03
2.595000000000000000e+03 1.940350000000000136e+03
3.075000000000000000e+03 1.962000000000000000e+03
2.643000000000000000e+03 1.979200000000000045e+03
2.939000000000000000e+03 1.990650000000000091e+03
2.779000000000000000e+03 1.991700000000000045e+03
2.915000000000000000e+03 2.008000000000000000e+03
3.171000000000000000e+03 2.017250000000000000e+03
2.659000000000000000e+03 2.044799999999999955e+03
2.507000000000000000e+03 2.046200000000000045e+03
2.627000000000000000e+03 2.073300000000000182e+03
2.843000000000000000e+03 2.091900000000000091e+03
2.947000000000000000e+03 2.113000000000000000e+03
2.707000000000000000e+03 2.114800000000000182e+03
2.459000000000000000e+03 2.115550000000000182e+03
2.971000000000000000e+03 2.119400000000000091e+03
2.835000000000000000e+03 2.123900000000000091e+03
3.091000000000000000e+03 2.126400000000000091e+03
2.955000000000000000e+03 2.128199999999999818e+03
2.491000000000000000e+03 2.145199999999999818e+03
3.019000000000000000e+03 2.154949999999999818e+03
2.971000000000000000e+03 2.161900000000000091e+03
2.683000000000000000e+03 2.250450000000000273e+03
2.515000000000000000e+03 2.288950000000000273e+03
2.875000000000000000e+03 2.314450000000000273e+03
2.811000000000000000e+03 2.315650000000000091e+03
2.411000000000000000e+03 2.330950000000000273e+03
2.747000000000000000e+03 2.343050000000000182e+03
2.419000000000000000e+03 2.351450000000000273e+03
2.931000000000000000e+03 2.352849999999999909e+03
2.611000000000000000e+03 2.375400000000000091e+03
2.411000000000000000e+03 2.406650000000000091e+03
3.091000000000000000e+03 2.406900000000000091e+03
2.651000000000000000e+03 2.407300000000000182e+03
2.499000000000000000e+03 2.408349999999999909e+03
3.019000000000000000e+03 2.416550000000000182e+03
3.099000000000000000e+03 2.422250000000000000e+03
3.123000000000000000e+03 2.444300000000000182e+03
3.107000000000000000e+03 2.459599999999999909e+03
2.939000000000000000e+03 2.459950000000000273e+03
2.635000000000000000e+03 2.490000000000000000e+03
2.435000000000000000e+03 2.504950000000000273e+03
2.891000000000000000e+03 2.518099999999999909e+03
2.963000000000000000e+03 2.531500000000000000e+03
2.491000000000000000e+03 2.532550000000000182e+03
2.499000000000000000e+03 2.535550000000000182e+03
2.979000000000000000e+03 2.544700000000000273e+03
3.147000000000000000e+03 2.548900000000000091e+03
3.019000000000000000e+03 2.566900000000000091e+03
2.979000000000000000e+03 2.584900000000000091e+03
2.595000000000000000e+03 2.592099999999999909e+03
2.475000000000000000e+03 2.605050000000000182e+03
2.811000000000000000e+03 2.622849999999999909e+03
3.163000000000000000e+03 2.623700000000000273e+03
2.803000000000000000e+03 2.629150000000000091e+03
2.691000000000000000e+03 2.642750000000000000e+03
3.099000000000000000e+03 2.659900000000000091e+03
3.131000000000000000e+03 2.681000000000000000e+03
3.171000000000000000e+03 2.684950000000000273e+03
3.083000000000000000e+03 2.732900000000000091e+03
2.403000000000000000e+03 2.775000000000000000e+03
2.459000000000000000e+03 2.775300000000000182e+03
2.675000000000000000e+03 2.852849999999999909e+03
2.611000000000000000e+03 2.857400000000000091e+03
3.107000000000000000e+03 2.864950000000000273e+03
2.523000000000000000e+03 2.875300000000000182e+03
2.963000000000000000e+03 2.876349999999999909e+03
2.659000000000000000e+03 2.890950000000000273e+03
2.763000000000000000e+03 2.915950000000000273e+03
2.547000000000000000e+03 2.923849999999999909e+03
2.987000000000000000e+03 2.946150000000000091e+03
2.587000000000000000e+03 2.954900000000000091e+03
2.419000000000000000e+03 2.964700000000000273e+03
2.475000000000000000e+03 2.966400000000000091e+03
3.115000000000000000e+03 2.978800000000000182e+03
2.867000000000000000e+03 2.996250000000000000e+03
2.955000000000000000e+03 3.402849999999999909e+03
2.731000000000000000e+03 3.433849999999999909e+03
3.123000000000000000e+03 3.440349999999999909e+03
2.747000000000000000e+03 3.441300000000000182e+03
2.683000000000000000e+03 3.451300000000000182e+03
2.699000000000000000e+03 3.461500000000000000e+03
2.915000000000000000e+03 3.461900000000000091e+03
3.123000000000000000e+03 3.467700000000000273e+03
2.595000000000000000e+03 3.468000000000000000e+03
2.491000000000000000e+03 3.474250000000000000e+03
2.723000000000000000e+03 3.483650000000000091e+03
2.867000000000000000e+03 3.488700000000000273e+03
3.083000000000000000e+03 3.501650000000000091e+03
3.035000000000000000e+03 3.535849999999999909e+03
2.515000000000000000e+03 3.552700000000000273e+03
2.635000000000000000e+03 3.553200000000000273e+03
3.035000000000000000e+03 3.557349999999999909e+03
2.675000000000000000e+03 3.580450000000000273e+03
2.411000000000000000e+03 3.585400000000000091e+03
2.619000000000000000e+03 3.607050000000000182e+03
3.139000000000000000e+03 3.704950000000000273e+03
3.011000000000000000e+03 3.705599999999999909e+03
2.731000000000000000e+03 3.708400000000000091e+03
3.195000000000000000e+03 3.719400000000000091e+03
2.579000000000000000e+03 3.735900000000000091e+03
2.755000000000000000e+03 3.735849999999999909e+03
2.515000000000000000e+03 3.737500000000000000e+03
2.595000000000000000e+03 3.747200000000000273e+03
3.131000000000000000e+03 3.754599999999999909e+03
2.715000000000000000e+03 3.759599999999999909e+03
2.411000000000000000e+03 3.773400000000000091e+03
2.819000000000000000e+03 3.800550000000000182e+03
3.179000000000000000e+03 3.812650000000000091e+03
2.659000000000000000e+03 4.082599999999999909e+03
2.475000000000000000e+03 4.160350000000000364e+03
2.779000000000000000e+03 4.220000000000000000e+03
3.011000000000000000e+03 4.297699999999999818e+03
2.435000000000000000e+03 4.300199999999999818e+03
2.467000000000000000e+03 4.311850000000000364e+03
3.123000000000000000e+03 4.314300000000000182e+03
2.651000000000000000e+03 4.397500000000000000e+03
2.499000000000000000e+03 4.427800000000000182e+03
2.923000000000000000e+03 4.493050000000000182e+03
2.595000000000000000e+03 4.493300000000000182e+03
2.843000000000000000e+03 4.494800000000000182e+03
2.843000000000000000e+03 4.518900000000000546e+03
2.611000000000000000e+03 4.530100000000000364e+03
2.939000000000000000e+03 4.547900000000000546e+03
2.811000000000000000e+03 4.548050000000000182e+03
2.403000000000000000e+03 4.551449999999999818e+03
2.563000000000000000e+03 4.563449999999999818e+03
2.827000000000000000e+03 4.572650000000000546e+03
2.483000000000000000e+03 4.574400000000000546e+03
2.579000000000000000e+03 4.575800000000000182e+03
2.771000000000000000e+03 4.586699999999999818e+03
2.763000000000000000e+03 4.590050000000000182e+03
3.043000000000000000e+03 4.600699999999999818e+03
2.499000000000000000e+03 4.678600000000000364e+03
2.443000000000000000e+03 4.710150000000000546e+03
2.443000000000000000e+03 4.746199999999999818e+03
2.699000000000000000e+03 4.771300000000000182e+03
3.147000000000000000e+03 4.776900000000000546e+03
2.515000000000000000e+03 4.782100000000000364e+03
2.411000000000000000e+03 4.790900000000000546e+03
2.707000000000000000e+03 4.794949999999999818e+03
3.131000000000000000e+03 4.823150000000000546e+03
2.411000000000000000e+03 4.940900000000000546e+03
2.515000000000000000e+03 4.951050000000000182e+03
2.467000000000000000e+03 4.959400000000000546e+03
3.139000000000000000e+03 4.983100000000000364e+03
2.499000000000000000e+03 5.003300000000000182e+03
2.955000000000000000e+03 5.044400000000000546e+03
2.611000000000000000e+03 5.054050000000000182e+03
2.627000000000000000e+03 5.071449999999999818e+03
2.651000000000000000e+03 5.077850000000000364e+03
2.499000000000000000e+03 5.085050000000000182e+03
2.803000000000000000e+03 5.098850000000000364e+03
2.451000000000000000e+03 5.102350000000000364e+03
2.419000000000000000e+03 5.103500000000000000e+03
2.627000000000000000e+03 5.145350000000000364e+03
2.963000000000000000e+03 5.154100000000000364e+03
2.907000000000000000e+03 5.154949999999999818e+03
2.819000000000000000e+03 5.159800000000000182e+03
2.811000000000000000e+03 5.183600000000000364e+03
2.595000000000000000e+03 5.326500000000000000e+03
2.635000000000000000e+03 5.329650000000000546e+03
3.019000000000000000e+03 5.376000000000000000e+03
2.579000000000000000e+03 5.425800000000000182e+03
3.147000000000000000e+03 5.469699999999999818e+03
3.131000000000000000e+03 5.503900000000000546e+03
2.467000000000000000e+03 5.535850000000000364e+03
2.611000000000000000e+03 5.608300000000000182e+03
2.515000000000000000e+03 5.611650000000000546e+03
2.947000000000000000e+03 5.730800000000000182e+03
3.059000000000000000e+03 5.745550000000000182e+03
2.523000000000000000e+03 5.830449999999999818e+03
2.731000000000000000e+03 5.842750000000000000e+03
3.131000000000000000e+03 5.852250000000000000e+03
2.459000000000000000e+03 5.872100000000000364e+03
2.539000000000000000e+03 5.882900000000000546e+03
2.843000000000000000e+03 5.901600000000000364e+03
2.427000000000000000e+03 5.998850000000000364e+03
3.004000000000000000e+03 1.016500000000000057e+02
3.188000000000000000e+03 1.232500000000000000e+02
3.092000000000000000e+03 1.238500000000000085e+02
2.844000000000000000e+03 1.367000000000000171e+02
2.932000000000000000e+03 1.370500000000000114e+02
3.180000000000000000e+03 1.537000000000000171e+02
3.100000000000000000e+03 1.720500000000000114e+02
2.836000000000000000e+03 1.721500000000000057e+02
2.900000000000000000e+03 1.724500000000000171e+02
2.732000000000000000e+03 2.161500000000000057e+02
2.732000000000000000e+03 2.521500000000000057e+02
2.820000000000000000e+03 2.595000000000000000e+02
2.836000000000000000e+03 2.734000000000000341e+02
3.060000000000000000e+03 2.861500000000000341e+02
2.716000000000000000e+03 3.013000000000000114e+02
2.556000000000000000e+03 3.130500000000000114e+02
2.828000000000000000e+03 3.326999999999999886e+02
2.508000000000000000e+03 3.345000000000000000e+02
3.060000000000000000e+03 3.574499999999999886e+02
2.404000000000000000e+03 3.940500000000000114e+02
3.132000000000000000e+03 4.038000000000000114e+02
3.028000000000000000e+03 4.146999999999999886e+02
2.820000000000000000e+03 4.308000000000000114e+02
3.052000000000000000e+03 4.501999999999999886e+02
3.028000000000000000e+03 5.034000000000000341e+02
3.156000000000000000e+03 5.247000000000000455e+02
2.908000000000000000e+03 5.386000000000000227e+02
3.124000000000000000e+03 5.481499999999999773e+02
2.636000000000000000e+03 5.508500000000000227e+02
3.004000000000000000e+03 5.552500000000000000e+02
2.620000000000000000e+03 5.555500000000000682e+02
2.716000000000000000e+03 5.613000000000000682e+02
2.644000000000000000e+03 6.560500000000000682e+02
2.612000000000000000e+03 7.205000000000000000e+02
2.812000000000000000e+03 7.247500000000000000e+02
2.604000000000000000e+03 7.262500000000000000e+02
3.036000000000000000e+03 7.295000000000000000e+02
2.732000000000000000e+03 7.324500000000000455e+02
3.004000000000000000e+03 7.635000000000000000e+02
2.468000000000000000e+03 7.978999999999999773e+02
2.404000000000000000e+03 8.101000000000000227e+02
2.636000000000000000e+03 8.129500000000000455e+02
2.996000000000000000e+03 8.184500000000000455e+02
2.988000000000000000e+03 8.194500000000000455e+02
2.652000000000000000e+03 8.308000000000000682e+02
3.012000000000000000e+03 8.353000000000000682e+02
2.676000000000000000e+03 8.371499999999999773e+02
2.892000000000000000e+03 8.477000000000000455e+02
2.436000000000000000e+03 8.690500000000000682e+02
3.148000000000000000e+03 8.778999999999999773e+02
2.692000000000000000e+03 9.020500000000000682e+02
3.060000000000000000e+03 9.193000000000000682e+02
2.548000000000000000e+03 9.262000000000000455e+02
2.628000000000000000e+03 1.006100000000000023e+03
2.796000000000000000e+03 1.017100000000000023e+03
2.588000000000000000e+03 1.046250000000000000e+03
2.716000000000000000e+03 1.054500000000000000e+03
3.156000000000000000e+03 1.082099999999999909e+03
2.692000000000000000e+03 1.094950000000000045e+03
3.004000000000000000e+03 1.096799999999999955e+03
3.140000000000000000e+03 1.117750000000000000e+03
2.700000000000000000e+03 1.118350000000000136e+03
2.900000000000000000e+03 1.119600000000000136e+03
2.860000000000000000e+03 1.123900000000000091e+03
3.108000000000000000e+03 1.133450000000000045e+03
3.060000000000000000e+03 1.161150000000000091e+03
2.988000000000000000e+03 1.163299999999999955e+03
2.996000000000000000e+03 1.164100000000000136e+03
2.796000000000000000e+03 1.180100000000000136e+03
3.188000000000000000e+03 1.220600000000000136e+03
2.740000000000000000e+03 1.221400000000000091e+03
2.604000000000000000e+03 1.223200000000000045e+03
2.548000000000000000e+03 1.230750000000000000e+03
2.524000000000000000e+03 1.232000000000000000e+03
2.404000000000000000e+03 1.241600000000000136e+03
2.476000000000000000e+03 1.271700000000000045e+03
2.908000000000000000e+03 1.271700000000000045e+03
2.540000000000000000e+03 1.277000000000000000e+03
2.556000000000000000e+03 1.280650000000000091e+03
2.620000000000000000e+03 1.285450000000000045e+03
2.468000000000000000e+03 1.288900000000000091e+03
2.956000000000000000e+03 1.318450000000000045e+03
2.964000000000000000e+03 1.324750000000000000e+03
2.852000000000000000e+03 1.331250000000000000e+03
2.620000000000000000e+03 1.344250000000000000e+03
2.676000000000000000e+03 1.356950000000000045e+03
3.036000000000000000e+03 1.368299999999999955e+03
2.972000000000000000e+03 1.374700000000000045e+03
3.116000000000000000e+03 1.392200000000000045e+03
2.588000000000000000e+03 1.392600000000000136e+03
2.420000000000000000e+03 1.408549999999999955e+03
3.164000000000000000e+03 1.412700000000000045e+03
2.796000000000000000e+03 1.413500000000000000e+03
2.892000000000000000e+03 1.414049999999999955e+03
2.708000000000000000e+03 1.418400000000000091e+03
2.556000000000000000e+03 1.439400000000000091e+03
3.004000000000000000e+03 1.446750000000000000e+03
3.164000000000000000e+03 1.454600000000000136e+03
2.884000000000000000e+03 1.463500000000000000e+03
2.700000000000000000e+03 1.482299999999999955e+03
2.676000000000000000e+03 1.494750000000000000e+03
2.492000000000000000e+03 1.525299999999999955e+03
2.996000000000000000e+03 1.540500000000000000e+03
3.132000000000000000e+03 1.541150000000000091e+03
3.180000000000000000e+03 1.557900000000000091e+03
2.732000000000000000e+03 1.574799999999999955e+03
2.788000000000000000e+03 1.587100000000000136e+03
2.796000000000000000e+03 1.596950000000000045e+03
2.580000000000000000e+03 1.600299999999999955e+03
2.612000000000000000e+03 1.608500000000000000e+03
3.164000000000000000e+03 1.613250000000000000e+03
2.924000000000000000e+03 1.625250000000000000e+03
2.844000000000000000e+03 1.626100000000000136e+03
2.612000000000000000e+03 1.635600000000000136e+03
2.516000000000000000e+03 1.664549999999999955e+03
2.540000000000000000e+03 1.670600000000000136e+03
3.020000000000000000e+03 1.670850000000000136e+03
2.956000000000000000e+03 1.708150000000000091e+03
3.012000000000000000e+03 1.715500000000000000e+03
2.588000000000000000e+03 1.774450000000000045e+03
2.852000000000000000e+03 1.777850000000000136e+03
3.156000000000000000e+03 1.790250000000000000e+03
2.524000000000000000e+03 1.790700000000000045e+03
2.460000000000000000e+03 1.815350000000000136e+03
3.188000000000000000e+03 1.877000000000000000e+03
2.804000000000000000e+03 1.910150000000000091e+03
2.516000000000000000e+03 1.911500000000000000e+03
2.780000000000000000e+03 1.929350000000000136e+03
2.500000000000000000e+03 1.939500000000000000e+03
3.060000000000000000e+03 1.953549999999999955e+03
2.908000000000000000e+03 1.966650000000000091e+03
2.948000000000000000e+03 1.986450000000000045e+03
2.700000000000000000e+03 2.030000000000000000e+03
2.564000000000000000e+03 2.043850000000000136e+03
2.828000000000000000e+03 2.044250000000000000e+03
2.612000000000000000e+03 2.048550000000000182e+03
2.532000000000000000e+03 2.062250000000000000e+03
3.012000000000000000e+03 2.074000000000000000e+03
2.988000000000000000e+03 2.075699999999999818e+03
3.036000000000000000e+03 2.081150000000000091e+03
2.660000000000000000e+03 2.084900000000000091e+03
3.196000000000000000e+03 2.090550000000000182e+03
2.908000000000000000e+03 2.093750000000000000e+03
2.596000000000000000e+03 2.098900000000000091e+03
3.052000000000000000e+03 2.098949999999999818e+03
3.060000000000000000e+03 2.102400000000000091e+03
2.876000000000000000e+03 2.105500000000000000e+03
2.412000000000000000e+03 2.122550000000000182e+03
2.980000000000000000e+03 2.135800000000000182e+03
3.060000000000000000e+03 2.141949999999999818e+03
2.980000000000000000e+03 2.165400000000000091e+03
2.804000000000000000e+03 2.185650000000000091e+03
2.644000000000000000e+03 2.193200000000000273e+03
2.620000000000000000e+03 2.226300000000000182e+03
2.908000000000000000e+03 2.247450000000000273e+03
2.444000000000000000e+03 2.278250000000000000e+03
3.076000000000000000e+03 2.287500000000000000e+03
2.860000000000000000e+03 2.331200000000000273e+03
2.948000000000000000e+03 2.366200000000000273e+03
2.452000000000000000e+03 2.371950000000000273e+03
2.852000000000000000e+03 2.385650000000000091e+03
2.620000000000000000e+03 2.390250000000000000e+03
2.556000000000000000e+03 2.407550000000000182e+03
3.140000000000000000e+03 2.427349999999999909e+03
2.684000000000000000e+03 2.437550000000000182e+03
2.452000000000000000e+03 2.438950000000000273e+03
2.444000000000000000e+03 2.488700000000000273e+03
2.612000000000000000e+03 2.495349999999999909e+03
2.436000000000000000e+03 2.536700000000000273e+03
2.916000000000000000e+03 2.560550000000000182e+03
2.716000000000000000e+03 2.563099999999999909e+03
2.940000000000000000e+03 2.573099999999999909e+03
2.676000000000000000e+03 2.579900000000000091e+03
3.108000000000000000e+03 2.622099999999999909e+03
2.420000000000000000e+03 2.651300000000000182e+03
3.188000000000000000e+03 2.672800000000000182e+03
2.844000000000000000e+03 2.692150000000000091e+03
2.556000000000000000e+03 2.692250000000000000e+03
2.948000000000000000e+03 2.733349999999999909e+03
2.652000000000000000e+03 2.740750000000000000e+03
2.684000000000000000e+03 2.741450000000000273e+03
2.852000000000000000e+03 2.764250000000000000e+03
2.644000000000000000e+03 2.778099999999999909e+03
2.524000000000000000e+03 2.823550000000000182e+03
2.404000000000000000e+03 2.827550000000000182e+03
2.828000000000000000e+03 2.855750000000000000e+03
2.796000000000000000e+03 2.871400000000000091e+03
2.948000000000000000e+03 2.887250000000000000e+03
3.028000000000000000e+03 2.889400000000000091e+03
3.196000000000000000e+03 2.909000000000000000e+03
2.668000000000000000e+03 2.932099999999999909e+03
3.140000000000000000e+03 2.967900000000000091e+03
2.636000000000000000e+03 2.968099999999999909e+03
2.844000000000000000e+03 2.982500000000000000e+03
2.820000000000000000e+03 2.983599999999999909e+03
2.580000000000000000e+03 2.991950000000000273e+03
2.788000000000000000e+03 3.003250000000000000e+03
2.588000000000000000e+03 3.427900000000000091e+03
2.628000000000000000e+03 3.428099999999999909e+03
2.532000000000000000e+03 3.442599999999999909e+03
2.740000000000000000e+03 3.445800000000000182e+03
2.516000000000000000e+03 3.450800000000000182e+03
3.012000000000000000e+03 3.465800000000000182e+03
3.044000000000000000e+03 3.510349999999999909e+03
3.108000000000000000e+03 3.517550000000000182e+03
2.860000000000000000e+03 3.518800000000000182e+03
3.180000000000000000e+03 3.529849999999999909e+03
3.116000000000000000e+03 3.533400000000000091e+03
3.132000000000000000e+03 3.545050000000000182e+03
3.068000000000000000e+03 3.557150000000000091e+03
2.772000000000000000e+03 3.576150000000000091e+03
3.156000000000000000e+03 3.581750000000000000e+03
3.084000000000000000e+03 3.682300000000000182e+03
2.420000000000000000e+03 3.687099999999999909e+03
3.100000000000000000e+03 3.710550000000000182e+03
2.740000000000000000e+03 3.713250000000000000e+03
3.148000000000000000e+03 3.774599999999999909e+03
2.588000000000000000e+03 3.879050000000000182e+03
2.804000000000000000e+03 3.968300000000000182e+03
2.732000000000000000e+03 4.233399999999999636e+03
3.068000000000000000e+03 4.239300000000000182e+03
2.980000000000000000e+03 4.284649999999999636e+03
2.724000000000000000e+03 4.312949999999999818e+03
2.660000000000000000e+03 4.453650000000000546e+03
3.012000000000000000e+03 4.485400000000000546e+03
2.492000000000000000e+03 4.492250000000000000e+03
2.540000000000000000e+03 4.516500000000000000e+03
2.604000000000000000e+03 4.518199999999999818e+03
2.868000000000000000e+03 4.526449999999999818e+03
3.156000000000000000e+03 4.534550000000000182e+03
2.852000000000000000e+03 4.582550000000000182e+03
3.116000000000000000e+03 4.686550000000000182e+03
3.156000000000000000e+03 4.707449999999999818e+03
2.756000000000000000e+03 4.727300000000000182e+03
2.668000000000000000e+03 4.743300000000000182e+03
2.772000000000000000e+03 4.746350000000000364e+03
2.860000000000000000e+03 4.746949999999999818e+03
3.044000000000000000e+03 4.756300000000000182e+03
2.820000000000000000e+03 4.771800000000000182e+03
2.580000000000000000e+03 4.774400000000000546e+03
3.132000000000000000e+03 4.811850000000000364e+03
3.020000000000000000e+03 4.822250000000000000e+03
2.588000000000000000e+03 4.836650000000000546e+03
2.612000000000000000e+03 4.837550000000000182e+03
3.164000000000000000e+03 4.933199999999999818e+03
2.660000000000000000e+03 4.988699999999999818e+03
3.108000000000000000e+03 5.016500000000000000e+03
2.452000000000000000e+03 5.028600000000000364e+03
3.116000000000000000e+03 5.034350000000000364e+03
2.908000000000000000e+03 5.039250000000000000e+03
2.452000000000000000e+03 5.065800000000000182e+03
3.028000000000000000e+03 5.114900000000000546e+03
3.188000000000000000e+03 5.126750000000000000e+03
2.756000000000000000e+03 5.155500000000000000e+03
3.132000000000000000e+03 5.156600000000000364e+03
3.188000000000000000e+03 5.164100000000000364e+03
2.892000000000000000e+03 5.179350000000000364e+03
2.468000000000000000e+03 5.189449999999999818e+03
2.860000000000000000e+03 5.198699999999999818e+03
2.572000000000000000e+03 5.315350000000000364e+03
3.060000000000000000e+03 5.388750000000000000e+03
2.572000000000000000e+03 5.544800000000000182e+03
3.108000000000000000e+03 5.650550000000000182e+03
2.484000000000000000e+03 5.656050000000000182e+03
2.692000000000000000e+03 5.666750000000000000e+03
2.940000000000000000e+03 5.674400000000000546e+03
3.036000000000000000e+03 5.679699999999999818e+03
3.108000000000000000e+03 5.702800000000000182e+03
2.628000000000000000e+03 5.822800000000000182e+03
2.692000000000000000e+03 5.872000000000000000e+03
2.708000000000000000e+03 5.887199999999999818e+03
2.668000000000000000e+03 5.894600000000000364e+03
2.700000000000000000e+03 5.895400000000000546e+03
2.621000000000000000e+03 1.255000000000000000e+02
2.597000000000000000e+03 1.354499999999999886e+02
2.893000000000000000e+03 1.442000000000000171e+02
2.445000000000000000e+03 1.505999999999999943e+02
3.085000000000000000e+03 1.513000000000000114e+02
2.517000000000000000e+03 1.634500000000000171e+02
2.469000000000000000e+03 1.822000000000000171e+02
2.589000000000000000e+03 1.873000000000000114e+02
2.869000000000000000e+03 1.900000000000000000e+02
2.525000000000000000e+03 1.921500000000000057e+02
2.813000000000000000e+03 2.611499999999999773e+02
3.149000000000000000e+03 2.722500000000000000e+02
2.445000000000000000e+03 2.759499999999999886e+02
2.597000000000000000e+03 2.819499999999999886e+02
2.853000000000000000e+03 2.833000000000000114e+02
2.725000000000000000e+03 2.893500000000000227e+02
2.501000000000000000e+03 2.912500000000000000e+02
2.941000000000000000e+03 2.996999999999999886e+02
2.949000000000000000e+03 3.009000000000000341e+02
2.765000000000000000e+03 3.215000000000000000e+02
3.165000000000000000e+03 3.320500000000000114e+02
2.429000000000000000e+03 3.433500000000000227e+02
2.453000000000000000e+03 3.746999999999999886e+02
2.997000000000000000e+03 3.766000000000000227e+02
2.829000000000000000e+03 4.299499999999999886e+02
3.189000000000000000e+03 4.569499999999999886e+02
3.117000000000000000e+03 4.680000000000000000e+02
3.037000000000000000e+03 4.681999999999999886e+02
2.437000000000000000e+03 4.736999999999999886e+02
2.613000000000000000e+03 4.805500000000000114e+02
2.845000000000000000e+03 4.897500000000000000e+02
2.837000000000000000e+03 4.982500000000000000e+02
2.781000000000000000e+03 5.038000000000000114e+02
3.149000000000000000e+03 5.126000000000000227e+02
2.845000000000000000e+03 5.503999999999999773e+02
2.445000000000000000e+03 5.532000000000000455e+02
3.101000000000000000e+03 5.705000000000000000e+02
3.061000000000000000e+03 5.937500000000000000e+02
3.085000000000000000e+03 6.010500000000000682e+02
2.989000000000000000e+03 6.051499999999999773e+02
2.725000000000000000e+03 6.076000000000000227e+02
2.877000000000000000e+03 6.350000000000000000e+02
2.557000000000000000e+03 6.427500000000000000e+02
3.029000000000000000e+03 6.430000000000000000e+02
2.917000000000000000e+03 6.447500000000000000e+02
2.461000000000000000e+03 6.872000000000000455e+02
2.517000000000000000e+03 6.983000000000000682e+02
2.901000000000000000e+03 7.441000000000000227e+02
2.565000000000000000e+03 7.721000000000000227e+02
2.501000000000000000e+03 7.767000000000000455e+02
2.925000000000000000e+03 7.855000000000000000e+02
2.717000000000000000e+03 7.881499999999999773e+02
3.125000000000000000e+03 7.947000000000000455e+02
2.877000000000000000e+03 8.021000000000000227e+02
2.853000000000000000e+03 8.086000000000000227e+02
2.549000000000000000e+03 8.176499999999999773e+02
2.701000000000000000e+03 8.198999999999999773e+02
3.173000000000000000e+03 8.251499999999999773e+02
2.869000000000000000e+03 8.295500000000000682e+02
2.749000000000000000e+03 8.525000000000000000e+02
2.853000000000000000e+03 8.601000000000000227e+02
2.949000000000000000e+03 8.681000000000000227e+02
2.701000000000000000e+03 8.708999999999999773e+02
3.077000000000000000e+03 8.867500000000000000e+02
2.757000000000000000e+03 8.897000000000000455e+02
2.533000000000000000e+03 9.218500000000000227e+02
2.717000000000000000e+03 9.223999999999999773e+02
3.149000000000000000e+03 9.481000000000000227e+02
2.509000000000000000e+03 9.538999999999999773e+02
2.997000000000000000e+03 9.593999999999999773e+02
3.021000000000000000e+03 9.725500000000000682e+02
3.045000000000000000e+03 9.836000000000000227e+02
2.685000000000000000e+03 9.847000000000000455e+02
2.709000000000000000e+03 1.001750000000000000e+03
2.813000000000000000e+03 1.027799999999999955e+03
2.917000000000000000e+03 1.030599999999999909e+03
2.549000000000000000e+03 1.036950000000000045e+03
2.733000000000000000e+03 1.039400000000000091e+03
2.805000000000000000e+03 1.073700000000000045e+03
2.645000000000000000e+03 1.076900000000000091e+03
3.125000000000000000e+03 1.078650000000000091e+03
2.741000000000000000e+03 1.082450000000000045e+03
2.853000000000000000e+03 1.094450000000000045e+03
3.109000000000000000e+03 1.094650000000000091e+03
2.821000000000000000e+03 1.097350000000000136e+03
2.525000000000000000e+03 1.120200000000000045e+03
2.469000000000000000e+03 1.128500000000000000e+03
3.101000000000000000e+03 1.143450000000000045e+03
2.453000000000000000e+03 1.143600000000000136e+03
2.621000000000000000e+03 1.150700000000000045e+03
3.109000000000000000e+03 1.185299999999999955e+03
3.013000000000000000e+03 1.216950000000000045e+03
2.453000000000000000e+03 1.252700000000000045e+03
2.661000000000000000e+03 1.253850000000000136e+03
2.485000000000000000e+03 1.262799999999999955e+03
2.901000000000000000e+03 1.316049999999999955e+03
2.813000000000000000e+03 1.316250000000000000e+03
2.557000000000000000e+03 1.342850000000000136e+03
2.453000000000000000e+03 1.377950000000000045e+03
2.901000000000000000e+03 1.381049999999999955e+03
2.949000000000000000e+03 1.381950000000000045e+03
3.197000000000000000e+03 1.390650000000000091e+03
2.653000000000000000e+03 1.405049999999999955e+03
3.165000000000000000e+03 1.438950000000000045e+03
2.605000000000000000e+03 1.444750000000000000e+03
3.053000000000000000e+03 1.464049999999999955e+03
2.733000000000000000e+03 1.466950000000000045e+03
3.077000000000000000e+03 1.473650000000000091e+03
3.165000000000000000e+03 1.483500000000000000e+03
2.421000000000000000e+03 1.495700000000000045e+03
2.909000000000000000e+03 1.532250000000000000e+03
3.021000000000000000e+03 1.564100000000000136e+03
2.525000000000000000e+03 1.581650000000000091e+03
2.485000000000000000e+03 1.591250000000000000e+03
2.517000000000000000e+03 1.593850000000000136e+03
2.629000000000000000e+03 1.610450000000000045e+03
2.837000000000000000e+03 1.627549999999999955e+03
2.725000000000000000e+03 1.658100000000000136e+03
3.109000000000000000e+03 1.678950000000000045e+03
3.013000000000000000e+03 1.689850000000000136e+03
2.429000000000000000e+03 1.692549999999999955e+03
2.573000000000000000e+03 1.694950000000000045e+03
3.077000000000000000e+03 1.726799999999999955e+03
2.765000000000000000e+03 1.749500000000000000e+03
2.485000000000000000e+03 1.760549999999999955e+03
2.821000000000000000e+03 1.796700000000000045e+03
2.469000000000000000e+03 1.819450000000000045e+03
2.773000000000000000e+03 1.820950000000000045e+03
2.581000000000000000e+03 1.868900000000000091e+03
2.749000000000000000e+03 1.896799999999999955e+03
2.789000000000000000e+03 1.902150000000000091e+03
2.709000000000000000e+03 1.909100000000000136e+03
2.949000000000000000e+03 1.909850000000000136e+03
2.605000000000000000e+03 1.925299999999999955e+03
3.013000000000000000e+03 1.934049999999999955e+03
2.413000000000000000e+03 1.957100000000000136e+03
3.149000000000000000e+03 1.962900000000000091e+03
3.085000000000000000e+03 1.964700000000000045e+03
2.653000000000000000e+03 1.967850000000000136e+03
2.877000000000000000e+03 1.970350000000000136e+03
3.093000000000000000e+03 1.974500000000000000e+03
2.637000000000000000e+03 2.022200000000000045e+03
2.821000000000000000e+03 2.029299999999999955e+03
2.549000000000000000e+03 2.037500000000000000e+03
3.077000000000000000e+03 2.060800000000000182e+03
2.781000000000000000e+03 2.064550000000000182e+03
2.869000000000000000e+03 2.069900000000000091e+03
2.701000000000000000e+03 2.075900000000000091e+03
3.029000000000000000e+03 2.076250000000000000e+03
3.021000000000000000e+03 2.080849999999999909e+03
3.029000000000000000e+03 2.085699999999999818e+03
2.925000000000000000e+03 2.091849999999999909e+03
2.493000000000000000e+03 2.099099999999999909e+03
2.941000000000000000e+03 2.118099999999999909e+03
2.757000000000000000e+03 2.120300000000000182e+03
2.645000000000000000e+03 2.140699999999999818e+03
2.557000000000000000e+03 2.144800000000000182e+03
2.733000000000000000e+03 2.149250000000000000e+03
3.085000000000000000e+03 2.214200000000000273e+03
2.997000000000000000e+03 2.221750000000000000e+03
2.981000000000000000e+03 2.243150000000000091e+03
2.789000000000000000e+03 2.255250000000000000e+03
2.749000000000000000e+03 2.279200000000000273e+03
2.661000000000000000e+03 2.293300000000000182e+03
3.125000000000000000e+03 2.339050000000000182e+03
3.133000000000000000e+03 2.344849999999999909e+03
2.973000000000000000e+03 2.370599999999999909e+03
2.597000000000000000e+03 2.374349999999999909e+03
2.917000000000000000e+03 2.381200000000000273e+03
2.621000000000000000e+03 2.392900000000000091e+03
2.541000000000000000e+03 2.394800000000000182e+03
2.645000000000000000e+03 2.399300000000000182e+03
2.925000000000000000e+03 2.404650000000000091e+03
2.797000000000000000e+03 2.421550000000000182e+03
2.501000000000000000e+03 2.428200000000000273e+03
3.029000000000000000e+03 2.438849999999999909e+03
2.885000000000000000e+03 2.462000000000000000e+03
3.141000000000000000e+03 2.489800000000000182e+03
2.701000000000000000e+03 2.523200000000000273e+03
3.157000000000000000e+03 2.530050000000000182e+03
3.117000000000000000e+03 2.559650000000000091e+03
2.693000000000000000e+03 2.564550000000000182e+03
2.461000000000000000e+03 2.577200000000000273e+03
3.165000000000000000e+03 2.594599999999999909e+03
2.925000000000000000e+03 2.597700000000000273e+03
2.749000000000000000e+03 2.603050000000000182e+03
2.645000000000000000e+03 2.624550000000000182e+03
2.533000000000000000e+03 2.646950000000000273e+03
2.917000000000000000e+03 2.653750000000000000e+03
2.765000000000000000e+03 2.674150000000000091e+03
2.893000000000000000e+03 2.699200000000000273e+03
2.973000000000000000e+03 2.726550000000000182e+03
2.997000000000000000e+03 2.727200000000000273e+03
3.061000000000000000e+03 2.733849999999999909e+03
3.133000000000000000e+03 2.741450000000000273e+03
2.405000000000000000e+03 2.743550000000000182e+03
3.021000000000000000e+03 2.762750000000000000e+03
2.757000000000000000e+03 2.768550000000000182e+03
2.541000000000000000e+03 2.791650000000000091e+03
2.989000000000000000e+03 2.925250000000000000e+03
3.149000000000000000e+03 2.931950000000000273e+03
2.693000000000000000e+03 2.934750000000000000e+03
2.909000000000000000e+03 2.968900000000000091e+03
2.581000000000000000e+03 2.995750000000000000e+03
2.821000000000000000e+03 3.398550000000000182e+03
2.637000000000000000e+03 3.413500000000000000e+03
2.941000000000000000e+03 3.427300000000000182e+03
2.437000000000000000e+03 3.448700000000000273e+03
2.557000000000000000e+03 3.458050000000000182e+03
2.445000000000000000e+03 3.462650000000000091e+03
2.893000000000000000e+03 3.463349999999999909e+03
2.877000000000000000e+03 3.475650000000000091e+03
3.005000000000000000e+03 3.483250000000000000e+03
2.429000000000000000e+03 3.486750000000000000e+03
2.421000000000000000e+03 3.490300000000000182e+03
2.949000000000000000e+03 3.502500000000000000e+03
2.749000000000000000e+03 3.507050000000000182e+03
2.429000000000000000e+03 3.535849999999999909e+03
2.477000000000000000e+03 3.556750000000000000e+03
3.189000000000000000e+03 3.561500000000000000e+03
2.861000000000000000e+03 3.567550000000000182e+03
2.477000000000000000e+03 3.576650000000000091e+03
2.813000000000000000e+03 3.582500000000000000e+03
3.101000000000000000e+03 3.593950000000000273e+03
2.421000000000000000e+03 3.606400000000000091e+03
2.517000000000000000e+03 3.616200000000000273e+03
2.605000000000000000e+03 3.688099999999999909e+03
2.725000000000000000e+03 3.691349999999999909e+03
3.021000000000000000e+03 3.706000000000000000e+03
3.013000000000000000e+03 3.720200000000000273e+03
3.149000000000000000e+03 3.766849999999999909e+03
2.621000000000000000e+03 3.778599999999999909e+03
2.805000000000000000e+03 3.801700000000000273e+03
2.837000000000000000e+03 3.964500000000000000e+03
2.829000000000000000e+03 3.976500000000000000e+03
3.181000000000000000e+03 4.155199999999999818e+03
2.581000000000000000e+03 4.164399999999999636e+03
2.845000000000000000e+03 4.168649999999999636e+03
3.037000000000000000e+03 4.192300000000000182e+03
2.685000000000000000e+03 4.205800000000000182e+03
2.869000000000000000e+03 4.209899999999999636e+03
2.437000000000000000e+03 4.217899999999999636e+03
2.429000000000000000e+03 4.219050000000000182e+03
3.021000000000000000e+03 4.221899999999999636e+03
2.957000000000000000e+03 4.238350000000000364e+03
3.101000000000000000e+03 4.238649999999999636e+03
3.149000000000000000e+03 4.243850000000000364e+03
2.549000000000000000e+03 4.272550000000000182e+03
2.485000000000000000e+03 4.292449999999999818e+03
2.733000000000000000e+03 4.300050000000000182e+03
2.941000000000000000e+03 4.438750000000000000e+03
2.765000000000000000e+03 4.450250000000000000e+03
2.797000000000000000e+03 4.459050000000000182e+03
2.645000000000000000e+03 4.459900000000000546e+03
2.565000000000000000e+03 4.474949999999999818e+03
2.757000000000000000e+03 4.488650000000000546e+03
2.645000000000000000e+03 4.499600000000000364e+03
2.877000000000000000e+03 4.499850000000000364e+03
2.997000000000000000e+03 4.526850000000000364e+03
2.845000000000000000e+03 4.594600000000000364e+03
2.789000000000000000e+03 4.598100000000000364e+03
2.445000000000000000e+03 4.605650000000000546e+03
3.093000000000000000e+03 4.607699999999999818e+03
2.405000000000000000e+03 4.666750000000000000e+03
3.157000000000000000e+03 4.697050000000000182e+03
2.965000000000000000e+03 4.714500000000000000e+03
2.733000000000000000e+03 4.719350000000000364e+03
3.149000000000000000e+03 4.721150000000000546e+03
2.525000000000000000e+03 4.723400000000000546e+03
3.053000000000000000e+03 4.733600000000000364e+03
2.901000000000000000e+03 4.735000000000000000e+03
2.661000000000000000e+03 4.736000000000000000e+03
2.765000000000000000e+03 4.754050000000000182e+03
3.013000000000000000e+03 4.765100000000000364e+03
3.069000000000000000e+03 4.778050000000000182e+03
2.741000000000000000e+03 4.780600000000000364e+03
2.605000000000000000e+03 4.790449999999999818e+03
2.445000000000000000e+03 4.815500000000000000e+03
3.125000000000000000e+03 4.970650000000000546e+03
2.621000000000000000e+03 4.977650000000000546e+03
2.805000000000000000e+03 4.982400000000000546e+03
3.093000000000000000e+03 4.989000000000000000e+03
2.517000000000000000e+03 4.993300000000000182e+03
3.005000000000000000e+03 5.003100000000000364e+03
2.717000000000000000e+03 5.017250000000000000e+03
2.549000000000000000e+03 5.020800000000000182e+03
2.469000000000000000e+03 5.066150000000000546e+03
2.445000000000000000e+03 5.070699999999999818e+03
2.925000000000000000e+03 5.079650000000000546e+03
2.509000000000000000e+03 5.100600000000000364e+03
3.133000000000000000e+03 5.102949999999999818e+03
2.773000000000000000e+03 5.139300000000000182e+03
2.821000000000000000e+03 5.144550000000000182e+03
3.141000000000000000e+03 5.161650000000000546e+03
2.725000000000000000e+03 5.177900000000000546e+03
2.477000000000000000e+03 5.188949999999999818e+03
2.997000000000000000e+03 5.448300000000000182e+03
2.741000000000000000e+03 5.452000000000000000e+03
2.565000000000000000e+03 5.477800000000000182e+03
2.653000000000000000e+03 5.494400000000000546e+03
3.165000000000000000e+03 5.512699999999999818e+03
2.493000000000000000e+03 5.521500000000000000e+03
2.853000000000000000e+03 5.562150000000000546e+03
2.877000000000000000e+03 5.590850000000000364e+03
2.965000000000000000e+03 5.609650000000000546e+03
3.037000000000000000e+03 5.672100000000000364e+03
3.061000000000000000e+03 5.764050000000000182e+03
2.509000000000000000e+03 5.765150000000000546e+03
2.541000000000000000e+03 5.821650000000000546e+03
3.053000000000000000e+03 5.895000000000000000e+03
2.694000000000000000e+03 1.165499999999999972e+02
2.654000000000000000e+03 1.270499999999999972e+02
2.782000000000000000e+03 1.311999999999999886e+02
2.854000000000000000e+03 1.340500000000000114e+02
2.558000000000000000e+03 1.342500000000000000e+02
2.566000000000000000e+03 2.032000000000000171e+02
2.430000000000000000e+03 2.100999999999999943e+02
2.934000000000000000e+03 2.879499999999999886e+02
3.134000000000000000e+03 3.049000000000000341e+02
2.846000000000000000e+03 3.331999999999999886e+02
2.638000000000000000e+03 3.348000000000000114e+02
3.038000000000000000e+03 4.074000000000000341e+02
2.766000000000000000e+03 4.083000000000000114e+02
2.470000000000000000e+03 4.191000000000000227e+02
2.670000000000000000e+03 4.241999999999999886e+02
2.814000000000000000e+03 4.246500000000000341e+02
2.678000000000000000e+03 4.299499999999999886e+02
3.134000000000000000e+03 4.320000000000000000e+02
2.814000000000000000e+03 4.464499999999999886e+02
2.486000000000000000e+03 4.562500000000000000e+02
2.510000000000000000e+03 4.654499999999999886e+02
2.846000000000000000e+03 4.758500000000000227e+02
2.526000000000000000e+03 4.823500000000000227e+02
3.110000000000000000e+03 5.070000000000000000e+02
2.950000000000000000e+03 5.322000000000000455e+02
3.006000000000000000e+03 5.327999999999999545e+02
2.886000000000000000e+03 5.935500000000000682e+02
3.174000000000000000e+03 6.028000000000000682e+02
2.430000000000000000e+03 6.173000000000000682e+02
2.526000000000000000e+03 6.235000000000000000e+02
2.726000000000000000e+03 6.531000000000000227e+02
3.174000000000000000e+03 6.562500000000000000e+02
2.918000000000000000e+03 6.743000000000000682e+02
2.710000000000000000e+03 6.912500000000000000e+02
2.534000000000000000e+03 7.101499999999999773e+02
2.630000000000000000e+03 7.221499999999999773e+02
2.750000000000000000e+03 7.297000000000000455e+02
3.126000000000000000e+03 7.374500000000000455e+02
3.166000000000000000e+03 7.678000000000000682e+02
2.878000000000000000e+03 7.792500000000000000e+02
2.822000000000000000e+03 7.920000000000000000e+02
2.598000000000000000e+03 8.074500000000000455e+02
2.886000000000000000e+03 8.203500000000000227e+02
2.582000000000000000e+03 8.630000000000000000e+02
2.998000000000000000e+03 8.800500000000000682e+02
2.446000000000000000e+03 9.011499999999999773e+02
2.590000000000000000e+03 9.052000000000000455e+02
3.054000000000000000e+03 9.118500000000000227e+02
2.886000000000000000e+03 9.258000000000000682e+02
2.614000000000000000e+03 9.362000000000000455e+02
2.958000000000000000e+03 9.463999999999999773e+02
3.038000000000000000e+03 9.632500000000000000e+02
2.758000000000000000e+03 9.887500000000000000e+02
2.582000000000000000e+03 1.011600000000000023e+03
3.134000000000000000e+03 1.036049999999999955e+03
3.006000000000000000e+03 1.052599999999999909e+03
2.774000000000000000e+03 1.055349999999999909e+03
3.094000000000000000e+03 1.096100000000000136e+03
2.510000000000000000e+03 1.105350000000000136e+03
2.422000000000000000e+03 1.118400000000000091e+03
2.454000000000000000e+03 1.130900000000000091e+03
2.414000000000000000e+03 1.135850000000000136e+03
3.150000000000000000e+03 1.135850000000000136e+03
3.166000000000000000e+03 1.147850000000000136e+03
2.494000000000000000e+03 1.160350000000000136e+03
2.630000000000000000e+03 1.171650000000000091e+03
2.462000000000000000e+03 1.175600000000000136e+03
2.870000000000000000e+03 1.178950000000000045e+03
2.750000000000000000e+03 1.186500000000000000e+03
2.982000000000000000e+03 1.201700000000000045e+03
2.542000000000000000e+03 1.277450000000000045e+03
2.486000000000000000e+03 1.278049999999999955e+03
3.030000000000000000e+03 1.279450000000000045e+03
2.966000000000000000e+03 1.281299999999999955e+03
2.414000000000000000e+03 1.293299999999999955e+03
2.550000000000000000e+03 1.295900000000000091e+03
2.654000000000000000e+03 1.299299999999999955e+03
3.070000000000000000e+03 1.304549999999999955e+03
2.702000000000000000e+03 1.318000000000000000e+03
2.454000000000000000e+03 1.318350000000000136e+03
2.750000000000000000e+03 1.326400000000000091e+03
2.670000000000000000e+03 1.348100000000000136e+03
3.006000000000000000e+03 1.360750000000000000e+03
3.038000000000000000e+03 1.363650000000000091e+03
3.142000000000000000e+03 1.364799999999999955e+03
3.078000000000000000e+03 1.377700000000000045e+03
2.886000000000000000e+03 1.394150000000000091e+03
3.134000000000000000e+03 1.418900000000000091e+03
2.942000000000000000e+03 1.476200000000000045e+03
2.726000000000000000e+03 1.513400000000000091e+03
2.582000000000000000e+03 1.539200000000000045e+03
2.662000000000000000e+03 1.552950000000000045e+03
3.094000000000000000e+03 1.561049999999999955e+03
3.006000000000000000e+03 1.566549999999999955e+03
2.942000000000000000e+03 1.567200000000000045e+03
3.078000000000000000e+03 1.574799999999999955e+03
2.830000000000000000e+03 1.584450000000000045e+03
2.750000000000000000e+03 1.586000000000000000e+03
2.966000000000000000e+03 1.591150000000000091e+03
2.974000000000000000e+03 1.592299999999999955e+03
3.046000000000000000e+03 1.601150000000000091e+03
2.910000000000000000e+03 1.606100000000000136e+03
2.454000000000000000e+03 1.607650000000000091e+03
2.670000000000000000e+03 1.629250000000000000e+03
3.038000000000000000e+03 1.671500000000000000e+03
2.494000000000000000e+03 1.686049999999999955e+03
2.990000000000000000e+03 1.695400000000000091e+03
2.438000000000000000e+03 1.700450000000000045e+03
3.174000000000000000e+03 1.728650000000000091e+03
3.014000000000000000e+03 1.775250000000000000e+03
2.494000000000000000e+03 1.784500000000000000e+03
2.550000000000000000e+03 1.792600000000000136e+03
2.670000000000000000e+03 1.797600000000000136e+03
2.558000000000000000e+03 1.814250000000000000e+03
2.702000000000000000e+03 1.825299999999999955e+03
2.902000000000000000e+03 1.829350000000000136e+03
2.878000000000000000e+03 1.835950000000000045e+03
2.454000000000000000e+03 1.841150000000000091e+03
3.118000000000000000e+03 1.841350000000000136e+03
2.726000000000000000e+03 1.843549999999999955e+03
2.998000000000000000e+03 1.859750000000000000e+03
2.502000000000000000e+03 1.872250000000000000e+03
2.454000000000000000e+03 1.874850000000000136e+03
2.766000000000000000e+03 1.894200000000000045e+03
2.750000000000000000e+03 1.910000000000000000e+03
2.422000000000000000e+03 1.921650000000000091e+03
3.134000000000000000e+03 1.923900000000000091e+03
2.926000000000000000e+03 1.929100000000000136e+03
2.494000000000000000e+03 1.940400000000000091e+03
3.014000000000000000e+03 1.945200000000000045e+03
2.694000000000000000e+03 1.960200000000000045e+03
3.198000000000000000e+03 1.961350000000000136e+03
2.710000000000000000e+03 1.978000000000000000e+03
2.774000000000000000e+03 1.978200000000000045e+03
2.950000000000000000e+03 1.979450000000000045e+03
2.422000000000000000e+03 1.992650000000000091e+03
2.462000000000000000e+03 2.027750000000000000e+03
2.822000000000000000e+03 2.034200000000000045e+03
2.934000000000000000e+03 2.048599999999999909e+03
2.606000000000000000e+03 2.049949999999999818e+03
3.014000000000000000e+03 2.051349999999999909e+03
2.902000000000000000e+03 2.059800000000000182e+03
3.174000000000000000e+03 2.077050000000000182e+03
2.894000000000000000e+03 2.081650000000000091e+03
2.438000000000000000e+03 2.082849999999999909e+03
2.918000000000000000e+03 2.083849999999999909e+03
2.526000000000000000e+03 2.084150000000000091e+03
2.814000000000000000e+03 2.085449999999999818e+03
2.790000000000000000e+03 2.092150000000000091e+03
2.566000000000000000e+03 2.098599999999999909e+03
3.134000000000000000e+03 2.109500000000000000e+03
2.502000000000000000e+03 2.121650000000000091e+03
2.494000000000000000e+03 2.136250000000000000e+03
3.094000000000000000e+03 2.137199999999999818e+03
2.798000000000000000e+03 2.137800000000000182e+03
2.670000000000000000e+03 2.140699999999999818e+03
2.606000000000000000e+03 2.142199999999999818e+03
2.862000000000000000e+03 2.154800000000000182e+03
2.774000000000000000e+03 2.156800000000000182e+03
3.038000000000000000e+03 2.180400000000000091e+03
2.502000000000000000e+03 2.256849999999999909e+03
2.486000000000000000e+03 2.261349999999999909e+03
2.414000000000000000e+03 2.298650000000000091e+03
2.974000000000000000e+03 2.299150000000000091e+03
3.046000000000000000e+03 2.310450000000000273e+03
2.726000000000000000e+03 2.323800000000000182e+03
3.158000000000000000e+03 2.336650000000000091e+03
2.862000000000000000e+03 2.338150000000000091e+03
3.118000000000000000e+03 2.353800000000000182e+03
2.942000000000000000e+03 2.361599999999999909e+03
2.814000000000000000e+03 2.393750000000000000e+03
3.070000000000000000e+03 2.399200000000000273e+03
2.582000000000000000e+03 2.501150000000000091e+03
2.790000000000000000e+03 2.525599999999999909e+03
2.558000000000000000e+03 2.558300000000000182e+03
3.094000000000000000e+03 2.566050000000000182e+03
2.518000000000000000e+03 2.567400000000000091e+03
2.486000000000000000e+03 2.593250000000000000e+03
2.518000000000000000e+03 2.596900000000000091e+03
2.478000000000000000e+03 2.606050000000000182e+03
2.830000000000000000e+03 2.623150000000000091e+03
2.838000000000000000e+03 2.624200000000000273e+03
2.558000000000000000e+03 2.639500000000000000e+03
3.158000000000000000e+03 2.641500000000000000e+03
2.598000000000000000e+03 2.643950000000000273e+03
2.470000000000000000e+03 2.673599999999999909e+03
2.694000000000000000e+03 2.695950000000000273e+03
2.526000000000000000e+03 2.703800000000000182e+03
2.470000000000000000e+03 2.717700000000000273e+03
2.542000000000000000e+03 2.721400000000000091e+03
2.566000000000000000e+03 2.734099999999999909e+03
2.870000000000000000e+03 2.734150000000000091e+03
2.630000000000000000e+03 2.757800000000000182e+03
3.110000000000000000e+03 2.771599999999999909e+03
2.510000000000000000e+03 2.788099999999999909e+03
2.790000000000000000e+03 2.852550000000000182e+03
2.694000000000000000e+03 2.874050000000000182e+03
3.174000000000000000e+03 2.944200000000000273e+03
3.038000000000000000e+03 2.962349999999999909e+03
3.054000000000000000e+03 2.968550000000000182e+03
2.478000000000000000e+03 2.985099999999999909e+03
3.174000000000000000e+03 3.001750000000000000e+03
2.510000000000000000e+03 3.374550000000000182e+03
2.654000000000000000e+03 3.417599999999999909e+03
3.070000000000000000e+03 3.426900000000000091e+03
2.582000000000000000e+03 3.436200000000000273e+03
2.846000000000000000e+03 3.443900000000000091e+03
3.006000000000000000e+03 3.450750000000000000e+03
2.430000000000000000e+03 3.453099999999999909e+03
2.686000000000000000e+03 3.467000000000000000e+03
2.750000000000000000e+03 3.470000000000000000e+03
3.022000000000000000e+03 3.471150000000000091e+03
2.534000000000000000e+03 3.473599999999999909e+03
2.622000000000000000e+03 3.495050000000000182e+03
3.174000000000000000e+03 3.497750000000000000e+03
2.646000000000000000e+03 3.498900000000000091e+03
2.774000000000000000e+03 3.513200000000000273e+03
2.574000000000000000e+03 3.521750000000000000e+03
2.446000000000000000e+03 3.528700000000000273e+03
3.014000000000000000e+03 3.539950000000000273e+03
2.590000000000000000e+03 3.552200000000000273e+03
2.918000000000000000e+03 3.606099999999999909e+03
3.150000000000000000e+03 3.691599999999999909e+03
2.758000000000000000e+03 3.696750000000000000e+03
2.470000000000000000e+03 3.700849999999999909e+03
2.958000000000000000e+03 3.712200000000000273e+03
3.078000000000000000e+03 3.716700000000000273e+03
2.990000000000000000e+03 3.720300000000000182e+03
2.998000000000000000e+03 3.748500000000000000e+03
3.190000000000000000e+03 3.754550000000000182e+03
3.142000000000000000e+03 3.760849999999999909e+03
3.198000000000000000e+03 3.762099999999999909e+03
2.526000000000000000e+03 3.767150000000000091e+03
2.830000000000000000e+03 3.767400000000000091e+03
3.190000000000000000e+03 3.768599999999999909e+03
2.630000000000000000e+03 3.915400000000000091e+03
3.086000000000000000e+03 4.171250000000000000e+03
2.670000000000000000e+03 4.183600000000000364e+03
2.574000000000000000e+03 4.205550000000000182e+03
2.702000000000000000e+03 4.223199999999999818e+03
2.622000000000000000e+03 4.271899999999999636e+03
2.486000000000000000e+03 4.273750000000000000e+03
3.070000000000000000e+03 4.281500000000000000e+03
2.566000000000000000e+03 4.292699999999999818e+03
2.678000000000000000e+03 4.293449999999999818e+03
3.062000000000000000e+03 4.403850000000000364e+03
2.958000000000000000e+03 4.466199999999999818e+03
2.782000000000000000e+03 4.484300000000000182e+03
2.526000000000000000e+03 4.486199999999999818e+03
2.838000000000000000e+03 4.499000000000000000e+03
2.998000000000000000e+03 4.509449999999999818e+03
3.158000000000000000e+03 4.531100000000000364e+03
2.686000000000000000e+03 4.548050000000000182e+03
3.182000000000000000e+03 4.554100000000000364e+03
3.102000000000000000e+03 4.563100000000000364e+03
2.646000000000000000e+03 4.571550000000000182e+03
2.718000000000000000e+03 4.739400000000000546e+03
2.566000000000000000e+03 4.754199999999999818e+03
3.134000000000000000e+03 4.754750000000000000e+03
2.790000000000000000e+03 4.759000000000000000e+03
2.822000000000000000e+03 4.766750000000000000e+03
3.174000000000000000e+03 4.777650000000000546e+03
3.150000000000000000e+03 4.820699999999999818e+03
2.470000000000000000e+03 4.841449999999999818e+03
3.110000000000000000e+03 4.847750000000000000e+03
2.862000000000000000e+03 4.962100000000000364e+03
2.806000000000000000e+03 4.963699999999999818e+03
2.614000000000000000e+03 4.976000000000000000e+03
2.918000000000000000e+03 4.985400000000000546e+03
3.142000000000000000e+03 5.005850000000000364e+03
2.518000000000000000e+03 5.011350000000000364e+03
2.734000000000000000e+03 5.025400000000000546e+03
2.926000000000000000e+03 5.034850000000000364e+03
2.750000000000000000e+03 5.045300000000000182e+03
2.886000000000000000e+03 5.052900000000000546e+03
2.950000000000000000e+03 5.053000000000000000e+03
2.878000000000000000e+03 5.065250000000000000e+03
2.982000000000000000e+03 5.094550000000000182e+03
2.894000000000000000e+03 5.101400000000000546e+03
3.134000000000000000e+03 5.101800000000000182e+03
3.014000000000000000e+03 5.107750000000000000e+03
3.110000000000000000e+03 5.152600000000000364e+03
3.006000000000000000e+03 5.156600000000000364e+03
3.190000000000000000e+03 5.165350000000000364e+03
2.470000000000000000e+03 5.175050000000000182e+03
2.998000000000000000e+03 5.183199999999999818e+03
3.158000000000000000e+03 5.188150000000000546e+03
2.462000000000000000e+03 5.195850000000000364e+03
2.678000000000000000e+03 5.373150000000000546e+03
2.598000000000000000e+03 5.423699999999999818e+03
2.406000000000000000e+03 5.437850000000000364e+03
2.454000000000000000e+03 5.483500000000000000e+03
2.438000000000000000e+03 5.539750000000000000e+03
2.606000000000000000e+03 5.552650000000000546e+03
2.838000000000000000e+03 5.573600000000000364e+03
2.590000000000000000e+03 5.687050000000000182e+03
2.438000000000000000e+03 5.709150000000000546e+03
3.158000000000000000e+03 5.720750000000000000e+03
2.670000000000000000e+03 5.768400000000000546e+03
2.742000000000000000e+03 5.813699999999999818e+03
2.430000000000000000e+03 5.867449999999999818e+03
2.558000000000000000e+03 5.872400000000000546e+03
2.534000000000000000e+03 5.889550000000000182e+03
3.118000000000000000e+03 5.892550000000000182e+03
2.638000000000000000e+03 5.938150000000000546e+03
2.990000000000000000e+03 5.938449999999999818e+03
2.639000000000000000e+03 1.037500000000000000e+02
2.551000000000000000e+03 1.276000000000000085e+02
2.671000000000000000e+03 1.330000000000000000e+02
2.903000000000000000e+03 1.365999999999999943e+02
3.095000000000000000e+03 1.512000000000000171e+02
2.671000000000000000e+03 1.799500000000000171e+02
3.015000000000000000e+03 1.815000000000000000e+02
2.631000000000000000e+03 1.970000000000000000e+02
2.967000000000000000e+03 2.267000000000000171e+02
2.975000000000000000e+03 2.728999999999999773e+02
2.967000000000000000e+03 2.921000000000000227e+02
2.583000000000000000e+03 3.195000000000000000e+02
3.095000000000000000e+03 3.413500000000000227e+02
3.103000000000000000e+03 4.124000000000000341e+02
2.703000000000000000e+03 4.461999999999999886e+02
2.727000000000000000e+03 4.576500000000000341e+02
3.183000000000000000e+03 4.640500000000000114e+02
2.535000000000000000e+03 4.659000000000000341e+02
3.151000000000000000e+03 4.756000000000000227e+02
2.823000000000000000e+03 4.760500000000000114e+02
2.975000000000000000e+03 4.776500000000000341e+02
2.751000000000000000e+03 4.969000000000000341e+02
3.151000000000000000e+03 5.506499999999999773e+02
2.463000000000000000e+03 5.520000000000000000e+02
3.095000000000000000e+03 5.641499999999999773e+02
3.183000000000000000e+03 5.930000000000000000e+02
3.119000000000000000e+03 6.140000000000000000e+02
3.087000000000000000e+03 6.532000000000000455e+02
2.983000000000000000e+03 6.746499999999999773e+02
3.079000000000000000e+03 6.948500000000000227e+02
2.591000000000000000e+03 7.021000000000000227e+02
2.759000000000000000e+03 7.061499999999999773e+02
2.639000000000000000e+03 7.072000000000000455e+02
2.599000000000000000e+03 7.138000000000000682e+02
3.079000000000000000e+03 7.217000000000000455e+02
2.647000000000000000e+03 7.274500000000000455e+02
2.823000000000000000e+03 7.413999999999999773e+02
3.039000000000000000e+03 7.474500000000000455e+02
2.511000000000000000e+03 7.507000000000000455e+02
3.159000000000000000e+03 7.575000000000000000e+02
2.439000000000000000e+03 7.893999999999999773e+02
2.903000000000000000e+03 7.947000000000000455e+02
2.655000000000000000e+03 8.132000000000000455e+02
2.567000000000000000e+03 8.241499999999999773e+02
3.095000000000000000e+03 8.353999999999999773e+02
2.831000000000000000e+03 8.360000000000000000e+02
2.975000000000000000e+03 8.526499999999999773e+02
2.631000000000000000e+03 8.551499999999999773e+02
2.495000000000000000e+03 8.773000000000000682e+02
2.727000000000000000e+03 9.226499999999999773e+02
3.047000000000000000e+03 9.327500000000000000e+02
2.519000000000000000e+03 9.595500000000000682e+02
2.743000000000000000e+03 9.653000000000000682e+02
2.783000000000000000e+03 9.877000000000000455e+02
2.447000000000000000e+03 9.963500000000000227e+02
2.615000000000000000e+03 1.017000000000000000e+03
2.847000000000000000e+03 1.022350000000000023e+03
2.583000000000000000e+03 1.033150000000000091e+03
2.503000000000000000e+03 1.034500000000000000e+03
2.471000000000000000e+03 1.074599999999999909e+03
2.415000000000000000e+03 1.079750000000000000e+03
3.015000000000000000e+03 1.080250000000000000e+03
2.775000000000000000e+03 1.084700000000000045e+03
2.735000000000000000e+03 1.104850000000000136e+03
3.127000000000000000e+03 1.170600000000000136e+03
2.767000000000000000e+03 1.180000000000000000e+03
2.895000000000000000e+03 1.182700000000000045e+03
2.887000000000000000e+03 1.199799999999999955e+03
2.655000000000000000e+03 1.246750000000000000e+03
3.079000000000000000e+03 1.256799999999999955e+03
2.471000000000000000e+03 1.261750000000000000e+03
2.855000000000000000e+03 1.286000000000000000e+03
2.727000000000000000e+03 1.304500000000000000e+03
2.535000000000000000e+03 1.319900000000000091e+03
2.671000000000000000e+03 1.326150000000000091e+03
3.135000000000000000e+03 1.329549999999999955e+03
2.767000000000000000e+03 1.338700000000000045e+03
2.479000000000000000e+03 1.367850000000000136e+03
2.535000000000000000e+03 1.379450000000000045e+03
2.967000000000000000e+03 1.381400000000000091e+03
2.687000000000000000e+03 1.382500000000000000e+03
3.039000000000000000e+03 1.387850000000000136e+03
2.431000000000000000e+03 1.389150000000000091e+03
2.903000000000000000e+03 1.400900000000000091e+03
3.143000000000000000e+03 1.449400000000000091e+03
2.607000000000000000e+03 1.452900000000000091e+03
2.911000000000000000e+03 1.478400000000000091e+03
2.503000000000000000e+03 1.486799999999999955e+03
2.575000000000000000e+03 1.491400000000000091e+03
3.071000000000000000e+03 1.496200000000000045e+03
2.863000000000000000e+03 1.562450000000000045e+03
2.919000000000000000e+03 1.592600000000000136e+03
2.967000000000000000e+03 1.604299999999999955e+03
3.087000000000000000e+03 1.607250000000000000e+03
3.031000000000000000e+03 1.644049999999999955e+03
2.423000000000000000e+03 1.718299999999999955e+03
2.935000000000000000e+03 1.747450000000000045e+03
3.031000000000000000e+03 1.817049999999999955e+03
2.999000000000000000e+03 1.874700000000000045e+03
2.903000000000000000e+03 1.878950000000000045e+03
2.991000000000000000e+03 1.909549999999999955e+03
2.687000000000000000e+03 1.916750000000000000e+03
2.607000000000000000e+03 1.923700000000000045e+03
2.583000000000000000e+03 1.924450000000000045e+03
2.487000000000000000e+03 1.931549999999999955e+03
2.943000000000000000e+03 1.931950000000000045e+03
2.455000000000000000e+03 1.942850000000000136e+03
3.007000000000000000e+03 1.956100000000000136e+03
2.911000000000000000e+03 1.977600000000000136e+03
2.423000000000000000e+03 1.978950000000000045e+03
2.599000000000000000e+03 1.991250000000000000e+03
3.095000000000000000e+03 2.018700000000000045e+03
3.047000000000000000e+03 2.025250000000000000e+03
3.199000000000000000e+03 2.025750000000000000e+03
2.439000000000000000e+03 2.041100000000000136e+03
2.711000000000000000e+03 2.042950000000000045e+03
2.951000000000000000e+03 2.044600000000000136e+03
2.735000000000000000e+03 2.056250000000000000e+03
2.575000000000000000e+03 2.060150000000000091e+03
2.879000000000000000e+03 2.061849999999999909e+03
3.167000000000000000e+03 2.074300000000000182e+03
2.607000000000000000e+03 2.091550000000000182e+03
2.487000000000000000e+03 2.095599999999999909e+03
2.759000000000000000e+03 2.101449999999999818e+03
2.727000000000000000e+03 2.114199999999999818e+03
2.959000000000000000e+03 2.138349999999999909e+03
2.495000000000000000e+03 2.144199999999999818e+03
2.975000000000000000e+03 2.194950000000000273e+03
2.775000000000000000e+03 2.218700000000000273e+03
2.679000000000000000e+03 2.257099999999999909e+03
2.671000000000000000e+03 2.277349999999999909e+03
2.959000000000000000e+03 2.315000000000000000e+03
3.039000000000000000e+03 2.339150000000000091e+03
2.703000000000000000e+03 2.344900000000000091e+03
2.727000000000000000e+03 2.352900000000000091e+03
2.887000000000000000e+03 2.370800000000000182e+03
2.855000000000000000e+03 2.404550000000000182e+03
3.175000000000000000e+03 2.415750000000000000e+03
3.111000000000000000e+03 2.423200000000000273e+03
2.663000000000000000e+03 2.428550000000000182e+03
2.743000000000000000e+03 2.429849999999999909e+03
2.583000000000000000e+03 2.436750000000000000e+03
2.535000000000000000e+03 2.505900000000000091e+03
2.623000000000000000e+03 2.536349999999999909e+03
2.423000000000000000e+03 2.537349999999999909e+03
2.823000000000000000e+03 2.572599999999999909e+03
3.191000000000000000e+03 2.578950000000000273e+03
2.487000000000000000e+03 2.587550000000000182e+03
2.551000000000000000e+03 2.603700000000000273e+03
3.047000000000000000e+03 2.623000000000000000e+03
2.815000000000000000e+03 2.624099999999999909e+03
2.567000000000000000e+03 2.645300000000000182e+03
2.703000000000000000e+03 2.652450000000000273e+03
2.919000000000000000e+03 2.671099999999999909e+03
3.095000000000000000e+03 2.674000000000000000e+03
2.623000000000000000e+03 2.680150000000000091e+03
2.711000000000000000e+03 2.680200000000000273e+03
3.199000000000000000e+03 2.732900000000000091e+03
2.639000000000000000e+03 2.741400000000000091e+03
2.407000000000000000e+03 2.770550000000000182e+03
2.663000000000000000e+03 2.776849999999999909e+03
3.055000000000000000e+03 2.786300000000000182e+03
3.039000000000000000e+03 2.790400000000000091e+03
2.903000000000000000e+03 2.855450000000000273e+03
2.559000000000000000e+03 2.875450000000000273e+03
2.455000000000000000e+03 2.945250000000000000e+03
3.175000000000000000e+03 2.967950000000000273e+03
2.959000000000000000e+03 2.972950000000000273e+03
2.583000000000000000e+03 2.973450000000000273e+03
2.503000000000000000e+03 2.975300000000000182e+03
2.695000000000000000e+03 2.993150000000000091e+03
2.775000000000000000e+03 2.997400000000000091e+03
2.743000000000000000e+03 2.999050000000000182e+03
3.079000000000000000e+03 3.373000000000000000e+03
2.711000000000000000e+03 3.376150000000000091e+03
2.831000000000000000e+03 3.406250000000000000e+03
2.959000000000000000e+03 3.460250000000000000e+03
2.927000000000000000e+03 3.495250000000000000e+03
3.103000000000000000e+03 3.506500000000000000e+03
2.495000000000000000e+03 3.524950000000000273e+03
2.919000000000000000e+03 3.525800000000000182e+03
2.791000000000000000e+03 3.526250000000000000e+03
2.895000000000000000e+03 3.534000000000000000e+03
2.951000000000000000e+03 3.546200000000000273e+03
2.559000000000000000e+03 3.553900000000000091e+03
3.167000000000000000e+03 3.573250000000000000e+03
2.743000000000000000e+03 3.576599999999999909e+03
2.671000000000000000e+03 3.579150000000000091e+03
2.823000000000000000e+03 3.580950000000000273e+03
3.031000000000000000e+03 3.617450000000000273e+03
2.879000000000000000e+03 3.694000000000000000e+03
3.087000000000000000e+03 3.739250000000000000e+03
2.559000000000000000e+03 3.944550000000000182e+03
2.511000000000000000e+03 4.083099999999999909e+03
2.839000000000000000e+03 4.151199999999999818e+03
3.007000000000000000e+03 4.219350000000000364e+03
2.807000000000000000e+03 4.250000000000000000e+03
2.927000000000000000e+03 4.250649999999999636e+03
3.047000000000000000e+03 4.267199999999999818e+03
2.695000000000000000e+03 4.291250000000000000e+03
2.967000000000000000e+03 4.363250000000000000e+03
2.943000000000000000e+03 4.416250000000000000e+03
3.015000000000000000e+03 4.459500000000000000e+03
2.431000000000000000e+03 4.460199999999999818e+03
2.823000000000000000e+03 4.470750000000000000e+03
2.559000000000000000e+03 4.481600000000000364e+03
2.647000000000000000e+03 4.517300000000000182e+03
2.511000000000000000e+03 4.520750000000000000e+03
2.567000000000000000e+03 4.561600000000000364e+03
2.783000000000000000e+03 4.573400000000000546e+03
2.919000000000000000e+03 4.601500000000000000e+03
2.535000000000000000e+03 4.610550000000000182e+03
3.055000000000000000e+03 4.671400000000000546e+03
3.095000000000000000e+03 4.675500000000000000e+03
2.895000000000000000e+03 4.679949999999999818e+03
2.543000000000000000e+03 4.693100000000000364e+03
2.471000000000000000e+03 4.693400000000000546e+03
2.615000000000000000e+03 4.721050000000000182e+03
2.639000000000000000e+03 4.732500000000000000e+03
3.191000000000000000e+03 4.737199999999999818e+03
3.111000000000000000e+03 4.739300000000000182e+03
2.511000000000000000e+03 4.748800000000000182e+03
2.823000000000000000e+03 4.760850000000000364e+03
3.183000000000000000e+03 4.762100000000000364e+03
3.087000000000000000e+03 4.764199999999999818e+03
2.735000000000000000e+03 4.770150000000000546e+03
2.751000000000000000e+03 4.785150000000000546e+03
2.903000000000000000e+03 4.790400000000000546e+03
2.679000000000000000e+03 4.794150000000000546e+03
2.863000000000000000e+03 4.800199999999999818e+03
2.639000000000000000e+03 4.826050000000000182e+03
2.647000000000000000e+03 4.844100000000000364e+03
3.103000000000000000e+03 4.963000000000000000e+03
3.191000000000000000e+03 4.967400000000000546e+03
2.455000000000000000e+03 4.968600000000000364e+03
3.079000000000000000e+03 4.977600000000000364e+03
2.527000000000000000e+03 4.985949999999999818e+03
3.055000000000000000e+03 4.987250000000000000e+03
2.863000000000000000e+03 4.996350000000000364e+03
3.015000000000000000e+03 5.022100000000000364e+03
2.559000000000000000e+03 5.027699999999999818e+03
2.463000000000000000e+03 5.031000000000000000e+03
2.775000000000000000e+03 5.074449999999999818e+03
2.959000000000000000e+03 5.080050000000000182e+03
3.111000000000000000e+03 5.082949999999999818e+03
2.455000000000000000e+03 5.084000000000000000e+03
2.879000000000000000e+03 5.084250000000000000e+03
2.631000000000000000e+03 5.101949999999999818e+03
3.135000000000000000e+03 5.104500000000000000e+03
2.783000000000000000e+03 5.106300000000000182e+03
3.175000000000000000e+03 5.145949999999999818e+03
2.631000000000000000e+03 5.155449999999999818e+03
2.671000000000000000e+03 5.163699999999999818e+03
2.839000000000000000e+03 5.173199999999999818e+03
2.495000000000000000e+03 5.183750000000000000e+03
2.679000000000000000e+03 5.190300000000000182e+03
2.951000000000000000e+03 5.335500000000000000e+03
2.559000000000000000e+03 5.343750000000000000e+03
2.599000000000000000e+03 5.422199999999999818e+03
2.423000000000000000e+03 5.474550000000000182e+03
2.855000000000000000e+03 5.475699999999999818e+03
3.063000000000000000e+03 5.586150000000000546e+03
2.799000000000000000e+03 5.609400000000000546e+03
2.567000000000000000e+03 5.685400000000000546e+03
3.159000000000000000e+03 5.802699999999999818e+03
3.143000000000000000e+03 5.805300000000000182e+03
2.799000000000000000e+03 5.821300000000000182e+03
2.807000000000000000e+03 5.828800000000000182e+03
2.439000000000000000e+03 5.894800000000000182e+03
2.599000000000000000e+03 5.913949999999999818e+03
2.767000000000000000e+03 5.972500000000000000e+03
2.967000000000000000e+03 5.989150000000000546e+03
