3.920000000000000000e+02 1.602000000000000171e+02
4.640000000000000000e+02 1.725000000000000000e+02
6.400000000000000000e+01 1.824500000000000171e+02
5.760000000000000000e+02 1.918000000000000114e+02
1.440000000000000000e+02 2.119000000000000057e+02
7.360000000000000000e+02 2.155500000000000114e+02
3.440000000000000000e+02 2.175500000000000114e+02
4.000000000000000000e+02 2.193000000000000114e+02
7.600000000000000000e+02 2.545999999999999943e+02
6.640000000000000000e+02 2.829499999999999886e+02
4.320000000000000000e+02 2.886000000000000227e+02
4.000000000000000000e+02 2.949000000000000341e+02
4.560000000000000000e+02 2.981500000000000341e+02
4.000000000000000000e+01 3.064000000000000341e+02
7.600000000000000000e+02 3.098000000000000114e+02
4.160000000000000000e+02 3.120500000000000114e+02
5.360000000000000000e+02 3.184000000000000341e+02
2.640000000000000000e+02 3.216999999999999886e+02
2.960000000000000000e+02 3.266999999999999886e+02
5.600000000000000000e+01 3.327500000000000000e+02
3.920000000000000000e+02 3.338000000000000114e+02
1.840000000000000000e+02 3.349000000000000341e+02
4.000000000000000000e+01 3.561999999999999886e+02
2.240000000000000000e+02 3.700000000000000000e+02
6.400000000000000000e+01 3.735000000000000000e+02
5.360000000000000000e+02 3.971000000000000227e+02
2.480000000000000000e+02 4.034499999999999886e+02
5.600000000000000000e+02 4.085000000000000000e+02
6.800000000000000000e+02 4.303500000000000227e+02
3.520000000000000000e+02 4.321500000000000341e+02
1.840000000000000000e+02 4.671500000000000341e+02
1.360000000000000000e+02 5.132500000000000000e+02
4.640000000000000000e+02 6.169500000000000455e+02
7.040000000000000000e+02 6.346000000000000227e+02
6.720000000000000000e+02 6.456499999999999773e+02
1.440000000000000000e+02 6.760500000000000682e+02
3.760000000000000000e+02 7.197500000000000000e+02
6.800000000000000000e+02 7.264500000000000455e+02
7.680000000000000000e+02 7.486499999999999773e+02
3.680000000000000000e+02 7.519500000000000455e+02
1.680000000000000000e+02 7.633500000000000227e+02
2.400000000000000000e+01 7.690500000000000682e+02
5.280000000000000000e+02 7.958500000000000227e+02
7.440000000000000000e+02 8.090000000000000000e+02
1.440000000000000000e+02 8.363999999999999773e+02
1.120000000000000000e+02 8.928999999999999773e+02
8.000000000000000000e+00 8.953999999999999773e+02
2.160000000000000000e+02 9.262500000000000000e+02
4.240000000000000000e+02 9.327000000000000455e+02
1.600000000000000000e+01 9.450500000000000682e+02
7.120000000000000000e+02 9.616499999999999773e+02
5.680000000000000000e+02 9.817500000000000000e+02
1.840000000000000000e+02 9.860500000000000682e+02
9.600000000000000000e+01 9.876499999999999773e+02
6.240000000000000000e+02 9.948500000000000227e+02
1.440000000000000000e+02 1.012450000000000045e+03
2.720000000000000000e+02 1.014000000000000000e+03
1.600000000000000000e+02 1.016050000000000068e+03
4.560000000000000000e+02 1.025400000000000091e+03
6.160000000000000000e+02 1.029750000000000000e+03
5.920000000000000000e+02 1.045900000000000091e+03
4.320000000000000000e+02 1.054650000000000091e+03
6.880000000000000000e+02 1.055799999999999955e+03
6.320000000000000000e+02 1.062799999999999955e+03
4.240000000000000000e+02 1.065500000000000000e+03
6.080000000000000000e+02 1.136500000000000000e+03
7.600000000000000000e+02 1.145700000000000045e+03
2.320000000000000000e+02 1.160400000000000091e+03
2.000000000000000000e+02 1.161799999999999955e+03
6.960000000000000000e+02 1.162100000000000136e+03
2.720000000000000000e+02 1.289950000000000045e+03
4.800000000000000000e+01 1.324799999999999955e+03
6.080000000000000000e+02 1.326150000000000091e+03
4.720000000000000000e+02 1.326400000000000091e+03
3.040000000000000000e+02 1.341200000000000045e+03
5.680000000000000000e+02 1.359750000000000000e+03
4.800000000000000000e+02 1.391750000000000000e+03
7.200000000000000000e+01 1.392200000000000045e+03
7.360000000000000000e+02 1.401900000000000091e+03
1.600000000000000000e+02 1.420650000000000091e+03
7.440000000000000000e+02 1.430150000000000091e+03
1.120000000000000000e+02 1.455150000000000091e+03
4.160000000000000000e+02 1.456049999999999955e+03
5.680000000000000000e+02 1.459950000000000045e+03
3.760000000000000000e+02 1.511900000000000091e+03
1.920000000000000000e+02 1.587700000000000045e+03
4.000000000000000000e+01 1.591950000000000045e+03
4.640000000000000000e+02 1.610799999999999955e+03
4.800000000000000000e+01 1.626400000000000091e+03
4.640000000000000000e+02 1.628900000000000091e+03
3.040000000000000000e+02 1.637250000000000000e+03
6.560000000000000000e+02 1.651299999999999955e+03
7.440000000000000000e+02 1.705850000000000136e+03
4.160000000000000000e+02 1.716950000000000045e+03
5.040000000000000000e+02 1.721500000000000000e+03
2.800000000000000000e+02 1.725500000000000000e+03
4.800000000000000000e+01 1.742100000000000136e+03
7.040000000000000000e+02 1.745900000000000091e+03
1.680000000000000000e+02 1.747500000000000000e+03
4.640000000000000000e+02 1.748600000000000136e+03
4.000000000000000000e+02 1.749650000000000091e+03
2.480000000000000000e+02 1.750049999999999955e+03
6.000000000000000000e+02 1.750150000000000091e+03
8.000000000000000000e+00 1.756750000000000000e+03
4.000000000000000000e+02 1.765900000000000091e+03
4.320000000000000000e+02 1.833200000000000045e+03
7.200000000000000000e+02 1.834049999999999955e+03
1.600000000000000000e+02 1.866000000000000000e+03
5.520000000000000000e+02 1.908500000000000000e+03
2.320000000000000000e+02 1.956450000000000045e+03
4.640000000000000000e+02 1.981549999999999955e+03
3.360000000000000000e+02 1.996299999999999955e+03
7.680000000000000000e+02 1.996850000000000136e+03
5.440000000000000000e+02 1.997600000000000136e+03
2.640000000000000000e+02 2.006549999999999955e+03
3.040000000000000000e+02 2.008450000000000045e+03
2.960000000000000000e+02 2.010100000000000136e+03
6.400000000000000000e+02 2.038200000000000045e+03
2.800000000000000000e+02 2.052150000000000091e+03
4.080000000000000000e+02 2.075300000000000182e+03
4.000000000000000000e+02 2.095449999999999818e+03
4.640000000000000000e+02 2.115050000000000182e+03
3.440000000000000000e+02 2.162800000000000182e+03
6.000000000000000000e+02 2.176500000000000000e+03
1.520000000000000000e+02 2.200150000000000091e+03
4.080000000000000000e+02 2.214400000000000091e+03
2.480000000000000000e+02 2.222500000000000000e+03
7.760000000000000000e+02 2.226650000000000091e+03
3.200000000000000000e+02 2.259099999999999909e+03
2.800000000000000000e+02 2.260050000000000182e+03
7.280000000000000000e+02 2.297700000000000273e+03
7.600000000000000000e+02 2.301099999999999909e+03
4.560000000000000000e+02 2.301150000000000091e+03
2.720000000000000000e+02 2.310500000000000000e+03
3.520000000000000000e+02 2.331700000000000273e+03
4.800000000000000000e+02 2.371150000000000091e+03
1.600000000000000000e+01 2.383250000000000000e+03
5.600000000000000000e+02 2.411200000000000273e+03
6.560000000000000000e+02 2.430300000000000182e+03
6.880000000000000000e+02 2.446349999999999909e+03
2.480000000000000000e+02 2.459550000000000182e+03
8.800000000000000000e+01 2.467900000000000091e+03
4.560000000000000000e+02 2.495000000000000000e+03
6.320000000000000000e+02 2.498599999999999909e+03
3.680000000000000000e+02 2.504349999999999909e+03
8.000000000000000000e+01 2.515800000000000182e+03
3.440000000000000000e+02 2.525150000000000091e+03
3.920000000000000000e+02 2.526349999999999909e+03
9.600000000000000000e+01 2.530950000000000273e+03
1.200000000000000000e+02 2.546950000000000273e+03
6.720000000000000000e+02 2.551150000000000091e+03
3.200000000000000000e+01 2.560500000000000000e+03
3.840000000000000000e+02 2.562950000000000273e+03
4.240000000000000000e+02 2.567099999999999909e+03
6.240000000000000000e+02 2.592349999999999909e+03
4.320000000000000000e+02 2.603700000000000273e+03
1.920000000000000000e+02 2.666300000000000182e+03
5.040000000000000000e+02 2.726150000000000091e+03
3.040000000000000000e+02 2.732450000000000273e+03
5.760000000000000000e+02 2.734349999999999909e+03
7.040000000000000000e+02 2.757900000000000091e+03
4.080000000000000000e+02 2.767000000000000000e+03
4.320000000000000000e+02 2.772349999999999909e+03
6.400000000000000000e+02 2.776650000000000091e+03
8.000000000000000000e+01 2.785300000000000182e+03
6.720000000000000000e+02 2.790300000000000182e+03
1.040000000000000000e+02 2.796950000000000273e+03
1.520000000000000000e+02 2.813550000000000182e+03
3.520000000000000000e+02 2.831300000000000182e+03
1.600000000000000000e+02 2.834849999999999909e+03
1.440000000000000000e+02 2.875750000000000000e+03
4.800000000000000000e+01 2.888550000000000182e+03
1.360000000000000000e+02 2.906050000000000182e+03
6.000000000000000000e+02 2.914700000000000273e+03
3.280000000000000000e+02 2.921400000000000091e+03
2.320000000000000000e+02 2.928650000000000091e+03
7.760000000000000000e+02 2.942800000000000182e+03
3.840000000000000000e+02 2.972000000000000000e+03
2.640000000000000000e+02 2.989000000000000000e+03
2.080000000000000000e+02 2.992250000000000000e+03
2.000000000000000000e+02 3.003650000000000091e+03
1.440000000000000000e+02 3.005200000000000273e+03
5.680000000000000000e+02 3.005200000000000273e+03
3.520000000000000000e+02 3.006099999999999909e+03
3.600000000000000000e+02 3.006700000000000273e+03
2.320000000000000000e+02 3.007400000000000091e+03
2.160000000000000000e+02 3.007450000000000273e+03
5.280000000000000000e+02 3.007650000000000091e+03
4.080000000000000000e+02 3.008050000000000182e+03
7.600000000000000000e+02 3.008550000000000182e+03
7.120000000000000000e+02 3.009200000000000273e+03
6.160000000000000000e+02 3.009400000000000091e+03
1.600000000000000000e+02 3.009750000000000000e+03
3.200000000000000000e+02 3.010000000000000000e+03
5.040000000000000000e+02 3.009950000000000273e+03
7.920000000000000000e+02 3.009950000000000273e+03
3.760000000000000000e+02 3.010150000000000091e+03
6.560000000000000000e+02 3.010150000000000091e+03
7.440000000000000000e+02 3.010349999999999909e+03
7.360000000000000000e+02 3.010550000000000182e+03
3.200000000000000000e+01 3.010800000000000182e+03
6.400000000000000000e+01 3.010800000000000182e+03
3.360000000000000000e+02 3.010849999999999909e+03
7.760000000000000000e+02 3.010950000000000273e+03
7.840000000000000000e+02 3.011000000000000000e+03
8.000000000000000000e+01 3.011450000000000273e+03
4.960000000000000000e+02 3.011800000000000182e+03
5.520000000000000000e+02 3.011750000000000000e+03
4.000000000000000000e+01 3.012000000000000000e+03
3.280000000000000000e+02 3.012400000000000091e+03
6.240000000000000000e+02 3.013349999999999909e+03
2.000000000000000000e+02 3.013900000000000091e+03
6.400000000000000000e+02 3.013950000000000273e+03
1.120000000000000000e+02 3.014300000000000182e+03
3.680000000000000000e+02 3.014250000000000000e+03
5.600000000000000000e+02 3.014450000000000273e+03
6.720000000000000000e+02 3.014450000000000273e+03
4.800000000000000000e+02 3.015300000000000182e+03
4.880000000000000000e+02 3.015500000000000000e+03
1.920000000000000000e+02 3.015800000000000182e+03
5.280000000000000000e+02 3.015950000000000273e+03
5.680000000000000000e+02 3.016000000000000000e+03
7.520000000000000000e+02 3.016050000000000182e+03
3.840000000000000000e+02 3.016250000000000000e+03
8.800000000000000000e+01 3.016500000000000000e+03
2.800000000000000000e+02 3.016500000000000000e+03
6.560000000000000000e+02 3.016450000000000273e+03
1.520000000000000000e+02 3.016900000000000091e+03
2.720000000000000000e+02 3.017099999999999909e+03
6.800000000000000000e+02 3.017150000000000091e+03
4.080000000000000000e+02 3.017300000000000182e+03
2.480000000000000000e+02 3.017400000000000091e+03
2.880000000000000000e+02 3.017400000000000091e+03
3.200000000000000000e+01 3.017450000000000273e+03
5.600000000000000000e+01 3.017550000000000182e+03
1.600000000000000000e+01 3.017650000000000091e+03
3.120000000000000000e+02 3.017800000000000182e+03
5.120000000000000000e+02 3.017800000000000182e+03
6.880000000000000000e+02 3.017900000000000091e+03
7.040000000000000000e+02 3.017900000000000091e+03
2.560000000000000000e+02 3.018000000000000000e+03
4.240000000000000000e+02 3.017950000000000273e+03
6.320000000000000000e+02 3.017950000000000273e+03
7.680000000000000000e+02 3.017950000000000273e+03
3.280000000000000000e+02 3.018099999999999909e+03
9.600000000000000000e+01 3.018250000000000000e+03
8.000000000000000000e+01 3.018400000000000091e+03
2.320000000000000000e+02 3.018349999999999909e+03
6.640000000000000000e+02 3.018550000000000182e+03
2.080000000000000000e+02 3.018750000000000000e+03
1.200000000000000000e+02 3.019000000000000000e+03
6.080000000000000000e+02 3.019099999999999909e+03
1.600000000000000000e+02 3.019599999999999909e+03
1.840000000000000000e+02 3.019700000000000273e+03
4.400000000000000000e+02 3.019700000000000273e+03
3.040000000000000000e+02 3.019950000000000273e+03
4.720000000000000000e+02 3.023700000000000273e+03
5.440000000000000000e+02 3.024150000000000091e+03
6.800000000000000000e+02 3.024900000000000091e+03
7.920000000000000000e+02 3.025000000000000000e+03
4.480000000000000000e+02 3.025300000000000182e+03
1.920000000000000000e+02 3.025450000000000273e+03
7.440000000000000000e+02 3.025700000000000273e+03
7.360000000000000000e+02 3.025750000000000000e+03
2.160000000000000000e+02 3.025900000000000091e+03
2.080000000000000000e+02 3.026700000000000273e+03
8.800000000000000000e+01 3.026849999999999909e+03
7.280000000000000000e+02 3.027000000000000000e+03
3.920000000000000000e+02 3.027099999999999909e+03
1.440000000000000000e+02 3.027150000000000091e+03
2.240000000000000000e+02 3.027200000000000273e+03
6.000000000000000000e+02 3.027300000000000182e+03
4.800000000000000000e+01 3.027349999999999909e+03
5.840000000000000000e+02 3.027650000000000091e+03
4.320000000000000000e+02 3.027800000000000182e+03
7.040000000000000000e+02 3.027800000000000182e+03
5.120000000000000000e+02 3.027849999999999909e+03
1.600000000000000000e+02 3.028050000000000182e+03
1.760000000000000000e+02 3.028050000000000182e+03
4.560000000000000000e+02 3.028200000000000273e+03
5.280000000000000000e+02 3.028400000000000091e+03
3.600000000000000000e+02 3.028550000000000182e+03
8.000000000000000000e+00 3.028700000000000273e+03
2.320000000000000000e+02 3.028700000000000273e+03
3.200000000000000000e+02 3.028650000000000091e+03
7.200000000000000000e+01 3.029150000000000091e+03
2.880000000000000000e+02 3.029500000000000000e+03
3.520000000000000000e+02 3.029599999999999909e+03
5.360000000000000000e+02 3.032800000000000182e+03
7.120000000000000000e+02 3.034300000000000182e+03
6.640000000000000000e+02 3.034500000000000000e+03
4.880000000000000000e+02 3.035750000000000000e+03
5.600000000000000000e+02 3.036150000000000091e+03
6.880000000000000000e+02 3.036900000000000091e+03
1.680000000000000000e+02 3.037300000000000182e+03
4.000000000000000000e+02 3.037950000000000273e+03
7.200000000000000000e+01 3.038050000000000182e+03
7.680000000000000000e+02 3.038050000000000182e+03
3.440000000000000000e+02 3.038349999999999909e+03
5.440000000000000000e+02 3.038349999999999909e+03
5.760000000000000000e+02 3.038500000000000000e+03
1.600000000000000000e+01 3.038550000000000182e+03
9.600000000000000000e+01 3.038550000000000182e+03
2.720000000000000000e+02 3.038550000000000182e+03
4.640000000000000000e+02 3.038599999999999909e+03
5.040000000000000000e+02 3.038550000000000182e+03
1.520000000000000000e+02 3.038700000000000273e+03
6.160000000000000000e+02 3.038700000000000273e+03
6.960000000000000000e+02 3.038700000000000273e+03
7.600000000000000000e+02 3.038700000000000273e+03
5.360000000000000000e+02 3.038750000000000000e+03
6.320000000000000000e+02 3.038849999999999909e+03
5.840000000000000000e+02 3.039099999999999909e+03
3.120000000000000000e+02 3.039400000000000091e+03
4.800000000000000000e+02 3.039550000000000182e+03
7.840000000000000000e+02 3.040550000000000182e+03
8.000000000000000000e+02 3.045200000000000273e+03
5.680000000000000000e+02 3.045900000000000091e+03
4.480000000000000000e+02 3.046800000000000182e+03
4.080000000000000000e+02 3.047550000000000182e+03
3.040000000000000000e+02 3.048800000000000182e+03
5.200000000000000000e+02 3.048800000000000182e+03
1.280000000000000000e+02 3.049050000000000182e+03
7.120000000000000000e+02 3.049050000000000182e+03
1.360000000000000000e+02 3.049250000000000000e+03
3.200000000000000000e+01 3.049900000000000091e+03
6.320000000000000000e+02 3.049900000000000091e+03
6.400000000000000000e+02 3.049849999999999909e+03
2.320000000000000000e+02 3.050099999999999909e+03
5.280000000000000000e+02 3.050349999999999909e+03
1.200000000000000000e+02 3.050450000000000273e+03
5.920000000000000000e+02 3.050800000000000182e+03
4.160000000000000000e+02 3.050849999999999909e+03
2.000000000000000000e+02 3.056950000000000273e+03
9.600000000000000000e+01 3.057599999999999909e+03
4.960000000000000000e+02 3.057550000000000182e+03
7.360000000000000000e+02 3.057750000000000000e+03
6.800000000000000000e+02 3.057849999999999909e+03
2.400000000000000000e+02 3.058000000000000000e+03
8.800000000000000000e+01 3.058099999999999909e+03
4.400000000000000000e+02 3.058300000000000182e+03
1.600000000000000000e+01 3.058400000000000091e+03
1.120000000000000000e+02 3.058849999999999909e+03
2.320000000000000000e+02 3.059650000000000091e+03
4.000000000000000000e+01 3.060700000000000273e+03
1.840000000000000000e+02 3.060750000000000000e+03
7.520000000000000000e+02 3.060950000000000273e+03
6.400000000000000000e+01 3.064450000000000273e+03
6.000000000000000000e+02 3.065250000000000000e+03
2.640000000000000000e+02 3.065550000000000182e+03
5.840000000000000000e+02 3.065550000000000182e+03
1.600000000000000000e+02 3.065750000000000000e+03
3.440000000000000000e+02 3.065800000000000182e+03
1.520000000000000000e+02 3.065900000000000091e+03
7.200000000000000000e+02 3.065849999999999909e+03
5.600000000000000000e+01 3.066000000000000000e+03
5.360000000000000000e+02 3.066450000000000273e+03
3.280000000000000000e+02 3.067099999999999909e+03
3.760000000000000000e+02 3.067050000000000182e+03
6.080000000000000000e+02 3.067200000000000273e+03
3.600000000000000000e+02 3.067950000000000273e+03
4.640000000000000000e+02 3.068200000000000273e+03
1.040000000000000000e+02 3.068250000000000000e+03
6.240000000000000000e+02 3.068800000000000182e+03
5.760000000000000000e+02 3.068900000000000091e+03
7.680000000000000000e+02 3.069150000000000091e+03
4.800000000000000000e+01 3.069349999999999909e+03
5.600000000000000000e+02 3.069400000000000091e+03
3.120000000000000000e+02 3.069700000000000273e+03
4.800000000000000000e+02 3.069950000000000273e+03
8.000000000000000000e+00 3.070599999999999909e+03
1.360000000000000000e+02 3.071950000000000273e+03
2.800000000000000000e+02 3.072849999999999909e+03
3.920000000000000000e+02 3.073250000000000000e+03
1.600000000000000000e+02 3.074349999999999909e+03
4.560000000000000000e+02 3.075400000000000091e+03
6.640000000000000000e+02 3.075450000000000273e+03
6.720000000000000000e+02 3.076349999999999909e+03
4.880000000000000000e+02 3.076599999999999909e+03
4.720000000000000000e+02 3.077500000000000000e+03
2.160000000000000000e+02 3.077900000000000091e+03
2.560000000000000000e+02 3.077849999999999909e+03
8.800000000000000000e+01 3.078550000000000182e+03
5.520000000000000000e+02 3.081650000000000091e+03
7.520000000000000000e+02 3.083599999999999909e+03
3.360000000000000000e+02 3.083650000000000091e+03
5.840000000000000000e+02 3.084200000000000273e+03
6.400000000000000000e+01 3.084550000000000182e+03
6.960000000000000000e+02 3.084550000000000182e+03
4.400000000000000000e+02 3.085599999999999909e+03
6.240000000000000000e+02 3.085900000000000091e+03
7.680000000000000000e+02 3.086099999999999909e+03
5.280000000000000000e+02 3.086400000000000091e+03
4.000000000000000000e+01 3.086500000000000000e+03
4.160000000000000000e+02 3.087349999999999909e+03
1.840000000000000000e+02 3.091550000000000182e+03
1.760000000000000000e+02 3.092550000000000182e+03
5.040000000000000000e+02 3.092849999999999909e+03
1.200000000000000000e+02 3.093050000000000182e+03
5.840000000000000000e+02 3.093650000000000091e+03
5.120000000000000000e+02 3.094150000000000091e+03
7.200000000000000000e+01 3.094250000000000000e+03
2.640000000000000000e+02 3.094300000000000182e+03
6.800000000000000000e+02 3.094300000000000182e+03
7.280000000000000000e+02 3.094400000000000091e+03
4.400000000000000000e+02 3.095150000000000091e+03
2.240000000000000000e+02 3.099500000000000000e+03
4.560000000000000000e+02 3.099599999999999909e+03
1.600000000000000000e+02 3.099700000000000273e+03
2.800000000000000000e+02 3.099750000000000000e+03
1.920000000000000000e+02 3.100300000000000182e+03
3.840000000000000000e+02 3.100450000000000273e+03
7.520000000000000000e+02 3.100700000000000273e+03
9.600000000000000000e+01 3.100800000000000182e+03
4.720000000000000000e+02 3.101349999999999909e+03
2.400000000000000000e+02 3.102950000000000273e+03
6.960000000000000000e+02 3.102950000000000273e+03
6.160000000000000000e+02 3.103150000000000091e+03
4.000000000000000000e+02 3.103250000000000000e+03
5.520000000000000000e+02 3.103500000000000000e+03
7.200000000000000000e+02 3.103450000000000273e+03
1.360000000000000000e+02 3.103599999999999909e+03
1.520000000000000000e+02 3.106700000000000273e+03
7.040000000000000000e+02 3.108000000000000000e+03
4.080000000000000000e+02 3.108500000000000000e+03
3.920000000000000000e+02 3.108900000000000091e+03
3.040000000000000000e+02 3.109400000000000091e+03
4.800000000000000000e+01 3.109450000000000273e+03
2.000000000000000000e+02 3.110000000000000000e+03
5.040000000000000000e+02 3.110050000000000182e+03
7.360000000000000000e+02 3.110250000000000000e+03
1.680000000000000000e+02 3.110349999999999909e+03
5.600000000000000000e+01 3.110500000000000000e+03
3.360000000000000000e+02 3.110500000000000000e+03
6.240000000000000000e+02 3.111000000000000000e+03
4.160000000000000000e+02 3.111050000000000182e+03
7.440000000000000000e+02 3.111050000000000182e+03
4.480000000000000000e+02 3.111250000000000000e+03
6.400000000000000000e+02 3.111300000000000182e+03
4.000000000000000000e+02 3.111500000000000000e+03
5.600000000000000000e+02 3.111450000000000273e+03
6.480000000000000000e+02 3.111500000000000000e+03
7.760000000000000000e+02 3.111450000000000273e+03
1.600000000000000000e+01 3.111550000000000182e+03
4.640000000000000000e+02 3.111650000000000091e+03
4.880000000000000000e+02 3.111750000000000000e+03
3.200000000000000000e+01 3.112099999999999909e+03
5.760000000000000000e+02 3.112200000000000273e+03
6.880000000000000000e+02 3.118000000000000000e+03
2.400000000000000000e+02 3.119599999999999909e+03
1.120000000000000000e+02 3.120200000000000273e+03
6.080000000000000000e+02 3.120300000000000182e+03
4.320000000000000000e+02 3.120650000000000091e+03
6.560000000000000000e+02 3.120700000000000273e+03
3.520000000000000000e+02 3.120800000000000182e+03
8.000000000000000000e+02 3.120800000000000182e+03
3.200000000000000000e+02 3.121000000000000000e+03
8.000000000000000000e+01 3.121700000000000273e+03
1.520000000000000000e+02 3.121849999999999909e+03
7.200000000000000000e+01 3.122000000000000000e+03
2.960000000000000000e+02 3.122099999999999909e+03
1.920000000000000000e+02 3.125650000000000091e+03
6.160000000000000000e+02 3.126700000000000273e+03
4.400000000000000000e+02 3.126800000000000182e+03
5.680000000000000000e+02 3.127300000000000182e+03
4.800000000000000000e+01 3.127599999999999909e+03
9.600000000000000000e+01 3.127599999999999909e+03
3.840000000000000000e+02 3.127849999999999909e+03
6.800000000000000000e+02 3.128150000000000091e+03
2.480000000000000000e+02 3.128900000000000091e+03
4.480000000000000000e+02 3.129650000000000091e+03
2.080000000000000000e+02 3.129750000000000000e+03
1.600000000000000000e+02 3.130400000000000091e+03
7.520000000000000000e+02 3.130550000000000182e+03
3.200000000000000000e+01 3.131900000000000091e+03
5.840000000000000000e+02 3.132200000000000273e+03
5.520000000000000000e+02 3.132400000000000091e+03
2.560000000000000000e+02 3.136300000000000182e+03
7.920000000000000000e+02 3.136700000000000273e+03
1.680000000000000000e+02 3.136950000000000273e+03
6.320000000000000000e+02 3.137000000000000000e+03
4.320000000000000000e+02 3.137550000000000182e+03
7.440000000000000000e+02 3.137550000000000182e+03
2.800000000000000000e+02 3.138000000000000000e+03
3.440000000000000000e+02 3.138050000000000182e+03
8.000000000000000000e+02 3.138200000000000273e+03
2.400000000000000000e+02 3.138300000000000182e+03
6.800000000000000000e+02 3.138950000000000273e+03
5.520000000000000000e+02 3.140099999999999909e+03
4.960000000000000000e+02 3.144750000000000000e+03
3.200000000000000000e+02 3.144950000000000273e+03
4.800000000000000000e+02 3.145950000000000273e+03
1.120000000000000000e+02 3.146550000000000182e+03
6.880000000000000000e+02 3.148349999999999909e+03
4.000000000000000000e+02 3.149349999999999909e+03
5.120000000000000000e+02 3.150400000000000091e+03
4.240000000000000000e+02 3.150700000000000273e+03
7.360000000000000000e+02 3.150800000000000182e+03
2.000000000000000000e+02 3.150849999999999909e+03
5.920000000000000000e+02 3.152200000000000273e+03
2.800000000000000000e+02 3.152250000000000000e+03
2.080000000000000000e+02 3.152349999999999909e+03
2.400000000000000000e+02 3.152550000000000182e+03
6.480000000000000000e+02 3.153800000000000182e+03
6.560000000000000000e+02 3.153849999999999909e+03
1.200000000000000000e+02 3.154200000000000273e+03
3.040000000000000000e+02 3.154500000000000000e+03
3.680000000000000000e+02 3.155500000000000000e+03
2.480000000000000000e+02 3.155950000000000273e+03
2.560000000000000000e+02 3.156000000000000000e+03
8.800000000000000000e+01 3.157050000000000182e+03
7.120000000000000000e+02 3.157650000000000091e+03
2.160000000000000000e+02 3.159050000000000182e+03
2.400000000000000000e+01 3.159599999999999909e+03
1.120000000000000000e+02 3.160200000000000273e+03
2.720000000000000000e+02 3.162300000000000182e+03
1.200000000000000000e+02 3.162349999999999909e+03
4.960000000000000000e+02 3.162550000000000182e+03
2.640000000000000000e+02 3.164950000000000273e+03
3.520000000000000000e+02 3.165599999999999909e+03
3.200000000000000000e+01 3.165700000000000273e+03
7.280000000000000000e+02 3.167450000000000273e+03
4.880000000000000000e+02 3.167550000000000182e+03
6.800000000000000000e+02 3.168300000000000182e+03
4.560000000000000000e+02 3.169250000000000000e+03
3.440000000000000000e+02 3.170950000000000273e+03
6.960000000000000000e+02 3.171599999999999909e+03
4.320000000000000000e+02 3.172700000000000273e+03
6.080000000000000000e+02 3.173200000000000273e+03
1.680000000000000000e+02 3.173250000000000000e+03
3.120000000000000000e+02 3.174000000000000000e+03
9.600000000000000000e+01 3.174500000000000000e+03
7.520000000000000000e+02 3.174650000000000091e+03
6.560000000000000000e+02 3.176050000000000182e+03
2.880000000000000000e+02 3.176700000000000273e+03
7.920000000000000000e+02 3.177200000000000273e+03
1.840000000000000000e+02 3.178300000000000182e+03
4.640000000000000000e+02 3.180900000000000091e+03
5.200000000000000000e+02 3.180849999999999909e+03
6.880000000000000000e+02 3.182099999999999909e+03
4.800000000000000000e+02 3.182300000000000182e+03
7.200000000000000000e+01 3.182849999999999909e+03
5.440000000000000000e+02 3.183300000000000182e+03
4.080000000000000000e+02 3.183550000000000182e+03
2.320000000000000000e+02 3.184099999999999909e+03
2.160000000000000000e+02 3.184400000000000091e+03
3.120000000000000000e+02 3.184500000000000000e+03
3.200000000000000000e+02 3.184849999999999909e+03
2.800000000000000000e+02 3.185000000000000000e+03
7.040000000000000000e+02 3.185450000000000273e+03
2.880000000000000000e+02 3.186000000000000000e+03
1.920000000000000000e+02 3.186150000000000091e+03
5.280000000000000000e+02 3.186900000000000091e+03
4.000000000000000000e+02 3.187150000000000091e+03
3.840000000000000000e+02 3.189650000000000091e+03
8.000000000000000000e+02 3.191800000000000182e+03
7.440000000000000000e+02 3.192849999999999909e+03
6.240000000000000000e+02 3.194599999999999909e+03
3.200000000000000000e+01 3.194950000000000273e+03
3.200000000000000000e+02 3.195700000000000273e+03
1.360000000000000000e+02 3.195750000000000000e+03
3.760000000000000000e+02 3.196050000000000182e+03
6.720000000000000000e+02 3.196250000000000000e+03
2.400000000000000000e+01 3.197700000000000273e+03
5.600000000000000000e+01 3.199050000000000182e+03
4.080000000000000000e+02 3.199349999999999909e+03
5.040000000000000000e+02 3.199849999999999909e+03
6.400000000000000000e+01 3.200250000000000000e+03
4.400000000000000000e+02 3.200349999999999909e+03
3.440000000000000000e+02 3.201099999999999909e+03
5.600000000000000000e+02 3.201300000000000182e+03
1.760000000000000000e+02 3.201349999999999909e+03
1.840000000000000000e+02 3.201900000000000091e+03
2.080000000000000000e+02 3.202599999999999909e+03
7.360000000000000000e+02 3.202650000000000091e+03
3.040000000000000000e+02 3.204250000000000000e+03
3.280000000000000000e+02 3.204950000000000273e+03
5.440000000000000000e+02 3.205050000000000182e+03
2.160000000000000000e+02 3.206700000000000273e+03
4.000000000000000000e+01 3.207599999999999909e+03
1.600000000000000000e+01 3.208800000000000182e+03
4.800000000000000000e+02 3.209050000000000182e+03
5.680000000000000000e+02 3.209550000000000182e+03
3.520000000000000000e+02 3.210599999999999909e+03
7.120000000000000000e+02 3.210750000000000000e+03
1.520000000000000000e+02 3.211150000000000091e+03
1.120000000000000000e+02 3.212599999999999909e+03
7.760000000000000000e+02 3.212750000000000000e+03
5.440000000000000000e+02 3.214200000000000273e+03
7.680000000000000000e+02 3.215200000000000273e+03
4.160000000000000000e+02 3.216550000000000182e+03
3.280000000000000000e+02 3.217300000000000182e+03
1.040000000000000000e+02 3.217650000000000091e+03
5.280000000000000000e+02 3.218800000000000182e+03
3.040000000000000000e+02 3.219750000000000000e+03
1.440000000000000000e+02 3.219849999999999909e+03
1.680000000000000000e+02 3.220050000000000182e+03
6.320000000000000000e+02 3.220200000000000273e+03
3.600000000000000000e+02 3.220500000000000000e+03
1.840000000000000000e+02 3.220599999999999909e+03
6.080000000000000000e+02 3.220550000000000182e+03
7.280000000000000000e+02 3.220550000000000182e+03
2.800000000000000000e+02 3.221150000000000091e+03
9.600000000000000000e+01 3.221349999999999909e+03
5.520000000000000000e+02 3.223550000000000182e+03
4.960000000000000000e+02 3.224000000000000000e+03
7.200000000000000000e+02 3.224550000000000182e+03
2.560000000000000000e+02 3.225050000000000182e+03
2.000000000000000000e+02 3.225300000000000182e+03
1.600000000000000000e+02 3.225550000000000182e+03
6.640000000000000000e+02 3.225849999999999909e+03
6.720000000000000000e+02 3.226349999999999909e+03
2.640000000000000000e+02 3.227300000000000182e+03
1.280000000000000000e+02 3.228349999999999909e+03
2.240000000000000000e+02 3.228849999999999909e+03
4.400000000000000000e+02 3.230099999999999909e+03
1.760000000000000000e+02 3.230500000000000000e+03
2.480000000000000000e+02 3.231300000000000182e+03
6.000000000000000000e+02 3.231450000000000273e+03
5.040000000000000000e+02 3.231950000000000273e+03
5.760000000000000000e+02 3.232050000000000182e+03
7.680000000000000000e+02 3.232050000000000182e+03
6.880000000000000000e+02 3.232300000000000182e+03
4.560000000000000000e+02 3.232800000000000182e+03
2.800000000000000000e+02 3.233349999999999909e+03
3.200000000000000000e+01 3.238450000000000273e+03
3.120000000000000000e+02 3.238849999999999909e+03
3.440000000000000000e+02 3.239650000000000091e+03
8.800000000000000000e+01 3.240150000000000091e+03
6.800000000000000000e+02 3.240550000000000182e+03
5.600000000000000000e+01 3.240700000000000273e+03
2.640000000000000000e+02 3.240650000000000091e+03
3.680000000000000000e+02 3.240700000000000273e+03
4.880000000000000000e+02 3.240700000000000273e+03
6.640000000000000000e+02 3.240849999999999909e+03
3.760000000000000000e+02 3.241000000000000000e+03
4.720000000000000000e+02 3.241000000000000000e+03
3.920000000000000000e+02 3.241050000000000182e+03
2.400000000000000000e+01 3.241150000000000091e+03
7.840000000000000000e+02 3.241300000000000182e+03
8.000000000000000000e+00 3.241550000000000182e+03
2.800000000000000000e+02 3.241550000000000182e+03
5.920000000000000000e+02 3.241650000000000091e+03
1.360000000000000000e+02 3.241800000000000182e+03
7.520000000000000000e+02 3.241849999999999909e+03
2.080000000000000000e+02 3.242250000000000000e+03
2.400000000000000000e+02 3.246200000000000273e+03
4.240000000000000000e+02 3.247349999999999909e+03
4.000000000000000000e+01 3.249300000000000182e+03
1.600000000000000000e+01 3.249400000000000091e+03
6.640000000000000000e+02 3.250099999999999909e+03
1.440000000000000000e+02 3.250599999999999909e+03
1.840000000000000000e+02 3.251150000000000091e+03
1.040000000000000000e+02 3.251250000000000000e+03
7.440000000000000000e+02 3.251550000000000182e+03
4.320000000000000000e+02 3.252050000000000182e+03
4.400000000000000000e+02 3.255700000000000273e+03
8.800000000000000000e+01 3.255849999999999909e+03
1.520000000000000000e+02 3.258450000000000273e+03
5.440000000000000000e+02 3.258450000000000273e+03
1.440000000000000000e+02 3.258550000000000182e+03
5.120000000000000000e+02 3.259349999999999909e+03
7.120000000000000000e+02 3.260900000000000091e+03
1.760000000000000000e+02 3.261099999999999909e+03
7.200000000000000000e+01 3.261150000000000091e+03
3.920000000000000000e+02 3.261450000000000273e+03
6.080000000000000000e+02 3.262099999999999909e+03
1.200000000000000000e+02 3.262300000000000182e+03
5.280000000000000000e+02 3.262650000000000091e+03
1.280000000000000000e+02 3.265900000000000091e+03
4.560000000000000000e+02 3.267300000000000182e+03
5.040000000000000000e+02 3.267349999999999909e+03
5.600000000000000000e+02 3.268300000000000182e+03
6.800000000000000000e+02 3.268700000000000273e+03
6.160000000000000000e+02 3.268800000000000182e+03
1.440000000000000000e+02 3.268950000000000273e+03
5.760000000000000000e+02 3.268950000000000273e+03
3.200000000000000000e+01 3.269599999999999909e+03
2.560000000000000000e+02 3.269900000000000091e+03
8.800000000000000000e+01 3.270150000000000091e+03
3.440000000000000000e+02 3.270599999999999909e+03
3.120000000000000000e+02 3.270950000000000273e+03
5.680000000000000000e+02 3.271400000000000091e+03
2.080000000000000000e+02 3.275950000000000273e+03
7.920000000000000000e+02 3.276550000000000182e+03
7.200000000000000000e+02 3.277200000000000273e+03
6.240000000000000000e+02 3.277550000000000182e+03
8.000000000000000000e+01 3.277650000000000091e+03
6.880000000000000000e+02 3.278150000000000091e+03
1.360000000000000000e+02 3.278250000000000000e+03
8.000000000000000000e+02 3.278450000000000273e+03
4.240000000000000000e+02 3.278849999999999909e+03
1.760000000000000000e+02 3.279050000000000182e+03
4.160000000000000000e+02 3.279099999999999909e+03
4.480000000000000000e+02 3.279050000000000182e+03
3.920000000000000000e+02 3.279200000000000273e+03
7.520000000000000000e+02 3.279250000000000000e+03
2.160000000000000000e+02 3.279500000000000000e+03
1.600000000000000000e+01 3.279599999999999909e+03
1.680000000000000000e+02 3.279800000000000182e+03
5.360000000000000000e+02 3.280450000000000273e+03
2.560000000000000000e+02 3.285700000000000273e+03
6.400000000000000000e+02 3.286400000000000091e+03
7.280000000000000000e+02 3.286400000000000091e+03
4.800000000000000000e+01 3.286599999999999909e+03
1.920000000000000000e+02 3.288750000000000000e+03
2.400000000000000000e+02 3.288800000000000182e+03
3.200000000000000000e+01 3.291849999999999909e+03
4.720000000000000000e+02 3.292150000000000091e+03
2.000000000000000000e+02 3.294550000000000182e+03
3.920000000000000000e+02 3.294750000000000000e+03
1.600000000000000000e+01 3.295099999999999909e+03
5.200000000000000000e+02 3.295150000000000091e+03
2.960000000000000000e+02 3.296000000000000000e+03
2.720000000000000000e+02 3.296050000000000182e+03
3.040000000000000000e+02 3.296099999999999909e+03
1.520000000000000000e+02 3.296150000000000091e+03
2.640000000000000000e+02 3.296500000000000000e+03
8.000000000000000000e+02 3.296500000000000000e+03
2.560000000000000000e+02 3.296650000000000091e+03
7.680000000000000000e+02 3.296700000000000273e+03
3.120000000000000000e+02 3.296849999999999909e+03
6.000000000000000000e+02 3.296900000000000091e+03
6.640000000000000000e+02 3.297000000000000000e+03
7.920000000000000000e+02 3.297000000000000000e+03
4.880000000000000000e+02 3.298000000000000000e+03
3.200000000000000000e+02 3.302150000000000091e+03
1.680000000000000000e+02 3.303750000000000000e+03
7.040000000000000000e+02 3.304200000000000273e+03
2.800000000000000000e+02 3.304500000000000000e+03
5.520000000000000000e+02 3.304800000000000182e+03
6.240000000000000000e+02 3.304900000000000091e+03
4.720000000000000000e+02 3.305300000000000182e+03
6.960000000000000000e+02 3.305250000000000000e+03
6.160000000000000000e+02 3.305400000000000091e+03
3.120000000000000000e+02 3.307500000000000000e+03
4.160000000000000000e+02 3.308300000000000182e+03
4.400000000000000000e+02 3.308450000000000273e+03
4.800000000000000000e+02 3.310950000000000273e+03
5.120000000000000000e+02 3.310950000000000273e+03
7.280000000000000000e+02 3.311950000000000273e+03
8.000000000000000000e+01 3.312599999999999909e+03
7.920000000000000000e+02 3.312599999999999909e+03
2.400000000000000000e+01 3.313599999999999909e+03
5.760000000000000000e+02 3.314300000000000182e+03
4.000000000000000000e+02 3.314849999999999909e+03
4.560000000000000000e+02 3.314950000000000273e+03
7.040000000000000000e+02 3.315099999999999909e+03
6.640000000000000000e+02 3.315400000000000091e+03
3.680000000000000000e+02 3.316400000000000091e+03
2.640000000000000000e+02 3.316550000000000182e+03
8.800000000000000000e+01 3.316849999999999909e+03
4.160000000000000000e+02 3.318599999999999909e+03
6.720000000000000000e+02 3.319400000000000091e+03
7.200000000000000000e+01 3.320150000000000091e+03
7.760000000000000000e+02 3.320150000000000091e+03
1.680000000000000000e+02 3.320550000000000182e+03
4.880000000000000000e+02 3.320900000000000091e+03
6.400000000000000000e+02 3.320849999999999909e+03
7.280000000000000000e+02 3.320950000000000273e+03
4.720000000000000000e+02 3.321099999999999909e+03
4.480000000000000000e+02 3.325050000000000182e+03
2.960000000000000000e+02 3.325300000000000182e+03
1.520000000000000000e+02 3.325450000000000273e+03
2.720000000000000000e+02 3.327200000000000273e+03
6.480000000000000000e+02 3.327150000000000091e+03
7.680000000000000000e+02 3.327550000000000182e+03
5.200000000000000000e+02 3.328349999999999909e+03
3.840000000000000000e+02 3.329750000000000000e+03
4.080000000000000000e+02 3.330050000000000182e+03
9.600000000000000000e+01 3.330500000000000000e+03
7.520000000000000000e+02 3.330450000000000273e+03
6.400000000000000000e+01 3.331900000000000091e+03
4.800000000000000000e+02 3.332000000000000000e+03
3.040000000000000000e+02 3.333050000000000182e+03
5.760000000000000000e+02 3.333300000000000182e+03
4.640000000000000000e+02 3.334000000000000000e+03
4.880000000000000000e+02 3.334050000000000182e+03
2.240000000000000000e+02 3.334200000000000273e+03
4.160000000000000000e+02 3.334349999999999909e+03
6.800000000000000000e+02 3.334650000000000091e+03
4.560000000000000000e+02 3.334750000000000000e+03
5.600000000000000000e+02 3.335099999999999909e+03
3.200000000000000000e+02 3.337099999999999909e+03
1.040000000000000000e+02 3.337500000000000000e+03
8.800000000000000000e+01 3.339200000000000273e+03
5.280000000000000000e+02 3.340150000000000091e+03
3.680000000000000000e+02 3.340599999999999909e+03
6.320000000000000000e+02 3.340599999999999909e+03
1.600000000000000000e+01 3.340800000000000182e+03
6.880000000000000000e+02 3.341099999999999909e+03
2.320000000000000000e+02 3.341650000000000091e+03
3.920000000000000000e+02 3.342050000000000182e+03
6.240000000000000000e+02 3.342500000000000000e+03
1.760000000000000000e+02 3.342700000000000273e+03
6.000000000000000000e+02 3.342849999999999909e+03
3.200000000000000000e+02 3.344700000000000273e+03
2.560000000000000000e+02 3.347500000000000000e+03
5.360000000000000000e+02 3.347800000000000182e+03
5.040000000000000000e+02 3.348450000000000273e+03
3.360000000000000000e+02 3.348849999999999909e+03
2.240000000000000000e+02 3.348950000000000273e+03
2.160000000000000000e+02 3.351099999999999909e+03
4.480000000000000000e+02 3.354900000000000091e+03
6.400000000000000000e+01 3.357599999999999909e+03
2.320000000000000000e+02 3.364800000000000182e+03
4.880000000000000000e+02 3.367450000000000273e+03
3.920000000000000000e+02 3.368150000000000091e+03
5.600000000000000000e+01 3.369650000000000091e+03
1.600000000000000000e+01 3.370450000000000273e+03
7.680000000000000000e+02 3.371700000000000273e+03
6.560000000000000000e+02 3.373000000000000000e+03
3.520000000000000000e+02 3.373300000000000182e+03
6.960000000000000000e+02 3.384400000000000091e+03
7.440000000000000000e+02 3.391900000000000091e+03
3.600000000000000000e+02 3.393599999999999909e+03
1.760000000000000000e+02 3.407349999999999909e+03
6.400000000000000000e+01 3.433599999999999909e+03
4.320000000000000000e+02 3.435150000000000091e+03
7.600000000000000000e+02 3.450349999999999909e+03
4.800000000000000000e+01 3.451200000000000273e+03
5.440000000000000000e+02 3.466950000000000273e+03
1.680000000000000000e+02 3.480349999999999909e+03
5.840000000000000000e+02 3.486300000000000182e+03
5.280000000000000000e+02 3.550349999999999909e+03
4.400000000000000000e+02 3.555950000000000273e+03
7.040000000000000000e+02 3.556000000000000000e+03
7.680000000000000000e+02 3.562099999999999909e+03
2.320000000000000000e+02 3.564750000000000000e+03
6.160000000000000000e+02 3.594000000000000000e+03
6.960000000000000000e+02 3.594650000000000091e+03
1.680000000000000000e+02 3.599050000000000182e+03
7.760000000000000000e+02 3.599200000000000273e+03
2.560000000000000000e+02 3.600599999999999909e+03
5.520000000000000000e+02 3.603950000000000273e+03
7.360000000000000000e+02 3.604800000000000182e+03
1.920000000000000000e+02 3.610400000000000091e+03
2.640000000000000000e+02 3.611849999999999909e+03
6.000000000000000000e+02 3.614000000000000000e+03
4.560000000000000000e+02 3.615599999999999909e+03
7.600000000000000000e+02 3.615950000000000273e+03
7.680000000000000000e+02 3.616800000000000182e+03
5.680000000000000000e+02 3.618200000000000273e+03
1.200000000000000000e+02 3.618300000000000182e+03
6.400000000000000000e+02 3.618599999999999909e+03
5.760000000000000000e+02 3.618900000000000091e+03
7.200000000000000000e+01 3.620300000000000182e+03
6.560000000000000000e+02 3.622000000000000000e+03
1.600000000000000000e+02 3.623300000000000182e+03
6.240000000000000000e+02 3.625300000000000182e+03
4.000000000000000000e+01 3.625650000000000091e+03
4.640000000000000000e+02 3.626050000000000182e+03
2.400000000000000000e+01 3.626150000000000091e+03
2.080000000000000000e+02 3.626150000000000091e+03
7.760000000000000000e+02 3.626349999999999909e+03
8.000000000000000000e+01 3.626450000000000273e+03
5.120000000000000000e+02 3.626500000000000000e+03
5.920000000000000000e+02 3.626599999999999909e+03
3.440000000000000000e+02 3.626650000000000091e+03
5.600000000000000000e+02 3.627000000000000000e+03
6.000000000000000000e+02 3.627000000000000000e+03
3.040000000000000000e+02 3.627150000000000091e+03
6.160000000000000000e+02 3.627200000000000273e+03
6.080000000000000000e+02 3.627250000000000000e+03
7.280000000000000000e+02 3.627300000000000182e+03
1.120000000000000000e+02 3.627349999999999909e+03
4.080000000000000000e+02 3.627500000000000000e+03
1.440000000000000000e+02 3.627599999999999909e+03
2.960000000000000000e+02 3.627599999999999909e+03
3.360000000000000000e+02 3.627550000000000182e+03
5.680000000000000000e+02 3.627550000000000182e+03
6.720000000000000000e+02 3.627599999999999909e+03
3.920000000000000000e+02 3.627700000000000273e+03
5.520000000000000000e+02 3.627650000000000091e+03
6.320000000000000000e+02 3.627700000000000273e+03
6.400000000000000000e+02 3.627700000000000273e+03
7.920000000000000000e+02 3.627650000000000091e+03
1.600000000000000000e+01 3.627750000000000000e+03
2.800000000000000000e+02 3.627900000000000091e+03
3.600000000000000000e+02 3.627849999999999909e+03
4.000000000000000000e+02 3.627900000000000091e+03
5.200000000000000000e+02 3.627849999999999909e+03
5.280000000000000000e+02 3.627900000000000091e+03
5.840000000000000000e+02 3.627849999999999909e+03
7.840000000000000000e+02 3.627849999999999909e+03
1.040000000000000000e+02 3.628000000000000000e+03
2.160000000000000000e+02 3.628000000000000000e+03
2.720000000000000000e+02 3.628000000000000000e+03
3.200000000000000000e+02 3.628000000000000000e+03
5.040000000000000000e+02 3.628000000000000000e+03
5.440000000000000000e+02 3.627950000000000273e+03
7.360000000000000000e+02 3.627950000000000273e+03
7.600000000000000000e+02 3.628000000000000000e+03
8.000000000000000000e+00 3.628099999999999909e+03
7.200000000000000000e+01 3.628099999999999909e+03
2.240000000000000000e+02 3.628099999999999909e+03
3.520000000000000000e+02 3.628050000000000182e+03
2.640000000000000000e+02 3.628150000000000091e+03
4.400000000000000000e+02 3.628150000000000091e+03
5.760000000000000000e+02 3.628150000000000091e+03
7.680000000000000000e+02 3.628150000000000091e+03
8.000000000000000000e+02 3.628200000000000273e+03
3.200000000000000000e+01 3.628250000000000000e+03
1.520000000000000000e+02 3.628300000000000182e+03
1.760000000000000000e+02 3.628250000000000000e+03
3.120000000000000000e+02 3.628250000000000000e+03
7.040000000000000000e+02 3.628300000000000182e+03
8.800000000000000000e+01 3.628349999999999909e+03
1.360000000000000000e+02 3.628400000000000091e+03
2.000000000000000000e+02 3.628349999999999909e+03
2.480000000000000000e+02 3.628400000000000091e+03
5.360000000000000000e+02 3.628400000000000091e+03
6.400000000000000000e+01 3.628450000000000273e+03
1.920000000000000000e+02 3.628500000000000000e+03
3.280000000000000000e+02 3.628450000000000273e+03
4.960000000000000000e+02 3.628500000000000000e+03
4.800000000000000000e+01 3.628599999999999909e+03
3.760000000000000000e+02 3.628550000000000182e+03
4.160000000000000000e+02 3.628700000000000273e+03
4.880000000000000000e+02 3.628700000000000273e+03
6.880000000000000000e+02 3.628650000000000091e+03
2.400000000000000000e+02 3.628750000000000000e+03
4.720000000000000000e+02 3.628800000000000182e+03
6.640000000000000000e+02 3.628750000000000000e+03
5.600000000000000000e+01 3.628900000000000091e+03
3.680000000000000000e+02 3.628900000000000091e+03
4.320000000000000000e+02 3.628849999999999909e+03
7.120000000000000000e+02 3.628900000000000091e+03
7.440000000000000000e+02 3.628900000000000091e+03
7.520000000000000000e+02 3.628849999999999909e+03
4.240000000000000000e+02 3.628950000000000273e+03
1.280000000000000000e+02 3.629099999999999909e+03
1.680000000000000000e+02 3.629099999999999909e+03
2.880000000000000000e+02 3.629099999999999909e+03
4.480000000000000000e+02 3.629099999999999909e+03
4.000000000000000000e+01 3.629200000000000273e+03
3.840000000000000000e+02 3.629200000000000273e+03
2.320000000000000000e+02 3.629300000000000182e+03
6.240000000000000000e+02 3.629300000000000182e+03
6.480000000000000000e+02 3.629300000000000182e+03
6.800000000000000000e+02 3.629250000000000000e+03
9.600000000000000000e+01 3.629349999999999909e+03
1.840000000000000000e+02 3.629450000000000273e+03
6.960000000000000000e+02 3.629450000000000273e+03
7.200000000000000000e+02 3.629450000000000273e+03
1.600000000000000000e+02 3.629950000000000273e+03
4.560000000000000000e+02 3.630500000000000000e+03
6.560000000000000000e+02 3.630450000000000273e+03
2.560000000000000000e+02 3.631500000000000000e+03
5.520000000000000000e+02 3.631500000000000000e+03
1.120000000000000000e+02 3.631849999999999909e+03
3.360000000000000000e+02 3.631900000000000091e+03
8.000000000000000000e+01 3.632050000000000182e+03
5.680000000000000000e+02 3.632050000000000182e+03
3.440000000000000000e+02 3.632800000000000182e+03
6.320000000000000000e+02 3.633050000000000182e+03
4.800000000000000000e+01 3.634849999999999909e+03
8.000000000000000000e+00 3.637050000000000182e+03
2.880000000000000000e+02 3.637250000000000000e+03
2.640000000000000000e+02 3.638800000000000182e+03
2.080000000000000000e+02 3.643150000000000091e+03
4.160000000000000000e+02 3.643700000000000273e+03
5.600000000000000000e+02 3.651599999999999909e+03
3.920000000000000000e+02 3.651650000000000091e+03
2.240000000000000000e+02 3.652050000000000182e+03
7.840000000000000000e+02 3.654849999999999909e+03
2.000000000000000000e+02 3.655500000000000000e+03
6.640000000000000000e+02 3.658450000000000273e+03
4.000000000000000000e+02 3.662950000000000273e+03
7.440000000000000000e+02 3.664300000000000182e+03
8.000000000000000000e+01 3.666099999999999909e+03
2.560000000000000000e+02 3.669349999999999909e+03
1.920000000000000000e+02 3.671750000000000000e+03
5.520000000000000000e+02 3.672650000000000091e+03
2.240000000000000000e+02 3.673349999999999909e+03
2.400000000000000000e+02 3.680400000000000091e+03
3.520000000000000000e+02 3.680599999999999909e+03
4.000000000000000000e+02 3.684250000000000000e+03
5.600000000000000000e+02 3.701800000000000182e+03
3.440000000000000000e+02 3.712599999999999909e+03
1.040000000000000000e+02 3.714700000000000273e+03
5.520000000000000000e+02 3.721050000000000182e+03
2.160000000000000000e+02 3.721750000000000000e+03
7.840000000000000000e+02 3.750250000000000000e+03
6.400000000000000000e+01 3.768000000000000000e+03
4.000000000000000000e+02 3.770349999999999909e+03
5.840000000000000000e+02 3.773050000000000182e+03
2.000000000000000000e+02 3.775849999999999909e+03
6.560000000000000000e+02 3.780550000000000182e+03
4.800000000000000000e+02 3.787150000000000091e+03
6.480000000000000000e+02 3.789200000000000273e+03
2.240000000000000000e+02 3.791550000000000182e+03
7.520000000000000000e+02 3.793050000000000182e+03
7.600000000000000000e+02 3.798700000000000273e+03
2.000000000000000000e+02 3.799950000000000273e+03
7.760000000000000000e+02 3.801750000000000000e+03
3.600000000000000000e+02 3.802050000000000182e+03
6.000000000000000000e+02 3.802450000000000273e+03
2.960000000000000000e+02 3.804500000000000000e+03
3.040000000000000000e+02 3.806099999999999909e+03
4.640000000000000000e+02 3.808750000000000000e+03
5.200000000000000000e+02 3.810050000000000182e+03
2.080000000000000000e+02 3.810349999999999909e+03
1.440000000000000000e+02 3.810700000000000273e+03
9.600000000000000000e+01 3.810750000000000000e+03
3.840000000000000000e+02 3.811000000000000000e+03
5.920000000000000000e+02 3.811000000000000000e+03
6.480000000000000000e+02 3.810950000000000273e+03
6.960000000000000000e+02 3.811349999999999909e+03
1.200000000000000000e+02 3.811550000000000182e+03
6.240000000000000000e+02 3.811849999999999909e+03
4.960000000000000000e+02 3.812050000000000182e+03
7.280000000000000000e+02 3.812050000000000182e+03
1.280000000000000000e+02 3.813050000000000182e+03
6.800000000000000000e+02 3.813250000000000000e+03
2.400000000000000000e+02 3.813750000000000000e+03
4.560000000000000000e+02 3.813849999999999909e+03
5.840000000000000000e+02 3.814599999999999909e+03
3.760000000000000000e+02 3.814800000000000182e+03
7.040000000000000000e+02 3.816099999999999909e+03
4.640000000000000000e+02 3.816250000000000000e+03
7.680000000000000000e+02 3.816550000000000182e+03
5.040000000000000000e+02 3.817650000000000091e+03
8.000000000000000000e+00 3.818650000000000091e+03
1.200000000000000000e+02 3.818800000000000182e+03
4.880000000000000000e+02 3.821300000000000182e+03
9.600000000000000000e+01 3.821450000000000273e+03
3.280000000000000000e+02 3.824250000000000000e+03
6.880000000000000000e+02 3.824250000000000000e+03
7.360000000000000000e+02 3.824550000000000182e+03
5.280000000000000000e+02 3.825900000000000091e+03
5.600000000000000000e+01 3.826400000000000091e+03
1.120000000000000000e+02 3.826950000000000273e+03
6.480000000000000000e+02 3.827500000000000000e+03
3.600000000000000000e+02 3.828000000000000000e+03
5.120000000000000000e+02 3.828150000000000091e+03
5.600000000000000000e+02 3.828349999999999909e+03
3.920000000000000000e+02 3.828450000000000273e+03
1.680000000000000000e+02 3.828650000000000091e+03
1.760000000000000000e+02 3.828800000000000182e+03
6.080000000000000000e+02 3.828800000000000182e+03
3.440000000000000000e+02 3.829500000000000000e+03
4.640000000000000000e+02 3.829450000000000273e+03
8.000000000000000000e+01 3.830200000000000273e+03
6.240000000000000000e+02 3.833900000000000091e+03
7.040000000000000000e+02 3.835849999999999909e+03
2.320000000000000000e+02 3.837050000000000182e+03
4.160000000000000000e+02 3.837150000000000091e+03
4.240000000000000000e+02 3.837150000000000091e+03
2.640000000000000000e+02 3.843599999999999909e+03
2.000000000000000000e+02 3.846550000000000182e+03
5.120000000000000000e+02 3.847900000000000091e+03
1.040000000000000000e+02 3.848099999999999909e+03
7.520000000000000000e+02 3.849099999999999909e+03
1.840000000000000000e+02 3.850150000000000091e+03
6.320000000000000000e+02 3.850800000000000182e+03
7.600000000000000000e+02 3.855050000000000182e+03
9.600000000000000000e+01 3.855250000000000000e+03
5.600000000000000000e+01 3.855950000000000273e+03
8.000000000000000000e+01 3.856150000000000091e+03
3.600000000000000000e+02 3.856950000000000273e+03
4.400000000000000000e+02 3.857250000000000000e+03
3.840000000000000000e+02 3.858900000000000091e+03
3.440000000000000000e+02 3.861750000000000000e+03
5.760000000000000000e+02 3.861950000000000273e+03
3.680000000000000000e+02 3.863349999999999909e+03
8.000000000000000000e+02 3.864950000000000273e+03
1.520000000000000000e+02 3.870599999999999909e+03
2.080000000000000000e+02 3.870750000000000000e+03
1.120000000000000000e+02 3.872099999999999909e+03
6.400000000000000000e+02 3.872250000000000000e+03
4.800000000000000000e+01 3.872950000000000273e+03
5.840000000000000000e+02 3.873450000000000273e+03
6.640000000000000000e+02 3.873950000000000273e+03
6.960000000000000000e+02 3.878650000000000091e+03
5.520000000000000000e+02 3.879550000000000182e+03
8.000000000000000000e+00 3.879700000000000273e+03
1.200000000000000000e+02 3.880599999999999909e+03
6.480000000000000000e+02 3.882950000000000273e+03
3.840000000000000000e+02 3.883700000000000273e+03
2.880000000000000000e+02 3.884500000000000000e+03
5.600000000000000000e+02 3.884599999999999909e+03
3.200000000000000000e+01 3.885349999999999909e+03
7.200000000000000000e+01 3.887300000000000182e+03
1.280000000000000000e+02 3.887450000000000273e+03
5.440000000000000000e+02 3.889150000000000091e+03
1.760000000000000000e+02 3.889700000000000273e+03
2.160000000000000000e+02 3.890849999999999909e+03
5.600000000000000000e+01 3.892599999999999909e+03
5.280000000000000000e+02 3.892750000000000000e+03
3.360000000000000000e+02 3.895099999999999909e+03
6.320000000000000000e+02 3.896000000000000000e+03
7.520000000000000000e+02 3.896550000000000182e+03
4.560000000000000000e+02 3.897650000000000091e+03
7.120000000000000000e+02 3.897750000000000000e+03
6.800000000000000000e+02 3.898000000000000000e+03
4.000000000000000000e+02 3.899150000000000091e+03
6.160000000000000000e+02 3.899650000000000091e+03
6.400000000000000000e+02 3.900500000000000000e+03
2.720000000000000000e+02 3.901000000000000000e+03
7.440000000000000000e+02 3.903450000000000273e+03
5.760000000000000000e+02 3.904750000000000000e+03
3.200000000000000000e+01 3.907849999999999909e+03
6.400000000000000000e+01 3.911800000000000182e+03
2.400000000000000000e+01 3.913150000000000091e+03
6.160000000000000000e+02 3.915700000000000273e+03
3.040000000000000000e+02 3.916650000000000091e+03
1.360000000000000000e+02 3.918650000000000091e+03
8.000000000000000000e+02 3.920800000000000182e+03
2.400000000000000000e+02 3.927599999999999909e+03
1.040000000000000000e+02 3.927849999999999909e+03
6.080000000000000000e+02 3.927849999999999909e+03
7.040000000000000000e+02 3.932200000000000273e+03
7.920000000000000000e+02 3.933950000000000273e+03
4.800000000000000000e+02 3.935349999999999909e+03
4.160000000000000000e+02 3.936500000000000000e+03
5.200000000000000000e+02 3.937849999999999909e+03
2.000000000000000000e+02 3.938750000000000000e+03
6.800000000000000000e+02 3.946849999999999909e+03
1.120000000000000000e+02 3.949099999999999909e+03
7.840000000000000000e+02 3.949349999999999909e+03
7.040000000000000000e+02 3.955150000000000091e+03
3.600000000000000000e+02 3.956450000000000273e+03
6.480000000000000000e+02 3.956500000000000000e+03
2.480000000000000000e+02 3.957000000000000000e+03
2.240000000000000000e+02 3.957800000000000182e+03
6.640000000000000000e+02 3.958700000000000273e+03
3.200000000000000000e+02 3.958800000000000182e+03
8.000000000000000000e+00 3.965250000000000000e+03
4.160000000000000000e+02 3.965650000000000091e+03
6.240000000000000000e+02 3.965849999999999909e+03
7.200000000000000000e+01 3.966700000000000273e+03
3.760000000000000000e+02 3.967750000000000000e+03
6.400000000000000000e+01 3.971650000000000091e+03
1.600000000000000000e+01 3.972000000000000000e+03
7.680000000000000000e+02 3.973150000000000091e+03
3.520000000000000000e+02 3.974599999999999909e+03
7.120000000000000000e+02 3.975700000000000273e+03
1.920000000000000000e+02 3.980150000000000091e+03
8.000000000000000000e+00 3.982750000000000000e+03
7.280000000000000000e+02 3.982750000000000000e+03
3.200000000000000000e+02 3.983750000000000000e+03
3.680000000000000000e+02 3.984400000000000091e+03
4.480000000000000000e+02 3.987400000000000091e+03
7.680000000000000000e+02 3.989150000000000091e+03
2.080000000000000000e+02 3.989900000000000091e+03
4.400000000000000000e+02 3.991900000000000091e+03
6.000000000000000000e+02 3.993250000000000000e+03
4.000000000000000000e+01 3.995700000000000273e+03
2.800000000000000000e+02 3.997050000000000182e+03
6.880000000000000000e+02 3.997900000000000091e+03
2.160000000000000000e+02 3.998000000000000000e+03
6.240000000000000000e+02 3.999599999999999909e+03
4.960000000000000000e+02 3.999849999999999909e+03
1.840000000000000000e+02 4.001550000000000182e+03
2.880000000000000000e+02 4.002000000000000000e+03
3.280000000000000000e+02 4.002849999999999909e+03
2.480000000000000000e+02 4.004800000000000182e+03
4.320000000000000000e+02 4.005550000000000182e+03
1.440000000000000000e+02 4.005800000000000182e+03
2.000000000000000000e+02 4.008650000000000091e+03
3.360000000000000000e+02 4.009750000000000000e+03
3.920000000000000000e+02 4.010750000000000000e+03
7.840000000000000000e+02 4.012599999999999909e+03
1.120000000000000000e+02 4.013650000000000091e+03
6.720000000000000000e+02 4.013950000000000273e+03
3.520000000000000000e+02 4.014349999999999909e+03
6.240000000000000000e+02 4.014349999999999909e+03
6.960000000000000000e+02 4.014400000000000091e+03
5.040000000000000000e+02 4.014650000000000091e+03
5.280000000000000000e+02 4.015099999999999909e+03
8.000000000000000000e+02 4.015099999999999909e+03
4.080000000000000000e+02 4.015500000000000000e+03
5.920000000000000000e+02 4.016000000000000000e+03
3.760000000000000000e+02 4.016450000000000273e+03
3.040000000000000000e+02 4.016550000000000182e+03
5.680000000000000000e+02 4.016550000000000182e+03
2.400000000000000000e+01 4.017000000000000000e+03
4.240000000000000000e+02 4.017349999999999909e+03
4.320000000000000000e+02 4.018000000000000000e+03
5.600000000000000000e+01 4.018300000000000182e+03
1.760000000000000000e+02 4.018550000000000182e+03
1.360000000000000000e+02 4.020150000000000091e+03
5.200000000000000000e+02 4.024450000000000273e+03
7.040000000000000000e+02 4.026750000000000000e+03
2.800000000000000000e+02 4.027250000000000000e+03
8.000000000000000000e+01 4.028450000000000273e+03
8.000000000000000000e+00 4.028750000000000000e+03
1.200000000000000000e+02 4.029900000000000091e+03
8.800000000000000000e+01 4.030300000000000182e+03
4.560000000000000000e+02 4.033000000000000000e+03
6.080000000000000000e+02 4.033250000000000000e+03
6.880000000000000000e+02 4.036450000000000273e+03
1.600000000000000000e+02 4.042150000000000091e+03
5.520000000000000000e+02 4.045750000000000000e+03
3.280000000000000000e+02 4.046400000000000091e+03
1.520000000000000000e+02 4.051349999999999909e+03
6.000000000000000000e+02 4.051349999999999909e+03
4.000000000000000000e+01 4.052050000000000182e+03
2.240000000000000000e+02 4.052400000000000091e+03
3.680000000000000000e+02 4.052349999999999909e+03
6.160000000000000000e+02 4.052400000000000091e+03
5.680000000000000000e+02 4.052500000000000000e+03
4.640000000000000000e+02 4.052849999999999909e+03
7.040000000000000000e+02 4.053800000000000182e+03
1.840000000000000000e+02 4.054400000000000091e+03
6.240000000000000000e+02 4.057450000000000273e+03
1.440000000000000000e+02 4.058599999999999909e+03
3.280000000000000000e+02 4.065099999999999909e+03
2.480000000000000000e+02 4.065550000000000182e+03
4.160000000000000000e+02 4.066050000000000182e+03
1.280000000000000000e+02 4.071300000000000182e+03
3.600000000000000000e+02 4.081650000000000091e+03
6.720000000000000000e+02 4.082250000000000000e+03
4.800000000000000000e+02 4.082599999999999909e+03
6.000000000000000000e+02 4.082900000000000091e+03
7.760000000000000000e+02 4.085950000000000273e+03
1.120000000000000000e+02 4.086900000000000091e+03
4.640000000000000000e+02 4.087349999999999909e+03
1.760000000000000000e+02 4.089550000000000182e+03
3.120000000000000000e+02 4.090849999999999909e+03
8.000000000000000000e+02 4.093500000000000000e+03
9.600000000000000000e+01 4.093700000000000273e+03
7.280000000000000000e+02 4.093800000000000182e+03
7.520000000000000000e+02 4.094900000000000091e+03
2.320000000000000000e+02 4.097750000000000000e+03
6.800000000000000000e+02 4.098500000000000000e+03
2.880000000000000000e+02 4.099250000000000000e+03
5.120000000000000000e+02 4.099449999999999818e+03
1.280000000000000000e+02 4.099550000000000182e+03
4.000000000000000000e+02 4.099550000000000182e+03
2.560000000000000000e+02 4.102649999999999636e+03
4.880000000000000000e+02 4.104350000000000364e+03
5.040000000000000000e+02 4.106250000000000000e+03
5.360000000000000000e+02 4.106899999999999636e+03
2.400000000000000000e+01 4.111050000000000182e+03
4.320000000000000000e+02 4.113899999999999636e+03
3.520000000000000000e+02 4.114550000000000182e+03
1.360000000000000000e+02 4.114850000000000364e+03
2.320000000000000000e+02 4.115899999999999636e+03
3.680000000000000000e+02 4.116050000000000182e+03
1.680000000000000000e+02 4.116399999999999636e+03
2.960000000000000000e+02 4.117149999999999636e+03
7.120000000000000000e+02 4.117449999999999818e+03
5.680000000000000000e+02 4.119899999999999636e+03
6.640000000000000000e+02 4.122649999999999636e+03
5.600000000000000000e+02 4.131050000000000182e+03
1.760000000000000000e+02 4.132250000000000000e+03
4.160000000000000000e+02 4.133750000000000000e+03
1.920000000000000000e+02 4.136199999999999818e+03
6.000000000000000000e+02 4.143050000000000182e+03
2.240000000000000000e+02 4.143699999999999818e+03
4.880000000000000000e+02 4.149149999999999636e+03
5.760000000000000000e+02 4.155250000000000000e+03
7.200000000000000000e+02 4.156949999999999818e+03
7.360000000000000000e+02 4.164949999999999818e+03
3.280000000000000000e+02 4.170850000000000364e+03
6.000000000000000000e+02 4.171500000000000000e+03
6.400000000000000000e+02 4.171600000000000364e+03
1.920000000000000000e+02 4.186050000000000182e+03
3.040000000000000000e+02 4.190199999999999818e+03
1.600000000000000000e+02 4.199800000000000182e+03
2.400000000000000000e+01 4.201800000000000182e+03
4.560000000000000000e+02 4.209399999999999636e+03
3.920000000000000000e+02 4.218550000000000182e+03
5.520000000000000000e+02 4.234600000000000364e+03
5.680000000000000000e+02 4.246050000000000182e+03
4.080000000000000000e+02 4.297949999999999818e+03
6.320000000000000000e+02 4.298899999999999636e+03
7.040000000000000000e+02 4.300800000000000182e+03
1.520000000000000000e+02 4.303649999999999636e+03
2.960000000000000000e+02 4.306100000000000364e+03
7.920000000000000000e+02 4.310100000000000364e+03
5.920000000000000000e+02 4.310600000000000364e+03
6.640000000000000000e+02 4.316500000000000000e+03
5.040000000000000000e+02 4.316550000000000182e+03
2.720000000000000000e+02 4.317500000000000000e+03
5.520000000000000000e+02 4.317449999999999818e+03
5.360000000000000000e+02 4.317550000000000182e+03
2.480000000000000000e+02 4.317699999999999818e+03
7.440000000000000000e+02 4.317949999999999818e+03
8.000000000000000000e+01 4.318050000000000182e+03
1.200000000000000000e+02 4.318100000000000364e+03
3.040000000000000000e+02 4.318199999999999818e+03
6.960000000000000000e+02 4.318199999999999818e+03
1.440000000000000000e+02 4.318300000000000182e+03
4.800000000000000000e+01 4.318399999999999636e+03
1.360000000000000000e+02 4.318449999999999818e+03
1.760000000000000000e+02 4.318500000000000000e+03
2.240000000000000000e+02 4.318550000000000182e+03
4.000000000000000000e+01 4.318649999999999636e+03
1.120000000000000000e+02 4.318649999999999636e+03
3.440000000000000000e+02 4.318699999999999818e+03
1.040000000000000000e+02 4.318750000000000000e+03
2.880000000000000000e+02 4.318800000000000182e+03
2.400000000000000000e+01 4.318850000000000364e+03
2.640000000000000000e+02 4.318850000000000364e+03
5.920000000000000000e+02 4.318899999999999636e+03
4.800000000000000000e+02 4.318949999999999818e+03
9.600000000000000000e+01 4.319050000000000182e+03
5.440000000000000000e+02 4.319100000000000364e+03
7.360000000000000000e+02 4.319100000000000364e+03
7.040000000000000000e+02 4.319300000000000182e+03
3.280000000000000000e+02 4.319350000000000364e+03
1.840000000000000000e+02 4.319500000000000000e+03
2.080000000000000000e+02 4.319500000000000000e+03
2.400000000000000000e+02 4.319500000000000000e+03
6.720000000000000000e+02 4.319500000000000000e+03
2.960000000000000000e+02 4.319600000000000364e+03
2.000000000000000000e+02 4.319649999999999636e+03
4.720000000000000000e+02 4.319699999999999818e+03
7.520000000000000000e+02 4.319750000000000000e+03
4.960000000000000000e+02 4.319899999999999636e+03
5.200000000000000000e+02 4.319899999999999636e+03
5.600000000000000000e+02 4.319899999999999636e+03
6.400000000000000000e+01 4.320000000000000000e+03
3.760000000000000000e+02 4.320000000000000000e+03
6.320000000000000000e+02 4.320000000000000000e+03
3.200000000000000000e+01 4.320050000000000182e+03
4.480000000000000000e+02 4.320050000000000182e+03
4.880000000000000000e+02 4.320050000000000182e+03
6.800000000000000000e+02 4.320100000000000364e+03
1.600000000000000000e+01 4.320149999999999636e+03
1.680000000000000000e+02 4.320300000000000182e+03
3.600000000000000000e+02 4.320300000000000182e+03
7.680000000000000000e+02 4.320250000000000000e+03
3.120000000000000000e+02 4.320399999999999636e+03
3.920000000000000000e+02 4.320350000000000364e+03
4.240000000000000000e+02 4.320399999999999636e+03
8.000000000000000000e+02 4.320399999999999636e+03
7.200000000000000000e+01 4.320500000000000000e+03
6.160000000000000000e+02 4.320500000000000000e+03
7.200000000000000000e+02 4.320449999999999818e+03
8.800000000000000000e+01 4.320600000000000364e+03
4.640000000000000000e+02 4.320550000000000182e+03
7.120000000000000000e+02 4.320600000000000364e+03
2.320000000000000000e+02 4.320699999999999818e+03
3.200000000000000000e+02 4.320699999999999818e+03
3.840000000000000000e+02 4.320699999999999818e+03
5.120000000000000000e+02 4.320649999999999636e+03
7.760000000000000000e+02 4.320699999999999818e+03
1.920000000000000000e+02 4.320800000000000182e+03
4.080000000000000000e+02 4.320800000000000182e+03
2.560000000000000000e+02 4.320850000000000364e+03
3.360000000000000000e+02 4.320850000000000364e+03
5.760000000000000000e+02 4.320899999999999636e+03
6.480000000000000000e+02 4.320899999999999636e+03
1.600000000000000000e+02 4.321000000000000000e+03
2.160000000000000000e+02 4.320949999999999818e+03
2.800000000000000000e+02 4.320949999999999818e+03
7.920000000000000000e+02 4.320949999999999818e+03
5.680000000000000000e+02 4.321149999999999636e+03
2.720000000000000000e+02 4.321250000000000000e+03
5.280000000000000000e+02 4.321250000000000000e+03
7.280000000000000000e+02 4.321300000000000182e+03
1.280000000000000000e+02 4.321399999999999636e+03
3.680000000000000000e+02 4.321350000000000364e+03
6.240000000000000000e+02 4.321399999999999636e+03
1.520000000000000000e+02 4.321500000000000000e+03
4.320000000000000000e+02 4.321500000000000000e+03
5.520000000000000000e+02 4.321500000000000000e+03
6.640000000000000000e+02 4.321449999999999818e+03
1.200000000000000000e+02 4.321600000000000364e+03
4.400000000000000000e+02 4.321550000000000182e+03
1.760000000000000000e+02 4.321699999999999818e+03
4.000000000000000000e+02 4.321649999999999636e+03
4.160000000000000000e+02 4.321649999999999636e+03
5.840000000000000000e+02 4.321699999999999818e+03
7.600000000000000000e+02 4.321649999999999636e+03
8.000000000000000000e+01 4.321750000000000000e+03
2.240000000000000000e+02 4.321800000000000182e+03
6.000000000000000000e+02 4.321800000000000182e+03
6.560000000000000000e+02 4.321800000000000182e+03
6.880000000000000000e+02 4.321800000000000182e+03
7.840000000000000000e+02 4.321750000000000000e+03
6.080000000000000000e+02 4.322500000000000000e+03
5.600000000000000000e+01 4.322750000000000000e+03
5.360000000000000000e+02 4.323600000000000364e+03
5.920000000000000000e+02 4.323699999999999818e+03
5.440000000000000000e+02 4.324800000000000182e+03
7.680000000000000000e+02 4.326199999999999818e+03
3.120000000000000000e+02 4.327550000000000182e+03
3.200000000000000000e+01 4.328000000000000000e+03
3.520000000000000000e+02 4.329550000000000182e+03
1.440000000000000000e+02 4.335199999999999818e+03
5.040000000000000000e+02 4.339199999999999818e+03
3.600000000000000000e+02 4.339399999999999636e+03
3.680000000000000000e+02 4.347199999999999818e+03
1.440000000000000000e+02 4.349600000000000364e+03
3.040000000000000000e+02 4.360550000000000182e+03
8.000000000000000000e+00 4.362850000000000364e+03
2.560000000000000000e+02 4.364350000000000364e+03
2.320000000000000000e+02 4.365850000000000364e+03
3.440000000000000000e+02 4.367500000000000000e+03
3.280000000000000000e+02 4.375400000000000546e+03
5.440000000000000000e+02 4.378699999999999818e+03
3.040000000000000000e+02 4.382050000000000182e+03
2.160000000000000000e+02 4.383449999999999818e+03
3.760000000000000000e+02 4.387100000000000364e+03
8.800000000000000000e+01 4.388949999999999818e+03
1.600000000000000000e+02 4.395600000000000364e+03
1.680000000000000000e+02 4.396600000000000364e+03
4.080000000000000000e+02 4.398150000000000546e+03
2.640000000000000000e+02 4.400750000000000000e+03
6.720000000000000000e+02 4.402850000000000364e+03
7.840000000000000000e+02 4.407500000000000000e+03
4.240000000000000000e+02 4.411350000000000364e+03
2.400000000000000000e+01 4.412550000000000182e+03
4.640000000000000000e+02 4.419600000000000364e+03
7.520000000000000000e+02 4.422750000000000000e+03
3.680000000000000000e+02 4.424250000000000000e+03
5.200000000000000000e+02 4.438800000000000182e+03
4.800000000000000000e+01 4.476650000000000546e+03
4.000000000000000000e+01 4.480500000000000000e+03
8.000000000000000000e+01 4.483300000000000182e+03
1.680000000000000000e+02 4.494449999999999818e+03
4.800000000000000000e+02 4.503850000000000364e+03
7.200000000000000000e+02 4.507150000000000546e+03
7.520000000000000000e+02 4.508699999999999818e+03
5.760000000000000000e+02 4.509199999999999818e+03
7.760000000000000000e+02 4.509750000000000000e+03
4.800000000000000000e+02 4.522800000000000182e+03
4.720000000000000000e+02 4.522850000000000364e+03
7.840000000000000000e+02 4.527050000000000182e+03
3.040000000000000000e+02 4.544100000000000364e+03
2.400000000000000000e+02 4.561350000000000364e+03
3.600000000000000000e+02 4.575550000000000182e+03
2.480000000000000000e+02 4.578300000000000182e+03
5.200000000000000000e+02 4.583100000000000364e+03
5.920000000000000000e+02 4.589550000000000182e+03
1.360000000000000000e+02 4.596550000000000182e+03
6.240000000000000000e+02 4.601199999999999818e+03
7.440000000000000000e+02 4.602449999999999818e+03
6.880000000000000000e+02 4.605350000000000364e+03
6.000000000000000000e+02 4.606000000000000000e+03
5.120000000000000000e+02 4.608150000000000546e+03
5.840000000000000000e+02 4.609150000000000546e+03
4.000000000000000000e+02 4.609300000000000182e+03
3.760000000000000000e+02 4.609449999999999818e+03
2.000000000000000000e+02 4.609900000000000546e+03
7.200000000000000000e+01 4.610000000000000000e+03
5.600000000000000000e+01 4.610800000000000182e+03
4.800000000000000000e+02 4.611900000000000546e+03
1.600000000000000000e+02 4.612199999999999818e+03
3.520000000000000000e+02 4.612500000000000000e+03
4.080000000000000000e+02 4.612900000000000546e+03
4.880000000000000000e+02 4.612900000000000546e+03
5.280000000000000000e+02 4.612850000000000364e+03
1.120000000000000000e+02 4.613100000000000364e+03
5.040000000000000000e+02 4.613199999999999818e+03
6.880000000000000000e+02 4.613250000000000000e+03
1.200000000000000000e+02 4.613350000000000364e+03
3.440000000000000000e+02 4.613400000000000546e+03
4.160000000000000000e+02 4.613500000000000000e+03
5.520000000000000000e+02 4.613449999999999818e+03
7.280000000000000000e+02 4.613500000000000000e+03
1.040000000000000000e+02 4.613600000000000364e+03
2.640000000000000000e+02 4.613699999999999818e+03
4.800000000000000000e+01 4.613800000000000182e+03
7.360000000000000000e+02 4.613800000000000182e+03
2.160000000000000000e+02 4.613850000000000364e+03
6.240000000000000000e+02 4.613900000000000546e+03
8.000000000000000000e+00 4.614000000000000000e+03
7.120000000000000000e+02 4.613949999999999818e+03
6.400000000000000000e+01 4.614050000000000182e+03
3.040000000000000000e+02 4.614100000000000364e+03
7.440000000000000000e+02 4.614050000000000182e+03
1.360000000000000000e+02 4.614199999999999818e+03
2.320000000000000000e+02 4.614150000000000546e+03
4.240000000000000000e+02 4.614199999999999818e+03
5.760000000000000000e+02 4.614150000000000546e+03
6.320000000000000000e+02 4.614150000000000546e+03
1.680000000000000000e+02 4.614300000000000182e+03
2.960000000000000000e+02 4.614250000000000000e+03
4.480000000000000000e+02 4.614250000000000000e+03
4.960000000000000000e+02 4.614300000000000182e+03
6.400000000000000000e+02 4.614250000000000000e+03
4.000000000000000000e+01 4.614350000000000364e+03
8.000000000000000000e+01 4.614400000000000546e+03
5.600000000000000000e+02 4.614350000000000364e+03
6.720000000000000000e+02 4.614350000000000364e+03
8.800000000000000000e+01 4.614500000000000000e+03
1.840000000000000000e+02 4.614500000000000000e+03
3.280000000000000000e+02 4.614449999999999818e+03
3.600000000000000000e+02 4.614500000000000000e+03
3.920000000000000000e+02 4.614500000000000000e+03
4.560000000000000000e+02 4.614449999999999818e+03
5.200000000000000000e+02 4.614500000000000000e+03
2.400000000000000000e+01 4.614600000000000364e+03
2.560000000000000000e+02 4.614600000000000364e+03
9.600000000000000000e+01 4.614699999999999818e+03
5.840000000000000000e+02 4.614699999999999818e+03
2.480000000000000000e+02 4.614800000000000182e+03
3.200000000000000000e+02 4.614750000000000000e+03
3.840000000000000000e+02 4.614750000000000000e+03
6.480000000000000000e+02 4.614800000000000182e+03
7.760000000000000000e+02 4.614800000000000182e+03
2.000000000000000000e+02 4.614900000000000546e+03
4.400000000000000000e+02 4.614850000000000364e+03
5.120000000000000000e+02 4.614850000000000364e+03
6.000000000000000000e+02 4.614850000000000364e+03
1.280000000000000000e+02 4.615000000000000000e+03
2.800000000000000000e+02 4.615000000000000000e+03
4.000000000000000000e+02 4.614949999999999818e+03
6.640000000000000000e+02 4.614949999999999818e+03
7.840000000000000000e+02 4.615000000000000000e+03
2.720000000000000000e+02 4.615199999999999818e+03
4.320000000000000000e+02 4.615150000000000546e+03
8.000000000000000000e+02 4.615150000000000546e+03
2.080000000000000000e+02 4.615300000000000182e+03
2.880000000000000000e+02 4.615300000000000182e+03
3.680000000000000000e+02 4.615250000000000000e+03
4.720000000000000000e+02 4.615300000000000182e+03
5.360000000000000000e+02 4.615300000000000182e+03
6.560000000000000000e+02 4.615300000000000182e+03
3.200000000000000000e+01 4.615400000000000546e+03
2.400000000000000000e+02 4.615400000000000546e+03
6.800000000000000000e+02 4.615350000000000364e+03
1.600000000000000000e+01 4.615500000000000000e+03
7.200000000000000000e+01 4.615449999999999818e+03
1.920000000000000000e+02 4.615449999999999818e+03
3.120000000000000000e+02 4.615500000000000000e+03
6.160000000000000000e+02 4.615449999999999818e+03
1.520000000000000000e+02 4.615699999999999818e+03
7.040000000000000000e+02 4.615699999999999818e+03
7.520000000000000000e+02 4.615650000000000546e+03
7.600000000000000000e+02 4.615699999999999818e+03
3.360000000000000000e+02 4.615800000000000182e+03
6.960000000000000000e+02 4.615800000000000182e+03
1.760000000000000000e+02 4.615949999999999818e+03
3.760000000000000000e+02 4.616100000000000364e+03
5.680000000000000000e+02 4.616199999999999818e+03
7.920000000000000000e+02 4.616150000000000546e+03
4.080000000000000000e+02 4.616300000000000182e+03
7.200000000000000000e+02 4.616500000000000000e+03
2.240000000000000000e+02 4.616550000000000182e+03
6.880000000000000000e+02 4.617300000000000182e+03
5.520000000000000000e+02 4.617449999999999818e+03
1.840000000000000000e+02 4.619550000000000182e+03
4.560000000000000000e+02 4.627449999999999818e+03
2.160000000000000000e+02 4.629150000000000546e+03
3.040000000000000000e+02 4.630699999999999818e+03
4.320000000000000000e+02 4.636000000000000000e+03
1.280000000000000000e+02 4.641100000000000364e+03
6.400000000000000000e+01 4.645949999999999818e+03
2.160000000000000000e+02 4.647900000000000546e+03
6.720000000000000000e+02 4.652350000000000364e+03
3.440000000000000000e+02 4.652650000000000546e+03
1.680000000000000000e+02 4.655050000000000182e+03
2.560000000000000000e+02 4.656000000000000000e+03
5.840000000000000000e+02 4.656000000000000000e+03
2.400000000000000000e+02 4.661400000000000546e+03
1.040000000000000000e+02 4.667350000000000364e+03
4.080000000000000000e+02 4.668000000000000000e+03
5.360000000000000000e+02 4.677800000000000182e+03
5.040000000000000000e+02 4.679150000000000546e+03
6.480000000000000000e+02 4.688750000000000000e+03
3.680000000000000000e+02 4.693199999999999818e+03
8.800000000000000000e+01 4.693300000000000182e+03
3.120000000000000000e+02 4.695600000000000364e+03
7.840000000000000000e+02 4.696800000000000182e+03
6.400000000000000000e+01 4.704199999999999818e+03
5.360000000000000000e+02 4.704150000000000546e+03
1.840000000000000000e+02 4.708400000000000546e+03
7.440000000000000000e+02 4.723050000000000182e+03
3.920000000000000000e+02 4.740900000000000546e+03
6.400000000000000000e+02 4.757400000000000546e+03
5.600000000000000000e+02 4.763000000000000000e+03
7.840000000000000000e+02 4.804949999999999818e+03
4.000000000000000000e+01 4.816150000000000546e+03
6.400000000000000000e+01 4.820600000000000364e+03
6.640000000000000000e+02 4.834800000000000182e+03
6.560000000000000000e+02 4.835150000000000546e+03
3.360000000000000000e+02 4.836250000000000000e+03
6.000000000000000000e+02 4.846300000000000182e+03
5.520000000000000000e+02 4.851600000000000364e+03
1.520000000000000000e+02 4.852100000000000364e+03
7.200000000000000000e+01 4.852250000000000000e+03
5.920000000000000000e+02 4.852300000000000182e+03
1.360000000000000000e+02 4.852500000000000000e+03
2.320000000000000000e+02 4.852550000000000182e+03
2.160000000000000000e+02 4.852800000000000182e+03
7.680000000000000000e+02 4.854199999999999818e+03
4.080000000000000000e+02 4.854750000000000000e+03
8.000000000000000000e+01 4.854949999999999818e+03
6.080000000000000000e+02 4.855100000000000364e+03
3.040000000000000000e+02 4.855250000000000000e+03
7.840000000000000000e+02 4.855400000000000546e+03
1.280000000000000000e+02 4.855900000000000546e+03
3.440000000000000000e+02 4.855850000000000364e+03
4.400000000000000000e+02 4.855949999999999818e+03
6.800000000000000000e+02 4.856050000000000182e+03
3.680000000000000000e+02 4.856199999999999818e+03
3.360000000000000000e+02 4.856400000000000546e+03
2.880000000000000000e+02 4.856699999999999818e+03
9.600000000000000000e+01 4.856800000000000182e+03
1.840000000000000000e+02 4.856800000000000182e+03
5.840000000000000000e+02 4.856800000000000182e+03
1.920000000000000000e+02 4.857250000000000000e+03
2.080000000000000000e+02 4.857300000000000182e+03
4.800000000000000000e+02 4.857699999999999818e+03
4.480000000000000000e+02 4.857800000000000182e+03
2.160000000000000000e+02 4.857850000000000364e+03
4.800000000000000000e+01 4.858000000000000000e+03
5.440000000000000000e+02 4.858000000000000000e+03
6.320000000000000000e+02 4.858000000000000000e+03
7.760000000000000000e+02 4.858050000000000182e+03
4.000000000000000000e+01 4.858199999999999818e+03
4.880000000000000000e+02 4.858400000000000546e+03
1.680000000000000000e+02 4.858500000000000000e+03
7.520000000000000000e+02 4.858500000000000000e+03
1.040000000000000000e+02 4.858600000000000364e+03
7.600000000000000000e+02 4.858550000000000182e+03
1.440000000000000000e+02 4.858699999999999818e+03
2.800000000000000000e+02 4.858650000000000546e+03
4.960000000000000000e+02 4.858699999999999818e+03
5.760000000000000000e+02 4.858699999999999818e+03
2.400000000000000000e+01 4.858800000000000182e+03
2.560000000000000000e+02 4.858949999999999818e+03
3.520000000000000000e+02 4.859000000000000000e+03
3.920000000000000000e+02 4.859100000000000364e+03
2.320000000000000000e+02 4.859300000000000182e+03
2.000000000000000000e+02 4.859400000000000546e+03
2.640000000000000000e+02 4.859400000000000546e+03
8.000000000000000000e+00 4.859449999999999818e+03
5.040000000000000000e+02 4.859500000000000000e+03
5.120000000000000000e+02 4.859449999999999818e+03
7.120000000000000000e+02 4.859500000000000000e+03
4.000000000000000000e+02 4.859550000000000182e+03
5.280000000000000000e+02 4.859699999999999818e+03
7.920000000000000000e+02 4.859699999999999818e+03
5.600000000000000000e+01 4.859800000000000182e+03
3.840000000000000000e+02 4.859750000000000000e+03
4.560000000000000000e+02 4.859800000000000182e+03
1.600000000000000000e+01 4.859900000000000546e+03
2.400000000000000000e+02 4.859900000000000546e+03
5.920000000000000000e+02 4.860000000000000000e+03
1.600000000000000000e+02 4.860199999999999818e+03
2.960000000000000000e+02 4.860150000000000546e+03
3.600000000000000000e+02 4.860199999999999818e+03
6.640000000000000000e+02 4.860199999999999818e+03
7.040000000000000000e+02 4.860150000000000546e+03
3.200000000000000000e+02 4.860300000000000182e+03
4.720000000000000000e+02 4.860250000000000000e+03
7.840000000000000000e+02 4.860250000000000000e+03
8.000000000000000000e+02 4.860300000000000182e+03
7.200000000000000000e+01 4.860350000000000364e+03
6.080000000000000000e+02 4.860350000000000364e+03
8.800000000000000000e+01 4.860449999999999818e+03
3.680000000000000000e+02 4.860500000000000000e+03
4.160000000000000000e+02 4.860449999999999818e+03
5.600000000000000000e+02 4.860449999999999818e+03
6.960000000000000000e+02 4.860500000000000000e+03
6.400000000000000000e+01 4.860550000000000182e+03
6.160000000000000000e+02 4.860699999999999818e+03
6.480000000000000000e+02 4.860699999999999818e+03
7.680000000000000000e+02 4.860750000000000000e+03
1.120000000000000000e+02 4.860900000000000546e+03
3.360000000000000000e+02 4.860900000000000546e+03
5.200000000000000000e+02 4.860900000000000546e+03
5.360000000000000000e+02 4.860850000000000364e+03
4.080000000000000000e+02 4.861000000000000000e+03
4.240000000000000000e+02 4.860949999999999818e+03
2.240000000000000000e+02 4.861050000000000182e+03
6.240000000000000000e+02 4.861100000000000364e+03
7.760000000000000000e+02 4.861050000000000182e+03
1.360000000000000000e+02 4.861150000000000546e+03
2.480000000000000000e+02 4.861150000000000546e+03
2.720000000000000000e+02 4.861199999999999818e+03
5.520000000000000000e+02 4.861199999999999818e+03
6.560000000000000000e+02 4.861150000000000546e+03
3.120000000000000000e+02 4.861250000000000000e+03
1.280000000000000000e+02 4.861550000000000182e+03
4.320000000000000000e+02 4.864350000000000364e+03
3.760000000000000000e+02 4.864750000000000000e+03
5.440000000000000000e+02 4.866750000000000000e+03
7.360000000000000000e+02 4.868500000000000000e+03
4.000000000000000000e+02 4.869000000000000000e+03
3.200000000000000000e+01 4.870500000000000000e+03
6.080000000000000000e+02 4.872150000000000546e+03
1.680000000000000000e+02 4.884100000000000364e+03
3.360000000000000000e+02 4.884100000000000364e+03
2.560000000000000000e+02 4.886400000000000546e+03
4.560000000000000000e+02 4.887550000000000182e+03
1.040000000000000000e+02 4.889850000000000364e+03
7.760000000000000000e+02 4.897850000000000364e+03
7.840000000000000000e+02 4.901949999999999818e+03
7.520000000000000000e+02 4.905150000000000546e+03
3.280000000000000000e+02 4.906300000000000182e+03
2.080000000000000000e+02 4.906850000000000364e+03
5.600000000000000000e+02 4.910400000000000546e+03
5.600000000000000000e+01 4.924199999999999818e+03
2.480000000000000000e+02 4.930400000000000546e+03
7.760000000000000000e+02 4.935650000000000546e+03
5.120000000000000000e+02 4.937199999999999818e+03
1.840000000000000000e+02 4.937850000000000364e+03
5.200000000000000000e+02 4.940949999999999818e+03
4.000000000000000000e+01 4.943199999999999818e+03
2.000000000000000000e+02 4.944050000000000182e+03
7.440000000000000000e+02 4.946199999999999818e+03
3.920000000000000000e+02 4.964100000000000364e+03
3.920000000000000000e+02 4.978250000000000000e+03
1.600000000000000000e+01 4.988699999999999818e+03
1.440000000000000000e+02 4.994900000000000546e+03
8.000000000000000000e+00 5.004250000000000000e+03
5.920000000000000000e+02 5.005550000000000182e+03
9.600000000000000000e+01 5.017650000000000546e+03
4.800000000000000000e+01 5.028550000000000182e+03
7.360000000000000000e+02 5.043199999999999818e+03
4.720000000000000000e+02 5.064550000000000182e+03
5.600000000000000000e+02 5.076250000000000000e+03
5.760000000000000000e+02 5.078150000000000546e+03
7.680000000000000000e+02 5.099949999999999818e+03
1.600000000000000000e+02 5.175350000000000364e+03
6.720000000000000000e+02 5.175650000000000546e+03
4.320000000000000000e+02 5.183150000000000546e+03
4.800000000000000000e+01 5.187150000000000546e+03
4.240000000000000000e+02 5.188199999999999818e+03
5.520000000000000000e+02 5.188650000000000546e+03
3.200000000000000000e+02 5.190050000000000182e+03
8.000000000000000000e+00 5.194550000000000182e+03
7.040000000000000000e+02 5.200350000000000364e+03
7.600000000000000000e+02 5.200650000000000546e+03
7.280000000000000000e+02 5.205850000000000364e+03
1.840000000000000000e+02 5.214150000000000546e+03
2.800000000000000000e+02 5.218750000000000000e+03
5.600000000000000000e+01 5.219000000000000000e+03
5.680000000000000000e+02 5.222949999999999818e+03
2.400000000000000000e+01 5.227300000000000182e+03
7.920000000000000000e+02 5.227449999999999818e+03
2.400000000000000000e+02 5.228949999999999818e+03
1.440000000000000000e+02 5.231449999999999818e+03
3.920000000000000000e+02 5.231850000000000364e+03
7.520000000000000000e+02 5.234350000000000364e+03
3.120000000000000000e+02 5.236550000000000182e+03
4.320000000000000000e+02 5.236800000000000182e+03
4.240000000000000000e+02 5.237400000000000546e+03
2.480000000000000000e+02 5.238199999999999818e+03
1.600000000000000000e+02 5.238350000000000364e+03
1.280000000000000000e+02 5.239150000000000546e+03
3.360000000000000000e+02 5.239400000000000546e+03
1.760000000000000000e+02 5.239550000000000182e+03
2.880000000000000000e+02 5.239650000000000546e+03
1.840000000000000000e+02 5.239750000000000000e+03
8.000000000000000000e+02 5.239750000000000000e+03
3.600000000000000000e+02 5.239949999999999818e+03
4.160000000000000000e+02 5.240150000000000546e+03
7.440000000000000000e+02 5.240300000000000182e+03
7.600000000000000000e+02 5.240400000000000546e+03
2.400000000000000000e+02 5.240500000000000000e+03
6.240000000000000000e+02 5.240750000000000000e+03
3.200000000000000000e+02 5.240900000000000546e+03
6.400000000000000000e+01 5.241000000000000000e+03
1.200000000000000000e+02 5.240949999999999818e+03
4.560000000000000000e+02 5.241150000000000546e+03
4.000000000000000000e+01 5.241300000000000182e+03
5.920000000000000000e+02 5.241300000000000182e+03
7.360000000000000000e+02 5.241300000000000182e+03
2.000000000000000000e+02 5.241500000000000000e+03
5.760000000000000000e+02 5.241500000000000000e+03
6.160000000000000000e+02 5.241449999999999818e+03
3.200000000000000000e+01 5.241550000000000182e+03
3.440000000000000000e+02 5.241600000000000364e+03
4.800000000000000000e+02 5.241550000000000182e+03
6.080000000000000000e+02 5.241600000000000364e+03
7.280000000000000000e+02 5.241550000000000182e+03
1.440000000000000000e+02 5.241650000000000546e+03
1.600000000000000000e+01 5.241800000000000182e+03
1.680000000000000000e+02 5.241750000000000000e+03
4.400000000000000000e+02 5.241800000000000182e+03
2.960000000000000000e+02 5.242000000000000000e+03
2.560000000000000000e+02 5.242100000000000364e+03
5.440000000000000000e+02 5.242050000000000182e+03
1.520000000000000000e+02 5.242150000000000546e+03
5.120000000000000000e+02 5.242150000000000546e+03
7.760000000000000000e+02 5.242150000000000546e+03
5.680000000000000000e+02 5.242300000000000182e+03
6.320000000000000000e+02 5.242250000000000000e+03
2.080000000000000000e+02 5.242350000000000364e+03
5.600000000000000000e+02 5.242449999999999818e+03
7.840000000000000000e+02 5.242449999999999818e+03
8.000000000000000000e+01 5.242550000000000182e+03
3.920000000000000000e+02 5.242550000000000182e+03
5.840000000000000000e+02 5.242550000000000182e+03
7.920000000000000000e+02 5.242600000000000364e+03
2.240000000000000000e+02 5.242699999999999818e+03
4.640000000000000000e+02 5.242650000000000546e+03
6.800000000000000000e+02 5.242650000000000546e+03
7.040000000000000000e+02 5.242699999999999818e+03
5.040000000000000000e+02 5.242750000000000000e+03
6.400000000000000000e+02 5.242750000000000000e+03
7.200000000000000000e+01 5.242900000000000546e+03
2.640000000000000000e+02 5.242850000000000364e+03
7.120000000000000000e+02 5.242900000000000546e+03
2.400000000000000000e+01 5.242949999999999818e+03
2.480000000000000000e+02 5.242949999999999818e+03
3.280000000000000000e+02 5.243000000000000000e+03
3.760000000000000000e+02 5.243000000000000000e+03
6.960000000000000000e+02 5.242949999999999818e+03
8.000000000000000000e+00 5.243100000000000364e+03
2.720000000000000000e+02 5.243050000000000182e+03
4.480000000000000000e+02 5.243050000000000182e+03
4.720000000000000000e+02 5.243050000000000182e+03
5.200000000000000000e+02 5.243100000000000364e+03
9.600000000000000000e+01 5.243199999999999818e+03
2.320000000000000000e+02 5.243199999999999818e+03
4.080000000000000000e+02 5.243199999999999818e+03
1.040000000000000000e+02 5.243300000000000182e+03
1.360000000000000000e+02 5.243300000000000182e+03
2.160000000000000000e+02 5.243250000000000000e+03
4.000000000000000000e+02 5.243300000000000182e+03
4.880000000000000000e+02 5.243300000000000182e+03
5.280000000000000000e+02 5.243300000000000182e+03
5.360000000000000000e+02 5.243250000000000000e+03
6.880000000000000000e+02 5.243300000000000182e+03
7.520000000000000000e+02 5.243300000000000182e+03
1.600000000000000000e+02 5.243400000000000546e+03
1.920000000000000000e+02 5.243350000000000364e+03
2.800000000000000000e+02 5.243400000000000546e+03
6.720000000000000000e+02 5.243400000000000546e+03
4.240000000000000000e+02 5.243500000000000000e+03
8.000000000000000000e+02 5.243449999999999818e+03
4.320000000000000000e+02 5.243550000000000182e+03
4.960000000000000000e+02 5.243600000000000364e+03
4.800000000000000000e+01 5.243650000000000546e+03
2.880000000000000000e+02 5.243699999999999818e+03
3.120000000000000000e+02 5.243650000000000546e+03
3.600000000000000000e+02 5.243650000000000546e+03
3.680000000000000000e+02 5.243650000000000546e+03
6.000000000000000000e+02 5.243699999999999818e+03
6.480000000000000000e+02 5.243699999999999818e+03
5.600000000000000000e+01 5.243750000000000000e+03
3.360000000000000000e+02 5.243750000000000000e+03
3.840000000000000000e+02 5.243750000000000000e+03
7.200000000000000000e+02 5.243750000000000000e+03
7.440000000000000000e+02 5.243750000000000000e+03
1.280000000000000000e+02 5.243900000000000546e+03
1.840000000000000000e+02 5.243850000000000364e+03
6.560000000000000000e+02 5.243850000000000364e+03
6.640000000000000000e+02 5.243949999999999818e+03
6.400000000000000000e+01 5.244050000000000182e+03
1.120000000000000000e+02 5.244100000000000364e+03
3.040000000000000000e+02 5.244050000000000182e+03
5.520000000000000000e+02 5.244050000000000182e+03
8.800000000000000000e+01 5.244600000000000364e+03
2.400000000000000000e+02 5.244650000000000546e+03
3.520000000000000000e+02 5.244699999999999818e+03
2.000000000000000000e+02 5.245050000000000182e+03
6.240000000000000000e+02 5.245350000000000364e+03
5.760000000000000000e+02 5.246500000000000000e+03
6.080000000000000000e+02 5.247199999999999818e+03
6.400000000000000000e+02 5.247800000000000182e+03
1.680000000000000000e+02 5.248500000000000000e+03
3.200000000000000000e+01 5.251300000000000182e+03
5.920000000000000000e+02 5.273500000000000000e+03
1.600000000000000000e+02 5.346699999999999818e+03
2.400000000000000000e+02 5.459000000000000000e+03
3.760000000000000000e+02 5.479550000000000182e+03
3.040000000000000000e+02 5.494050000000000182e+03
6.400000000000000000e+02 5.534699999999999818e+03
4.640000000000000000e+02 5.535350000000000364e+03
4.960000000000000000e+02 5.591600000000000364e+03
1.360000000000000000e+02 5.651850000000000364e+03
2.880000000000000000e+02 5.700150000000000546e+03
5.520000000000000000e+02 5.736449999999999818e+03
7.680000000000000000e+02 5.809800000000000182e+03
7.200000000000000000e+01 5.992199999999999818e+03
8.900000000000000000e+01 1.316500000000000057e+02
5.370000000000000000e+02 1.413499999999999943e+02
4.570000000000000000e+02 1.583499999999999943e+02
2.890000000000000000e+02 1.603499999999999943e+02
4.410000000000000000e+02 1.605500000000000114e+02
7.130000000000000000e+02 1.723499999999999943e+02
4.330000000000000000e+02 2.360500000000000114e+02
2.010000000000000000e+02 2.367000000000000171e+02
1.210000000000000000e+02 2.495500000000000114e+02
4.970000000000000000e+02 2.558499999999999943e+02
3.370000000000000000e+02 2.793000000000000114e+02
9.700000000000000000e+01 2.817500000000000000e+02
6.250000000000000000e+02 3.001500000000000341e+02
3.300000000000000000e+01 3.013500000000000227e+02
6.970000000000000000e+02 3.056500000000000341e+02
6.410000000000000000e+02 3.071999999999999886e+02
7.770000000000000000e+02 3.128000000000000114e+02
7.930000000000000000e+02 3.183000000000000114e+02
7.690000000000000000e+02 3.197500000000000000e+02
5.930000000000000000e+02 3.201999999999999886e+02
7.300000000000000000e+01 3.269000000000000341e+02
3.770000000000000000e+02 3.337500000000000000e+02
7.530000000000000000e+02 3.494000000000000341e+02
2.490000000000000000e+02 3.514499999999999886e+02
3.930000000000000000e+02 3.623000000000000114e+02
6.090000000000000000e+02 3.865500000000000114e+02
3.210000000000000000e+02 3.989000000000000341e+02
5.690000000000000000e+02 4.060000000000000000e+02
7.130000000000000000e+02 4.293500000000000227e+02
1.050000000000000000e+02 4.301000000000000227e+02
7.450000000000000000e+02 5.010000000000000000e+02
2.650000000000000000e+02 5.730500000000000682e+02
3.130000000000000000e+02 5.843999999999999773e+02
8.900000000000000000e+01 5.993999999999999773e+02
6.330000000000000000e+02 6.182000000000000455e+02
4.100000000000000000e+01 6.255500000000000682e+02
7.300000000000000000e+01 6.359500000000000455e+02
7.450000000000000000e+02 6.445000000000000000e+02
7.130000000000000000e+02 6.466000000000000227e+02
2.250000000000000000e+02 6.577000000000000455e+02
2.650000000000000000e+02 6.861499999999999773e+02
1.930000000000000000e+02 6.867500000000000000e+02
1.130000000000000000e+02 7.212000000000000455e+02
5.130000000000000000e+02 7.378000000000000682e+02
7.450000000000000000e+02 7.574500000000000455e+02
7.300000000000000000e+01 7.581499999999999773e+02
1.770000000000000000e+02 7.650500000000000682e+02
1.850000000000000000e+02 7.668500000000000227e+02
3.370000000000000000e+02 7.682500000000000000e+02
4.330000000000000000e+02 7.866499999999999773e+02
6.970000000000000000e+02 7.883999999999999773e+02
5.050000000000000000e+02 7.958999999999999773e+02
3.300000000000000000e+01 7.965000000000000000e+02
4.570000000000000000e+02 8.010500000000000682e+02
2.570000000000000000e+02 8.107000000000000455e+02
7.610000000000000000e+02 8.474500000000000455e+02
7.210000000000000000e+02 8.548000000000000682e+02
3.610000000000000000e+02 8.627500000000000000e+02
6.490000000000000000e+02 9.118999999999999773e+02
7.050000000000000000e+02 9.230000000000000000e+02
2.570000000000000000e+02 9.600500000000000682e+02
3.130000000000000000e+02 9.606000000000000227e+02
4.100000000000000000e+01 9.741499999999999773e+02
4.090000000000000000e+02 1.006800000000000068e+03
4.810000000000000000e+02 1.034950000000000045e+03
2.570000000000000000e+02 1.053700000000000045e+03
4.330000000000000000e+02 1.093049999999999955e+03
3.450000000000000000e+02 1.144700000000000045e+03
3.610000000000000000e+02 1.147450000000000045e+03
2.250000000000000000e+02 1.148150000000000091e+03
4.170000000000000000e+02 1.150650000000000091e+03
5.700000000000000000e+01 1.161500000000000000e+03
4.490000000000000000e+02 1.163650000000000091e+03
7.850000000000000000e+02 1.165350000000000136e+03
7.370000000000000000e+02 1.181250000000000000e+03
7.210000000000000000e+02 1.205450000000000045e+03
3.050000000000000000e+02 1.209850000000000136e+03
7.300000000000000000e+01 1.222299999999999955e+03
1.050000000000000000e+02 1.248450000000000045e+03
6.570000000000000000e+02 1.251600000000000136e+03
4.490000000000000000e+02 1.253100000000000136e+03
2.170000000000000000e+02 1.277450000000000045e+03
2.570000000000000000e+02 1.300700000000000045e+03
6.410000000000000000e+02 1.320400000000000091e+03
4.250000000000000000e+02 1.360450000000000045e+03
3.130000000000000000e+02 1.369500000000000000e+03
5.370000000000000000e+02 1.372250000000000000e+03
7.770000000000000000e+02 1.376250000000000000e+03
1.000000000000000000e+00 1.399049999999999955e+03
3.290000000000000000e+02 1.405799999999999955e+03
7.610000000000000000e+02 1.409200000000000045e+03
4.490000000000000000e+02 1.409299999999999955e+03
4.090000000000000000e+02 1.410600000000000136e+03
1.130000000000000000e+02 1.426000000000000000e+03
6.890000000000000000e+02 1.433350000000000136e+03
1.700000000000000000e+01 1.454299999999999955e+03
2.970000000000000000e+02 1.483549999999999955e+03
7.290000000000000000e+02 1.503250000000000000e+03
4.900000000000000000e+01 1.512150000000000091e+03
7.050000000000000000e+02 1.542549999999999955e+03
5.610000000000000000e+02 1.554850000000000136e+03
5.130000000000000000e+02 1.555000000000000000e+03
7.690000000000000000e+02 1.557450000000000045e+03
7.370000000000000000e+02 1.593650000000000091e+03
1.370000000000000000e+02 1.603350000000000136e+03
2.170000000000000000e+02 1.606650000000000091e+03
1.210000000000000000e+02 1.626950000000000045e+03
4.410000000000000000e+02 1.640200000000000045e+03
1.690000000000000000e+02 1.659950000000000045e+03
1.450000000000000000e+02 1.669600000000000136e+03
5.690000000000000000e+02 1.679600000000000136e+03
6.330000000000000000e+02 1.683600000000000136e+03
6.010000000000000000e+02 1.710250000000000000e+03
6.570000000000000000e+02 1.721900000000000091e+03
4.330000000000000000e+02 1.723950000000000045e+03
9.700000000000000000e+01 1.733799999999999955e+03
4.250000000000000000e+02 1.766299999999999955e+03
7.930000000000000000e+02 1.806600000000000136e+03
1.450000000000000000e+02 1.814650000000000091e+03
4.330000000000000000e+02 1.822450000000000045e+03
3.210000000000000000e+02 1.836350000000000136e+03
2.330000000000000000e+02 1.851150000000000091e+03
2.730000000000000000e+02 1.905600000000000136e+03
3.050000000000000000e+02 1.939350000000000136e+03
3.530000000000000000e+02 1.954500000000000000e+03
3.850000000000000000e+02 1.970750000000000000e+03
3.130000000000000000e+02 1.978049999999999955e+03
4.570000000000000000e+02 1.981900000000000091e+03
5.370000000000000000e+02 1.986000000000000000e+03
8.100000000000000000e+01 1.991900000000000091e+03
6.970000000000000000e+02 1.993049999999999955e+03
7.130000000000000000e+02 1.995549999999999955e+03
1.050000000000000000e+02 2.008900000000000091e+03
6.490000000000000000e+02 2.017950000000000045e+03
3.300000000000000000e+01 2.027299999999999955e+03
9.000000000000000000e+00 2.048900000000000091e+03
4.970000000000000000e+02 2.069650000000000091e+03
6.890000000000000000e+02 2.075050000000000182e+03
7.300000000000000000e+01 2.080699999999999818e+03
1.290000000000000000e+02 2.093750000000000000e+03
1.690000000000000000e+02 2.117750000000000000e+03
7.770000000000000000e+02 2.177550000000000182e+03
7.290000000000000000e+02 2.182750000000000000e+03
1.290000000000000000e+02 2.187650000000000091e+03
5.130000000000000000e+02 2.192000000000000000e+03
4.100000000000000000e+01 2.196099999999999909e+03
6.970000000000000000e+02 2.200099999999999909e+03
7.770000000000000000e+02 2.221599999999999909e+03
6.330000000000000000e+02 2.225750000000000000e+03
3.610000000000000000e+02 2.230050000000000182e+03
4.330000000000000000e+02 2.244450000000000273e+03
9.000000000000000000e+00 2.249849999999999909e+03
4.890000000000000000e+02 2.257849999999999909e+03
7.290000000000000000e+02 2.287900000000000091e+03
6.970000000000000000e+02 2.291599999999999909e+03
8.900000000000000000e+01 2.302150000000000091e+03
9.000000000000000000e+00 2.331500000000000000e+03
1.130000000000000000e+02 2.332900000000000091e+03
5.690000000000000000e+02 2.355300000000000182e+03
4.100000000000000000e+01 2.370800000000000182e+03
4.100000000000000000e+01 2.383750000000000000e+03
2.250000000000000000e+02 2.443950000000000273e+03
4.010000000000000000e+02 2.471099999999999909e+03
2.730000000000000000e+02 2.517550000000000182e+03
1.050000000000000000e+02 2.525650000000000091e+03
9.000000000000000000e+00 2.559300000000000182e+03
3.210000000000000000e+02 2.567700000000000273e+03
6.500000000000000000e+01 2.595599999999999909e+03
7.850000000000000000e+02 2.646000000000000000e+03
2.500000000000000000e+01 2.652200000000000273e+03
4.810000000000000000e+02 2.662800000000000182e+03
3.210000000000000000e+02 2.675150000000000091e+03
4.970000000000000000e+02 2.681650000000000091e+03
6.570000000000000000e+02 2.707400000000000091e+03
4.090000000000000000e+02 2.707750000000000000e+03
5.700000000000000000e+01 2.712099999999999909e+03
4.970000000000000000e+02 2.713349999999999909e+03
2.490000000000000000e+02 2.733500000000000000e+03
2.010000000000000000e+02 2.734349999999999909e+03
2.490000000000000000e+02 2.755849999999999909e+03
6.330000000000000000e+02 2.792950000000000273e+03
1.770000000000000000e+02 2.846800000000000182e+03
8.900000000000000000e+01 2.858150000000000091e+03
6.890000000000000000e+02 2.872050000000000182e+03
1.770000000000000000e+02 2.872200000000000273e+03
3.930000000000000000e+02 2.874650000000000091e+03
1.050000000000000000e+02 2.892200000000000273e+03
5.370000000000000000e+02 2.895000000000000000e+03
3.300000000000000000e+01 2.914250000000000000e+03
1.130000000000000000e+02 2.923550000000000182e+03
4.570000000000000000e+02 2.929450000000000273e+03
2.970000000000000000e+02 2.933750000000000000e+03
4.810000000000000000e+02 2.956050000000000182e+03
2.010000000000000000e+02 2.974000000000000000e+03
6.500000000000000000e+01 2.990450000000000273e+03
2.090000000000000000e+02 3.004450000000000273e+03
3.300000000000000000e+01 3.005700000000000273e+03
2.250000000000000000e+02 3.006849999999999909e+03
3.770000000000000000e+02 3.007750000000000000e+03
6.010000000000000000e+02 3.008050000000000182e+03
6.330000000000000000e+02 3.008750000000000000e+03
7.300000000000000000e+01 3.008849999999999909e+03
1.370000000000000000e+02 3.009050000000000182e+03
7.290000000000000000e+02 3.009150000000000091e+03
3.690000000000000000e+02 3.009300000000000182e+03
6.810000000000000000e+02 3.009349999999999909e+03
8.900000000000000000e+01 3.009599999999999909e+03
6.490000000000000000e+02 3.009599999999999909e+03
7.530000000000000000e+02 3.009650000000000091e+03
1.130000000000000000e+02 3.009750000000000000e+03
2.810000000000000000e+02 3.009800000000000182e+03
4.570000000000000000e+02 3.009849999999999909e+03
6.650000000000000000e+02 3.009900000000000091e+03
2.010000000000000000e+02 3.009950000000000273e+03
2.730000000000000000e+02 3.010250000000000000e+03
5.050000000000000000e+02 3.010400000000000091e+03
6.410000000000000000e+02 3.010800000000000182e+03
5.700000000000000000e+01 3.010900000000000091e+03
3.850000000000000000e+02 3.011450000000000273e+03
9.000000000000000000e+00 3.011550000000000182e+03
2.500000000000000000e+01 3.011550000000000182e+03
2.410000000000000000e+02 3.011599999999999909e+03
2.890000000000000000e+02 3.011550000000000182e+03
7.210000000000000000e+02 3.011650000000000091e+03
5.290000000000000000e+02 3.013650000000000091e+03
4.010000000000000000e+02 3.015200000000000273e+03
6.730000000000000000e+02 3.015150000000000091e+03
4.890000000000000000e+02 3.015500000000000000e+03
7.050000000000000000e+02 3.015450000000000273e+03
4.970000000000000000e+02 3.016000000000000000e+03
7.370000000000000000e+02 3.016250000000000000e+03
3.210000000000000000e+02 3.016349999999999909e+03
4.490000000000000000e+02 3.016550000000000182e+03
9.700000000000000000e+01 3.016700000000000273e+03
1.050000000000000000e+02 3.016800000000000182e+03
1.450000000000000000e+02 3.016900000000000091e+03
4.810000000000000000e+02 3.016900000000000091e+03
4.100000000000000000e+01 3.016950000000000273e+03
4.090000000000000000e+02 3.017000000000000000e+03
6.330000000000000000e+02 3.017000000000000000e+03
1.610000000000000000e+02 3.017050000000000182e+03
4.250000000000000000e+02 3.017050000000000182e+03
1.290000000000000000e+02 3.017300000000000182e+03
2.330000000000000000e+02 3.017300000000000182e+03
3.770000000000000000e+02 3.017300000000000182e+03
6.090000000000000000e+02 3.017300000000000182e+03
3.050000000000000000e+02 3.017349999999999909e+03
4.170000000000000000e+02 3.017400000000000091e+03
1.850000000000000000e+02 3.017450000000000273e+03
2.490000000000000000e+02 3.017500000000000000e+03
3.610000000000000000e+02 3.017599999999999909e+03
1.690000000000000000e+02 3.017650000000000091e+03
2.250000000000000000e+02 3.017700000000000273e+03
7.850000000000000000e+02 3.017650000000000091e+03
1.130000000000000000e+02 3.017800000000000182e+03
6.890000000000000000e+02 3.017750000000000000e+03
4.900000000000000000e+01 3.017900000000000091e+03
3.930000000000000000e+02 3.017900000000000091e+03
4.730000000000000000e+02 3.018000000000000000e+03
5.530000000000000000e+02 3.017950000000000273e+03
2.810000000000000000e+02 3.018050000000000182e+03
2.970000000000000000e+02 3.018050000000000182e+03
6.970000000000000000e+02 3.018050000000000182e+03
2.170000000000000000e+02 3.018200000000000273e+03
6.170000000000000000e+02 3.018200000000000273e+03
3.850000000000000000e+02 3.018250000000000000e+03
2.010000000000000000e+02 3.018400000000000091e+03
6.570000000000000000e+02 3.018349999999999909e+03
7.930000000000000000e+02 3.018400000000000091e+03
6.500000000000000000e+01 3.018450000000000273e+03
2.090000000000000000e+02 3.018500000000000000e+03
7.610000000000000000e+02 3.018500000000000000e+03
7.690000000000000000e+02 3.019200000000000273e+03
1.530000000000000000e+02 3.019450000000000273e+03
6.650000000000000000e+02 3.019599999999999909e+03
7.770000000000000000e+02 3.019700000000000273e+03
1.930000000000000000e+02 3.019750000000000000e+03
1.700000000000000000e+01 3.019950000000000273e+03
7.290000000000000000e+02 3.020349999999999909e+03
3.130000000000000000e+02 3.020500000000000000e+03
5.700000000000000000e+01 3.025550000000000182e+03
3.530000000000000000e+02 3.026500000000000000e+03
5.370000000000000000e+02 3.026450000000000273e+03
6.250000000000000000e+02 3.026450000000000273e+03
2.570000000000000000e+02 3.026599999999999909e+03
3.300000000000000000e+01 3.026800000000000182e+03
2.500000000000000000e+01 3.026900000000000091e+03
5.770000000000000000e+02 3.026900000000000091e+03
3.210000000000000000e+02 3.027000000000000000e+03
5.130000000000000000e+02 3.026950000000000273e+03
5.850000000000000000e+02 3.026950000000000273e+03
3.290000000000000000e+02 3.027099999999999909e+03
3.370000000000000000e+02 3.027150000000000091e+03
3.690000000000000000e+02 3.027200000000000273e+03
2.410000000000000000e+02 3.027450000000000273e+03
4.890000000000000000e+02 3.027650000000000091e+03
3.130000000000000000e+02 3.027800000000000182e+03
9.700000000000000000e+01 3.027900000000000091e+03
8.100000000000000000e+01 3.027950000000000273e+03
2.650000000000000000e+02 3.028250000000000000e+03
2.970000000000000000e+02 3.028349999999999909e+03
2.810000000000000000e+02 3.028550000000000182e+03
1.290000000000000000e+02 3.028800000000000182e+03
7.130000000000000000e+02 3.029450000000000273e+03
1.000000000000000000e+00 3.034450000000000273e+03
4.330000000000000000e+02 3.034550000000000182e+03
7.530000000000000000e+02 3.034800000000000182e+03
2.250000000000000000e+02 3.035650000000000091e+03
5.210000000000000000e+02 3.035650000000000091e+03
3.450000000000000000e+02 3.035750000000000000e+03
1.050000000000000000e+02 3.036800000000000182e+03
2.010000000000000000e+02 3.037400000000000091e+03
5.050000000000000000e+02 3.037599999999999909e+03
3.850000000000000000e+02 3.037650000000000091e+03
1.370000000000000000e+02 3.037800000000000182e+03
1.690000000000000000e+02 3.037849999999999909e+03
5.290000000000000000e+02 3.037900000000000091e+03
5.610000000000000000e+02 3.038099999999999909e+03
7.450000000000000000e+02 3.038150000000000091e+03
7.050000000000000000e+02 3.038349999999999909e+03
2.170000000000000000e+02 3.038599999999999909e+03
6.570000000000000000e+02 3.038800000000000182e+03
4.570000000000000000e+02 3.038849999999999909e+03
8.900000000000000000e+01 3.038950000000000273e+03
4.490000000000000000e+02 3.039050000000000182e+03
6.410000000000000000e+02 3.039400000000000091e+03
6.890000000000000000e+02 3.039550000000000182e+03
2.330000000000000000e+02 3.039700000000000273e+03
1.000000000000000000e+00 3.047099999999999909e+03
6.490000000000000000e+02 3.047599999999999909e+03
7.850000000000000000e+02 3.047849999999999909e+03
2.500000000000000000e+01 3.048150000000000091e+03
2.330000000000000000e+02 3.048300000000000182e+03
4.170000000000000000e+02 3.048300000000000182e+03
9.000000000000000000e+00 3.048500000000000000e+03
3.300000000000000000e+01 3.048650000000000091e+03
6.250000000000000000e+02 3.048650000000000091e+03
4.970000000000000000e+02 3.048849999999999909e+03
5.690000000000000000e+02 3.049300000000000182e+03
6.810000000000000000e+02 3.049250000000000000e+03
1.530000000000000000e+02 3.049450000000000273e+03
1.930000000000000000e+02 3.049700000000000273e+03
4.490000000000000000e+02 3.050000000000000000e+03
7.770000000000000000e+02 3.050200000000000273e+03
6.410000000000000000e+02 3.050300000000000182e+03
2.890000000000000000e+02 3.050450000000000273e+03
6.730000000000000000e+02 3.050599999999999909e+03
7.210000000000000000e+02 3.051000000000000000e+03
4.650000000000000000e+02 3.056050000000000182e+03
6.570000000000000000e+02 3.057400000000000091e+03
3.050000000000000000e+02 3.058000000000000000e+03
5.050000000000000000e+02 3.058099999999999909e+03
3.690000000000000000e+02 3.058150000000000091e+03
1.450000000000000000e+02 3.058300000000000182e+03
4.410000000000000000e+02 3.058300000000000182e+03
3.770000000000000000e+02 3.058550000000000182e+03
2.170000000000000000e+02 3.058900000000000091e+03
3.450000000000000000e+02 3.058849999999999909e+03
1.130000000000000000e+02 3.059400000000000091e+03
7.050000000000000000e+02 3.059500000000000000e+03
6.970000000000000000e+02 3.059550000000000182e+03
5.700000000000000000e+01 3.059800000000000182e+03
4.970000000000000000e+02 3.059800000000000182e+03
3.530000000000000000e+02 3.059849999999999909e+03
5.370000000000000000e+02 3.060150000000000091e+03
4.810000000000000000e+02 3.061500000000000000e+03
2.650000000000000000e+02 3.061700000000000273e+03
1.930000000000000000e+02 3.062500000000000000e+03
7.370000000000000000e+02 3.064900000000000091e+03
7.770000000000000000e+02 3.065150000000000091e+03
3.930000000000000000e+02 3.065300000000000182e+03
5.370000000000000000e+02 3.068300000000000182e+03
2.010000000000000000e+02 3.068800000000000182e+03
6.410000000000000000e+02 3.068900000000000091e+03
9.700000000000000000e+01 3.069000000000000000e+03
5.530000000000000000e+02 3.069599999999999909e+03
2.730000000000000000e+02 3.069650000000000091e+03
7.300000000000000000e+01 3.070400000000000091e+03
2.650000000000000000e+02 3.070400000000000091e+03
7.130000000000000000e+02 3.070599999999999909e+03
4.970000000000000000e+02 3.071650000000000091e+03
6.730000000000000000e+02 3.074500000000000000e+03
4.810000000000000000e+02 3.074599999999999909e+03
1.050000000000000000e+02 3.076050000000000182e+03
2.410000000000000000e+02 3.076700000000000273e+03
2.330000000000000000e+02 3.077000000000000000e+03
3.290000000000000000e+02 3.077500000000000000e+03
5.530000000000000000e+02 3.077450000000000273e+03
2.500000000000000000e+01 3.077650000000000091e+03
1.000000000000000000e+00 3.078150000000000091e+03
6.500000000000000000e+01 3.078400000000000091e+03
7.130000000000000000e+02 3.080400000000000091e+03
7.300000000000000000e+01 3.080700000000000273e+03
4.650000000000000000e+02 3.081250000000000000e+03
1.370000000000000000e+02 3.082250000000000000e+03
3.690000000000000000e+02 3.082599999999999909e+03
4.090000000000000000e+02 3.083099999999999909e+03
6.970000000000000000e+02 3.083700000000000273e+03
2.010000000000000000e+02 3.083900000000000091e+03
6.490000000000000000e+02 3.084050000000000182e+03
4.010000000000000000e+02 3.084900000000000091e+03
5.850000000000000000e+02 3.085000000000000000e+03
1.290000000000000000e+02 3.085849999999999909e+03
2.650000000000000000e+02 3.085900000000000091e+03
7.610000000000000000e+02 3.085849999999999909e+03
4.490000000000000000e+02 3.086950000000000273e+03
4.250000000000000000e+02 3.089750000000000000e+03
1.130000000000000000e+02 3.091400000000000091e+03
5.930000000000000000e+02 3.092650000000000091e+03
2.170000000000000000e+02 3.093000000000000000e+03
4.410000000000000000e+02 3.093050000000000182e+03
5.700000000000000000e+01 3.093200000000000273e+03
4.330000000000000000e+02 3.093300000000000182e+03
7.450000000000000000e+02 3.093599999999999909e+03
7.530000000000000000e+02 3.093650000000000091e+03
8.100000000000000000e+01 3.093900000000000091e+03
5.130000000000000000e+02 3.093849999999999909e+03
5.770000000000000000e+02 3.098550000000000182e+03
2.730000000000000000e+02 3.098750000000000000e+03
3.130000000000000000e+02 3.098950000000000273e+03
2.330000000000000000e+02 3.099050000000000182e+03
2.650000000000000000e+02 3.099050000000000182e+03
1.210000000000000000e+02 3.099650000000000091e+03
5.290000000000000000e+02 3.099900000000000091e+03
7.290000000000000000e+02 3.100050000000000182e+03
7.370000000000000000e+02 3.100150000000000091e+03
4.250000000000000000e+02 3.101150000000000091e+03
6.970000000000000000e+02 3.102000000000000000e+03
7.530000000000000000e+02 3.102099999999999909e+03
1.000000000000000000e+00 3.107349999999999909e+03
4.100000000000000000e+01 3.108300000000000182e+03
2.890000000000000000e+02 3.108450000000000273e+03
6.570000000000000000e+02 3.109349999999999909e+03
6.650000000000000000e+02 3.109800000000000182e+03
4.890000000000000000e+02 3.109849999999999909e+03
4.490000000000000000e+02 3.109950000000000273e+03
7.210000000000000000e+02 3.110550000000000182e+03
1.700000000000000000e+01 3.110800000000000182e+03
8.900000000000000000e+01 3.110900000000000091e+03
1.690000000000000000e+02 3.110900000000000091e+03
1.850000000000000000e+02 3.110900000000000091e+03
7.370000000000000000e+02 3.110849999999999909e+03
7.690000000000000000e+02 3.111050000000000182e+03
7.770000000000000000e+02 3.111200000000000273e+03
1.530000000000000000e+02 3.111250000000000000e+03
4.650000000000000000e+02 3.111300000000000182e+03
5.690000000000000000e+02 3.111849999999999909e+03
6.410000000000000000e+02 3.112300000000000182e+03
1.000000000000000000e+00 3.120400000000000091e+03
4.890000000000000000e+02 3.120550000000000182e+03
7.300000000000000000e+01 3.121400000000000091e+03
3.050000000000000000e+02 3.121349999999999909e+03
5.690000000000000000e+02 3.121550000000000182e+03
1.370000000000000000e+02 3.121750000000000000e+03
1.450000000000000000e+02 3.121849999999999909e+03
2.010000000000000000e+02 3.127650000000000091e+03
4.410000000000000000e+02 3.128400000000000091e+03
5.450000000000000000e+02 3.128750000000000000e+03
1.690000000000000000e+02 3.129200000000000273e+03
4.100000000000000000e+01 3.129550000000000182e+03
6.410000000000000000e+02 3.130150000000000091e+03
3.300000000000000000e+01 3.130599999999999909e+03
6.090000000000000000e+02 3.130599999999999909e+03
5.290000000000000000e+02 3.130700000000000273e+03
2.090000000000000000e+02 3.131150000000000091e+03
4.250000000000000000e+02 3.131849999999999909e+03
2.570000000000000000e+02 3.132500000000000000e+03
6.730000000000000000e+02 3.132599999999999909e+03
7.130000000000000000e+02 3.133349999999999909e+03
4.650000000000000000e+02 3.134300000000000182e+03
5.210000000000000000e+02 3.134450000000000273e+03
7.050000000000000000e+02 3.135550000000000182e+03
6.010000000000000000e+02 3.135750000000000000e+03
2.250000000000000000e+02 3.136349999999999909e+03
5.690000000000000000e+02 3.136450000000000273e+03
1.050000000000000000e+02 3.137099999999999909e+03
1.130000000000000000e+02 3.137550000000000182e+03
2.490000000000000000e+02 3.139000000000000000e+03
3.130000000000000000e+02 3.139200000000000273e+03
7.210000000000000000e+02 3.141500000000000000e+03
6.490000000000000000e+02 3.142400000000000091e+03
5.450000000000000000e+02 3.142599999999999909e+03
1.700000000000000000e+01 3.142650000000000091e+03
9.000000000000000000e+00 3.143400000000000091e+03
4.900000000000000000e+01 3.143400000000000091e+03
5.700000000000000000e+01 3.143349999999999909e+03
2.650000000000000000e+02 3.144750000000000000e+03
6.330000000000000000e+02 3.145300000000000182e+03
2.090000000000000000e+02 3.149750000000000000e+03
6.650000000000000000e+02 3.149750000000000000e+03
3.930000000000000000e+02 3.150300000000000182e+03
5.690000000000000000e+02 3.150400000000000091e+03
3.050000000000000000e+02 3.150800000000000182e+03
6.810000000000000000e+02 3.150950000000000273e+03
1.130000000000000000e+02 3.151599999999999909e+03
8.900000000000000000e+01 3.151950000000000273e+03
9.000000000000000000e+00 3.152450000000000273e+03
3.770000000000000000e+02 3.152700000000000273e+03
4.090000000000000000e+02 3.153349999999999909e+03
5.850000000000000000e+02 3.153400000000000091e+03
7.450000000000000000e+02 3.154400000000000091e+03
1.000000000000000000e+00 3.154599999999999909e+03
4.330000000000000000e+02 3.154599999999999909e+03
6.570000000000000000e+02 3.155599999999999909e+03
5.370000000000000000e+02 3.156450000000000273e+03
1.530000000000000000e+02 3.158400000000000091e+03
7.850000000000000000e+02 3.160500000000000000e+03
1.450000000000000000e+02 3.161550000000000182e+03
3.770000000000000000e+02 3.161700000000000273e+03
4.410000000000000000e+02 3.164300000000000182e+03
1.770000000000000000e+02 3.165750000000000000e+03
3.850000000000000000e+02 3.166700000000000273e+03
6.490000000000000000e+02 3.166650000000000091e+03
5.210000000000000000e+02 3.166750000000000000e+03
4.900000000000000000e+01 3.166950000000000273e+03
2.890000000000000000e+02 3.167750000000000000e+03
3.450000000000000000e+02 3.168099999999999909e+03
7.050000000000000000e+02 3.169000000000000000e+03
7.530000000000000000e+02 3.169900000000000091e+03
5.850000000000000000e+02 3.170300000000000182e+03
4.890000000000000000e+02 3.170550000000000182e+03
1.210000000000000000e+02 3.171099999999999909e+03
9.000000000000000000e+00 3.171700000000000273e+03
6.730000000000000000e+02 3.171700000000000273e+03
7.290000000000000000e+02 3.171700000000000273e+03
5.610000000000000000e+02 3.171800000000000182e+03
7.610000000000000000e+02 3.172300000000000182e+03
4.490000000000000000e+02 3.172550000000000182e+03
1.530000000000000000e+02 3.173849999999999909e+03
5.690000000000000000e+02 3.174450000000000273e+03
5.130000000000000000e+02 3.175650000000000091e+03
7.210000000000000000e+02 3.177150000000000091e+03
2.730000000000000000e+02 3.178950000000000273e+03
7.690000000000000000e+02 3.178950000000000273e+03
3.690000000000000000e+02 3.179700000000000273e+03
6.250000000000000000e+02 3.179750000000000000e+03
3.130000000000000000e+02 3.180250000000000000e+03
1.770000000000000000e+02 3.181500000000000000e+03
2.330000000000000000e+02 3.182050000000000182e+03
1.130000000000000000e+02 3.182250000000000000e+03
5.290000000000000000e+02 3.182400000000000091e+03
1.050000000000000000e+02 3.182500000000000000e+03
6.170000000000000000e+02 3.182950000000000273e+03
7.370000000000000000e+02 3.183200000000000273e+03
1.210000000000000000e+02 3.184550000000000182e+03
4.100000000000000000e+01 3.185099999999999909e+03
5.370000000000000000e+02 3.185200000000000273e+03
3.300000000000000000e+01 3.185400000000000091e+03
3.210000000000000000e+02 3.186099999999999909e+03
4.570000000000000000e+02 3.186300000000000182e+03
7.850000000000000000e+02 3.186599999999999909e+03
6.010000000000000000e+02 3.186849999999999909e+03
2.410000000000000000e+02 3.187500000000000000e+03
7.130000000000000000e+02 3.188300000000000182e+03
1.850000000000000000e+02 3.192000000000000000e+03
1.930000000000000000e+02 3.193200000000000273e+03
6.410000000000000000e+02 3.193349999999999909e+03
4.810000000000000000e+02 3.193550000000000182e+03
3.610000000000000000e+02 3.193700000000000273e+03
7.930000000000000000e+02 3.194400000000000091e+03
4.010000000000000000e+02 3.194700000000000273e+03
4.490000000000000000e+02 3.194900000000000091e+03
4.890000000000000000e+02 3.194950000000000273e+03
5.690000000000000000e+02 3.195200000000000273e+03
2.090000000000000000e+02 3.195250000000000000e+03
9.700000000000000000e+01 3.195450000000000273e+03
3.450000000000000000e+02 3.196349999999999909e+03
4.900000000000000000e+01 3.197849999999999909e+03
5.210000000000000000e+02 3.198550000000000182e+03
7.290000000000000000e+02 3.200349999999999909e+03
6.730000000000000000e+02 3.200450000000000273e+03
3.290000000000000000e+02 3.200550000000000182e+03
4.730000000000000000e+02 3.201250000000000000e+03
3.770000000000000000e+02 3.201700000000000273e+03
1.930000000000000000e+02 3.202300000000000182e+03
3.850000000000000000e+02 3.203450000000000273e+03
3.300000000000000000e+01 3.203700000000000273e+03
4.170000000000000000e+02 3.203650000000000091e+03
6.500000000000000000e+01 3.205250000000000000e+03
9.000000000000000000e+00 3.207150000000000091e+03
5.050000000000000000e+02 3.208050000000000182e+03
2.330000000000000000e+02 3.208150000000000091e+03
5.930000000000000000e+02 3.208349999999999909e+03
1.450000000000000000e+02 3.209849999999999909e+03
1.610000000000000000e+02 3.209900000000000091e+03
3.530000000000000000e+02 3.210200000000000273e+03
7.370000000000000000e+02 3.210150000000000091e+03
2.890000000000000000e+02 3.210700000000000273e+03
1.130000000000000000e+02 3.211349999999999909e+03
7.130000000000000000e+02 3.211650000000000091e+03
2.010000000000000000e+02 3.212250000000000000e+03
9.700000000000000000e+01 3.213150000000000091e+03
2.250000000000000000e+02 3.216900000000000091e+03
6.170000000000000000e+02 3.217700000000000273e+03
2.650000000000000000e+02 3.217750000000000000e+03
6.090000000000000000e+02 3.217849999999999909e+03
2.810000000000000000e+02 3.218099999999999909e+03
1.930000000000000000e+02 3.218599999999999909e+03
4.170000000000000000e+02 3.218550000000000182e+03
7.770000000000000000e+02 3.218550000000000182e+03
3.370000000000000000e+02 3.218650000000000091e+03
7.930000000000000000e+02 3.218849999999999909e+03
1.290000000000000000e+02 3.219000000000000000e+03
3.930000000000000000e+02 3.219200000000000273e+03
7.450000000000000000e+02 3.224150000000000091e+03
1.450000000000000000e+02 3.225250000000000000e+03
9.000000000000000000e+00 3.225550000000000182e+03
1.530000000000000000e+02 3.225650000000000091e+03
6.500000000000000000e+01 3.226300000000000182e+03
3.850000000000000000e+02 3.230099999999999909e+03
3.610000000000000000e+02 3.230450000000000273e+03
1.050000000000000000e+02 3.230900000000000091e+03
4.170000000000000000e+02 3.231400000000000091e+03
5.770000000000000000e+02 3.231900000000000091e+03
2.170000000000000000e+02 3.232050000000000182e+03
5.530000000000000000e+02 3.232050000000000182e+03
2.570000000000000000e+02 3.232450000000000273e+03
6.010000000000000000e+02 3.232450000000000273e+03
3.530000000000000000e+02 3.232550000000000182e+03
7.850000000000000000e+02 3.232700000000000273e+03
5.450000000000000000e+02 3.232800000000000182e+03
2.330000000000000000e+02 3.233099999999999909e+03
5.130000000000000000e+02 3.233150000000000091e+03
4.570000000000000000e+02 3.239400000000000091e+03
6.090000000000000000e+02 3.239849999999999909e+03
5.610000000000000000e+02 3.240000000000000000e+03
7.530000000000000000e+02 3.240599999999999909e+03
4.900000000000000000e+01 3.240900000000000091e+03
8.900000000000000000e+01 3.241349999999999909e+03
2.410000000000000000e+02 3.241400000000000091e+03
1.850000000000000000e+02 3.241500000000000000e+03
6.410000000000000000e+02 3.241700000000000273e+03
1.370000000000000000e+02 3.242000000000000000e+03
6.010000000000000000e+02 3.242099999999999909e+03
5.210000000000000000e+02 3.242300000000000182e+03
6.330000000000000000e+02 3.242250000000000000e+03
3.690000000000000000e+02 3.243200000000000273e+03
2.650000000000000000e+02 3.244750000000000000e+03
5.850000000000000000e+02 3.247599999999999909e+03
9.700000000000000000e+01 3.247849999999999909e+03
1.130000000000000000e+02 3.248300000000000182e+03
7.610000000000000000e+02 3.248450000000000273e+03
1.000000000000000000e+00 3.250000000000000000e+03
3.210000000000000000e+02 3.250250000000000000e+03
5.770000000000000000e+02 3.250450000000000273e+03
5.290000000000000000e+02 3.250700000000000273e+03
2.890000000000000000e+02 3.250750000000000000e+03
6.500000000000000000e+01 3.251000000000000000e+03
7.770000000000000000e+02 3.251150000000000091e+03
4.330000000000000000e+02 3.251300000000000182e+03
8.900000000000000000e+01 3.251849999999999909e+03
7.290000000000000000e+02 3.252050000000000182e+03
2.500000000000000000e+01 3.252500000000000000e+03
1.930000000000000000e+02 3.253300000000000182e+03
3.290000000000000000e+02 3.253599999999999909e+03
1.450000000000000000e+02 3.254250000000000000e+03
7.850000000000000000e+02 3.254450000000000273e+03
2.170000000000000000e+02 3.257599999999999909e+03
7.690000000000000000e+02 3.258200000000000273e+03
5.050000000000000000e+02 3.259800000000000182e+03
3.300000000000000000e+01 3.260200000000000273e+03
5.610000000000000000e+02 3.260700000000000273e+03
3.770000000000000000e+02 3.260800000000000182e+03
2.730000000000000000e+02 3.260849999999999909e+03
2.330000000000000000e+02 3.261099999999999909e+03
1.700000000000000000e+01 3.261300000000000182e+03
7.130000000000000000e+02 3.261950000000000273e+03
3.050000000000000000e+02 3.262599999999999909e+03
1.290000000000000000e+02 3.262950000000000273e+03
6.650000000000000000e+02 3.263250000000000000e+03
1.000000000000000000e+00 3.265650000000000091e+03
2.500000000000000000e+01 3.267900000000000091e+03
8.100000000000000000e+01 3.268000000000000000e+03
2.410000000000000000e+02 3.267950000000000273e+03
1.610000000000000000e+02 3.268099999999999909e+03
3.450000000000000000e+02 3.269950000000000273e+03
3.130000000000000000e+02 3.270500000000000000e+03
2.090000000000000000e+02 3.271000000000000000e+03
6.970000000000000000e+02 3.271800000000000182e+03
3.850000000000000000e+02 3.273400000000000091e+03
3.370000000000000000e+02 3.276500000000000000e+03
3.050000000000000000e+02 3.277700000000000273e+03
1.370000000000000000e+02 3.277849999999999909e+03
6.730000000000000000e+02 3.277849999999999909e+03
7.930000000000000000e+02 3.278200000000000273e+03
8.900000000000000000e+01 3.278599999999999909e+03
1.530000000000000000e+02 3.279000000000000000e+03
1.130000000000000000e+02 3.279300000000000182e+03
6.170000000000000000e+02 3.279300000000000182e+03
1.930000000000000000e+02 3.279349999999999909e+03
6.570000000000000000e+02 3.279450000000000273e+03
6.500000000000000000e+01 3.279550000000000182e+03
1.700000000000000000e+01 3.279750000000000000e+03
5.450000000000000000e+02 3.279800000000000182e+03
7.050000000000000000e+02 3.279750000000000000e+03
1.690000000000000000e+02 3.279849999999999909e+03
2.090000000000000000e+02 3.279849999999999909e+03
9.000000000000000000e+00 3.279950000000000273e+03
2.970000000000000000e+02 3.280550000000000182e+03
4.410000000000000000e+02 3.283349999999999909e+03
6.730000000000000000e+02 3.287000000000000000e+03
5.690000000000000000e+02 3.287349999999999909e+03
7.300000000000000000e+01 3.287550000000000182e+03
7.370000000000000000e+02 3.287550000000000182e+03
2.570000000000000000e+02 3.287950000000000273e+03
3.130000000000000000e+02 3.288200000000000273e+03
1.770000000000000000e+02 3.288300000000000182e+03
6.330000000000000000e+02 3.288300000000000182e+03
3.770000000000000000e+02 3.288550000000000182e+03
2.650000000000000000e+02 3.289450000000000273e+03
3.300000000000000000e+01 3.289550000000000182e+03
3.210000000000000000e+02 3.293200000000000273e+03
6.570000000000000000e+02 3.294150000000000091e+03
7.690000000000000000e+02 3.294700000000000273e+03
3.050000000000000000e+02 3.295900000000000091e+03
6.730000000000000000e+02 3.296099999999999909e+03
5.370000000000000000e+02 3.296500000000000000e+03
2.410000000000000000e+02 3.296650000000000091e+03
2.330000000000000000e+02 3.296950000000000273e+03
8.900000000000000000e+01 3.297450000000000273e+03
4.490000000000000000e+02 3.300550000000000182e+03
2.730000000000000000e+02 3.300849999999999909e+03
3.610000000000000000e+02 3.300849999999999909e+03
1.370000000000000000e+02 3.302700000000000273e+03
7.770000000000000000e+02 3.303700000000000273e+03
6.730000000000000000e+02 3.304550000000000182e+03
1.000000000000000000e+00 3.304650000000000091e+03
5.700000000000000000e+01 3.304849999999999909e+03
1.700000000000000000e+01 3.305200000000000273e+03
5.530000000000000000e+02 3.305450000000000273e+03
3.690000000000000000e+02 3.305650000000000091e+03
3.770000000000000000e+02 3.305900000000000091e+03
4.730000000000000000e+02 3.307349999999999909e+03
6.810000000000000000e+02 3.307650000000000091e+03
7.610000000000000000e+02 3.307900000000000091e+03
2.170000000000000000e+02 3.308200000000000273e+03
5.770000000000000000e+02 3.308400000000000091e+03
6.500000000000000000e+01 3.308700000000000273e+03
2.090000000000000000e+02 3.309099999999999909e+03
5.450000000000000000e+02 3.309200000000000273e+03
4.410000000000000000e+02 3.309450000000000273e+03
1.130000000000000000e+02 3.310000000000000000e+03
3.210000000000000000e+02 3.311050000000000182e+03
1.450000000000000000e+02 3.311400000000000091e+03
7.850000000000000000e+02 3.312650000000000091e+03
1.210000000000000000e+02 3.312750000000000000e+03
3.130000000000000000e+02 3.314300000000000182e+03
6.250000000000000000e+02 3.314400000000000091e+03
9.700000000000000000e+01 3.315050000000000182e+03
2.410000000000000000e+02 3.315150000000000091e+03
2.330000000000000000e+02 3.315900000000000091e+03
7.300000000000000000e+01 3.316950000000000273e+03
5.610000000000000000e+02 3.317099999999999909e+03
3.450000000000000000e+02 3.317200000000000273e+03
6.490000000000000000e+02 3.319550000000000182e+03
7.050000000000000000e+02 3.320750000000000000e+03
3.290000000000000000e+02 3.321349999999999909e+03
2.490000000000000000e+02 3.321599999999999909e+03
2.500000000000000000e+01 3.322650000000000091e+03
3.130000000000000000e+02 3.323150000000000091e+03
4.900000000000000000e+01 3.323650000000000091e+03
5.690000000000000000e+02 3.324750000000000000e+03
2.090000000000000000e+02 3.324900000000000091e+03
2.730000000000000000e+02 3.325000000000000000e+03
4.170000000000000000e+02 3.325750000000000000e+03
1.850000000000000000e+02 3.326300000000000182e+03
5.130000000000000000e+02 3.326500000000000000e+03
6.890000000000000000e+02 3.326500000000000000e+03
3.370000000000000000e+02 3.326950000000000273e+03
8.100000000000000000e+01 3.327700000000000273e+03
4.010000000000000000e+02 3.327650000000000091e+03
4.250000000000000000e+02 3.330750000000000000e+03
5.930000000000000000e+02 3.331300000000000182e+03
6.330000000000000000e+02 3.333599999999999909e+03
3.210000000000000000e+02 3.333750000000000000e+03
6.250000000000000000e+02 3.334150000000000091e+03
4.890000000000000000e+02 3.334250000000000000e+03
8.100000000000000000e+01 3.337300000000000182e+03
6.010000000000000000e+02 3.340750000000000000e+03
6.490000000000000000e+02 3.341050000000000182e+03
1.050000000000000000e+02 3.341550000000000182e+03
3.850000000000000000e+02 3.341800000000000182e+03
4.490000000000000000e+02 3.341900000000000091e+03
4.330000000000000000e+02 3.342650000000000091e+03
1.700000000000000000e+01 3.342750000000000000e+03
3.930000000000000000e+02 3.342750000000000000e+03
5.290000000000000000e+02 3.342800000000000182e+03
6.890000000000000000e+02 3.343000000000000000e+03
6.970000000000000000e+02 3.343000000000000000e+03
9.700000000000000000e+01 3.345849999999999909e+03
2.330000000000000000e+02 3.347150000000000091e+03
4.650000000000000000e+02 3.349599999999999909e+03
2.970000000000000000e+02 3.350200000000000273e+03
1.210000000000000000e+02 3.351650000000000091e+03
5.850000000000000000e+02 3.351800000000000182e+03
3.300000000000000000e+01 3.352750000000000000e+03
7.850000000000000000e+02 3.356349999999999909e+03
7.690000000000000000e+02 3.358250000000000000e+03
2.570000000000000000e+02 3.358849999999999909e+03
1.930000000000000000e+02 3.359800000000000182e+03
4.170000000000000000e+02 3.363000000000000000e+03
5.130000000000000000e+02 3.363099999999999909e+03
7.610000000000000000e+02 3.366450000000000273e+03
6.410000000000000000e+02 3.366849999999999909e+03
8.900000000000000000e+01 3.370800000000000182e+03
1.610000000000000000e+02 3.373500000000000000e+03
5.530000000000000000e+02 3.374200000000000273e+03
1.450000000000000000e+02 3.375500000000000000e+03
1.930000000000000000e+02 3.375599999999999909e+03
2.570000000000000000e+02 3.377050000000000182e+03
1.690000000000000000e+02 3.379500000000000000e+03
4.730000000000000000e+02 3.381500000000000000e+03
7.690000000000000000e+02 3.382200000000000273e+03
2.170000000000000000e+02 3.383550000000000182e+03
6.490000000000000000e+02 3.384500000000000000e+03
2.090000000000000000e+02 3.385250000000000000e+03
7.530000000000000000e+02 3.385849999999999909e+03
4.090000000000000000e+02 3.391349999999999909e+03
3.130000000000000000e+02 3.394099999999999909e+03
2.890000000000000000e+02 3.400800000000000182e+03
1.930000000000000000e+02 3.405650000000000091e+03
6.250000000000000000e+02 3.413650000000000091e+03
6.170000000000000000e+02 3.428150000000000091e+03
4.170000000000000000e+02 3.434650000000000091e+03
2.490000000000000000e+02 3.435950000000000273e+03
5.130000000000000000e+02 3.481300000000000182e+03
1.930000000000000000e+02 3.485599999999999909e+03
4.090000000000000000e+02 3.532400000000000091e+03
6.410000000000000000e+02 3.560450000000000273e+03
6.090000000000000000e+02 3.562900000000000091e+03
3.300000000000000000e+01 3.587900000000000091e+03
3.690000000000000000e+02 3.593200000000000273e+03
3.210000000000000000e+02 3.596750000000000000e+03
7.050000000000000000e+02 3.598099999999999909e+03
5.930000000000000000e+02 3.606150000000000091e+03
5.700000000000000000e+01 3.610900000000000091e+03
4.090000000000000000e+02 3.615800000000000182e+03
8.100000000000000000e+01 3.617849999999999909e+03
5.050000000000000000e+02 3.618900000000000091e+03
1.530000000000000000e+02 3.622650000000000091e+03
4.010000000000000000e+02 3.622750000000000000e+03
6.970000000000000000e+02 3.623050000000000182e+03
2.970000000000000000e+02 3.623700000000000273e+03
5.530000000000000000e+02 3.624099999999999909e+03
6.890000000000000000e+02 3.624599999999999909e+03
7.300000000000000000e+01 3.625150000000000091e+03
3.370000000000000000e+02 3.625250000000000000e+03
6.090000000000000000e+02 3.626300000000000182e+03
3.130000000000000000e+02 3.626349999999999909e+03
6.330000000000000000e+02 3.626400000000000091e+03
7.050000000000000000e+02 3.626500000000000000e+03
1.700000000000000000e+01 3.626800000000000182e+03
6.250000000000000000e+02 3.626800000000000182e+03
8.900000000000000000e+01 3.626849999999999909e+03
7.130000000000000000e+02 3.626900000000000091e+03
7.610000000000000000e+02 3.626900000000000091e+03
4.810000000000000000e+02 3.627000000000000000e+03
2.810000000000000000e+02 3.627099999999999909e+03
1.690000000000000000e+02 3.627200000000000273e+03
5.690000000000000000e+02 3.627200000000000273e+03
6.490000000000000000e+02 3.627300000000000182e+03
9.000000000000000000e+00 3.627400000000000091e+03
4.100000000000000000e+01 3.627349999999999909e+03
2.410000000000000000e+02 3.627400000000000091e+03
6.730000000000000000e+02 3.627349999999999909e+03
2.650000000000000000e+02 3.627550000000000182e+03
4.410000000000000000e+02 3.627750000000000000e+03
3.050000000000000000e+02 3.627900000000000091e+03
3.770000000000000000e+02 3.627849999999999909e+03
2.500000000000000000e+01 3.628000000000000000e+03
1.130000000000000000e+02 3.628000000000000000e+03
3.210000000000000000e+02 3.628000000000000000e+03
4.250000000000000000e+02 3.627950000000000273e+03
5.210000000000000000e+02 3.627950000000000273e+03
6.010000000000000000e+02 3.628000000000000000e+03
7.850000000000000000e+02 3.627950000000000273e+03
1.450000000000000000e+02 3.628099999999999909e+03
2.490000000000000000e+02 3.628050000000000182e+03
3.530000000000000000e+02 3.628050000000000182e+03
6.410000000000000000e+02 3.628050000000000182e+03
6.650000000000000000e+02 3.628050000000000182e+03
7.770000000000000000e+02 3.628099999999999909e+03
8.100000000000000000e+01 3.628200000000000273e+03
4.650000000000000000e+02 3.628200000000000273e+03
1.290000000000000000e+02 3.628300000000000182e+03
2.170000000000000000e+02 3.628250000000000000e+03
4.570000000000000000e+02 3.628300000000000182e+03
7.370000000000000000e+02 3.628250000000000000e+03
3.690000000000000000e+02 3.628400000000000091e+03
5.450000000000000000e+02 3.628349999999999909e+03
5.610000000000000000e+02 3.628400000000000091e+03
5.850000000000000000e+02 3.628400000000000091e+03
1.370000000000000000e+02 3.628500000000000000e+03
2.010000000000000000e+02 3.628450000000000273e+03
2.090000000000000000e+02 3.628500000000000000e+03
2.890000000000000000e+02 3.628500000000000000e+03
2.970000000000000000e+02 3.628450000000000273e+03
4.330000000000000000e+02 3.628450000000000273e+03
5.050000000000000000e+02 3.628450000000000273e+03
1.850000000000000000e+02 3.628550000000000182e+03
1.530000000000000000e+02 3.628700000000000273e+03
2.730000000000000000e+02 3.628650000000000091e+03
3.610000000000000000e+02 3.628700000000000273e+03
3.850000000000000000e+02 3.628650000000000091e+03
3.930000000000000000e+02 3.628650000000000091e+03
4.090000000000000000e+02 3.628650000000000091e+03
4.890000000000000000e+02 3.628700000000000273e+03
5.290000000000000000e+02 3.628700000000000273e+03
5.530000000000000000e+02 3.628650000000000091e+03
7.530000000000000000e+02 3.628650000000000091e+03
5.700000000000000000e+01 3.628750000000000000e+03
1.210000000000000000e+02 3.628800000000000182e+03
1.930000000000000000e+02 3.628750000000000000e+03
2.250000000000000000e+02 3.628750000000000000e+03
3.450000000000000000e+02 3.628750000000000000e+03
7.450000000000000000e+02 3.628800000000000182e+03
7.690000000000000000e+02 3.628800000000000182e+03
7.930000000000000000e+02 3.628800000000000182e+03
2.570000000000000000e+02 3.628849999999999909e+03
3.370000000000000000e+02 3.628900000000000091e+03
4.010000000000000000e+02 3.628900000000000091e+03
4.490000000000000000e+02 3.628849999999999909e+03
5.370000000000000000e+02 3.628950000000000273e+03
5.930000000000000000e+02 3.629000000000000000e+03
6.170000000000000000e+02 3.628950000000000273e+03
7.210000000000000000e+02 3.628950000000000273e+03
7.300000000000000000e+01 3.629099999999999909e+03
4.170000000000000000e+02 3.629099999999999909e+03
5.130000000000000000e+02 3.629099999999999909e+03
1.050000000000000000e+02 3.629200000000000273e+03
1.610000000000000000e+02 3.629150000000000091e+03
5.770000000000000000e+02 3.629200000000000273e+03
6.890000000000000000e+02 3.629200000000000273e+03
4.900000000000000000e+01 3.629250000000000000e+03
4.970000000000000000e+02 3.629250000000000000e+03
6.970000000000000000e+02 3.629250000000000000e+03
1.770000000000000000e+02 3.629500000000000000e+03
1.000000000000000000e+00 3.629550000000000182e+03
6.090000000000000000e+02 3.629550000000000182e+03
3.300000000000000000e+01 3.630000000000000000e+03
7.050000000000000000e+02 3.630050000000000182e+03
2.330000000000000000e+02 3.630349999999999909e+03
1.690000000000000000e+02 3.631250000000000000e+03
1.700000000000000000e+01 3.631349999999999909e+03
4.100000000000000000e+01 3.631450000000000273e+03
7.290000000000000000e+02 3.631650000000000091e+03
2.650000000000000000e+02 3.631750000000000000e+03
6.810000000000000000e+02 3.632000000000000000e+03
9.700000000000000000e+01 3.632050000000000182e+03
3.130000000000000000e+02 3.633000000000000000e+03
1.610000000000000000e+02 3.633300000000000182e+03
6.010000000000000000e+02 3.634150000000000091e+03
3.770000000000000000e+02 3.634250000000000000e+03
2.090000000000000000e+02 3.634500000000000000e+03
4.330000000000000000e+02 3.634599999999999909e+03
5.130000000000000000e+02 3.643050000000000182e+03
1.050000000000000000e+02 3.644450000000000273e+03
3.850000000000000000e+02 3.648250000000000000e+03
5.210000000000000000e+02 3.649349999999999909e+03
4.970000000000000000e+02 3.650650000000000091e+03
7.210000000000000000e+02 3.651200000000000273e+03
6.570000000000000000e+02 3.661450000000000273e+03
1.700000000000000000e+01 3.664000000000000000e+03
7.290000000000000000e+02 3.665800000000000182e+03
4.890000000000000000e+02 3.667099999999999909e+03
4.090000000000000000e+02 3.668250000000000000e+03
6.730000000000000000e+02 3.668250000000000000e+03
5.290000000000000000e+02 3.671500000000000000e+03
3.210000000000000000e+02 3.672000000000000000e+03
4.970000000000000000e+02 3.673349999999999909e+03
7.300000000000000000e+01 3.673849999999999909e+03
2.010000000000000000e+02 3.677200000000000273e+03
1.290000000000000000e+02 3.681200000000000273e+03
6.250000000000000000e+02 3.683349999999999909e+03
4.090000000000000000e+02 3.685900000000000091e+03
5.290000000000000000e+02 3.687950000000000273e+03
9.700000000000000000e+01 3.697150000000000091e+03
3.770000000000000000e+02 3.704150000000000091e+03
4.730000000000000000e+02 3.704550000000000182e+03
1.370000000000000000e+02 3.706650000000000091e+03
5.770000000000000000e+02 3.720400000000000091e+03
1.000000000000000000e+00 3.726050000000000182e+03
3.290000000000000000e+02 3.737000000000000000e+03
4.570000000000000000e+02 3.759000000000000000e+03
1.930000000000000000e+02 3.767750000000000000e+03
5.530000000000000000e+02 3.773950000000000273e+03
2.810000000000000000e+02 3.774250000000000000e+03
7.210000000000000000e+02 3.774349999999999909e+03
6.570000000000000000e+02 3.777550000000000182e+03
4.490000000000000000e+02 3.782400000000000091e+03
6.410000000000000000e+02 3.783550000000000182e+03
5.450000000000000000e+02 3.785200000000000273e+03
6.500000000000000000e+01 3.785950000000000273e+03
1.290000000000000000e+02 3.790800000000000182e+03
4.250000000000000000e+02 3.791500000000000000e+03
4.650000000000000000e+02 3.791750000000000000e+03
7.530000000000000000e+02 3.792300000000000182e+03
3.050000000000000000e+02 3.795000000000000000e+03
6.890000000000000000e+02 3.795450000000000273e+03
4.810000000000000000e+02 3.796050000000000182e+03
7.450000000000000000e+02 3.798550000000000182e+03
1.770000000000000000e+02 3.800650000000000091e+03
7.850000000000000000e+02 3.800650000000000091e+03
1.370000000000000000e+02 3.802849999999999909e+03
6.090000000000000000e+02 3.803450000000000273e+03
2.500000000000000000e+01 3.804000000000000000e+03
8.900000000000000000e+01 3.808000000000000000e+03
4.650000000000000000e+02 3.809500000000000000e+03
4.570000000000000000e+02 3.810099999999999909e+03
5.610000000000000000e+02 3.810500000000000000e+03
6.330000000000000000e+02 3.810800000000000182e+03
1.450000000000000000e+02 3.811250000000000000e+03
5.130000000000000000e+02 3.811400000000000091e+03
1.530000000000000000e+02 3.812000000000000000e+03
1.770000000000000000e+02 3.812450000000000273e+03
1.610000000000000000e+02 3.812700000000000273e+03
3.450000000000000000e+02 3.812849999999999909e+03
5.210000000000000000e+02 3.812849999999999909e+03
6.090000000000000000e+02 3.812950000000000273e+03
6.490000000000000000e+02 3.814349999999999909e+03
7.300000000000000000e+01 3.814750000000000000e+03
3.130000000000000000e+02 3.815400000000000091e+03
7.450000000000000000e+02 3.816200000000000273e+03
5.850000000000000000e+02 3.817200000000000273e+03
5.290000000000000000e+02 3.817550000000000182e+03
6.650000000000000000e+02 3.818000000000000000e+03
4.970000000000000000e+02 3.818050000000000182e+03
3.690000000000000000e+02 3.819400000000000091e+03
3.610000000000000000e+02 3.820750000000000000e+03
4.330000000000000000e+02 3.821050000000000182e+03
1.050000000000000000e+02 3.822650000000000091e+03
1.930000000000000000e+02 3.822650000000000091e+03
3.930000000000000000e+02 3.822650000000000091e+03
7.130000000000000000e+02 3.825550000000000182e+03
1.000000000000000000e+00 3.825900000000000091e+03
2.810000000000000000e+02 3.826750000000000000e+03
2.010000000000000000e+02 3.827900000000000091e+03
3.300000000000000000e+01 3.827950000000000273e+03
6.170000000000000000e+02 3.828900000000000091e+03
6.890000000000000000e+02 3.829250000000000000e+03
5.450000000000000000e+02 3.829599999999999909e+03
6.810000000000000000e+02 3.829800000000000182e+03
5.530000000000000000e+02 3.831099999999999909e+03
4.890000000000000000e+02 3.834900000000000091e+03
6.570000000000000000e+02 3.835050000000000182e+03
4.330000000000000000e+02 3.836250000000000000e+03
7.530000000000000000e+02 3.837599999999999909e+03
9.700000000000000000e+01 3.837849999999999909e+03
1.210000000000000000e+02 3.838550000000000182e+03
7.930000000000000000e+02 3.838599999999999909e+03
2.650000000000000000e+02 3.839000000000000000e+03
4.250000000000000000e+02 3.841950000000000273e+03
3.050000000000000000e+02 3.843550000000000182e+03
5.700000000000000000e+01 3.847000000000000000e+03
1.530000000000000000e+02 3.848750000000000000e+03
5.610000000000000000e+02 3.849450000000000273e+03
3.370000000000000000e+02 3.849849999999999909e+03
2.170000000000000000e+02 3.850200000000000273e+03
4.650000000000000000e+02 3.853099999999999909e+03
1.930000000000000000e+02 3.855000000000000000e+03
2.250000000000000000e+02 3.859200000000000273e+03
1.290000000000000000e+02 3.859300000000000182e+03
4.410000000000000000e+02 3.859950000000000273e+03
4.970000000000000000e+02 3.860800000000000182e+03
2.170000000000000000e+02 3.864849999999999909e+03
6.410000000000000000e+02 3.866099999999999909e+03
5.210000000000000000e+02 3.866300000000000182e+03
1.210000000000000000e+02 3.866849999999999909e+03
7.300000000000000000e+01 3.868300000000000182e+03
8.100000000000000000e+01 3.869000000000000000e+03
7.690000000000000000e+02 3.874000000000000000e+03
1.690000000000000000e+02 3.874599999999999909e+03
3.530000000000000000e+02 3.874550000000000182e+03
3.610000000000000000e+02 3.877599999999999909e+03
6.500000000000000000e+01 3.878599999999999909e+03
3.690000000000000000e+02 3.878950000000000273e+03
9.000000000000000000e+00 3.879500000000000000e+03
4.890000000000000000e+02 3.881349999999999909e+03
3.130000000000000000e+02 3.881900000000000091e+03
7.610000000000000000e+02 3.883900000000000091e+03
3.450000000000000000e+02 3.884450000000000273e+03
5.290000000000000000e+02 3.885349999999999909e+03
1.050000000000000000e+02 3.885950000000000273e+03
2.410000000000000000e+02 3.888400000000000091e+03
5.050000000000000000e+02 3.889250000000000000e+03
6.490000000000000000e+02 3.894750000000000000e+03
4.330000000000000000e+02 3.898550000000000182e+03
3.050000000000000000e+02 3.898800000000000182e+03
1.770000000000000000e+02 3.900550000000000182e+03
3.530000000000000000e+02 3.900750000000000000e+03
7.930000000000000000e+02 3.900800000000000182e+03
3.130000000000000000e+02 3.901500000000000000e+03
7.690000000000000000e+02 3.901800000000000182e+03
1.690000000000000000e+02 3.903150000000000091e+03
2.890000000000000000e+02 3.903950000000000273e+03
5.690000000000000000e+02 3.905450000000000273e+03
1.850000000000000000e+02 3.907200000000000273e+03
6.730000000000000000e+02 3.908150000000000091e+03
5.700000000000000000e+01 3.908900000000000091e+03
6.970000000000000000e+02 3.911000000000000000e+03
1.290000000000000000e+02 3.911500000000000000e+03
4.100000000000000000e+01 3.917400000000000091e+03
1.450000000000000000e+02 3.918200000000000273e+03
5.210000000000000000e+02 3.924150000000000091e+03
3.770000000000000000e+02 3.925300000000000182e+03
2.890000000000000000e+02 3.925400000000000091e+03
3.850000000000000000e+02 3.925650000000000091e+03
4.970000000000000000e+02 3.928300000000000182e+03
6.890000000000000000e+02 3.928750000000000000e+03
7.770000000000000000e+02 3.929150000000000091e+03
7.290000000000000000e+02 3.929250000000000000e+03
7.850000000000000000e+02 3.929800000000000182e+03
1.700000000000000000e+01 3.937050000000000182e+03
3.050000000000000000e+02 3.938750000000000000e+03
3.690000000000000000e+02 3.939599999999999909e+03
5.450000000000000000e+02 3.939550000000000182e+03
7.450000000000000000e+02 3.943400000000000091e+03
1.370000000000000000e+02 3.945700000000000273e+03
4.810000000000000000e+02 3.947250000000000000e+03
7.770000000000000000e+02 3.947900000000000091e+03
8.900000000000000000e+01 3.949000000000000000e+03
7.370000000000000000e+02 3.952099999999999909e+03
3.930000000000000000e+02 3.956550000000000182e+03
3.850000000000000000e+02 3.956950000000000273e+03
3.770000000000000000e+02 3.958099999999999909e+03
1.850000000000000000e+02 3.958150000000000091e+03
3.370000000000000000e+02 3.958250000000000000e+03
5.450000000000000000e+02 3.958450000000000273e+03
1.000000000000000000e+00 3.958599999999999909e+03
8.100000000000000000e+01 3.967250000000000000e+03
2.890000000000000000e+02 3.967599999999999909e+03
3.610000000000000000e+02 3.983300000000000182e+03
7.450000000000000000e+02 3.985400000000000091e+03
6.570000000000000000e+02 3.989450000000000273e+03
6.250000000000000000e+02 3.990550000000000182e+03
2.490000000000000000e+02 3.994700000000000273e+03
5.700000000000000000e+01 3.995150000000000091e+03
4.410000000000000000e+02 3.995400000000000091e+03
4.570000000000000000e+02 3.995700000000000273e+03
4.330000000000000000e+02 3.996900000000000091e+03
6.500000000000000000e+01 3.997750000000000000e+03
1.450000000000000000e+02 3.998050000000000182e+03
3.850000000000000000e+02 3.998550000000000182e+03
4.170000000000000000e+02 3.999349999999999909e+03
4.250000000000000000e+02 4.000050000000000182e+03
7.130000000000000000e+02 4.000849999999999909e+03
1.930000000000000000e+02 4.001700000000000273e+03
1.050000000000000000e+02 4.002250000000000000e+03
1.530000000000000000e+02 4.003050000000000182e+03
7.050000000000000000e+02 4.004599999999999909e+03
7.210000000000000000e+02 4.007750000000000000e+03
2.170000000000000000e+02 4.008150000000000091e+03
9.000000000000000000e+00 4.010000000000000000e+03
4.090000000000000000e+02 4.011300000000000182e+03
4.490000000000000000e+02 4.011450000000000273e+03
6.170000000000000000e+02 4.011500000000000000e+03
3.300000000000000000e+01 4.012250000000000000e+03
6.970000000000000000e+02 4.013099999999999909e+03
2.410000000000000000e+02 4.013700000000000273e+03
3.530000000000000000e+02 4.013849999999999909e+03
7.930000000000000000e+02 4.014000000000000000e+03
5.290000000000000000e+02 4.014450000000000273e+03
1.770000000000000000e+02 4.014800000000000182e+03
8.900000000000000000e+01 4.014950000000000273e+03
4.900000000000000000e+01 4.015050000000000182e+03
1.690000000000000000e+02 4.015099999999999909e+03
3.210000000000000000e+02 4.016349999999999909e+03
3.370000000000000000e+02 4.016800000000000182e+03
6.090000000000000000e+02 4.016900000000000091e+03
7.210000000000000000e+02 4.017150000000000091e+03
6.650000000000000000e+02 4.017250000000000000e+03
3.290000000000000000e+02 4.017800000000000182e+03
5.130000000000000000e+02 4.018000000000000000e+03
2.170000000000000000e+02 4.018400000000000091e+03
1.050000000000000000e+02 4.020800000000000182e+03
5.210000000000000000e+02 4.021050000000000182e+03
9.000000000000000000e+00 4.021349999999999909e+03
1.700000000000000000e+01 4.023500000000000000e+03
4.970000000000000000e+02 4.026349999999999909e+03
1.130000000000000000e+02 4.026650000000000091e+03
9.700000000000000000e+01 4.027750000000000000e+03
2.330000000000000000e+02 4.029599999999999909e+03
3.930000000000000000e+02 4.030950000000000273e+03
5.370000000000000000e+02 4.031599999999999909e+03
1.770000000000000000e+02 4.036000000000000000e+03
6.410000000000000000e+02 4.038050000000000182e+03
4.890000000000000000e+02 4.039400000000000091e+03
4.170000000000000000e+02 4.039800000000000182e+03
2.890000000000000000e+02 4.042450000000000273e+03
4.810000000000000000e+02 4.046000000000000000e+03
7.300000000000000000e+01 4.046050000000000182e+03
9.700000000000000000e+01 4.048050000000000182e+03
4.250000000000000000e+02 4.049000000000000000e+03
2.330000000000000000e+02 4.049150000000000091e+03
7.050000000000000000e+02 4.049450000000000273e+03
3.050000000000000000e+02 4.050200000000000273e+03
2.170000000000000000e+02 4.051000000000000000e+03
4.100000000000000000e+01 4.051650000000000091e+03
9.000000000000000000e+00 4.061099999999999909e+03
1.370000000000000000e+02 4.061250000000000000e+03
1.700000000000000000e+01 4.062150000000000091e+03
1.850000000000000000e+02 4.062550000000000182e+03
1.690000000000000000e+02 4.062700000000000273e+03
5.370000000000000000e+02 4.062900000000000091e+03
2.090000000000000000e+02 4.063849999999999909e+03
4.570000000000000000e+02 4.064400000000000091e+03
3.850000000000000000e+02 4.076900000000000091e+03
5.930000000000000000e+02 4.077250000000000000e+03
3.370000000000000000e+02 4.079200000000000273e+03
4.100000000000000000e+01 4.082349999999999909e+03
3.770000000000000000e+02 4.083550000000000182e+03
3.530000000000000000e+02 4.084050000000000182e+03
9.700000000000000000e+01 4.084750000000000000e+03
4.890000000000000000e+02 4.085900000000000091e+03
7.130000000000000000e+02 4.086599999999999909e+03
7.530000000000000000e+02 4.086900000000000091e+03
5.700000000000000000e+01 4.087099999999999909e+03
2.010000000000000000e+02 4.088250000000000000e+03
5.370000000000000000e+02 4.088450000000000273e+03
4.570000000000000000e+02 4.089400000000000091e+03
1.000000000000000000e+00 4.090250000000000000e+03
1.450000000000000000e+02 4.091400000000000091e+03
4.010000000000000000e+02 4.092200000000000273e+03
4.090000000000000000e+02 4.093650000000000091e+03
2.330000000000000000e+02 4.095700000000000273e+03
8.100000000000000000e+01 4.096800000000000182e+03
2.410000000000000000e+02 4.098100000000000364e+03
1.700000000000000000e+01 4.101350000000000364e+03
7.210000000000000000e+02 4.101899999999999636e+03
7.610000000000000000e+02 4.104000000000000000e+03
5.450000000000000000e+02 4.104149999999999636e+03
4.900000000000000000e+01 4.104899999999999636e+03
3.130000000000000000e+02 4.106000000000000000e+03
1.370000000000000000e+02 4.110449999999999818e+03
2.730000000000000000e+02 4.110550000000000182e+03
7.050000000000000000e+02 4.111449999999999818e+03
6.650000000000000000e+02 4.112149999999999636e+03
5.530000000000000000e+02 4.114550000000000182e+03
7.770000000000000000e+02 4.115300000000000182e+03
3.770000000000000000e+02 4.116600000000000364e+03
3.450000000000000000e+02 4.116699999999999818e+03
7.210000000000000000e+02 4.118199999999999818e+03
5.370000000000000000e+02 4.118500000000000000e+03
4.010000000000000000e+02 4.118899999999999636e+03
2.970000000000000000e+02 4.119649999999999636e+03
5.130000000000000000e+02 4.123199999999999818e+03
2.330000000000000000e+02 4.124550000000000182e+03
1.850000000000000000e+02 4.126149999999999636e+03
1.050000000000000000e+02 4.128199999999999818e+03
1.700000000000000000e+01 4.130399999999999636e+03
5.130000000000000000e+02 4.131300000000000182e+03
2.090000000000000000e+02 4.132899999999999636e+03
5.290000000000000000e+02 4.138699999999999818e+03
1.930000000000000000e+02 4.139699999999999818e+03
6.410000000000000000e+02 4.140149999999999636e+03
1.690000000000000000e+02 4.142800000000000182e+03
9.700000000000000000e+01 4.144100000000000364e+03
5.850000000000000000e+02 4.144300000000000182e+03
6.890000000000000000e+02 4.145149999999999636e+03
6.650000000000000000e+02 4.150649999999999636e+03
2.890000000000000000e+02 4.153649999999999636e+03
4.250000000000000000e+02 4.154100000000000364e+03
8.900000000000000000e+01 4.163100000000000364e+03
4.650000000000000000e+02 4.164600000000000364e+03
3.130000000000000000e+02 4.167000000000000000e+03
6.650000000000000000e+02 4.180550000000000182e+03
3.130000000000000000e+02 4.190949999999999818e+03
5.770000000000000000e+02 4.227500000000000000e+03
4.650000000000000000e+02 4.235500000000000000e+03
2.890000000000000000e+02 4.243449999999999818e+03
2.570000000000000000e+02 4.268449999999999818e+03
6.010000000000000000e+02 4.268449999999999818e+03
6.250000000000000000e+02 4.280449999999999818e+03
7.930000000000000000e+02 4.281699999999999818e+03
1.530000000000000000e+02 4.292949999999999818e+03
3.450000000000000000e+02 4.298000000000000000e+03
7.850000000000000000e+02 4.304449999999999818e+03
6.490000000000000000e+02 4.309750000000000000e+03
2.410000000000000000e+02 4.310100000000000364e+03
6.170000000000000000e+02 4.310050000000000182e+03
5.930000000000000000e+02 4.312649999999999636e+03
2.330000000000000000e+02 4.313199999999999818e+03
6.330000000000000000e+02 4.313600000000000364e+03
5.700000000000000000e+01 4.314850000000000364e+03
4.570000000000000000e+02 4.315149999999999636e+03
2.810000000000000000e+02 4.316649999999999636e+03
3.530000000000000000e+02 4.317000000000000000e+03
2.250000000000000000e+02 4.317050000000000182e+03
3.930000000000000000e+02 4.317149999999999636e+03
5.130000000000000000e+02 4.317500000000000000e+03
5.690000000000000000e+02 4.317949999999999818e+03
1.930000000000000000e+02 4.318100000000000364e+03
2.970000000000000000e+02 4.318300000000000182e+03
4.650000000000000000e+02 4.318250000000000000e+03
5.290000000000000000e+02 4.318350000000000364e+03
1.610000000000000000e+02 4.318699999999999818e+03
2.170000000000000000e+02 4.318899999999999636e+03
4.890000000000000000e+02 4.318850000000000364e+03
6.410000000000000000e+02 4.318850000000000364e+03
4.900000000000000000e+01 4.318949999999999818e+03
5.050000000000000000e+02 4.318949999999999818e+03
9.700000000000000000e+01 4.319100000000000364e+03
5.450000000000000000e+02 4.319100000000000364e+03
7.050000000000000000e+02 4.319100000000000364e+03
8.900000000000000000e+01 4.319250000000000000e+03
4.490000000000000000e+02 4.319300000000000182e+03
6.570000000000000000e+02 4.319300000000000182e+03
6.970000000000000000e+02 4.319250000000000000e+03
1.370000000000000000e+02 4.319350000000000364e+03
5.210000000000000000e+02 4.319399999999999636e+03
1.000000000000000000e+00 4.319449999999999818e+03
9.000000000000000000e+00 4.319500000000000000e+03
1.700000000000000000e+01 4.319500000000000000e+03
6.490000000000000000e+02 4.319500000000000000e+03
6.810000000000000000e+02 4.319500000000000000e+03
3.210000000000000000e+02 4.319600000000000364e+03
4.330000000000000000e+02 4.319550000000000182e+03
6.650000000000000000e+02 4.319600000000000364e+03
6.500000000000000000e+01 4.319649999999999636e+03
1.530000000000000000e+02 4.319699999999999818e+03
2.570000000000000000e+02 4.319649999999999636e+03
3.290000000000000000e+02 4.319699999999999818e+03
5.850000000000000000e+02 4.319699999999999818e+03
6.250000000000000000e+02 4.319699999999999818e+03
3.050000000000000000e+02 4.319800000000000182e+03
4.730000000000000000e+02 4.319800000000000182e+03
7.850000000000000000e+02 4.319750000000000000e+03
3.770000000000000000e+02 4.319850000000000364e+03
4.010000000000000000e+02 4.319850000000000364e+03
6.010000000000000000e+02 4.319850000000000364e+03
6.890000000000000000e+02 4.319850000000000364e+03
8.100000000000000000e+01 4.319949999999999818e+03
5.770000000000000000e+02 4.320000000000000000e+03
7.130000000000000000e+02 4.319949999999999818e+03
7.300000000000000000e+01 4.320100000000000364e+03
3.610000000000000000e+02 4.320050000000000182e+03
4.810000000000000000e+02 4.320100000000000364e+03
7.770000000000000000e+02 4.320100000000000364e+03
1.290000000000000000e+02 4.320199999999999818e+03
7.290000000000000000e+02 4.320199999999999818e+03
1.210000000000000000e+02 4.320250000000000000e+03
1.850000000000000000e+02 4.320300000000000182e+03
2.490000000000000000e+02 4.320300000000000182e+03
2.730000000000000000e+02 4.320300000000000182e+03
2.890000000000000000e+02 4.320250000000000000e+03
2.650000000000000000e+02 4.320350000000000364e+03
5.370000000000000000e+02 4.320399999999999636e+03
5.930000000000000000e+02 4.320350000000000364e+03
1.770000000000000000e+02 4.320500000000000000e+03
4.090000000000000000e+02 4.320500000000000000e+03
4.970000000000000000e+02 4.320449999999999818e+03
6.730000000000000000e+02 4.320449999999999818e+03
7.930000000000000000e+02 4.320500000000000000e+03
5.700000000000000000e+01 4.320600000000000364e+03
3.130000000000000000e+02 4.320600000000000364e+03
3.370000000000000000e+02 4.320600000000000364e+03
3.450000000000000000e+02 4.320550000000000182e+03
1.130000000000000000e+02 4.320699999999999818e+03
2.330000000000000000e+02 4.320649999999999636e+03
5.530000000000000000e+02 4.320649999999999636e+03
5.610000000000000000e+02 4.320699999999999818e+03
3.300000000000000000e+01 4.320750000000000000e+03
6.330000000000000000e+02 4.320750000000000000e+03
2.010000000000000000e+02 4.320899999999999636e+03
3.850000000000000000e+02 4.320850000000000364e+03
4.410000000000000000e+02 4.320899999999999636e+03
7.450000000000000000e+02 4.320899999999999636e+03
2.250000000000000000e+02 4.320949999999999818e+03
1.690000000000000000e+02 4.321050000000000182e+03
2.810000000000000000e+02 4.321149999999999636e+03
7.530000000000000000e+02 4.321149999999999636e+03
4.100000000000000000e+01 4.321300000000000182e+03
6.170000000000000000e+02 4.321250000000000000e+03
7.370000000000000000e+02 4.321250000000000000e+03
4.250000000000000000e+02 4.321350000000000364e+03
3.690000000000000000e+02 4.321550000000000182e+03
2.410000000000000000e+02 4.321649999999999636e+03
5.290000000000000000e+02 4.321649999999999636e+03
1.450000000000000000e+02 4.321800000000000182e+03
1.930000000000000000e+02 4.321899999999999636e+03
2.090000000000000000e+02 4.321850000000000364e+03
5.690000000000000000e+02 4.322000000000000000e+03
1.050000000000000000e+02 4.322250000000000000e+03
5.130000000000000000e+02 4.322449999999999818e+03
1.700000000000000000e+01 4.323149999999999636e+03
1.000000000000000000e+00 4.324000000000000000e+03
4.900000000000000000e+01 4.325399999999999636e+03
8.100000000000000000e+01 4.325449999999999818e+03
2.730000000000000000e+02 4.326699999999999818e+03
1.770000000000000000e+02 4.327149999999999636e+03
1.370000000000000000e+02 4.327399999999999636e+03
1.610000000000000000e+02 4.333250000000000000e+03
1.210000000000000000e+02 4.333500000000000000e+03
7.300000000000000000e+01 4.334399999999999636e+03
5.210000000000000000e+02 4.337399999999999636e+03
3.930000000000000000e+02 4.340199999999999818e+03
1.930000000000000000e+02 4.347500000000000000e+03
6.410000000000000000e+02 4.352250000000000000e+03
3.930000000000000000e+02 4.355350000000000364e+03
5.850000000000000000e+02 4.358199999999999818e+03
3.770000000000000000e+02 4.360149999999999636e+03
7.530000000000000000e+02 4.360949999999999818e+03
1.530000000000000000e+02 4.365750000000000000e+03
1.000000000000000000e+00 4.372150000000000546e+03
7.290000000000000000e+02 4.374199999999999818e+03
3.300000000000000000e+01 4.374400000000000546e+03
1.930000000000000000e+02 4.375750000000000000e+03
2.650000000000000000e+02 4.378500000000000000e+03
6.090000000000000000e+02 4.378650000000000546e+03
5.050000000000000000e+02 4.379750000000000000e+03
5.290000000000000000e+02 4.380850000000000364e+03
8.100000000000000000e+01 4.383500000000000000e+03
2.010000000000000000e+02 4.386150000000000546e+03
6.730000000000000000e+02 4.398300000000000182e+03
2.170000000000000000e+02 4.403600000000000364e+03
4.010000000000000000e+02 4.416699999999999818e+03
5.610000000000000000e+02 4.422250000000000000e+03
5.210000000000000000e+02 4.426550000000000182e+03
4.900000000000000000e+01 4.446100000000000364e+03
6.330000000000000000e+02 4.459100000000000364e+03
1.700000000000000000e+01 4.478449999999999818e+03
5.290000000000000000e+02 4.481449999999999818e+03
3.770000000000000000e+02 4.486800000000000182e+03
1.210000000000000000e+02 4.487150000000000546e+03
1.770000000000000000e+02 4.491250000000000000e+03
7.850000000000000000e+02 4.520250000000000000e+03
4.970000000000000000e+02 4.528199999999999818e+03
5.530000000000000000e+02 4.534600000000000364e+03
5.770000000000000000e+02 4.555000000000000000e+03
1.700000000000000000e+01 4.563449999999999818e+03
6.570000000000000000e+02 4.570400000000000546e+03
7.770000000000000000e+02 4.576300000000000182e+03
5.530000000000000000e+02 4.581699999999999818e+03
7.690000000000000000e+02 4.582449999999999818e+03
8.900000000000000000e+01 4.582750000000000000e+03
6.810000000000000000e+02 4.582949999999999818e+03
4.650000000000000000e+02 4.584300000000000182e+03
7.210000000000000000e+02 4.589199999999999818e+03
7.530000000000000000e+02 4.590650000000000546e+03
3.450000000000000000e+02 4.591100000000000364e+03
1.050000000000000000e+02 4.591750000000000000e+03
4.100000000000000000e+01 4.594900000000000546e+03
8.100000000000000000e+01 4.597600000000000364e+03
1.210000000000000000e+02 4.601400000000000546e+03
5.290000000000000000e+02 4.601850000000000364e+03
1.930000000000000000e+02 4.607350000000000364e+03
7.610000000000000000e+02 4.608800000000000182e+03
7.850000000000000000e+02 4.609500000000000000e+03
1.450000000000000000e+02 4.609699999999999818e+03
7.210000000000000000e+02 4.610500000000000000e+03
1.610000000000000000e+02 4.611050000000000182e+03
7.930000000000000000e+02 4.611400000000000546e+03
2.890000000000000000e+02 4.611449999999999818e+03
1.370000000000000000e+02 4.611900000000000546e+03
2.010000000000000000e+02 4.611850000000000364e+03
2.490000000000000000e+02 4.611850000000000364e+03
6.500000000000000000e+01 4.612000000000000000e+03
5.930000000000000000e+02 4.612000000000000000e+03
3.300000000000000000e+01 4.612100000000000364e+03
7.130000000000000000e+02 4.612199999999999818e+03
7.300000000000000000e+01 4.612550000000000182e+03
2.090000000000000000e+02 4.612850000000000364e+03
4.810000000000000000e+02 4.612900000000000546e+03
2.500000000000000000e+01 4.612949999999999818e+03
2.730000000000000000e+02 4.612949999999999818e+03
6.090000000000000000e+02 4.612949999999999818e+03
6.890000000000000000e+02 4.612949999999999818e+03
8.100000000000000000e+01 4.613100000000000364e+03
4.570000000000000000e+02 4.613100000000000364e+03
1.210000000000000000e+02 4.613199999999999818e+03
4.100000000000000000e+01 4.613250000000000000e+03
4.090000000000000000e+02 4.613400000000000546e+03
9.000000000000000000e+00 4.613449999999999818e+03
1.850000000000000000e+02 4.613500000000000000e+03
2.970000000000000000e+02 4.613500000000000000e+03
5.370000000000000000e+02 4.613500000000000000e+03
7.450000000000000000e+02 4.613550000000000182e+03
7.770000000000000000e+02 4.613600000000000364e+03
3.690000000000000000e+02 4.613650000000000546e+03
6.410000000000000000e+02 4.613699999999999818e+03
3.370000000000000000e+02 4.613800000000000182e+03
2.250000000000000000e+02 4.613900000000000546e+03
6.650000000000000000e+02 4.613850000000000364e+03
7.690000000000000000e+02 4.613850000000000364e+03
2.650000000000000000e+02 4.613949999999999818e+03
3.050000000000000000e+02 4.613949999999999818e+03
1.690000000000000000e+02 4.614100000000000364e+03
7.290000000000000000e+02 4.614100000000000364e+03
1.770000000000000000e+02 4.614199999999999818e+03
2.170000000000000000e+02 4.614300000000000182e+03
5.210000000000000000e+02 4.614300000000000182e+03
5.690000000000000000e+02 4.614250000000000000e+03
1.700000000000000000e+01 4.614350000000000364e+03
5.530000000000000000e+02 4.614350000000000364e+03
6.330000000000000000e+02 4.614350000000000364e+03
7.210000000000000000e+02 4.614400000000000546e+03
5.130000000000000000e+02 4.614500000000000000e+03
1.000000000000000000e+00 4.614550000000000182e+03
4.900000000000000000e+01 4.614550000000000182e+03
4.330000000000000000e+02 4.614650000000000546e+03
7.370000000000000000e+02 4.614699999999999818e+03
1.450000000000000000e+02 4.614800000000000182e+03
4.250000000000000000e+02 4.614750000000000000e+03
6.010000000000000000e+02 4.614750000000000000e+03
7.610000000000000000e+02 4.614800000000000182e+03
1.130000000000000000e+02 4.614850000000000364e+03
2.810000000000000000e+02 4.614850000000000364e+03
3.610000000000000000e+02 4.614850000000000364e+03
4.170000000000000000e+02 4.614850000000000364e+03
5.050000000000000000e+02 4.614900000000000546e+03
5.770000000000000000e+02 4.614850000000000364e+03
1.050000000000000000e+02 4.614949999999999818e+03
3.450000000000000000e+02 4.614949999999999818e+03
4.730000000000000000e+02 4.615000000000000000e+03
1.610000000000000000e+02 4.615050000000000182e+03
4.650000000000000000e+02 4.615050000000000182e+03
6.730000000000000000e+02 4.615050000000000182e+03
6.810000000000000000e+02 4.615050000000000182e+03
5.700000000000000000e+01 4.615150000000000546e+03
2.410000000000000000e+02 4.615150000000000546e+03
5.450000000000000000e+02 4.615199999999999818e+03
6.970000000000000000e+02 4.615199999999999818e+03
2.890000000000000000e+02 4.615300000000000182e+03
5.610000000000000000e+02 4.615250000000000000e+03
6.170000000000000000e+02 4.615250000000000000e+03
8.900000000000000000e+01 4.615400000000000546e+03
4.010000000000000000e+02 4.615400000000000546e+03
1.930000000000000000e+02 4.615449999999999818e+03
4.490000000000000000e+02 4.615500000000000000e+03
2.010000000000000000e+02 4.615600000000000364e+03
4.410000000000000000e+02 4.615550000000000182e+03
3.130000000000000000e+02 4.615699999999999818e+03
4.890000000000000000e+02 4.615650000000000546e+03
4.970000000000000000e+02 4.615650000000000546e+03
7.130000000000000000e+02 4.615650000000000546e+03
1.290000000000000000e+02 4.615750000000000000e+03
1.530000000000000000e+02 4.615800000000000182e+03
2.570000000000000000e+02 4.615750000000000000e+03
7.530000000000000000e+02 4.615750000000000000e+03
7.930000000000000000e+02 4.615750000000000000e+03
9.700000000000000000e+01 4.615900000000000546e+03
1.370000000000000000e+02 4.615850000000000364e+03
2.330000000000000000e+02 4.615900000000000546e+03
3.850000000000000000e+02 4.615900000000000546e+03
6.570000000000000000e+02 4.615949999999999818e+03
1.210000000000000000e+02 4.616199999999999818e+03
7.850000000000000000e+02 4.616199999999999818e+03
5.930000000000000000e+02 4.616300000000000182e+03
3.530000000000000000e+02 4.616350000000000364e+03
3.300000000000000000e+01 4.616600000000000364e+03
7.300000000000000000e+01 4.616600000000000364e+03
3.210000000000000000e+02 4.616600000000000364e+03
3.290000000000000000e+02 4.616550000000000182e+03
5.850000000000000000e+02 4.616949999999999818e+03
7.050000000000000000e+02 4.617050000000000182e+03
4.100000000000000000e+01 4.617449999999999818e+03
4.810000000000000000e+02 4.620900000000000546e+03
3.930000000000000000e+02 4.627400000000000546e+03
9.700000000000000000e+01 4.638750000000000000e+03
2.810000000000000000e+02 4.639550000000000182e+03
5.850000000000000000e+02 4.641100000000000364e+03
6.810000000000000000e+02 4.641400000000000546e+03
4.970000000000000000e+02 4.641750000000000000e+03
4.490000000000000000e+02 4.641900000000000546e+03
3.370000000000000000e+02 4.643199999999999818e+03
5.610000000000000000e+02 4.647949999999999818e+03
5.130000000000000000e+02 4.648300000000000182e+03
1.770000000000000000e+02 4.648449999999999818e+03
2.250000000000000000e+02 4.650750000000000000e+03
5.050000000000000000e+02 4.654500000000000000e+03
1.930000000000000000e+02 4.655949999999999818e+03
9.000000000000000000e+00 4.658699999999999818e+03
3.130000000000000000e+02 4.662600000000000364e+03
7.300000000000000000e+01 4.662750000000000000e+03
1.850000000000000000e+02 4.666100000000000364e+03
2.500000000000000000e+01 4.668150000000000546e+03
6.970000000000000000e+02 4.669600000000000364e+03
2.730000000000000000e+02 4.674550000000000182e+03
7.770000000000000000e+02 4.679550000000000182e+03
2.330000000000000000e+02 4.690050000000000182e+03
2.010000000000000000e+02 4.690900000000000546e+03
2.970000000000000000e+02 4.694600000000000364e+03
7.290000000000000000e+02 4.699650000000000546e+03
2.730000000000000000e+02 4.702350000000000364e+03
6.410000000000000000e+02 4.710100000000000364e+03
8.100000000000000000e+01 4.711199999999999818e+03
4.250000000000000000e+02 4.717949999999999818e+03
3.050000000000000000e+02 4.720400000000000546e+03
6.970000000000000000e+02 4.738449999999999818e+03
5.290000000000000000e+02 4.740500000000000000e+03
3.210000000000000000e+02 4.743000000000000000e+03
2.170000000000000000e+02 4.743199999999999818e+03
1.690000000000000000e+02 4.769850000000000364e+03
6.330000000000000000e+02 4.776250000000000000e+03
3.610000000000000000e+02 4.784600000000000364e+03
3.850000000000000000e+02 4.800900000000000546e+03
2.490000000000000000e+02 4.809500000000000000e+03
4.170000000000000000e+02 4.817800000000000182e+03
1.050000000000000000e+02 4.827800000000000182e+03
6.810000000000000000e+02 4.828400000000000546e+03
4.330000000000000000e+02 4.829900000000000546e+03
1.930000000000000000e+02 4.839800000000000182e+03
6.650000000000000000e+02 4.847750000000000000e+03
6.810000000000000000e+02 4.847949999999999818e+03
4.810000000000000000e+02 4.850000000000000000e+03
6.570000000000000000e+02 4.850250000000000000e+03
7.610000000000000000e+02 4.850900000000000546e+03
5.770000000000000000e+02 4.854600000000000364e+03
5.610000000000000000e+02 4.854900000000000546e+03
1.610000000000000000e+02 4.854949999999999818e+03
6.010000000000000000e+02 4.855000000000000000e+03
6.170000000000000000e+02 4.854949999999999818e+03
1.700000000000000000e+01 4.855050000000000182e+03
5.290000000000000000e+02 4.855150000000000546e+03
6.410000000000000000e+02 4.855250000000000000e+03
3.850000000000000000e+02 4.855350000000000364e+03
5.690000000000000000e+02 4.855350000000000364e+03
7.690000000000000000e+02 4.855449999999999818e+03
8.900000000000000000e+01 4.855699999999999818e+03
3.290000000000000000e+02 4.855800000000000182e+03
1.210000000000000000e+02 4.855949999999999818e+03
4.250000000000000000e+02 4.855949999999999818e+03
1.530000000000000000e+02 4.856150000000000546e+03
2.330000000000000000e+02 4.856250000000000000e+03
1.290000000000000000e+02 4.856650000000000546e+03
3.690000000000000000e+02 4.856699999999999818e+03
7.770000000000000000e+02 4.857199999999999818e+03
4.900000000000000000e+01 4.857250000000000000e+03
6.250000000000000000e+02 4.857250000000000000e+03
6.970000000000000000e+02 4.857250000000000000e+03
5.210000000000000000e+02 4.857400000000000546e+03
1.000000000000000000e+00 4.857500000000000000e+03
9.000000000000000000e+00 4.857500000000000000e+03
6.650000000000000000e+02 4.857650000000000546e+03
3.300000000000000000e+01 4.857850000000000364e+03
2.090000000000000000e+02 4.857900000000000546e+03
5.700000000000000000e+01 4.858199999999999818e+03
4.570000000000000000e+02 4.858250000000000000e+03
6.810000000000000000e+02 4.858250000000000000e+03
2.170000000000000000e+02 4.858699999999999818e+03
2.970000000000000000e+02 4.858699999999999818e+03
3.770000000000000000e+02 4.858800000000000182e+03
2.570000000000000000e+02 4.858900000000000546e+03
6.330000000000000000e+02 4.858949999999999818e+03
1.930000000000000000e+02 4.859100000000000364e+03
2.250000000000000000e+02 4.859050000000000182e+03
2.410000000000000000e+02 4.859100000000000364e+03
3.370000000000000000e+02 4.859050000000000182e+03
5.050000000000000000e+02 4.859050000000000182e+03
5.370000000000000000e+02 4.859199999999999818e+03
7.850000000000000000e+02 4.859199999999999818e+03
2.010000000000000000e+02 4.859250000000000000e+03
3.450000000000000000e+02 4.859300000000000182e+03
6.730000000000000000e+02 4.859250000000000000e+03
5.130000000000000000e+02 4.859350000000000364e+03
1.130000000000000000e+02 4.859550000000000182e+03
9.700000000000000000e+01 4.859650000000000546e+03
3.050000000000000000e+02 4.859650000000000546e+03
3.610000000000000000e+02 4.859800000000000182e+03
4.490000000000000000e+02 4.859800000000000182e+03
7.130000000000000000e+02 4.859800000000000182e+03
7.530000000000000000e+02 4.859900000000000546e+03
3.210000000000000000e+02 4.860000000000000000e+03
5.530000000000000000e+02 4.860000000000000000e+03
5.850000000000000000e+02 4.860000000000000000e+03
7.290000000000000000e+02 4.860000000000000000e+03
8.100000000000000000e+01 4.860050000000000182e+03
4.730000000000000000e+02 4.860250000000000000e+03
3.290000000000000000e+02 4.860350000000000364e+03
4.090000000000000000e+02 4.860400000000000546e+03
6.490000000000000000e+02 4.860350000000000364e+03
7.050000000000000000e+02 4.860400000000000546e+03
7.450000000000000000e+02 4.860400000000000546e+03
1.370000000000000000e+02 4.860449999999999818e+03
3.850000000000000000e+02 4.860500000000000000e+03
4.170000000000000000e+02 4.860449999999999818e+03
4.970000000000000000e+02 4.860500000000000000e+03
3.130000000000000000e+02 4.860550000000000182e+03
5.610000000000000000e+02 4.860600000000000364e+03
6.170000000000000000e+02 4.860550000000000182e+03
4.100000000000000000e+01 4.860699999999999818e+03
1.690000000000000000e+02 4.860650000000000546e+03
2.810000000000000000e+02 4.860650000000000546e+03
4.890000000000000000e+02 4.860650000000000546e+03
1.050000000000000000e+02 4.860800000000000182e+03
6.090000000000000000e+02 4.860800000000000182e+03
2.730000000000000000e+02 4.860850000000000364e+03
6.500000000000000000e+01 4.861000000000000000e+03
8.900000000000000000e+01 4.860949999999999818e+03
1.450000000000000000e+02 4.861000000000000000e+03
2.650000000000000000e+02 4.861000000000000000e+03
3.690000000000000000e+02 4.861150000000000546e+03
5.290000000000000000e+02 4.861150000000000546e+03
7.690000000000000000e+02 4.861199999999999818e+03
4.410000000000000000e+02 4.861250000000000000e+03
4.330000000000000000e+02 4.861449999999999818e+03
7.610000000000000000e+02 4.861449999999999818e+03
5.210000000000000000e+02 4.861800000000000182e+03
4.900000000000000000e+01 4.862150000000000546e+03
6.410000000000000000e+02 4.863350000000000364e+03
6.330000000000000000e+02 4.863949999999999818e+03
7.930000000000000000e+02 4.865699999999999818e+03
2.090000000000000000e+02 4.867850000000000364e+03
7.300000000000000000e+01 4.869400000000000546e+03
3.210000000000000000e+02 4.869699999999999818e+03
2.010000000000000000e+02 4.880100000000000364e+03
5.770000000000000000e+02 4.881900000000000546e+03
1.370000000000000000e+02 4.882199999999999818e+03
3.770000000000000000e+02 4.882199999999999818e+03
6.250000000000000000e+02 4.882350000000000364e+03
3.290000000000000000e+02 4.892050000000000182e+03
7.300000000000000000e+01 4.905600000000000364e+03
1.530000000000000000e+02 4.906000000000000000e+03
3.130000000000000000e+02 4.907550000000000182e+03
5.130000000000000000e+02 4.908800000000000182e+03
7.530000000000000000e+02 4.910600000000000364e+03
3.210000000000000000e+02 4.911650000000000546e+03
7.370000000000000000e+02 4.918750000000000000e+03
2.810000000000000000e+02 4.919750000000000000e+03
2.570000000000000000e+02 4.921600000000000364e+03
1.290000000000000000e+02 4.922250000000000000e+03
7.130000000000000000e+02 4.923150000000000546e+03
4.010000000000000000e+02 4.930400000000000546e+03
2.090000000000000000e+02 4.932550000000000182e+03
9.700000000000000000e+01 4.935050000000000182e+03
7.690000000000000000e+02 4.936100000000000364e+03
5.700000000000000000e+01 4.936600000000000364e+03
5.610000000000000000e+02 4.936650000000000546e+03
7.610000000000000000e+02 4.939550000000000182e+03
4.730000000000000000e+02 4.943699999999999818e+03
5.450000000000000000e+02 4.944750000000000000e+03
5.210000000000000000e+02 4.967000000000000000e+03
4.410000000000000000e+02 4.991650000000000546e+03
3.690000000000000000e+02 5.006800000000000182e+03
7.370000000000000000e+02 5.015550000000000182e+03
5.930000000000000000e+02 5.017150000000000546e+03
5.370000000000000000e+02 5.022400000000000546e+03
6.650000000000000000e+02 5.076449999999999818e+03
3.690000000000000000e+02 5.085650000000000546e+03
5.930000000000000000e+02 5.092699999999999818e+03
3.300000000000000000e+01 5.102500000000000000e+03
3.130000000000000000e+02 5.110900000000000546e+03
2.970000000000000000e+02 5.117650000000000546e+03
2.170000000000000000e+02 5.165300000000000182e+03
5.450000000000000000e+02 5.175650000000000546e+03
5.850000000000000000e+02 5.179650000000000546e+03
1.530000000000000000e+02 5.201600000000000364e+03
6.500000000000000000e+01 5.217500000000000000e+03
4.100000000000000000e+01 5.218250000000000000e+03
4.410000000000000000e+02 5.219199999999999818e+03
3.930000000000000000e+02 5.224199999999999818e+03
4.250000000000000000e+02 5.228949999999999818e+03
4.650000000000000000e+02 5.229150000000000546e+03
7.290000000000000000e+02 5.230900000000000546e+03
1.370000000000000000e+02 5.231300000000000182e+03
7.930000000000000000e+02 5.232350000000000364e+03
2.730000000000000000e+02 5.232600000000000364e+03
4.330000000000000000e+02 5.234199999999999818e+03
9.700000000000000000e+01 5.235150000000000546e+03
7.690000000000000000e+02 5.235650000000000546e+03
7.450000000000000000e+02 5.236650000000000546e+03
3.050000000000000000e+02 5.237500000000000000e+03
4.170000000000000000e+02 5.238000000000000000e+03
4.730000000000000000e+02 5.238550000000000182e+03
6.410000000000000000e+02 5.238900000000000546e+03
6.490000000000000000e+02 5.239250000000000000e+03
6.500000000000000000e+01 5.239800000000000182e+03
5.530000000000000000e+02 5.239800000000000182e+03
5.050000000000000000e+02 5.240000000000000000e+03
3.610000000000000000e+02 5.240199999999999818e+03
2.250000000000000000e+02 5.240250000000000000e+03
7.850000000000000000e+02 5.240250000000000000e+03
7.290000000000000000e+02 5.240500000000000000e+03
2.730000000000000000e+02 5.241100000000000364e+03
3.290000000000000000e+02 5.241050000000000182e+03
5.290000000000000000e+02 5.241250000000000000e+03
1.130000000000000000e+02 5.241350000000000364e+03
3.450000000000000000e+02 5.241350000000000364e+03
7.530000000000000000e+02 5.241400000000000546e+03
1.000000000000000000e+00 5.241500000000000000e+03
3.850000000000000000e+02 5.241500000000000000e+03
6.250000000000000000e+02 5.241500000000000000e+03
4.900000000000000000e+01 5.241650000000000546e+03
5.930000000000000000e+02 5.241650000000000546e+03
7.130000000000000000e+02 5.241650000000000546e+03
1.530000000000000000e+02 5.241750000000000000e+03
5.850000000000000000e+02 5.241750000000000000e+03
7.610000000000000000e+02 5.241800000000000182e+03
5.130000000000000000e+02 5.241850000000000364e+03
5.210000000000000000e+02 5.241900000000000546e+03
1.290000000000000000e+02 5.242000000000000000e+03
7.050000000000000000e+02 5.242000000000000000e+03
9.000000000000000000e+00 5.242050000000000182e+03
1.450000000000000000e+02 5.242100000000000364e+03
4.570000000000000000e+02 5.242050000000000182e+03
7.930000000000000000e+02 5.242100000000000364e+03
7.300000000000000000e+01 5.242150000000000546e+03
5.690000000000000000e+02 5.242199999999999818e+03
3.300000000000000000e+01 5.242250000000000000e+03
4.970000000000000000e+02 5.242300000000000182e+03
9.700000000000000000e+01 5.242350000000000364e+03
1.770000000000000000e+02 5.242400000000000546e+03
3.370000000000000000e+02 5.242400000000000546e+03
1.370000000000000000e+02 5.242449999999999818e+03
5.370000000000000000e+02 5.242500000000000000e+03
6.010000000000000000e+02 5.242449999999999818e+03
7.770000000000000000e+02 5.242449999999999818e+03
4.100000000000000000e+01 5.242600000000000364e+03
5.700000000000000000e+01 5.242600000000000364e+03
2.090000000000000000e+02 5.242550000000000182e+03
2.570000000000000000e+02 5.242550000000000182e+03
3.130000000000000000e+02 5.242550000000000182e+03
3.930000000000000000e+02 5.242550000000000182e+03
6.170000000000000000e+02 5.242550000000000182e+03
2.010000000000000000e+02 5.242699999999999818e+03
2.330000000000000000e+02 5.242650000000000546e+03
4.490000000000000000e+02 5.242650000000000546e+03
2.500000000000000000e+01 5.242750000000000000e+03
2.410000000000000000e+02 5.242750000000000000e+03
6.090000000000000000e+02 5.242750000000000000e+03
2.170000000000000000e+02 5.242850000000000364e+03
4.330000000000000000e+02 5.242900000000000546e+03
6.810000000000000000e+02 5.242900000000000546e+03
1.690000000000000000e+02 5.242949999999999818e+03
4.090000000000000000e+02 5.243000000000000000e+03
4.170000000000000000e+02 5.243000000000000000e+03
4.250000000000000000e+02 5.242949999999999818e+03
4.810000000000000000e+02 5.242949999999999818e+03
6.650000000000000000e+02 5.242949999999999818e+03
7.210000000000000000e+02 5.242949999999999818e+03
1.610000000000000000e+02 5.243100000000000364e+03
2.890000000000000000e+02 5.243100000000000364e+03
3.050000000000000000e+02 5.243050000000000182e+03
4.410000000000000000e+02 5.243050000000000182e+03
4.650000000000000000e+02 5.243100000000000364e+03
5.770000000000000000e+02 5.243050000000000182e+03
7.370000000000000000e+02 5.243100000000000364e+03
1.700000000000000000e+01 5.243199999999999818e+03
8.100000000000000000e+01 5.243199999999999818e+03
6.410000000000000000e+02 5.243199999999999818e+03
7.690000000000000000e+02 5.243150000000000546e+03
1.210000000000000000e+02 5.243300000000000182e+03
1.850000000000000000e+02 5.243300000000000182e+03
2.970000000000000000e+02 5.243250000000000000e+03
5.610000000000000000e+02 5.243250000000000000e+03
6.890000000000000000e+02 5.243250000000000000e+03
2.810000000000000000e+02 5.243400000000000546e+03
3.690000000000000000e+02 5.243350000000000364e+03
3.770000000000000000e+02 5.243350000000000364e+03
6.570000000000000000e+02 5.243350000000000364e+03
6.330000000000000000e+02 5.243449999999999818e+03
6.730000000000000000e+02 5.243449999999999818e+03
7.450000000000000000e+02 5.243449999999999818e+03
8.900000000000000000e+01 5.243600000000000364e+03
2.650000000000000000e+02 5.243550000000000182e+03
4.010000000000000000e+02 5.243600000000000364e+03
5.050000000000000000e+02 5.243550000000000182e+03
4.730000000000000000e+02 5.243650000000000546e+03
5.530000000000000000e+02 5.243699999999999818e+03
1.930000000000000000e+02 5.243800000000000182e+03
3.210000000000000000e+02 5.243800000000000182e+03
7.290000000000000000e+02 5.243800000000000182e+03
6.970000000000000000e+02 5.243900000000000546e+03
1.050000000000000000e+02 5.244000000000000000e+03
5.450000000000000000e+02 5.243949999999999818e+03
7.850000000000000000e+02 5.243949999999999818e+03
3.530000000000000000e+02 5.244050000000000182e+03
5.290000000000000000e+02 5.244050000000000182e+03
6.490000000000000000e+02 5.244050000000000182e+03
1.000000000000000000e+00 5.244800000000000182e+03
2.490000000000000000e+02 5.247550000000000182e+03
7.050000000000000000e+02 5.247750000000000000e+03
5.050000000000000000e+02 5.248050000000000182e+03
1.530000000000000000e+02 5.248800000000000182e+03
1.450000000000000000e+02 5.249500000000000000e+03
4.650000000000000000e+02 5.250000000000000000e+03
5.290000000000000000e+02 5.258550000000000182e+03
3.370000000000000000e+02 5.258699999999999818e+03
4.810000000000000000e+02 5.259650000000000546e+03
7.530000000000000000e+02 5.263850000000000364e+03
7.290000000000000000e+02 5.277250000000000000e+03
1.370000000000000000e+02 5.300900000000000546e+03
4.730000000000000000e+02 5.301100000000000364e+03
7.300000000000000000e+01 5.305150000000000546e+03
6.010000000000000000e+02 5.353650000000000546e+03
3.370000000000000000e+02 5.409100000000000364e+03
7.300000000000000000e+01 5.450300000000000182e+03
7.610000000000000000e+02 5.469449999999999818e+03
2.970000000000000000e+02 5.494250000000000000e+03
4.650000000000000000e+02 5.523699999999999818e+03
2.500000000000000000e+01 5.663350000000000364e+03
1.450000000000000000e+02 5.739250000000000000e+03
7.850000000000000000e+02 5.747100000000000364e+03
2.570000000000000000e+02 5.748350000000000364e+03
5.530000000000000000e+02 5.752000000000000000e+03
1.290000000000000000e+02 5.811500000000000000e+03
1.450000000000000000e+02 5.967199999999999818e+03
6.410000000000000000e+02 5.967150000000000546e+03
1.540000000000000000e+02 1.167000000000000028e+02
7.300000000000000000e+02 1.659000000000000057e+02
5.800000000000000000e+01 2.264500000000000171e+02
5.220000000000000000e+02 2.355000000000000000e+02
2.420000000000000000e+02 2.554000000000000057e+02
5.460000000000000000e+02 2.571000000000000227e+02
7.860000000000000000e+02 2.663000000000000114e+02
9.800000000000000000e+01 3.010500000000000114e+02
7.460000000000000000e+02 3.115000000000000000e+02
1.060000000000000000e+02 3.191000000000000227e+02
2.420000000000000000e+02 3.198500000000000227e+02
3.140000000000000000e+02 3.264000000000000341e+02
1.460000000000000000e+02 3.270000000000000000e+02
4.200000000000000000e+01 3.392500000000000000e+02
3.300000000000000000e+02 3.684499999999999886e+02
1.220000000000000000e+02 3.739499999999999886e+02
6.340000000000000000e+02 3.955500000000000114e+02
9.800000000000000000e+01 3.985500000000000114e+02
8.200000000000000000e+01 4.185500000000000114e+02
4.740000000000000000e+02 4.205000000000000000e+02
1.300000000000000000e+02 4.211500000000000341e+02
5.460000000000000000e+02 4.445500000000000114e+02
7.380000000000000000e+02 4.475000000000000000e+02
1.300000000000000000e+02 4.679499999999999886e+02
7.780000000000000000e+02 4.738000000000000114e+02
7.220000000000000000e+02 5.108500000000000227e+02
1.620000000000000000e+02 5.111500000000000341e+02
1.220000000000000000e+02 5.463999999999999773e+02
4.020000000000000000e+02 5.973500000000000227e+02
2.000000000000000000e+00 6.163500000000000227e+02
6.020000000000000000e+02 6.376000000000000227e+02
1.700000000000000000e+02 6.442000000000000455e+02
5.700000000000000000e+02 6.585000000000000000e+02
1.380000000000000000e+02 7.017500000000000000e+02
6.180000000000000000e+02 7.112500000000000000e+02
7.400000000000000000e+01 7.299500000000000455e+02
6.900000000000000000e+02 7.322000000000000455e+02
5.300000000000000000e+02 7.376000000000000227e+02
2.980000000000000000e+02 7.727000000000000455e+02
6.420000000000000000e+02 7.738500000000000227e+02
9.800000000000000000e+01 8.068000000000000682e+02
1.060000000000000000e+02 8.703500000000000227e+02
2.820000000000000000e+02 8.733500000000000227e+02
4.340000000000000000e+02 9.371499999999999773e+02
7.300000000000000000e+02 9.375000000000000000e+02
7.400000000000000000e+01 9.542500000000000000e+02
7.220000000000000000e+02 9.716000000000000227e+02
1.940000000000000000e+02 9.993500000000000227e+02
2.020000000000000000e+02 1.041250000000000000e+03
7.860000000000000000e+02 1.052849999999999909e+03
1.620000000000000000e+02 1.076099999999999909e+03
2.660000000000000000e+02 1.100950000000000045e+03
7.540000000000000000e+02 1.127950000000000045e+03
6.820000000000000000e+02 1.157049999999999955e+03
1.000000000000000000e+01 1.167850000000000136e+03
7.620000000000000000e+02 1.210000000000000000e+03
7.540000000000000000e+02 1.228150000000000091e+03
6.980000000000000000e+02 1.254650000000000091e+03
1.620000000000000000e+02 1.315750000000000000e+03
1.700000000000000000e+02 1.319799999999999955e+03
3.460000000000000000e+02 1.331049999999999955e+03
3.060000000000000000e+02 1.332700000000000045e+03
5.780000000000000000e+02 1.347650000000000091e+03
1.060000000000000000e+02 1.359150000000000091e+03
3.700000000000000000e+02 1.370750000000000000e+03
2.260000000000000000e+02 1.378000000000000000e+03
2.980000000000000000e+02 1.390799999999999955e+03
5.060000000000000000e+02 1.402900000000000091e+03
5.060000000000000000e+02 1.417799999999999955e+03
1.700000000000000000e+02 1.430500000000000000e+03
7.220000000000000000e+02 1.434200000000000045e+03
6.980000000000000000e+02 1.438500000000000000e+03
7.940000000000000000e+02 1.439799999999999955e+03
3.460000000000000000e+02 1.451400000000000091e+03
7.780000000000000000e+02 1.471850000000000136e+03
2.100000000000000000e+02 1.482200000000000045e+03
3.400000000000000000e+01 1.507500000000000000e+03
5.460000000000000000e+02 1.515250000000000000e+03
2.900000000000000000e+02 1.516500000000000000e+03
2.580000000000000000e+02 1.520100000000000136e+03
3.540000000000000000e+02 1.526100000000000136e+03
7.540000000000000000e+02 1.539299999999999955e+03
1.620000000000000000e+02 1.556900000000000091e+03
6.660000000000000000e+02 1.561400000000000091e+03
6.020000000000000000e+02 1.576299999999999955e+03
1.940000000000000000e+02 1.576450000000000045e+03
1.460000000000000000e+02 1.597250000000000000e+03
5.220000000000000000e+02 1.602150000000000091e+03
5.940000000000000000e+02 1.614750000000000000e+03
3.460000000000000000e+02 1.622250000000000000e+03
6.580000000000000000e+02 1.623400000000000091e+03
2.420000000000000000e+02 1.637299999999999955e+03
5.540000000000000000e+02 1.644000000000000000e+03
2.820000000000000000e+02 1.647100000000000136e+03
2.980000000000000000e+02 1.649400000000000091e+03
3.380000000000000000e+02 1.649400000000000091e+03
1.300000000000000000e+02 1.658299999999999955e+03
7.620000000000000000e+02 1.674150000000000091e+03
1.700000000000000000e+02 1.681500000000000000e+03
6.420000000000000000e+02 1.693400000000000091e+03
6.260000000000000000e+02 1.731850000000000136e+03
1.940000000000000000e+02 1.739200000000000045e+03
4.340000000000000000e+02 1.782549999999999955e+03
2.980000000000000000e+02 1.790500000000000000e+03
7.300000000000000000e+02 1.792750000000000000e+03
9.800000000000000000e+01 1.824350000000000136e+03
5.800000000000000000e+01 1.842299999999999955e+03
4.900000000000000000e+02 1.843650000000000091e+03
2.420000000000000000e+02 1.852850000000000136e+03
3.400000000000000000e+01 1.857450000000000045e+03
4.260000000000000000e+02 1.879350000000000136e+03
1.000000000000000000e+01 1.901549999999999955e+03
4.820000000000000000e+02 1.930150000000000091e+03
3.940000000000000000e+02 1.947200000000000045e+03
2.580000000000000000e+02 1.969600000000000136e+03
1.940000000000000000e+02 1.970100000000000136e+03
4.980000000000000000e+02 1.972900000000000091e+03
1.780000000000000000e+02 2.008400000000000091e+03
1.380000000000000000e+02 2.059250000000000000e+03
5.460000000000000000e+02 2.060750000000000000e+03
9.000000000000000000e+01 2.071400000000000091e+03
7.940000000000000000e+02 2.074400000000000091e+03
7.400000000000000000e+01 2.147949999999999818e+03
2.580000000000000000e+02 2.168349999999999909e+03
7.140000000000000000e+02 2.175099999999999909e+03
7.940000000000000000e+02 2.228500000000000000e+03
4.980000000000000000e+02 2.289300000000000182e+03
2.000000000000000000e+00 2.307650000000000091e+03
3.400000000000000000e+01 2.345300000000000182e+03
5.860000000000000000e+02 2.371400000000000091e+03
2.740000000000000000e+02 2.397200000000000273e+03
3.780000000000000000e+02 2.443700000000000273e+03
4.100000000000000000e+02 2.470300000000000182e+03
6.180000000000000000e+02 2.526250000000000000e+03
6.980000000000000000e+02 2.544050000000000182e+03
7.460000000000000000e+02 2.557200000000000273e+03
6.500000000000000000e+02 2.562950000000000273e+03
3.400000000000000000e+01 2.565849999999999909e+03
5.800000000000000000e+01 2.568250000000000000e+03
6.740000000000000000e+02 2.572950000000000273e+03
5.860000000000000000e+02 2.579349999999999909e+03
1.220000000000000000e+02 2.584099999999999909e+03
4.740000000000000000e+02 2.604849999999999909e+03
1.860000000000000000e+02 2.666000000000000000e+03
4.180000000000000000e+02 2.678300000000000182e+03
2.340000000000000000e+02 2.686950000000000273e+03
1.860000000000000000e+02 2.694500000000000000e+03
7.460000000000000000e+02 2.741700000000000273e+03
2.820000000000000000e+02 2.750400000000000091e+03
4.260000000000000000e+02 2.776450000000000273e+03
2.900000000000000000e+02 2.813099999999999909e+03
5.460000000000000000e+02 2.825000000000000000e+03
2.600000000000000000e+01 2.876000000000000000e+03
1.800000000000000000e+01 2.888849999999999909e+03
5.380000000000000000e+02 2.903950000000000273e+03
7.860000000000000000e+02 2.915300000000000182e+03
4.580000000000000000e+02 2.915900000000000091e+03
3.860000000000000000e+02 2.940599999999999909e+03
3.620000000000000000e+02 2.941250000000000000e+03
7.300000000000000000e+02 2.951599999999999909e+03
7.540000000000000000e+02 2.961200000000000273e+03
6.980000000000000000e+02 3.005500000000000000e+03
3.140000000000000000e+02 3.006099999999999909e+03
2.740000000000000000e+02 3.006599999999999909e+03
1.860000000000000000e+02 3.006900000000000091e+03
4.980000000000000000e+02 3.007250000000000000e+03
2.260000000000000000e+02 3.007650000000000091e+03
6.580000000000000000e+02 3.007650000000000091e+03
3.460000000000000000e+02 3.007750000000000000e+03
7.780000000000000000e+02 3.007800000000000182e+03
4.660000000000000000e+02 3.007900000000000091e+03
2.660000000000000000e+02 3.009000000000000000e+03
1.460000000000000000e+02 3.009400000000000091e+03
9.000000000000000000e+01 3.009500000000000000e+03
2.340000000000000000e+02 3.009650000000000091e+03
6.340000000000000000e+02 3.010050000000000182e+03
1.780000000000000000e+02 3.010150000000000091e+03
2.580000000000000000e+02 3.010150000000000091e+03
5.140000000000000000e+02 3.010300000000000182e+03
2.900000000000000000e+02 3.010349999999999909e+03
2.980000000000000000e+02 3.010400000000000091e+03
5.300000000000000000e+02 3.010450000000000273e+03
4.200000000000000000e+01 3.010599999999999909e+03
5.060000000000000000e+02 3.010550000000000182e+03
6.260000000000000000e+02 3.010700000000000273e+03
1.060000000000000000e+02 3.010750000000000000e+03
3.860000000000000000e+02 3.010800000000000182e+03
6.600000000000000000e+01 3.011900000000000091e+03
4.260000000000000000e+02 3.012050000000000182e+03
7.060000000000000000e+02 3.012800000000000182e+03
4.020000000000000000e+02 3.013250000000000000e+03
3.300000000000000000e+02 3.013950000000000273e+03
4.740000000000000000e+02 3.014099999999999909e+03
2.180000000000000000e+02 3.015099999999999909e+03
4.420000000000000000e+02 3.015550000000000182e+03
1.700000000000000000e+02 3.015700000000000273e+03
4.500000000000000000e+02 3.016200000000000273e+03
4.100000000000000000e+02 3.016250000000000000e+03
7.860000000000000000e+02 3.016250000000000000e+03
2.820000000000000000e+02 3.016400000000000091e+03
4.820000000000000000e+02 3.016400000000000091e+03
7.940000000000000000e+02 3.016400000000000091e+03
7.460000000000000000e+02 3.016599999999999909e+03
4.980000000000000000e+02 3.016800000000000182e+03
6.100000000000000000e+02 3.016800000000000182e+03
1.860000000000000000e+02 3.016900000000000091e+03
3.400000000000000000e+01 3.017050000000000182e+03
1.300000000000000000e+02 3.017050000000000182e+03
5.940000000000000000e+02 3.017099999999999909e+03
6.900000000000000000e+02 3.017050000000000182e+03
2.420000000000000000e+02 3.017450000000000273e+03
6.500000000000000000e+02 3.017500000000000000e+03
7.140000000000000000e+02 3.017500000000000000e+03
9.800000000000000000e+01 3.017599999999999909e+03
5.060000000000000000e+02 3.017599999999999909e+03
7.540000000000000000e+02 3.017599999999999909e+03
7.400000000000000000e+01 3.017700000000000273e+03
2.500000000000000000e+02 3.017650000000000091e+03
3.220000000000000000e+02 3.017700000000000273e+03
1.000000000000000000e+01 3.017900000000000091e+03
2.100000000000000000e+02 3.017900000000000091e+03
5.380000000000000000e+02 3.018050000000000182e+03
3.700000000000000000e+02 3.018150000000000091e+03
2.600000000000000000e+01 3.018250000000000000e+03
4.020000000000000000e+02 3.018300000000000182e+03
5.620000000000000000e+02 3.018300000000000182e+03
1.140000000000000000e+02 3.018400000000000091e+03
7.780000000000000000e+02 3.018400000000000091e+03
2.000000000000000000e+00 3.018450000000000273e+03
3.780000000000000000e+02 3.018550000000000182e+03
6.600000000000000000e+01 3.018750000000000000e+03
6.180000000000000000e+02 3.018750000000000000e+03
1.380000000000000000e+02 3.018950000000000273e+03
4.200000000000000000e+01 3.019050000000000182e+03
4.260000000000000000e+02 3.019099999999999909e+03
1.540000000000000000e+02 3.019150000000000091e+03
5.300000000000000000e+02 3.020400000000000091e+03
5.460000000000000000e+02 3.020849999999999909e+03
6.020000000000000000e+02 3.023900000000000091e+03
2.180000000000000000e+02 3.024250000000000000e+03
5.540000000000000000e+02 3.024750000000000000e+03
2.020000000000000000e+02 3.024900000000000091e+03
3.620000000000000000e+02 3.026200000000000273e+03
6.820000000000000000e+02 3.026450000000000273e+03
4.420000000000000000e+02 3.026599999999999909e+03
2.900000000000000000e+02 3.026700000000000273e+03
1.860000000000000000e+02 3.026900000000000091e+03
2.660000000000000000e+02 3.026900000000000091e+03
6.100000000000000000e+02 3.026849999999999909e+03
7.300000000000000000e+02 3.026849999999999909e+03
3.860000000000000000e+02 3.026950000000000273e+03
4.580000000000000000e+02 3.026950000000000273e+03
2.500000000000000000e+02 3.027200000000000273e+03
5.140000000000000000e+02 3.027200000000000273e+03
1.460000000000000000e+02 3.027300000000000182e+03
2.820000000000000000e+02 3.027250000000000000e+03
4.660000000000000000e+02 3.027300000000000182e+03
5.380000000000000000e+02 3.027349999999999909e+03
7.140000000000000000e+02 3.027400000000000091e+03
3.220000000000000000e+02 3.027500000000000000e+03
5.620000000000000000e+02 3.027700000000000273e+03
7.380000000000000000e+02 3.027750000000000000e+03
7.460000000000000000e+02 3.027750000000000000e+03
1.540000000000000000e+02 3.027950000000000273e+03
5.800000000000000000e+01 3.028150000000000091e+03
2.740000000000000000e+02 3.028400000000000091e+03
4.820000000000000000e+02 3.028400000000000091e+03
5.940000000000000000e+02 3.028800000000000182e+03
3.380000000000000000e+02 3.029300000000000182e+03
1.940000000000000000e+02 3.032200000000000273e+03
3.060000000000000000e+02 3.033200000000000273e+03
4.900000000000000000e+02 3.035349999999999909e+03
8.200000000000000000e+01 3.035650000000000091e+03
1.220000000000000000e+02 3.036150000000000091e+03
2.260000000000000000e+02 3.036300000000000182e+03
3.400000000000000000e+01 3.036349999999999909e+03
5.780000000000000000e+02 3.036349999999999909e+03
2.580000000000000000e+02 3.036750000000000000e+03
3.140000000000000000e+02 3.037400000000000091e+03
6.900000000000000000e+02 3.037599999999999909e+03
4.340000000000000000e+02 3.037700000000000273e+03
6.420000000000000000e+02 3.037849999999999909e+03
3.220000000000000000e+02 3.038150000000000091e+03
3.940000000000000000e+02 3.038300000000000182e+03
6.980000000000000000e+02 3.038349999999999909e+03
1.700000000000000000e+02 3.038500000000000000e+03
2.000000000000000000e+00 3.038599999999999909e+03
3.380000000000000000e+02 3.038550000000000182e+03
6.740000000000000000e+02 3.038550000000000182e+03
1.800000000000000000e+01 3.038650000000000091e+03
4.100000000000000000e+02 3.038700000000000273e+03
4.020000000000000000e+02 3.038800000000000182e+03
3.300000000000000000e+02 3.038900000000000091e+03
7.860000000000000000e+02 3.038849999999999909e+03
6.180000000000000000e+02 3.038950000000000273e+03
4.180000000000000000e+02 3.039150000000000091e+03
4.200000000000000000e+01 3.039400000000000091e+03
1.780000000000000000e+02 3.039700000000000273e+03
2.740000000000000000e+02 3.039700000000000273e+03
1.060000000000000000e+02 3.039800000000000182e+03
3.460000000000000000e+02 3.039900000000000091e+03
7.380000000000000000e+02 3.044300000000000182e+03
4.500000000000000000e+02 3.045349999999999909e+03
2.100000000000000000e+02 3.046599999999999909e+03
1.940000000000000000e+02 3.048000000000000000e+03
1.140000000000000000e+02 3.048099999999999909e+03
2.740000000000000000e+02 3.048099999999999909e+03
2.500000000000000000e+02 3.048950000000000273e+03
6.500000000000000000e+02 3.049099999999999909e+03
7.140000000000000000e+02 3.049050000000000182e+03
4.740000000000000000e+02 3.049450000000000273e+03
6.660000000000000000e+02 3.049450000000000273e+03
1.220000000000000000e+02 3.049700000000000273e+03
6.580000000000000000e+02 3.050250000000000000e+03
7.400000000000000000e+01 3.051099999999999909e+03
6.600000000000000000e+01 3.051450000000000273e+03
4.420000000000000000e+02 3.057200000000000273e+03
3.140000000000000000e+02 3.057250000000000000e+03
1.540000000000000000e+02 3.057750000000000000e+03
2.600000000000000000e+01 3.058450000000000273e+03
6.980000000000000000e+02 3.058550000000000182e+03
7.620000000000000000e+02 3.058650000000000091e+03
4.200000000000000000e+01 3.058750000000000000e+03
3.380000000000000000e+02 3.058900000000000091e+03
2.980000000000000000e+02 3.059000000000000000e+03
3.860000000000000000e+02 3.059000000000000000e+03
5.800000000000000000e+01 3.059099999999999909e+03
6.600000000000000000e+01 3.059200000000000273e+03
2.340000000000000000e+02 3.059599999999999909e+03
4.260000000000000000e+02 3.059550000000000182e+03
4.500000000000000000e+02 3.059599999999999909e+03
5.940000000000000000e+02 3.059599999999999909e+03
4.020000000000000000e+02 3.062050000000000182e+03
4.580000000000000000e+02 3.062150000000000091e+03
9.000000000000000000e+01 3.065099999999999909e+03
5.620000000000000000e+02 3.065150000000000091e+03
1.000000000000000000e+01 3.068300000000000182e+03
2.660000000000000000e+02 3.068300000000000182e+03
1.380000000000000000e+02 3.068650000000000091e+03
1.220000000000000000e+02 3.068900000000000091e+03
7.700000000000000000e+02 3.069250000000000000e+03
5.060000000000000000e+02 3.069400000000000091e+03
4.660000000000000000e+02 3.070250000000000000e+03
7.220000000000000000e+02 3.070349999999999909e+03
6.180000000000000000e+02 3.070700000000000273e+03
1.540000000000000000e+02 3.071650000000000091e+03
3.220000000000000000e+02 3.071650000000000091e+03
5.300000000000000000e+02 3.071700000000000273e+03
3.540000000000000000e+02 3.074000000000000000e+03
2.420000000000000000e+02 3.074900000000000091e+03
7.400000000000000000e+01 3.075550000000000182e+03
7.060000000000000000e+02 3.075550000000000182e+03
1.700000000000000000e+02 3.075950000000000273e+03
6.020000000000000000e+02 3.076150000000000091e+03
3.300000000000000000e+02 3.076500000000000000e+03
2.100000000000000000e+02 3.076750000000000000e+03
7.860000000000000000e+02 3.076750000000000000e+03
3.940000000000000000e+02 3.077450000000000273e+03
6.500000000000000000e+02 3.077450000000000273e+03
4.200000000000000000e+01 3.078150000000000091e+03
6.820000000000000000e+02 3.078300000000000182e+03
4.420000000000000000e+02 3.081450000000000273e+03
1.940000000000000000e+02 3.082450000000000273e+03
1.060000000000000000e+02 3.083099999999999909e+03
5.140000000000000000e+02 3.083450000000000273e+03
2.180000000000000000e+02 3.083650000000000091e+03
7.940000000000000000e+02 3.084250000000000000e+03
6.260000000000000000e+02 3.084550000000000182e+03
6.100000000000000000e+02 3.084800000000000182e+03
7.460000000000000000e+02 3.084950000000000273e+03
4.900000000000000000e+02 3.085099999999999909e+03
2.740000000000000000e+02 3.086000000000000000e+03
5.060000000000000000e+02 3.085950000000000273e+03
2.980000000000000000e+02 3.086300000000000182e+03
6.900000000000000000e+02 3.087550000000000182e+03
5.220000000000000000e+02 3.089800000000000182e+03
7.220000000000000000e+02 3.089950000000000273e+03
2.260000000000000000e+02 3.090800000000000182e+03
4.180000000000000000e+02 3.090849999999999909e+03
1.140000000000000000e+02 3.091800000000000182e+03
4.020000000000000000e+02 3.092200000000000273e+03
4.900000000000000000e+02 3.092450000000000273e+03
6.740000000000000000e+02 3.092650000000000091e+03
1.460000000000000000e+02 3.092900000000000091e+03
3.220000000000000000e+02 3.092849999999999909e+03
3.060000000000000000e+02 3.093099999999999909e+03
3.400000000000000000e+01 3.093250000000000000e+03
6.980000000000000000e+02 3.093550000000000182e+03
7.780000000000000000e+02 3.093900000000000091e+03
5.300000000000000000e+02 3.094000000000000000e+03
2.600000000000000000e+01 3.094349999999999909e+03
2.580000000000000000e+02 3.094349999999999909e+03
7.540000000000000000e+02 3.094349999999999909e+03
4.100000000000000000e+02 3.094650000000000091e+03
5.460000000000000000e+02 3.094849999999999909e+03
2.000000000000000000e+00 3.095200000000000273e+03
2.900000000000000000e+02 3.095450000000000273e+03
7.400000000000000000e+01 3.099550000000000182e+03
5.700000000000000000e+02 3.099750000000000000e+03
2.340000000000000000e+02 3.100450000000000273e+03
6.900000000000000000e+02 3.100950000000000273e+03
2.020000000000000000e+02 3.101800000000000182e+03
4.500000000000000000e+02 3.101800000000000182e+03
2.260000000000000000e+02 3.102050000000000182e+03
6.980000000000000000e+02 3.102200000000000273e+03
3.940000000000000000e+02 3.103200000000000273e+03
7.300000000000000000e+02 3.103200000000000273e+03
4.180000000000000000e+02 3.103750000000000000e+03
6.100000000000000000e+02 3.109300000000000182e+03
1.940000000000000000e+02 3.109450000000000273e+03
2.100000000000000000e+02 3.109900000000000091e+03
7.620000000000000000e+02 3.109900000000000091e+03
1.220000000000000000e+02 3.110099999999999909e+03
6.020000000000000000e+02 3.110200000000000273e+03
6.740000000000000000e+02 3.110300000000000182e+03
1.780000000000000000e+02 3.110349999999999909e+03
2.660000000000000000e+02 3.110550000000000182e+03
5.000000000000000000e+01 3.110800000000000182e+03
5.060000000000000000e+02 3.110800000000000182e+03
7.780000000000000000e+02 3.111000000000000000e+03
6.580000000000000000e+02 3.111099999999999909e+03
5.700000000000000000e+02 3.111150000000000091e+03
4.580000000000000000e+02 3.111300000000000182e+03
7.140000000000000000e+02 3.111500000000000000e+03
9.800000000000000000e+01 3.111550000000000182e+03
4.200000000000000000e+01 3.111700000000000273e+03
1.000000000000000000e+01 3.111750000000000000e+03
6.820000000000000000e+02 3.111800000000000182e+03
2.020000000000000000e+02 3.112050000000000182e+03
7.940000000000000000e+02 3.118000000000000000e+03
3.300000000000000000e+02 3.119450000000000273e+03
4.500000000000000000e+02 3.119550000000000182e+03
5.460000000000000000e+02 3.120250000000000000e+03
4.980000000000000000e+02 3.120650000000000091e+03
2.420000000000000000e+02 3.120900000000000091e+03
6.500000000000000000e+02 3.121550000000000182e+03
3.460000000000000000e+02 3.121750000000000000e+03
7.540000000000000000e+02 3.121900000000000091e+03
3.060000000000000000e+02 3.122050000000000182e+03
2.180000000000000000e+02 3.122150000000000091e+03
5.800000000000000000e+01 3.122300000000000182e+03
2.260000000000000000e+02 3.122450000000000273e+03
1.140000000000000000e+02 3.122750000000000000e+03
2.500000000000000000e+02 3.122750000000000000e+03
4.200000000000000000e+01 3.123599999999999909e+03
7.220000000000000000e+02 3.124200000000000273e+03
1.300000000000000000e+02 3.125800000000000182e+03
1.620000000000000000e+02 3.126150000000000091e+03
5.140000000000000000e+02 3.126150000000000091e+03
2.600000000000000000e+01 3.126950000000000273e+03
7.380000000000000000e+02 3.127000000000000000e+03
6.180000000000000000e+02 3.127099999999999909e+03
1.540000000000000000e+02 3.128050000000000182e+03
4.180000000000000000e+02 3.128150000000000091e+03
3.300000000000000000e+02 3.128849999999999909e+03
3.860000000000000000e+02 3.129050000000000182e+03
4.420000000000000000e+02 3.129099999999999909e+03
2.980000000000000000e+02 3.129450000000000273e+03
1.380000000000000000e+02 3.129550000000000182e+03
3.400000000000000000e+01 3.129700000000000273e+03
4.200000000000000000e+01 3.135500000000000000e+03
7.860000000000000000e+02 3.135849999999999909e+03
5.380000000000000000e+02 3.136450000000000273e+03
4.500000000000000000e+02 3.136849999999999909e+03
4.420000000000000000e+02 3.136950000000000273e+03
2.000000000000000000e+00 3.138000000000000000e+03
5.460000000000000000e+02 3.138500000000000000e+03
4.820000000000000000e+02 3.138800000000000182e+03
5.220000000000000000e+02 3.140550000000000182e+03
7.380000000000000000e+02 3.141300000000000182e+03
3.860000000000000000e+02 3.142000000000000000e+03
3.700000000000000000e+02 3.142800000000000182e+03
7.140000000000000000e+02 3.142900000000000091e+03
2.740000000000000000e+02 3.143050000000000182e+03
7.300000000000000000e+02 3.143150000000000091e+03
6.660000000000000000e+02 3.143650000000000091e+03
5.060000000000000000e+02 3.144099999999999909e+03
5.940000000000000000e+02 3.144050000000000182e+03
1.000000000000000000e+01 3.144300000000000182e+03
2.100000000000000000e+02 3.144349999999999909e+03
3.620000000000000000e+02 3.144400000000000091e+03
2.980000000000000000e+02 3.145150000000000091e+03
1.940000000000000000e+02 3.147750000000000000e+03
6.180000000000000000e+02 3.148349999999999909e+03
4.340000000000000000e+02 3.148500000000000000e+03
6.020000000000000000e+02 3.149500000000000000e+03
5.140000000000000000e+02 3.149800000000000182e+03
5.620000000000000000e+02 3.149900000000000091e+03
7.400000000000000000e+01 3.150250000000000000e+03
3.140000000000000000e+02 3.150950000000000273e+03
6.420000000000000000e+02 3.151000000000000000e+03
1.380000000000000000e+02 3.153700000000000273e+03
6.500000000000000000e+02 3.154250000000000000e+03
2.000000000000000000e+00 3.154400000000000091e+03
5.800000000000000000e+01 3.154450000000000273e+03
4.180000000000000000e+02 3.154500000000000000e+03
2.660000000000000000e+02 3.155099999999999909e+03
7.620000000000000000e+02 3.155150000000000091e+03
3.220000000000000000e+02 3.155800000000000182e+03
9.800000000000000000e+01 3.155900000000000091e+03
1.540000000000000000e+02 3.158400000000000091e+03
6.820000000000000000e+02 3.160849999999999909e+03
2.580000000000000000e+02 3.161300000000000182e+03
1.220000000000000000e+02 3.161650000000000091e+03
7.940000000000000000e+02 3.161700000000000273e+03
7.460000000000000000e+02 3.162150000000000091e+03
1.140000000000000000e+02 3.163050000000000182e+03
2.980000000000000000e+02 3.163300000000000182e+03
3.780000000000000000e+02 3.163750000000000000e+03
5.380000000000000000e+02 3.164200000000000273e+03
1.700000000000000000e+02 3.164550000000000182e+03
3.860000000000000000e+02 3.164900000000000091e+03
3.060000000000000000e+02 3.165450000000000273e+03
4.740000000000000000e+02 3.165800000000000182e+03
1.000000000000000000e+01 3.166800000000000182e+03
6.660000000000000000e+02 3.167750000000000000e+03
6.100000000000000000e+02 3.168349999999999909e+03
3.460000000000000000e+02 3.169050000000000182e+03
1.460000000000000000e+02 3.170550000000000182e+03
3.940000000000000000e+02 3.171050000000000182e+03
2.600000000000000000e+01 3.172950000000000273e+03
1.300000000000000000e+02 3.172950000000000273e+03
7.400000000000000000e+01 3.173500000000000000e+03
6.500000000000000000e+02 3.174450000000000273e+03
1.700000000000000000e+02 3.175099999999999909e+03
5.300000000000000000e+02 3.175450000000000273e+03
2.020000000000000000e+02 3.176500000000000000e+03
5.700000000000000000e+02 3.177400000000000091e+03
5.620000000000000000e+02 3.178550000000000182e+03
3.620000000000000000e+02 3.180050000000000182e+03
9.800000000000000000e+01 3.180250000000000000e+03
3.860000000000000000e+02 3.181650000000000091e+03
1.300000000000000000e+02 3.182099999999999909e+03
6.180000000000000000e+02 3.182900000000000091e+03
1.060000000000000000e+02 3.183200000000000273e+03
6.980000000000000000e+02 3.184099999999999909e+03
5.140000000000000000e+02 3.184400000000000091e+03
6.740000000000000000e+02 3.185000000000000000e+03
4.660000000000000000e+02 3.185099999999999909e+03
1.620000000000000000e+02 3.185150000000000091e+03
1.380000000000000000e+02 3.185849999999999909e+03
3.940000000000000000e+02 3.186450000000000273e+03
7.540000000000000000e+02 3.186650000000000091e+03
1.700000000000000000e+02 3.187300000000000182e+03
2.980000000000000000e+02 3.187250000000000000e+03
2.000000000000000000e+00 3.187349999999999909e+03
4.180000000000000000e+02 3.187450000000000273e+03
4.020000000000000000e+02 3.190000000000000000e+03
4.500000000000000000e+02 3.191150000000000091e+03
7.220000000000000000e+02 3.191750000000000000e+03
2.420000000000000000e+02 3.193650000000000091e+03
5.000000000000000000e+01 3.194050000000000182e+03
4.260000000000000000e+02 3.194400000000000091e+03
1.800000000000000000e+01 3.194750000000000000e+03
1.780000000000000000e+02 3.194900000000000091e+03
2.020000000000000000e+02 3.195200000000000273e+03
5.460000000000000000e+02 3.196000000000000000e+03
2.740000000000000000e+02 3.197599999999999909e+03
4.900000000000000000e+02 3.198900000000000091e+03
1.620000000000000000e+02 3.199349999999999909e+03
3.380000000000000000e+02 3.199849999999999909e+03
2.000000000000000000e+00 3.200050000000000182e+03
7.140000000000000000e+02 3.201900000000000091e+03
4.740000000000000000e+02 3.202150000000000091e+03
9.000000000000000000e+01 3.202300000000000182e+03
2.180000000000000000e+02 3.202400000000000091e+03
2.260000000000000000e+02 3.202849999999999909e+03
3.460000000000000000e+02 3.203300000000000182e+03
7.460000000000000000e+02 3.203849999999999909e+03
4.820000000000000000e+02 3.204099999999999909e+03
6.580000000000000000e+02 3.204099999999999909e+03
5.300000000000000000e+02 3.204150000000000091e+03
5.140000000000000000e+02 3.204250000000000000e+03
3.060000000000000000e+02 3.204500000000000000e+03
1.060000000000000000e+02 3.205200000000000273e+03
9.800000000000000000e+01 3.205800000000000182e+03
5.940000000000000000e+02 3.205750000000000000e+03
1.800000000000000000e+01 3.208349999999999909e+03
2.600000000000000000e+01 3.208599999999999909e+03
1.300000000000000000e+02 3.208849999999999909e+03
3.540000000000000000e+02 3.208849999999999909e+03
4.660000000000000000e+02 3.209099999999999909e+03
6.820000000000000000e+02 3.209800000000000182e+03
5.380000000000000000e+02 3.210200000000000273e+03
1.460000000000000000e+02 3.210400000000000091e+03
1.780000000000000000e+02 3.210450000000000273e+03
2.580000000000000000e+02 3.210750000000000000e+03
5.540000000000000000e+02 3.211450000000000273e+03
7.540000000000000000e+02 3.212950000000000273e+03
7.300000000000000000e+02 3.216000000000000000e+03
8.200000000000000000e+01 3.217200000000000273e+03
5.460000000000000000e+02 3.217599999999999909e+03
7.460000000000000000e+02 3.218050000000000182e+03
4.580000000000000000e+02 3.218599999999999909e+03
4.020000000000000000e+02 3.218950000000000273e+03
3.860000000000000000e+02 3.219500000000000000e+03
3.220000000000000000e+02 3.219800000000000182e+03
7.940000000000000000e+02 3.220750000000000000e+03
3.700000000000000000e+02 3.221700000000000273e+03
7.380000000000000000e+02 3.223349999999999909e+03
6.180000000000000000e+02 3.224099999999999909e+03
4.980000000000000000e+02 3.225050000000000182e+03
2.420000000000000000e+02 3.225200000000000273e+03
2.820000000000000000e+02 3.225650000000000091e+03
5.940000000000000000e+02 3.226450000000000273e+03
1.700000000000000000e+02 3.227900000000000091e+03
2.180000000000000000e+02 3.228349999999999909e+03
4.900000000000000000e+02 3.228700000000000273e+03
6.020000000000000000e+02 3.229400000000000091e+03
7.620000000000000000e+02 3.229550000000000182e+03
3.620000000000000000e+02 3.230700000000000273e+03
3.700000000000000000e+02 3.231900000000000091e+03
3.300000000000000000e+02 3.232200000000000273e+03
5.460000000000000000e+02 3.232250000000000000e+03
9.800000000000000000e+01 3.232550000000000182e+03
2.260000000000000000e+02 3.239700000000000273e+03
3.780000000000000000e+02 3.239700000000000273e+03
4.660000000000000000e+02 3.240000000000000000e+03
3.400000000000000000e+01 3.240599999999999909e+03
4.020000000000000000e+02 3.240550000000000182e+03
6.820000000000000000e+02 3.240750000000000000e+03
7.940000000000000000e+02 3.240800000000000182e+03
5.300000000000000000e+02 3.241000000000000000e+03
4.820000000000000000e+02 3.241450000000000273e+03
7.400000000000000000e+01 3.241599999999999909e+03
5.620000000000000000e+02 3.241650000000000091e+03
9.000000000000000000e+01 3.241849999999999909e+03
1.620000000000000000e+02 3.241849999999999909e+03
1.940000000000000000e+02 3.242150000000000091e+03
2.580000000000000000e+02 3.242650000000000091e+03
6.020000000000000000e+02 3.245700000000000273e+03
4.980000000000000000e+02 3.245800000000000182e+03
2.000000000000000000e+00 3.246849999999999909e+03
3.860000000000000000e+02 3.247550000000000182e+03
4.200000000000000000e+01 3.248150000000000091e+03
2.660000000000000000e+02 3.248599999999999909e+03
2.820000000000000000e+02 3.248900000000000091e+03
5.140000000000000000e+02 3.249349999999999909e+03
2.100000000000000000e+02 3.249950000000000273e+03
1.540000000000000000e+02 3.250250000000000000e+03
3.940000000000000000e+02 3.250250000000000000e+03
5.060000000000000000e+02 3.250800000000000182e+03
3.380000000000000000e+02 3.250900000000000091e+03
1.460000000000000000e+02 3.251200000000000273e+03
5.000000000000000000e+01 3.251450000000000273e+03
3.060000000000000000e+02 3.251550000000000182e+03
3.140000000000000000e+02 3.252400000000000091e+03
6.980000000000000000e+02 3.252550000000000182e+03
7.400000000000000000e+01 3.254950000000000273e+03
2.180000000000000000e+02 3.257250000000000000e+03
4.020000000000000000e+02 3.260250000000000000e+03
5.540000000000000000e+02 3.260599999999999909e+03
4.180000000000000000e+02 3.261000000000000000e+03
7.460000000000000000e+02 3.261150000000000091e+03
2.580000000000000000e+02 3.261500000000000000e+03
5.380000000000000000e+02 3.261599999999999909e+03
6.900000000000000000e+02 3.262000000000000000e+03
7.140000000000000000e+02 3.262599999999999909e+03
3.940000000000000000e+02 3.262800000000000182e+03
2.900000000000000000e+02 3.262950000000000273e+03
1.380000000000000000e+02 3.264650000000000091e+03
3.540000000000000000e+02 3.266050000000000182e+03
6.500000000000000000e+02 3.267050000000000182e+03
3.700000000000000000e+02 3.268500000000000000e+03
7.220000000000000000e+02 3.268500000000000000e+03
2.000000000000000000e+00 3.268599999999999909e+03
1.460000000000000000e+02 3.268650000000000091e+03
9.000000000000000000e+01 3.268900000000000091e+03
5.860000000000000000e+02 3.268950000000000273e+03
4.100000000000000000e+02 3.269400000000000091e+03
5.460000000000000000e+02 3.269500000000000000e+03
6.260000000000000000e+02 3.269650000000000091e+03
8.200000000000000000e+01 3.270800000000000182e+03
5.620000000000000000e+02 3.270800000000000182e+03
5.000000000000000000e+01 3.271550000000000182e+03
2.500000000000000000e+02 3.272300000000000182e+03
4.200000000000000000e+01 3.274650000000000091e+03
2.420000000000000000e+02 3.275700000000000273e+03
7.540000000000000000e+02 3.276099999999999909e+03
1.860000000000000000e+02 3.277400000000000091e+03
4.740000000000000000e+02 3.277700000000000273e+03
5.140000000000000000e+02 3.277900000000000091e+03
3.620000000000000000e+02 3.278200000000000273e+03
2.020000000000000000e+02 3.278450000000000273e+03
2.260000000000000000e+02 3.278650000000000091e+03
2.820000000000000000e+02 3.278900000000000091e+03
4.580000000000000000e+02 3.279550000000000182e+03
1.940000000000000000e+02 3.279700000000000273e+03
2.660000000000000000e+02 3.279800000000000182e+03
4.820000000000000000e+02 3.280150000000000091e+03
1.300000000000000000e+02 3.280250000000000000e+03
3.380000000000000000e+02 3.280300000000000182e+03
6.600000000000000000e+01 3.280599999999999909e+03
6.500000000000000000e+02 3.280550000000000182e+03
7.300000000000000000e+02 3.283000000000000000e+03
7.700000000000000000e+02 3.285150000000000091e+03
4.100000000000000000e+02 3.286550000000000182e+03
3.220000000000000000e+02 3.286800000000000182e+03
4.660000000000000000e+02 3.287950000000000273e+03
6.340000000000000000e+02 3.287950000000000273e+03
3.060000000000000000e+02 3.288849999999999909e+03
7.220000000000000000e+02 3.289300000000000182e+03
7.460000000000000000e+02 3.290400000000000091e+03
1.060000000000000000e+02 3.295400000000000091e+03
2.660000000000000000e+02 3.295950000000000273e+03
5.380000000000000000e+02 3.296000000000000000e+03
7.380000000000000000e+02 3.296150000000000091e+03
5.300000000000000000e+02 3.296450000000000273e+03
2.600000000000000000e+01 3.296700000000000273e+03
4.180000000000000000e+02 3.296800000000000182e+03
2.420000000000000000e+02 3.296900000000000091e+03
9.000000000000000000e+01 3.300650000000000091e+03
6.500000000000000000e+02 3.304700000000000273e+03
5.700000000000000000e+02 3.305200000000000273e+03
6.980000000000000000e+02 3.305400000000000091e+03
7.940000000000000000e+02 3.305400000000000091e+03
7.220000000000000000e+02 3.305500000000000000e+03
4.980000000000000000e+02 3.306099999999999909e+03
1.380000000000000000e+02 3.307050000000000182e+03
3.140000000000000000e+02 3.307099999999999909e+03
1.860000000000000000e+02 3.307250000000000000e+03
5.940000000000000000e+02 3.307400000000000091e+03
1.540000000000000000e+02 3.308450000000000273e+03
4.200000000000000000e+01 3.308900000000000091e+03
3.540000000000000000e+02 3.308900000000000091e+03
8.200000000000000000e+01 3.313400000000000091e+03
2.420000000000000000e+02 3.314250000000000000e+03
4.420000000000000000e+02 3.314650000000000091e+03
7.620000000000000000e+02 3.315300000000000182e+03
4.020000000000000000e+02 3.316250000000000000e+03
3.220000000000000000e+02 3.317450000000000273e+03
4.580000000000000000e+02 3.318099999999999909e+03
7.300000000000000000e+02 3.319000000000000000e+03
1.540000000000000000e+02 3.319700000000000273e+03
5.540000000000000000e+02 3.320450000000000273e+03
5.000000000000000000e+01 3.321099999999999909e+03
1.000000000000000000e+01 3.322300000000000182e+03
1.220000000000000000e+02 3.323400000000000091e+03
7.400000000000000000e+01 3.324349999999999909e+03
4.200000000000000000e+01 3.325349999999999909e+03
1.300000000000000000e+02 3.325349999999999909e+03
7.700000000000000000e+02 3.325950000000000273e+03
6.100000000000000000e+02 3.326450000000000273e+03
5.780000000000000000e+02 3.327200000000000273e+03
2.340000000000000000e+02 3.327550000000000182e+03
5.800000000000000000e+01 3.327849999999999909e+03
1.140000000000000000e+02 3.328200000000000273e+03
7.300000000000000000e+02 3.328700000000000273e+03
1.540000000000000000e+02 3.329150000000000091e+03
6.020000000000000000e+02 3.329150000000000091e+03
5.860000000000000000e+02 3.330950000000000273e+03
4.900000000000000000e+02 3.332000000000000000e+03
6.900000000000000000e+02 3.332250000000000000e+03
3.860000000000000000e+02 3.332400000000000091e+03
2.260000000000000000e+02 3.332849999999999909e+03
6.580000000000000000e+02 3.332849999999999909e+03
2.660000000000000000e+02 3.333450000000000273e+03
1.800000000000000000e+01 3.333550000000000182e+03
3.780000000000000000e+02 3.334099999999999909e+03
6.420000000000000000e+02 3.334150000000000091e+03
4.420000000000000000e+02 3.334400000000000091e+03
6.340000000000000000e+02 3.334500000000000000e+03
7.380000000000000000e+02 3.334700000000000273e+03
3.940000000000000000e+02 3.337050000000000182e+03
5.620000000000000000e+02 3.337849999999999909e+03
2.740000000000000000e+02 3.338250000000000000e+03
3.140000000000000000e+02 3.339250000000000000e+03
5.300000000000000000e+02 3.340000000000000000e+03
1.380000000000000000e+02 3.340550000000000182e+03
9.800000000000000000e+01 3.340800000000000182e+03
1.860000000000000000e+02 3.340800000000000182e+03
3.460000000000000000e+02 3.341750000000000000e+03
5.060000000000000000e+02 3.341800000000000182e+03
1.620000000000000000e+02 3.342349999999999909e+03
4.340000000000000000e+02 3.342500000000000000e+03
7.780000000000000000e+02 3.342450000000000273e+03
2.500000000000000000e+02 3.342550000000000182e+03
7.620000000000000000e+02 3.343300000000000182e+03
4.100000000000000000e+02 3.349300000000000182e+03
3.380000000000000000e+02 3.349800000000000182e+03
6.020000000000000000e+02 3.350099999999999909e+03
2.740000000000000000e+02 3.350500000000000000e+03
1.540000000000000000e+02 3.350650000000000091e+03
7.220000000000000000e+02 3.350650000000000091e+03
1.460000000000000000e+02 3.356250000000000000e+03
3.540000000000000000e+02 3.362650000000000091e+03
4.980000000000000000e+02 3.368750000000000000e+03
6.600000000000000000e+01 3.368950000000000273e+03
2.980000000000000000e+02 3.370150000000000091e+03
6.500000000000000000e+02 3.372950000000000273e+03
7.860000000000000000e+02 3.373599999999999909e+03
5.540000000000000000e+02 3.374000000000000000e+03
1.460000000000000000e+02 3.376099999999999909e+03
3.620000000000000000e+02 3.377250000000000000e+03
4.660000000000000000e+02 3.377950000000000273e+03
3.300000000000000000e+02 3.379000000000000000e+03
3.540000000000000000e+02 3.380450000000000273e+03
6.660000000000000000e+02 3.382500000000000000e+03
2.000000000000000000e+00 3.382700000000000273e+03
7.220000000000000000e+02 3.383849999999999909e+03
1.380000000000000000e+02 3.419650000000000091e+03
5.780000000000000000e+02 3.426150000000000091e+03
6.660000000000000000e+02 3.428950000000000273e+03
3.300000000000000000e+02 3.475599999999999909e+03
7.860000000000000000e+02 3.483500000000000000e+03
2.000000000000000000e+00 3.499099999999999909e+03
4.820000000000000000e+02 3.510550000000000182e+03
1.800000000000000000e+01 3.516800000000000182e+03
7.860000000000000000e+02 3.520099999999999909e+03
7.220000000000000000e+02 3.522400000000000091e+03
7.060000000000000000e+02 3.527500000000000000e+03
7.460000000000000000e+02 3.545950000000000273e+03
1.800000000000000000e+01 3.564700000000000273e+03
1.940000000000000000e+02 3.575400000000000091e+03
1.700000000000000000e+02 3.578300000000000182e+03
3.620000000000000000e+02 3.589150000000000091e+03
3.780000000000000000e+02 3.589450000000000273e+03
3.400000000000000000e+01 3.593250000000000000e+03
6.580000000000000000e+02 3.594599999999999909e+03
4.900000000000000000e+02 3.599150000000000091e+03
6.980000000000000000e+02 3.607200000000000273e+03
7.380000000000000000e+02 3.608200000000000273e+03
3.060000000000000000e+02 3.608950000000000273e+03
1.800000000000000000e+01 3.610599999999999909e+03
1.000000000000000000e+01 3.615700000000000273e+03
3.460000000000000000e+02 3.616099999999999909e+03
6.820000000000000000e+02 3.617300000000000182e+03
6.900000000000000000e+02 3.619050000000000182e+03
6.260000000000000000e+02 3.619300000000000182e+03
4.100000000000000000e+02 3.621250000000000000e+03
7.140000000000000000e+02 3.621900000000000091e+03
6.340000000000000000e+02 3.622300000000000182e+03
9.000000000000000000e+01 3.624200000000000273e+03
7.060000000000000000e+02 3.624599999999999909e+03
4.420000000000000000e+02 3.624650000000000091e+03
5.620000000000000000e+02 3.624800000000000182e+03
4.340000000000000000e+02 3.625800000000000182e+03
5.860000000000000000e+02 3.625800000000000182e+03
7.540000000000000000e+02 3.626000000000000000e+03
3.620000000000000000e+02 3.626050000000000182e+03
7.940000000000000000e+02 3.626250000000000000e+03
1.140000000000000000e+02 3.626450000000000273e+03
7.460000000000000000e+02 3.626550000000000182e+03
2.100000000000000000e+02 3.626700000000000273e+03
1.060000000000000000e+02 3.627150000000000091e+03
2.740000000000000000e+02 3.627250000000000000e+03
4.900000000000000000e+02 3.627300000000000182e+03
2.900000000000000000e+02 3.627400000000000091e+03
3.380000000000000000e+02 3.627349999999999909e+03
5.380000000000000000e+02 3.627349999999999909e+03
6.660000000000000000e+02 3.627400000000000091e+03
2.600000000000000000e+01 3.627500000000000000e+03
2.340000000000000000e+02 3.627450000000000273e+03
3.220000000000000000e+02 3.627500000000000000e+03
1.300000000000000000e+02 3.627599999999999909e+03
1.780000000000000000e+02 3.627599999999999909e+03
7.400000000000000000e+01 3.627700000000000273e+03
2.500000000000000000e+02 3.627700000000000273e+03
4.500000000000000000e+02 3.627650000000000091e+03
6.020000000000000000e+02 3.627650000000000091e+03
4.200000000000000000e+01 3.627750000000000000e+03
8.200000000000000000e+01 3.627750000000000000e+03
6.900000000000000000e+02 3.627750000000000000e+03
7.700000000000000000e+02 3.627800000000000182e+03
5.460000000000000000e+02 3.627900000000000091e+03
6.100000000000000000e+02 3.627849999999999909e+03
2.980000000000000000e+02 3.628000000000000000e+03
3.140000000000000000e+02 3.628000000000000000e+03
4.820000000000000000e+02 3.628000000000000000e+03
7.380000000000000000e+02 3.627950000000000273e+03
7.620000000000000000e+02 3.627950000000000273e+03
4.740000000000000000e+02 3.628050000000000182e+03
5.060000000000000000e+02 3.628050000000000182e+03
5.300000000000000000e+02 3.628099999999999909e+03
6.260000000000000000e+02 3.628050000000000182e+03
6.340000000000000000e+02 3.628099999999999909e+03
6.740000000000000000e+02 3.628050000000000182e+03
6.980000000000000000e+02 3.628099999999999909e+03
1.000000000000000000e+01 3.628150000000000091e+03
1.800000000000000000e+01 3.628150000000000091e+03
6.600000000000000000e+01 3.628200000000000273e+03
1.620000000000000000e+02 3.628200000000000273e+03
2.660000000000000000e+02 3.628150000000000091e+03
6.500000000000000000e+02 3.628200000000000273e+03
1.460000000000000000e+02 3.628300000000000182e+03
1.940000000000000000e+02 3.628250000000000000e+03
2.580000000000000000e+02 3.628250000000000000e+03
2.820000000000000000e+02 3.628300000000000182e+03
5.800000000000000000e+01 3.628400000000000091e+03
2.180000000000000000e+02 3.628400000000000091e+03
4.260000000000000000e+02 3.628400000000000091e+03
4.580000000000000000e+02 3.628349999999999909e+03
4.980000000000000000e+02 3.628400000000000091e+03
6.420000000000000000e+02 3.628400000000000091e+03
1.540000000000000000e+02 3.628500000000000000e+03
3.540000000000000000e+02 3.628450000000000273e+03
3.700000000000000000e+02 3.628450000000000273e+03
3.860000000000000000e+02 3.628500000000000000e+03
4.020000000000000000e+02 3.628500000000000000e+03
3.940000000000000000e+02 3.628550000000000182e+03
4.100000000000000000e+02 3.628599999999999909e+03
5.780000000000000000e+02 3.628550000000000182e+03
4.180000000000000000e+02 3.628650000000000091e+03
6.580000000000000000e+02 3.628700000000000273e+03
2.420000000000000000e+02 3.628750000000000000e+03
5.620000000000000000e+02 3.628800000000000182e+03
7.140000000000000000e+02 3.628750000000000000e+03
7.780000000000000000e+02 3.628750000000000000e+03
1.700000000000000000e+02 3.628849999999999909e+03
3.460000000000000000e+02 3.628900000000000091e+03
6.820000000000000000e+02 3.628849999999999909e+03
7.220000000000000000e+02 3.628849999999999909e+03
1.220000000000000000e+02 3.629000000000000000e+03
4.420000000000000000e+02 3.629000000000000000e+03
7.300000000000000000e+02 3.628950000000000273e+03
7.860000000000000000e+02 3.628950000000000273e+03
9.800000000000000000e+01 3.629050000000000182e+03
5.540000000000000000e+02 3.629050000000000182e+03
5.700000000000000000e+02 3.629099999999999909e+03
7.060000000000000000e+02 3.629050000000000182e+03
7.540000000000000000e+02 3.629050000000000182e+03
5.000000000000000000e+01 3.629150000000000091e+03
3.780000000000000000e+02 3.629150000000000091e+03
5.140000000000000000e+02 3.629200000000000273e+03
2.260000000000000000e+02 3.629300000000000182e+03
5.860000000000000000e+02 3.629400000000000091e+03
1.860000000000000000e+02 3.629500000000000000e+03
7.940000000000000000e+02 3.629500000000000000e+03
2.020000000000000000e+02 3.629599999999999909e+03
5.220000000000000000e+02 3.629650000000000091e+03
4.340000000000000000e+02 3.629800000000000182e+03
2.000000000000000000e+00 3.630050000000000182e+03
3.400000000000000000e+01 3.630200000000000273e+03
3.300000000000000000e+02 3.630250000000000000e+03
2.340000000000000000e+02 3.631050000000000182e+03
1.380000000000000000e+02 3.632550000000000182e+03
4.500000000000000000e+02 3.632550000000000182e+03
7.460000000000000000e+02 3.632550000000000182e+03
1.620000000000000000e+02 3.632800000000000182e+03
2.100000000000000000e+02 3.632800000000000182e+03
2.980000000000000000e+02 3.633000000000000000e+03
3.540000000000000000e+02 3.633099999999999909e+03
6.020000000000000000e+02 3.633750000000000000e+03
1.540000000000000000e+02 3.634150000000000091e+03
2.900000000000000000e+02 3.637800000000000182e+03
2.740000000000000000e+02 3.641400000000000091e+03
9.000000000000000000e+01 3.641800000000000182e+03
1.220000000000000000e+02 3.646150000000000091e+03
7.300000000000000000e+02 3.651200000000000273e+03
5.220000000000000000e+02 3.651750000000000000e+03
7.220000000000000000e+02 3.656500000000000000e+03
4.200000000000000000e+01 3.656599999999999909e+03
1.380000000000000000e+02 3.660000000000000000e+03
1.860000000000000000e+02 3.661950000000000273e+03
5.860000000000000000e+02 3.662700000000000273e+03
6.820000000000000000e+02 3.662650000000000091e+03
4.820000000000000000e+02 3.669550000000000182e+03
2.900000000000000000e+02 3.670050000000000182e+03
5.540000000000000000e+02 3.679450000000000273e+03
3.620000000000000000e+02 3.680450000000000273e+03
2.600000000000000000e+01 3.684200000000000273e+03
5.700000000000000000e+02 3.685050000000000182e+03
1.620000000000000000e+02 3.687099999999999909e+03
1.700000000000000000e+02 3.696150000000000091e+03
3.700000000000000000e+02 3.699500000000000000e+03
7.620000000000000000e+02 3.711750000000000000e+03
5.220000000000000000e+02 3.730900000000000091e+03
1.060000000000000000e+02 3.749200000000000273e+03
4.500000000000000000e+02 3.752599999999999909e+03
4.260000000000000000e+02 3.759950000000000273e+03
5.800000000000000000e+01 3.778349999999999909e+03
7.940000000000000000e+02 3.783400000000000091e+03
3.780000000000000000e+02 3.787400000000000091e+03
3.460000000000000000e+02 3.790550000000000182e+03
2.260000000000000000e+02 3.790700000000000273e+03
1.780000000000000000e+02 3.791750000000000000e+03
7.380000000000000000e+02 3.791750000000000000e+03
5.300000000000000000e+02 3.793300000000000182e+03
5.540000000000000000e+02 3.795150000000000091e+03
6.420000000000000000e+02 3.795700000000000273e+03
1.460000000000000000e+02 3.798000000000000000e+03
4.660000000000000000e+02 3.798750000000000000e+03
7.460000000000000000e+02 3.799550000000000182e+03
5.780000000000000000e+02 3.802250000000000000e+03
1.140000000000000000e+02 3.802800000000000182e+03
9.000000000000000000e+01 3.802900000000000091e+03
5.860000000000000000e+02 3.803400000000000091e+03
4.200000000000000000e+01 3.804150000000000091e+03
6.660000000000000000e+02 3.807500000000000000e+03
6.900000000000000000e+02 3.809450000000000273e+03
4.980000000000000000e+02 3.810200000000000273e+03
5.060000000000000000e+02 3.810250000000000000e+03
2.020000000000000000e+02 3.811200000000000273e+03
4.020000000000000000e+02 3.811150000000000091e+03
1.000000000000000000e+01 3.811250000000000000e+03
1.460000000000000000e+02 3.811300000000000182e+03
5.380000000000000000e+02 3.811800000000000182e+03
4.740000000000000000e+02 3.812000000000000000e+03
5.140000000000000000e+02 3.812099999999999909e+03
7.540000000000000000e+02 3.812300000000000182e+03
2.820000000000000000e+02 3.812400000000000091e+03
5.460000000000000000e+02 3.812800000000000182e+03
6.740000000000000000e+02 3.813599999999999909e+03
9.800000000000000000e+01 3.814150000000000091e+03
2.100000000000000000e+02 3.814500000000000000e+03
4.180000000000000000e+02 3.814500000000000000e+03
6.260000000000000000e+02 3.815599999999999909e+03
6.500000000000000000e+02 3.816099999999999909e+03
1.380000000000000000e+02 3.816599999999999909e+03
1.860000000000000000e+02 3.816900000000000091e+03
7.620000000000000000e+02 3.817400000000000091e+03
1.700000000000000000e+02 3.818500000000000000e+03
4.740000000000000000e+02 3.820650000000000091e+03
5.620000000000000000e+02 3.821050000000000182e+03
1.620000000000000000e+02 3.821900000000000091e+03
7.060000000000000000e+02 3.821900000000000091e+03
1.800000000000000000e+01 3.822150000000000091e+03
7.380000000000000000e+02 3.823000000000000000e+03
1.220000000000000000e+02 3.823800000000000182e+03
5.220000000000000000e+02 3.826650000000000091e+03
8.200000000000000000e+01 3.827050000000000182e+03
2.180000000000000000e+02 3.827700000000000273e+03
7.300000000000000000e+02 3.828150000000000091e+03
3.540000000000000000e+02 3.828349999999999909e+03
2.600000000000000000e+01 3.828500000000000000e+03
4.660000000000000000e+02 3.828700000000000273e+03
3.220000000000000000e+02 3.829400000000000091e+03
5.700000000000000000e+02 3.829750000000000000e+03
3.400000000000000000e+01 3.830250000000000000e+03
6.020000000000000000e+02 3.830700000000000273e+03
4.900000000000000000e+02 3.831650000000000091e+03
7.540000000000000000e+02 3.831750000000000000e+03
4.580000000000000000e+02 3.833150000000000091e+03
3.460000000000000000e+02 3.834200000000000273e+03
6.180000000000000000e+02 3.836849999999999909e+03
6.340000000000000000e+02 3.837750000000000000e+03
1.780000000000000000e+02 3.838300000000000182e+03
2.180000000000000000e+02 3.845300000000000182e+03
5.700000000000000000e+02 3.845300000000000182e+03
2.100000000000000000e+02 3.846599999999999909e+03
3.780000000000000000e+02 3.847450000000000273e+03
7.140000000000000000e+02 3.849500000000000000e+03
5.000000000000000000e+01 3.850150000000000091e+03
1.800000000000000000e+01 3.851750000000000000e+03
5.140000000000000000e+02 3.851900000000000091e+03
5.220000000000000000e+02 3.854300000000000182e+03
5.620000000000000000e+02 3.854300000000000182e+03
5.940000000000000000e+02 3.855450000000000273e+03
6.900000000000000000e+02 3.863550000000000182e+03
3.380000000000000000e+02 3.864450000000000273e+03
1.780000000000000000e+02 3.865349999999999909e+03
7.700000000000000000e+02 3.866800000000000182e+03
5.540000000000000000e+02 3.867200000000000273e+03
5.780000000000000000e+02 3.869200000000000273e+03
3.300000000000000000e+02 3.870349999999999909e+03
4.420000000000000000e+02 3.871500000000000000e+03
7.860000000000000000e+02 3.873099999999999909e+03
5.000000000000000000e+01 3.873200000000000273e+03
1.700000000000000000e+02 3.876150000000000091e+03
2.420000000000000000e+02 3.877050000000000182e+03
1.300000000000000000e+02 3.878700000000000273e+03
3.620000000000000000e+02 3.878700000000000273e+03
7.300000000000000000e+02 3.878800000000000182e+03
6.500000000000000000e+02 3.879700000000000273e+03
7.460000000000000000e+02 3.879800000000000182e+03
3.540000000000000000e+02 3.879849999999999909e+03
1.000000000000000000e+01 3.881599999999999909e+03
2.980000000000000000e+02 3.882550000000000182e+03
9.800000000000000000e+01 3.883650000000000091e+03
6.600000000000000000e+01 3.884650000000000091e+03
5.460000000000000000e+02 3.888200000000000273e+03
5.860000000000000000e+02 3.888300000000000182e+03
8.200000000000000000e+01 3.891099999999999909e+03
3.060000000000000000e+02 3.891900000000000091e+03
6.820000000000000000e+02 3.893849999999999909e+03
3.300000000000000000e+02 3.896349999999999909e+03
7.940000000000000000e+02 3.900250000000000000e+03
2.020000000000000000e+02 3.902150000000000091e+03
6.180000000000000000e+02 3.902250000000000000e+03
4.820000000000000000e+02 3.902450000000000273e+03
5.000000000000000000e+01 3.908950000000000273e+03
1.220000000000000000e+02 3.909300000000000182e+03
1.380000000000000000e+02 3.909750000000000000e+03
5.700000000000000000e+02 3.909800000000000182e+03
3.400000000000000000e+01 3.910550000000000182e+03
4.180000000000000000e+02 3.911200000000000273e+03
7.060000000000000000e+02 3.911599999999999909e+03
6.420000000000000000e+02 3.911900000000000091e+03
4.340000000000000000e+02 3.911950000000000273e+03
7.540000000000000000e+02 3.912800000000000182e+03
7.700000000000000000e+02 3.913099999999999909e+03
6.900000000000000000e+02 3.914650000000000091e+03
4.260000000000000000e+02 3.916700000000000273e+03
1.620000000000000000e+02 3.917050000000000182e+03
1.800000000000000000e+01 3.917700000000000273e+03
4.980000000000000000e+02 3.918150000000000091e+03
3.700000000000000000e+02 3.918599999999999909e+03
5.700000000000000000e+02 3.919250000000000000e+03
5.000000000000000000e+01 3.923050000000000182e+03
4.660000000000000000e+02 3.924349999999999909e+03
2.600000000000000000e+01 3.926150000000000091e+03
3.300000000000000000e+02 3.926200000000000273e+03
7.940000000000000000e+02 3.927400000000000091e+03
2.420000000000000000e+02 3.928500000000000000e+03
7.300000000000000000e+02 3.929000000000000000e+03
2.260000000000000000e+02 3.929150000000000091e+03
5.380000000000000000e+02 3.929200000000000273e+03
3.620000000000000000e+02 3.930200000000000273e+03
2.340000000000000000e+02 3.930900000000000091e+03
3.860000000000000000e+02 3.933250000000000000e+03
7.220000000000000000e+02 3.937349999999999909e+03
3.140000000000000000e+02 3.937550000000000182e+03
6.580000000000000000e+02 3.938300000000000182e+03
1.380000000000000000e+02 3.938400000000000091e+03
4.740000000000000000e+02 3.944900000000000091e+03
3.460000000000000000e+02 3.945750000000000000e+03
2.000000000000000000e+00 3.948000000000000000e+03
5.140000000000000000e+02 3.949400000000000091e+03
7.460000000000000000e+02 3.949900000000000091e+03
3.300000000000000000e+02 3.957349999999999909e+03
7.700000000000000000e+02 3.959200000000000273e+03
5.860000000000000000e+02 3.959400000000000091e+03
4.740000000000000000e+02 3.959599999999999909e+03
1.780000000000000000e+02 3.961150000000000091e+03
6.100000000000000000e+02 3.961400000000000091e+03
1.540000000000000000e+02 3.964849999999999909e+03
3.300000000000000000e+02 3.965800000000000182e+03
5.300000000000000000e+02 3.967099999999999909e+03
2.980000000000000000e+02 3.970700000000000273e+03
3.620000000000000000e+02 3.974700000000000273e+03
1.300000000000000000e+02 3.974849999999999909e+03
2.500000000000000000e+02 3.976800000000000182e+03
8.200000000000000000e+01 3.981150000000000091e+03
6.500000000000000000e+02 3.981750000000000000e+03
3.540000000000000000e+02 3.982250000000000000e+03
7.460000000000000000e+02 3.985099999999999909e+03
6.660000000000000000e+02 3.985500000000000000e+03
1.380000000000000000e+02 3.988950000000000273e+03
1.300000000000000000e+02 3.989800000000000182e+03
6.900000000000000000e+02 3.989750000000000000e+03
4.900000000000000000e+02 3.994099999999999909e+03
7.140000000000000000e+02 3.995400000000000091e+03
5.780000000000000000e+02 3.995750000000000000e+03
3.860000000000000000e+02 3.995950000000000273e+03
1.140000000000000000e+02 3.996300000000000182e+03
1.620000000000000000e+02 3.999050000000000182e+03
2.980000000000000000e+02 3.999599999999999909e+03
4.260000000000000000e+02 3.999650000000000091e+03
6.100000000000000000e+02 4.000150000000000091e+03
3.700000000000000000e+02 4.001599999999999909e+03
3.620000000000000000e+02 4.003849999999999909e+03
4.200000000000000000e+01 4.004800000000000182e+03
7.700000000000000000e+02 4.006400000000000091e+03
2.660000000000000000e+02 4.008200000000000273e+03
1.860000000000000000e+02 4.008900000000000091e+03
6.740000000000000000e+02 4.009300000000000182e+03
2.340000000000000000e+02 4.009450000000000273e+03
2.180000000000000000e+02 4.009599999999999909e+03
3.220000000000000000e+02 4.010099999999999909e+03
2.260000000000000000e+02 4.010150000000000091e+03
5.620000000000000000e+02 4.010349999999999909e+03
5.540000000000000000e+02 4.011500000000000000e+03
2.740000000000000000e+02 4.012400000000000091e+03
1.000000000000000000e+01 4.012650000000000091e+03
3.940000000000000000e+02 4.012950000000000273e+03
5.000000000000000000e+01 4.013500000000000000e+03
2.900000000000000000e+02 4.013550000000000182e+03
7.860000000000000000e+02 4.013550000000000182e+03
6.260000000000000000e+02 4.014000000000000000e+03
5.860000000000000000e+02 4.014099999999999909e+03
1.940000000000000000e+02 4.014450000000000273e+03
2.980000000000000000e+02 4.014650000000000091e+03
2.100000000000000000e+02 4.015050000000000182e+03
4.980000000000000000e+02 4.015750000000000000e+03
4.900000000000000000e+02 4.016200000000000273e+03
6.740000000000000000e+02 4.016800000000000182e+03
4.340000000000000000e+02 4.017599999999999909e+03
6.180000000000000000e+02 4.018849999999999909e+03
6.420000000000000000e+02 4.019050000000000182e+03
2.340000000000000000e+02 4.020849999999999909e+03
3.860000000000000000e+02 4.021800000000000182e+03
8.200000000000000000e+01 4.022500000000000000e+03
9.800000000000000000e+01 4.022950000000000273e+03
7.940000000000000000e+02 4.023800000000000182e+03
6.100000000000000000e+02 4.023849999999999909e+03
1.300000000000000000e+02 4.026349999999999909e+03
1.780000000000000000e+02 4.026650000000000091e+03
1.700000000000000000e+02 4.028700000000000273e+03
1.220000000000000000e+02 4.029050000000000182e+03
3.540000000000000000e+02 4.029400000000000091e+03
2.420000000000000000e+02 4.031150000000000091e+03
7.460000000000000000e+02 4.031650000000000091e+03
6.180000000000000000e+02 4.031750000000000000e+03
5.460000000000000000e+02 4.032300000000000182e+03
7.540000000000000000e+02 4.036450000000000273e+03
5.620000000000000000e+02 4.038200000000000273e+03
2.340000000000000000e+02 4.040250000000000000e+03
5.140000000000000000e+02 4.041450000000000273e+03
4.200000000000000000e+01 4.044599999999999909e+03
2.740000000000000000e+02 4.044849999999999909e+03
7.220000000000000000e+02 4.047599999999999909e+03
4.020000000000000000e+02 4.048200000000000273e+03
3.400000000000000000e+01 4.048450000000000273e+03
1.140000000000000000e+02 4.048750000000000000e+03
7.540000000000000000e+02 4.049250000000000000e+03
1.220000000000000000e+02 4.050750000000000000e+03
1.780000000000000000e+02 4.053099999999999909e+03
1.060000000000000000e+02 4.053150000000000091e+03
3.140000000000000000e+02 4.053450000000000273e+03
4.340000000000000000e+02 4.054650000000000091e+03
7.380000000000000000e+02 4.055099999999999909e+03
7.700000000000000000e+02 4.062000000000000000e+03
4.980000000000000000e+02 4.062400000000000091e+03
5.620000000000000000e+02 4.063000000000000000e+03
5.300000000000000000e+02 4.063099999999999909e+03
4.740000000000000000e+02 4.063200000000000273e+03
4.500000000000000000e+02 4.064450000000000273e+03
1.620000000000000000e+02 4.065099999999999909e+03
1.800000000000000000e+01 4.065750000000000000e+03
2.340000000000000000e+02 4.066000000000000000e+03
5.540000000000000000e+02 4.066250000000000000e+03
6.420000000000000000e+02 4.066450000000000273e+03
3.060000000000000000e+02 4.066550000000000182e+03
6.580000000000000000e+02 4.067300000000000182e+03
5.380000000000000000e+02 4.068800000000000182e+03
2.020000000000000000e+02 4.069300000000000182e+03
6.600000000000000000e+01 4.070849999999999909e+03
4.200000000000000000e+01 4.071250000000000000e+03
1.940000000000000000e+02 4.072250000000000000e+03
4.260000000000000000e+02 4.078000000000000000e+03
4.580000000000000000e+02 4.080750000000000000e+03
3.220000000000000000e+02 4.088450000000000273e+03
5.940000000000000000e+02 4.091750000000000000e+03
7.220000000000000000e+02 4.092349999999999909e+03
5.380000000000000000e+02 4.092500000000000000e+03
4.660000000000000000e+02 4.093099999999999909e+03
3.700000000000000000e+02 4.093900000000000091e+03
7.700000000000000000e+02 4.097600000000000364e+03
5.700000000000000000e+02 4.097949999999999818e+03
2.600000000000000000e+01 4.098250000000000000e+03
6.600000000000000000e+01 4.098649999999999636e+03
7.780000000000000000e+02 4.099100000000000364e+03
7.300000000000000000e+02 4.099350000000000364e+03
6.900000000000000000e+02 4.099699999999999818e+03
2.900000000000000000e+02 4.100699999999999818e+03
2.180000000000000000e+02 4.101449999999999818e+03
6.740000000000000000e+02 4.101750000000000000e+03
6.420000000000000000e+02 4.102000000000000000e+03
2.660000000000000000e+02 4.105000000000000000e+03
5.220000000000000000e+02 4.107750000000000000e+03
1.800000000000000000e+01 4.108800000000000182e+03
2.100000000000000000e+02 4.111050000000000182e+03
3.860000000000000000e+02 4.111899999999999636e+03
7.700000000000000000e+02 4.113100000000000364e+03
7.380000000000000000e+02 4.114399999999999636e+03
7.860000000000000000e+02 4.115149999999999636e+03
7.940000000000000000e+02 4.115600000000000364e+03
3.540000000000000000e+02 4.115750000000000000e+03
6.580000000000000000e+02 4.116949999999999818e+03
7.400000000000000000e+01 4.117550000000000182e+03
4.100000000000000000e+02 4.118000000000000000e+03
1.140000000000000000e+02 4.118149999999999636e+03
5.460000000000000000e+02 4.119850000000000364e+03
1.460000000000000000e+02 4.120649999999999636e+03
4.820000000000000000e+02 4.121000000000000000e+03
2.900000000000000000e+02 4.122350000000000364e+03
6.600000000000000000e+01 4.122750000000000000e+03
5.380000000000000000e+02 4.123449999999999818e+03
6.180000000000000000e+02 4.125350000000000364e+03
4.340000000000000000e+02 4.125750000000000000e+03
5.060000000000000000e+02 4.127850000000000364e+03
4.020000000000000000e+02 4.130600000000000364e+03
2.180000000000000000e+02 4.134000000000000000e+03
1.800000000000000000e+01 4.143449999999999818e+03
3.380000000000000000e+02 4.143850000000000364e+03
4.500000000000000000e+02 4.148250000000000000e+03
1.780000000000000000e+02 4.148699999999999818e+03
2.180000000000000000e+02 4.149050000000000182e+03
4.180000000000000000e+02 4.149800000000000182e+03
7.700000000000000000e+02 4.150350000000000364e+03
2.580000000000000000e+02 4.151750000000000000e+03
4.340000000000000000e+02 4.153550000000000182e+03
6.820000000000000000e+02 4.156750000000000000e+03
1.140000000000000000e+02 4.156899999999999636e+03
2.340000000000000000e+02 4.157100000000000364e+03
4.980000000000000000e+02 4.158050000000000182e+03
4.180000000000000000e+02 4.165000000000000000e+03
7.940000000000000000e+02 4.167199999999999818e+03
1.800000000000000000e+01 4.176850000000000364e+03
4.420000000000000000e+02 4.177350000000000364e+03
4.020000000000000000e+02 4.184350000000000364e+03
3.540000000000000000e+02 4.206550000000000182e+03
3.400000000000000000e+01 4.208899999999999636e+03
2.100000000000000000e+02 4.231199999999999818e+03
4.180000000000000000e+02 4.233050000000000182e+03
4.200000000000000000e+01 4.234050000000000182e+03
4.580000000000000000e+02 4.264399999999999636e+03
1.800000000000000000e+01 4.274300000000000182e+03
6.100000000000000000e+02 4.274250000000000000e+03
5.780000000000000000e+02 4.279699999999999818e+03
2.820000000000000000e+02 4.290000000000000000e+03
5.620000000000000000e+02 4.299699999999999818e+03
6.500000000000000000e+02 4.300649999999999636e+03
3.860000000000000000e+02 4.304649999999999636e+03
4.340000000000000000e+02 4.305149999999999636e+03
1.940000000000000000e+02 4.308550000000000182e+03
1.800000000000000000e+01 4.308699999999999818e+03
1.620000000000000000e+02 4.310649999999999636e+03
5.300000000000000000e+02 4.312050000000000182e+03
5.780000000000000000e+02 4.312449999999999818e+03
7.780000000000000000e+02 4.313350000000000364e+03
4.900000000000000000e+02 4.314149999999999636e+03
2.340000000000000000e+02 4.314449999999999818e+03
4.340000000000000000e+02 4.315050000000000182e+03
2.600000000000000000e+01 4.315199999999999818e+03
4.100000000000000000e+02 4.315250000000000000e+03
4.660000000000000000e+02 4.315550000000000182e+03
3.220000000000000000e+02 4.315899999999999636e+03
1.540000000000000000e+02 4.315949999999999818e+03
3.400000000000000000e+01 4.316050000000000182e+03
5.800000000000000000e+01 4.316100000000000364e+03
6.180000000000000000e+02 4.316500000000000000e+03
7.860000000000000000e+02 4.316699999999999818e+03
2.900000000000000000e+02 4.316750000000000000e+03
4.580000000000000000e+02 4.316750000000000000e+03
5.000000000000000000e+01 4.317050000000000182e+03
6.260000000000000000e+02 4.317199999999999818e+03
2.420000000000000000e+02 4.318149999999999636e+03
3.860000000000000000e+02 4.318250000000000000e+03
6.100000000000000000e+02 4.318250000000000000e+03
6.900000000000000000e+02 4.318300000000000182e+03
2.980000000000000000e+02 4.318350000000000364e+03
6.820000000000000000e+02 4.318449999999999818e+03
4.200000000000000000e+01 4.318550000000000182e+03
2.020000000000000000e+02 4.318550000000000182e+03
9.000000000000000000e+01 4.318699999999999818e+03
2.740000000000000000e+02 4.318800000000000182e+03
7.220000000000000000e+02 4.318800000000000182e+03
7.700000000000000000e+02 4.318800000000000182e+03
4.420000000000000000e+02 4.318949999999999818e+03
5.220000000000000000e+02 4.319000000000000000e+03
8.200000000000000000e+01 4.319100000000000364e+03
3.780000000000000000e+02 4.319149999999999636e+03
4.020000000000000000e+02 4.319199999999999818e+03
4.260000000000000000e+02 4.319149999999999636e+03
5.860000000000000000e+02 4.319149999999999636e+03
1.860000000000000000e+02 4.319300000000000182e+03
3.540000000000000000e+02 4.319300000000000182e+03
3.300000000000000000e+02 4.319350000000000364e+03
1.800000000000000000e+01 4.319500000000000000e+03
3.940000000000000000e+02 4.319500000000000000e+03
5.060000000000000000e+02 4.319500000000000000e+03
6.020000000000000000e+02 4.319500000000000000e+03
7.380000000000000000e+02 4.319500000000000000e+03
2.660000000000000000e+02 4.319550000000000182e+03
1.300000000000000000e+02 4.319699999999999818e+03
2.340000000000000000e+02 4.319699999999999818e+03
3.140000000000000000e+02 4.319649999999999636e+03
1.220000000000000000e+02 4.319800000000000182e+03
7.060000000000000000e+02 4.319750000000000000e+03
1.700000000000000000e+02 4.319899999999999636e+03
3.380000000000000000e+02 4.319850000000000364e+03
1.060000000000000000e+02 4.320000000000000000e+03
1.460000000000000000e+02 4.320000000000000000e+03
4.500000000000000000e+02 4.319949999999999818e+03
5.940000000000000000e+02 4.319949999999999818e+03
6.420000000000000000e+02 4.319949999999999818e+03
7.540000000000000000e+02 4.320000000000000000e+03
5.800000000000000000e+01 4.320050000000000182e+03
3.060000000000000000e+02 4.320050000000000182e+03
5.300000000000000000e+02 4.320050000000000182e+03
5.620000000000000000e+02 4.320050000000000182e+03
7.300000000000000000e+02 4.320050000000000182e+03
1.780000000000000000e+02 4.320149999999999636e+03
3.620000000000000000e+02 4.320199999999999818e+03
6.660000000000000000e+02 4.320149999999999636e+03
4.740000000000000000e+02 4.320300000000000182e+03
6.500000000000000000e+02 4.320250000000000000e+03
7.620000000000000000e+02 4.320250000000000000e+03
1.140000000000000000e+02 4.320399999999999636e+03
1.620000000000000000e+02 4.320350000000000364e+03
2.100000000000000000e+02 4.320350000000000364e+03
5.540000000000000000e+02 4.320350000000000364e+03
6.580000000000000000e+02 4.320350000000000364e+03
7.400000000000000000e+01 4.320500000000000000e+03
9.800000000000000000e+01 4.320500000000000000e+03
2.820000000000000000e+02 4.320500000000000000e+03
3.220000000000000000e+02 4.320500000000000000e+03
6.980000000000000000e+02 4.320449999999999818e+03
6.340000000000000000e+02 4.320550000000000182e+03
2.600000000000000000e+01 4.320649999999999636e+03
1.540000000000000000e+02 4.320649999999999636e+03
4.980000000000000000e+02 4.320649999999999636e+03
5.140000000000000000e+02 4.320649999999999636e+03
6.600000000000000000e+01 4.320750000000000000e+03
4.900000000000000000e+02 4.320800000000000182e+03
7.780000000000000000e+02 4.320750000000000000e+03
1.380000000000000000e+02 4.320850000000000364e+03
2.580000000000000000e+02 4.320899999999999636e+03
4.180000000000000000e+02 4.320899999999999636e+03
7.940000000000000000e+02 4.320899999999999636e+03
3.460000000000000000e+02 4.321100000000000364e+03
4.820000000000000000e+02 4.321050000000000182e+03
7.140000000000000000e+02 4.321100000000000364e+03
2.000000000000000000e+00 4.321149999999999636e+03
2.500000000000000000e+02 4.321199999999999818e+03
3.700000000000000000e+02 4.321149999999999636e+03
5.000000000000000000e+01 4.321250000000000000e+03
5.780000000000000000e+02 4.321250000000000000e+03
7.460000000000000000e+02 4.321300000000000182e+03
1.000000000000000000e+01 4.321399999999999636e+03
5.380000000000000000e+02 4.321350000000000364e+03
6.260000000000000000e+02 4.321350000000000364e+03
5.460000000000000000e+02 4.321449999999999818e+03
5.700000000000000000e+02 4.321500000000000000e+03
3.400000000000000000e+01 4.321550000000000182e+03
2.260000000000000000e+02 4.321800000000000182e+03
7.220000000000000000e+02 4.321800000000000182e+03
2.420000000000000000e+02 4.321850000000000364e+03
4.340000000000000000e+02 4.321850000000000364e+03
4.660000000000000000e+02 4.321899999999999636e+03
6.820000000000000000e+02 4.321899999999999636e+03
6.100000000000000000e+02 4.322100000000000364e+03
2.900000000000000000e+02 4.322199999999999818e+03
6.900000000000000000e+02 4.322199999999999818e+03
2.740000000000000000e+02 4.322399999999999636e+03
4.020000000000000000e+02 4.322550000000000182e+03
5.860000000000000000e+02 4.323550000000000182e+03
9.000000000000000000e+01 4.325350000000000364e+03
1.780000000000000000e+02 4.325750000000000000e+03
6.180000000000000000e+02 4.328350000000000364e+03
2.600000000000000000e+01 4.333199999999999818e+03
5.220000000000000000e+02 4.336449999999999818e+03
6.420000000000000000e+02 4.337550000000000182e+03
1.940000000000000000e+02 4.338800000000000182e+03
2.100000000000000000e+02 4.339399999999999636e+03
3.780000000000000000e+02 4.339350000000000364e+03
3.060000000000000000e+02 4.348050000000000182e+03
7.940000000000000000e+02 4.354500000000000000e+03
2.980000000000000000e+02 4.354899999999999636e+03
4.180000000000000000e+02 4.355399999999999636e+03
7.140000000000000000e+02 4.362850000000000364e+03
2.980000000000000000e+02 4.366250000000000000e+03
1.780000000000000000e+02 4.368649999999999636e+03
2.580000000000000000e+02 4.372750000000000000e+03
1.940000000000000000e+02 4.375449999999999818e+03
1.300000000000000000e+02 4.380300000000000182e+03
5.300000000000000000e+02 4.381199999999999818e+03
9.800000000000000000e+01 4.382350000000000364e+03
7.300000000000000000e+02 4.395199999999999818e+03
6.580000000000000000e+02 4.396750000000000000e+03
6.420000000000000000e+02 4.398550000000000182e+03
6.020000000000000000e+02 4.399449999999999818e+03
7.380000000000000000e+02 4.413250000000000000e+03
3.940000000000000000e+02 4.418699999999999818e+03
7.540000000000000000e+02 4.422900000000000546e+03
2.580000000000000000e+02 4.423699999999999818e+03
4.580000000000000000e+02 4.423900000000000546e+03
7.400000000000000000e+01 4.432850000000000364e+03
4.180000000000000000e+02 4.479050000000000182e+03
3.700000000000000000e+02 4.507600000000000364e+03
6.980000000000000000e+02 4.532350000000000364e+03
5.140000000000000000e+02 4.557300000000000182e+03
6.260000000000000000e+02 4.557800000000000182e+03
6.100000000000000000e+02 4.562800000000000182e+03
2.600000000000000000e+01 4.593500000000000000e+03
4.180000000000000000e+02 4.595449999999999818e+03
1.860000000000000000e+02 4.598400000000000546e+03
6.740000000000000000e+02 4.602550000000000182e+03
2.000000000000000000e+00 4.605400000000000546e+03
5.140000000000000000e+02 4.607900000000000546e+03
9.800000000000000000e+01 4.609750000000000000e+03
6.660000000000000000e+02 4.610449999999999818e+03
4.020000000000000000e+02 4.610600000000000364e+03
2.180000000000000000e+02 4.610900000000000546e+03
7.060000000000000000e+02 4.610900000000000546e+03
1.140000000000000000e+02 4.611400000000000546e+03
6.260000000000000000e+02 4.611400000000000546e+03
4.260000000000000000e+02 4.611650000000000546e+03
4.980000000000000000e+02 4.611949999999999818e+03
3.400000000000000000e+01 4.612050000000000182e+03
4.180000000000000000e+02 4.612100000000000364e+03
7.460000000000000000e+02 4.612100000000000364e+03
8.200000000000000000e+01 4.612300000000000182e+03
5.460000000000000000e+02 4.612449999999999818e+03
4.500000000000000000e+02 4.612800000000000182e+03
1.300000000000000000e+02 4.612850000000000364e+03
1.620000000000000000e+02 4.613000000000000000e+03
2.420000000000000000e+02 4.613050000000000182e+03
5.220000000000000000e+02 4.613050000000000182e+03
3.460000000000000000e+02 4.613150000000000546e+03
3.780000000000000000e+02 4.613150000000000546e+03
5.380000000000000000e+02 4.613300000000000182e+03
5.620000000000000000e+02 4.613250000000000000e+03
1.700000000000000000e+02 4.613350000000000364e+03
4.420000000000000000e+02 4.613350000000000364e+03
9.000000000000000000e+01 4.613550000000000182e+03
7.220000000000000000e+02 4.613600000000000364e+03
2.600000000000000000e+01 4.613900000000000546e+03
7.400000000000000000e+01 4.614000000000000000e+03
2.740000000000000000e+02 4.613949999999999818e+03
4.340000000000000000e+02 4.613949999999999818e+03
2.260000000000000000e+02 4.614050000000000182e+03
4.580000000000000000e+02 4.614100000000000364e+03
4.820000000000000000e+02 4.614100000000000364e+03
7.620000000000000000e+02 4.614100000000000364e+03
1.000000000000000000e+01 4.614199999999999818e+03
9.800000000000000000e+01 4.614150000000000546e+03
3.140000000000000000e+02 4.614199999999999818e+03
7.780000000000000000e+02 4.614150000000000546e+03
1.780000000000000000e+02 4.614250000000000000e+03
7.860000000000000000e+02 4.614300000000000182e+03
2.100000000000000000e+02 4.614350000000000364e+03
3.540000000000000000e+02 4.614400000000000546e+03
6.740000000000000000e+02 4.614350000000000364e+03
2.820000000000000000e+02 4.614500000000000000e+03
4.740000000000000000e+02 4.614449999999999818e+03
5.540000000000000000e+02 4.614500000000000000e+03
5.700000000000000000e+02 4.614449999999999818e+03
2.660000000000000000e+02 4.614600000000000364e+03
5.140000000000000000e+02 4.614600000000000364e+03
1.460000000000000000e+02 4.614650000000000546e+03
3.700000000000000000e+02 4.614699999999999818e+03
5.780000000000000000e+02 4.614650000000000546e+03
6.500000000000000000e+02 4.614650000000000546e+03
2.180000000000000000e+02 4.614800000000000182e+03
2.500000000000000000e+02 4.614800000000000182e+03
4.900000000000000000e+02 4.614750000000000000e+03
5.940000000000000000e+02 4.614800000000000182e+03
6.020000000000000000e+02 4.614750000000000000e+03
6.180000000000000000e+02 4.614750000000000000e+03
2.000000000000000000e+00 4.614900000000000546e+03
6.100000000000000000e+02 4.614900000000000546e+03
1.940000000000000000e+02 4.615000000000000000e+03
2.980000000000000000e+02 4.614949999999999818e+03
3.380000000000000000e+02 4.615000000000000000e+03
4.100000000000000000e+02 4.614949999999999818e+03
5.860000000000000000e+02 4.614949999999999818e+03
6.340000000000000000e+02 4.614949999999999818e+03
6.420000000000000000e+02 4.615000000000000000e+03
6.820000000000000000e+02 4.615000000000000000e+03
7.700000000000000000e+02 4.615000000000000000e+03
7.940000000000000000e+02 4.615000000000000000e+03
1.220000000000000000e+02 4.615050000000000182e+03
3.060000000000000000e+02 4.615100000000000364e+03
3.300000000000000000e+02 4.615050000000000182e+03
3.400000000000000000e+01 4.615199999999999818e+03
6.600000000000000000e+01 4.615150000000000546e+03
2.900000000000000000e+02 4.615150000000000546e+03
3.220000000000000000e+02 4.615199999999999818e+03
3.620000000000000000e+02 4.615150000000000546e+03
7.300000000000000000e+02 4.615199999999999818e+03
5.000000000000000000e+01 4.615250000000000000e+03
3.940000000000000000e+02 4.615250000000000000e+03
5.060000000000000000e+02 4.615300000000000182e+03
5.300000000000000000e+02 4.615300000000000182e+03
6.900000000000000000e+02 4.615300000000000182e+03
6.980000000000000000e+02 4.615300000000000182e+03
3.860000000000000000e+02 4.615400000000000546e+03
5.800000000000000000e+01 4.615500000000000000e+03
8.200000000000000000e+01 4.615449999999999818e+03
4.020000000000000000e+02 4.615500000000000000e+03
1.140000000000000000e+02 4.615550000000000182e+03
2.340000000000000000e+02 4.615550000000000182e+03
2.580000000000000000e+02 4.615650000000000546e+03
6.580000000000000000e+02 4.615650000000000546e+03
7.540000000000000000e+02 4.615699999999999818e+03
1.380000000000000000e+02 4.615800000000000182e+03
4.660000000000000000e+02 4.615800000000000182e+03
7.380000000000000000e+02 4.615850000000000364e+03
7.460000000000000000e+02 4.615850000000000364e+03
1.800000000000000000e+01 4.615949999999999818e+03
4.200000000000000000e+01 4.616150000000000546e+03
4.500000000000000000e+02 4.616150000000000546e+03
2.020000000000000000e+02 4.616400000000000546e+03
5.220000000000000000e+02 4.616350000000000364e+03
7.060000000000000000e+02 4.616400000000000546e+03
7.140000000000000000e+02 4.616350000000000364e+03
4.180000000000000000e+02 4.616500000000000000e+03
1.300000000000000000e+02 4.617199999999999818e+03
4.260000000000000000e+02 4.617350000000000364e+03
7.220000000000000000e+02 4.619250000000000000e+03
4.420000000000000000e+02 4.619350000000000364e+03
5.380000000000000000e+02 4.619600000000000364e+03
1.000000000000000000e+01 4.620949999999999818e+03
1.700000000000000000e+02 4.621600000000000364e+03
2.740000000000000000e+02 4.621550000000000182e+03
9.000000000000000000e+01 4.622850000000000364e+03
1.860000000000000000e+02 4.625850000000000364e+03
5.000000000000000000e+01 4.627650000000000546e+03
2.660000000000000000e+02 4.628350000000000364e+03
7.860000000000000000e+02 4.634199999999999818e+03
1.700000000000000000e+02 4.636350000000000364e+03
1.060000000000000000e+02 4.638300000000000182e+03
3.140000000000000000e+02 4.640000000000000000e+03
2.900000000000000000e+02 4.640400000000000546e+03
2.180000000000000000e+02 4.641050000000000182e+03
2.420000000000000000e+02 4.643699999999999818e+03
1.380000000000000000e+02 4.646350000000000364e+03
3.540000000000000000e+02 4.647500000000000000e+03
6.660000000000000000e+02 4.648350000000000364e+03
5.140000000000000000e+02 4.650949999999999818e+03
6.900000000000000000e+02 4.650949999999999818e+03
7.620000000000000000e+02 4.652650000000000546e+03
4.980000000000000000e+02 4.654050000000000182e+03
3.780000000000000000e+02 4.654500000000000000e+03
6.180000000000000000e+02 4.654800000000000182e+03
2.100000000000000000e+02 4.655250000000000000e+03
6.260000000000000000e+02 4.656250000000000000e+03
5.300000000000000000e+02 4.658000000000000000e+03
3.700000000000000000e+02 4.665100000000000364e+03
5.060000000000000000e+02 4.665150000000000546e+03
2.180000000000000000e+02 4.667900000000000546e+03
7.780000000000000000e+02 4.669000000000000000e+03
6.660000000000000000e+02 4.676000000000000000e+03
3.780000000000000000e+02 4.687600000000000364e+03
6.420000000000000000e+02 4.692650000000000546e+03
7.940000000000000000e+02 4.695600000000000364e+03
1.800000000000000000e+01 4.696900000000000546e+03
1.800000000000000000e+01 4.755600000000000364e+03
2.500000000000000000e+02 4.785800000000000182e+03
6.580000000000000000e+02 4.796449999999999818e+03
5.800000000000000000e+01 4.804150000000000546e+03
7.380000000000000000e+02 4.805550000000000182e+03
5.460000000000000000e+02 4.809050000000000182e+03
2.180000000000000000e+02 4.816250000000000000e+03
9.800000000000000000e+01 4.816650000000000546e+03
1.860000000000000000e+02 4.821650000000000546e+03
7.400000000000000000e+01 4.824199999999999818e+03
4.980000000000000000e+02 4.824500000000000000e+03
5.140000000000000000e+02 4.827949999999999818e+03
3.460000000000000000e+02 4.829250000000000000e+03
5.220000000000000000e+02 4.831350000000000364e+03
7.700000000000000000e+02 4.835500000000000000e+03
6.660000000000000000e+02 4.838600000000000364e+03
1.620000000000000000e+02 4.842600000000000364e+03
5.380000000000000000e+02 4.844500000000000000e+03
3.380000000000000000e+02 4.853400000000000546e+03
5.700000000000000000e+02 4.853400000000000546e+03
2.420000000000000000e+02 4.854250000000000000e+03
1.300000000000000000e+02 4.855949999999999818e+03
4.100000000000000000e+02 4.856000000000000000e+03
4.820000000000000000e+02 4.856250000000000000e+03
5.860000000000000000e+02 4.856400000000000546e+03
1.860000000000000000e+02 4.856550000000000182e+03
5.460000000000000000e+02 4.856600000000000364e+03
2.100000000000000000e+02 4.856699999999999818e+03
6.820000000000000000e+02 4.856699999999999818e+03
1.940000000000000000e+02 4.856750000000000000e+03
4.900000000000000000e+02 4.856750000000000000e+03
1.220000000000000000e+02 4.857000000000000000e+03
1.700000000000000000e+02 4.857100000000000364e+03
3.780000000000000000e+02 4.857050000000000182e+03
4.200000000000000000e+01 4.857199999999999818e+03
7.220000000000000000e+02 4.857150000000000546e+03
7.620000000000000000e+02 4.857400000000000546e+03
2.340000000000000000e+02 4.857500000000000000e+03
2.820000000000000000e+02 4.857600000000000364e+03
3.060000000000000000e+02 4.857550000000000182e+03
6.260000000000000000e+02 4.857600000000000364e+03
6.020000000000000000e+02 4.857699999999999818e+03
6.900000000000000000e+02 4.857750000000000000e+03
7.400000000000000000e+01 4.857900000000000546e+03
8.200000000000000000e+01 4.858050000000000182e+03
1.000000000000000000e+01 4.858150000000000546e+03
1.800000000000000000e+01 4.858250000000000000e+03
2.260000000000000000e+02 4.858300000000000182e+03
6.980000000000000000e+02 4.858300000000000182e+03
1.540000000000000000e+02 4.858449999999999818e+03
2.980000000000000000e+02 4.858650000000000546e+03
4.260000000000000000e+02 4.858650000000000546e+03
4.740000000000000000e+02 4.858650000000000546e+03
6.180000000000000000e+02 4.858699999999999818e+03
4.580000000000000000e+02 4.858900000000000546e+03
2.900000000000000000e+02 4.858949999999999818e+03
6.660000000000000000e+02 4.858949999999999818e+03
7.540000000000000000e+02 4.858949999999999818e+03
3.140000000000000000e+02 4.859050000000000182e+03
3.620000000000000000e+02 4.859350000000000364e+03
5.940000000000000000e+02 4.859449999999999818e+03
7.060000000000000000e+02 4.859500000000000000e+03
7.940000000000000000e+02 4.859449999999999818e+03
4.500000000000000000e+02 4.859600000000000364e+03
2.000000000000000000e+00 4.859650000000000546e+03
5.300000000000000000e+02 4.859650000000000546e+03
1.620000000000000000e+02 4.859800000000000182e+03
6.580000000000000000e+02 4.859750000000000000e+03
7.700000000000000000e+02 4.859750000000000000e+03
3.860000000000000000e+02 4.859900000000000546e+03
7.380000000000000000e+02 4.859850000000000364e+03
1.380000000000000000e+02 4.859949999999999818e+03
2.500000000000000000e+02 4.860000000000000000e+03
5.700000000000000000e+02 4.859949999999999818e+03
3.940000000000000000e+02 4.860050000000000182e+03
9.800000000000000000e+01 4.860300000000000182e+03
7.300000000000000000e+02 4.860250000000000000e+03
6.600000000000000000e+01 4.860350000000000364e+03
9.000000000000000000e+01 4.860400000000000546e+03
3.540000000000000000e+02 4.860400000000000546e+03
1.140000000000000000e+02 4.860449999999999818e+03
2.420000000000000000e+02 4.860449999999999818e+03
6.340000000000000000e+02 4.860449999999999818e+03
5.800000000000000000e+01 4.860550000000000182e+03
5.220000000000000000e+02 4.860600000000000364e+03
7.460000000000000000e+02 4.860550000000000182e+03
2.740000000000000000e+02 4.860699999999999818e+03
4.660000000000000000e+02 4.860699999999999818e+03
1.460000000000000000e+02 4.860750000000000000e+03
1.940000000000000000e+02 4.860750000000000000e+03
6.100000000000000000e+02 4.860800000000000182e+03
1.780000000000000000e+02 4.860850000000000364e+03
2.660000000000000000e+02 4.860850000000000364e+03
4.180000000000000000e+02 4.860900000000000546e+03
5.780000000000000000e+02 4.860850000000000364e+03
2.020000000000000000e+02 4.860949999999999818e+03
5.620000000000000000e+02 4.861000000000000000e+03
3.400000000000000000e+01 4.861150000000000546e+03
4.020000000000000000e+02 4.861199999999999818e+03
6.900000000000000000e+02 4.861350000000000364e+03
7.620000000000000000e+02 4.861400000000000546e+03
6.500000000000000000e+02 4.861750000000000000e+03
6.740000000000000000e+02 4.861800000000000182e+03
2.180000000000000000e+02 4.865750000000000000e+03
7.540000000000000000e+02 4.865900000000000546e+03
7.140000000000000000e+02 4.866000000000000000e+03
2.340000000000000000e+02 4.866100000000000364e+03
2.980000000000000000e+02 4.866900000000000546e+03
5.780000000000000000e+02 4.869850000000000364e+03
3.940000000000000000e+02 4.870100000000000364e+03
5.140000000000000000e+02 4.872600000000000364e+03
1.220000000000000000e+02 4.873699999999999818e+03
1.700000000000000000e+02 4.878600000000000364e+03
1.060000000000000000e+02 4.878900000000000546e+03
4.980000000000000000e+02 4.881000000000000000e+03
7.940000000000000000e+02 4.882000000000000000e+03
2.420000000000000000e+02 4.882500000000000000e+03
6.180000000000000000e+02 4.883699999999999818e+03
3.220000000000000000e+02 4.887650000000000546e+03
2.580000000000000000e+02 4.894250000000000000e+03
2.900000000000000000e+02 4.895650000000000546e+03
1.800000000000000000e+01 4.896550000000000182e+03
3.620000000000000000e+02 4.903800000000000182e+03
7.700000000000000000e+02 4.905150000000000546e+03
6.420000000000000000e+02 4.906400000000000546e+03
7.540000000000000000e+02 4.907449999999999818e+03
5.140000000000000000e+02 4.908199999999999818e+03
5.060000000000000000e+02 4.909900000000000546e+03
4.020000000000000000e+02 4.911400000000000546e+03
3.060000000000000000e+02 4.913300000000000182e+03
2.420000000000000000e+02 4.914300000000000182e+03
2.820000000000000000e+02 4.921300000000000182e+03
3.380000000000000000e+02 4.921250000000000000e+03
7.700000000000000000e+02 4.922050000000000182e+03
6.020000000000000000e+02 4.922500000000000000e+03
2.660000000000000000e+02 4.928750000000000000e+03
6.600000000000000000e+01 4.929550000000000182e+03
2.420000000000000000e+02 4.931850000000000364e+03
7.780000000000000000e+02 4.932250000000000000e+03
2.580000000000000000e+02 4.934800000000000182e+03
7.400000000000000000e+01 4.935800000000000182e+03
5.780000000000000000e+02 4.936600000000000364e+03
6.900000000000000000e+02 4.939500000000000000e+03
3.300000000000000000e+02 4.942300000000000182e+03
1.780000000000000000e+02 4.943850000000000364e+03
5.060000000000000000e+02 4.950449999999999818e+03
9.000000000000000000e+01 4.954300000000000182e+03
2.980000000000000000e+02 4.957850000000000364e+03
4.200000000000000000e+01 4.958100000000000364e+03
2.740000000000000000e+02 5.008449999999999818e+03
5.000000000000000000e+01 5.018100000000000364e+03
6.100000000000000000e+02 5.018449999999999818e+03
5.860000000000000000e+02 5.021449999999999818e+03
3.700000000000000000e+02 5.027699999999999818e+03
7.400000000000000000e+01 5.040550000000000182e+03
1.140000000000000000e+02 5.073050000000000182e+03
1.940000000000000000e+02 5.094600000000000364e+03
5.540000000000000000e+02 5.098199999999999818e+03
1.620000000000000000e+02 5.103650000000000546e+03
2.600000000000000000e+01 5.115699999999999818e+03
2.100000000000000000e+02 5.131050000000000182e+03
5.300000000000000000e+02 5.138050000000000182e+03
7.060000000000000000e+02 5.138250000000000000e+03
6.180000000000000000e+02 5.146050000000000182e+03
1.780000000000000000e+02 5.150650000000000546e+03
1.380000000000000000e+02 5.175199999999999818e+03
4.340000000000000000e+02 5.188650000000000546e+03
5.000000000000000000e+01 5.189100000000000364e+03
6.660000000000000000e+02 5.194250000000000000e+03
6.820000000000000000e+02 5.200500000000000000e+03
4.260000000000000000e+02 5.202000000000000000e+03
7.540000000000000000e+02 5.209050000000000182e+03
7.700000000000000000e+02 5.209750000000000000e+03
9.000000000000000000e+01 5.218800000000000182e+03
4.740000000000000000e+02 5.228050000000000182e+03
5.000000000000000000e+01 5.228300000000000182e+03
6.600000000000000000e+01 5.232800000000000182e+03
1.000000000000000000e+01 5.233850000000000364e+03
7.620000000000000000e+02 5.234600000000000364e+03
7.460000000000000000e+02 5.236350000000000364e+03
5.700000000000000000e+02 5.236550000000000182e+03
2.820000000000000000e+02 5.236699999999999818e+03
1.460000000000000000e+02 5.237449999999999818e+03
1.060000000000000000e+02 5.237550000000000182e+03
6.820000000000000000e+02 5.237850000000000364e+03
6.740000000000000000e+02 5.239100000000000364e+03
5.540000000000000000e+02 5.239550000000000182e+03
6.100000000000000000e+02 5.239750000000000000e+03
4.900000000000000000e+02 5.239850000000000364e+03
6.600000000000000000e+01 5.240000000000000000e+03
1.140000000000000000e+02 5.240050000000000182e+03
2.340000000000000000e+02 5.240600000000000364e+03
3.700000000000000000e+02 5.240600000000000364e+03
5.460000000000000000e+02 5.240550000000000182e+03
6.900000000000000000e+02 5.240850000000000364e+03
2.740000000000000000e+02 5.240949999999999818e+03
7.400000000000000000e+01 5.241199999999999818e+03
9.000000000000000000e+01 5.241150000000000546e+03
7.780000000000000000e+02 5.241350000000000364e+03
4.180000000000000000e+02 5.241500000000000000e+03
4.100000000000000000e+02 5.241550000000000182e+03
2.580000000000000000e+02 5.241650000000000546e+03
1.220000000000000000e+02 5.241750000000000000e+03
1.380000000000000000e+02 5.241800000000000182e+03
1.940000000000000000e+02 5.241750000000000000e+03
3.780000000000000000e+02 5.241800000000000182e+03
4.340000000000000000e+02 5.241900000000000546e+03
5.140000000000000000e+02 5.242000000000000000e+03
3.140000000000000000e+02 5.242050000000000182e+03
6.500000000000000000e+02 5.242100000000000364e+03
7.940000000000000000e+02 5.242050000000000182e+03
1.300000000000000000e+02 5.242199999999999818e+03
4.660000000000000000e+02 5.242150000000000546e+03
6.980000000000000000e+02 5.242199999999999818e+03
9.800000000000000000e+01 5.242400000000000546e+03
3.060000000000000000e+02 5.242350000000000364e+03
2.020000000000000000e+02 5.242500000000000000e+03
2.980000000000000000e+02 5.242500000000000000e+03
7.060000000000000000e+02 5.242449999999999818e+03
3.460000000000000000e+02 5.242550000000000182e+03
1.060000000000000000e+02 5.242699999999999818e+03
1.700000000000000000e+02 5.242699999999999818e+03
1.860000000000000000e+02 5.242699999999999818e+03
2.420000000000000000e+02 5.242650000000000546e+03
4.740000000000000000e+02 5.242650000000000546e+03
1.800000000000000000e+01 5.242800000000000182e+03
4.500000000000000000e+02 5.242750000000000000e+03
5.300000000000000000e+02 5.242800000000000182e+03
6.180000000000000000e+02 5.242800000000000182e+03
7.220000000000000000e+02 5.242800000000000182e+03
1.780000000000000000e+02 5.242900000000000546e+03
2.660000000000000000e+02 5.242900000000000546e+03
3.300000000000000000e+02 5.242850000000000364e+03
6.020000000000000000e+02 5.242850000000000364e+03
6.420000000000000000e+02 5.242850000000000364e+03
1.540000000000000000e+02 5.243000000000000000e+03
2.180000000000000000e+02 5.243000000000000000e+03
7.140000000000000000e+02 5.242949999999999818e+03
7.300000000000000000e+02 5.242949999999999818e+03
7.700000000000000000e+02 5.243000000000000000e+03
5.380000000000000000e+02 5.243100000000000364e+03
6.580000000000000000e+02 5.243100000000000364e+03
7.380000000000000000e+02 5.243100000000000364e+03
7.620000000000000000e+02 5.243050000000000182e+03
2.000000000000000000e+00 5.243199999999999818e+03
3.400000000000000000e+01 5.243199999999999818e+03
3.860000000000000000e+02 5.243199999999999818e+03
4.580000000000000000e+02 5.243150000000000546e+03
4.980000000000000000e+02 5.243150000000000546e+03
5.860000000000000000e+02 5.243199999999999818e+03
7.460000000000000000e+02 5.243150000000000546e+03
5.000000000000000000e+01 5.243250000000000000e+03
2.820000000000000000e+02 5.243300000000000182e+03
3.220000000000000000e+02 5.243250000000000000e+03
3.540000000000000000e+02 5.243250000000000000e+03
5.940000000000000000e+02 5.243300000000000182e+03
6.260000000000000000e+02 5.243300000000000182e+03
2.600000000000000000e+01 5.243400000000000546e+03
4.200000000000000000e+01 5.243350000000000364e+03
8.200000000000000000e+01 5.243350000000000364e+03
1.140000000000000000e+02 5.243350000000000364e+03
1.620000000000000000e+02 5.243400000000000546e+03
2.900000000000000000e+02 5.243350000000000364e+03
4.020000000000000000e+02 5.243350000000000364e+03
5.060000000000000000e+02 5.243350000000000364e+03
6.340000000000000000e+02 5.243400000000000546e+03
6.600000000000000000e+01 5.243449999999999818e+03
4.260000000000000000e+02 5.243449999999999818e+03
5.620000000000000000e+02 5.243449999999999818e+03
6.660000000000000000e+02 5.243449999999999818e+03
1.460000000000000000e+02 5.243550000000000182e+03
2.100000000000000000e+02 5.243600000000000364e+03
5.700000000000000000e+02 5.243600000000000364e+03
3.620000000000000000e+02 5.243699999999999818e+03
6.820000000000000000e+02 5.243650000000000546e+03
4.820000000000000000e+02 5.243800000000000182e+03
1.000000000000000000e+01 5.243900000000000546e+03
2.500000000000000000e+02 5.243850000000000364e+03
6.100000000000000000e+02 5.243900000000000546e+03
7.860000000000000000e+02 5.243900000000000546e+03
2.260000000000000000e+02 5.244000000000000000e+03
4.420000000000000000e+02 5.244000000000000000e+03
5.780000000000000000e+02 5.243949999999999818e+03
4.900000000000000000e+02 5.244050000000000182e+03
5.540000000000000000e+02 5.244050000000000182e+03
6.740000000000000000e+02 5.244050000000000182e+03
9.000000000000000000e+01 5.244250000000000000e+03
2.740000000000000000e+02 5.244250000000000000e+03
7.400000000000000000e+01 5.244400000000000546e+03
3.140000000000000000e+02 5.245900000000000546e+03
1.220000000000000000e+02 5.246800000000000182e+03
6.500000000000000000e+02 5.246949999999999818e+03
1.700000000000000000e+02 5.247300000000000182e+03
3.400000000000000000e+01 5.248699999999999818e+03
7.780000000000000000e+02 5.248850000000000364e+03
9.800000000000000000e+01 5.249949999999999818e+03
4.420000000000000000e+02 5.261900000000000546e+03
5.140000000000000000e+02 5.304449999999999818e+03
2.900000000000000000e+02 5.346050000000000182e+03
1.060000000000000000e+02 5.354850000000000364e+03
5.060000000000000000e+02 5.398600000000000364e+03
1.700000000000000000e+02 5.431400000000000546e+03
6.900000000000000000e+02 5.447300000000000182e+03
3.860000000000000000e+02 5.468199999999999818e+03
6.500000000000000000e+02 5.473150000000000546e+03
2.340000000000000000e+02 5.475150000000000546e+03
6.500000000000000000e+02 5.609949999999999818e+03
7.400000000000000000e+01 5.726150000000000546e+03
4.660000000000000000e+02 5.756100000000000364e+03
4.740000000000000000e+02 5.894949999999999818e+03
1.300000000000000000e+02 5.898000000000000000e+03
7.140000000000000000e+02 5.928400000000000546e+03
5.000000000000000000e+01 5.944350000000000364e+03
5.900000000000000000e+01 1.152500000000000000e+02
1.950000000000000000e+02 1.184000000000000057e+02
4.110000000000000000e+02 1.320500000000000114e+02
2.670000000000000000e+02 1.487500000000000000e+02
4.270000000000000000e+02 1.545999999999999943e+02
4.110000000000000000e+02 1.675000000000000000e+02
2.030000000000000000e+02 1.815000000000000000e+02
4.750000000000000000e+02 1.849500000000000171e+02
3.500000000000000000e+01 1.912000000000000171e+02
1.710000000000000000e+02 1.969000000000000057e+02
7.470000000000000000e+02 2.083499999999999943e+02
2.910000000000000000e+02 2.295500000000000114e+02
2.030000000000000000e+02 2.454500000000000171e+02
7.230000000000000000e+02 2.455500000000000114e+02
2.910000000000000000e+02 2.478499999999999943e+02
2.990000000000000000e+02 2.582500000000000000e+02
7.790000000000000000e+02 2.722500000000000000e+02
4.350000000000000000e+02 2.811000000000000227e+02
1.710000000000000000e+02 2.913500000000000227e+02
7.550000000000000000e+02 3.079499999999999886e+02
6.910000000000000000e+02 3.111500000000000341e+02
3.950000000000000000e+02 3.191500000000000341e+02
3.150000000000000000e+02 3.211500000000000341e+02
3.790000000000000000e+02 3.321999999999999886e+02
7.710000000000000000e+02 3.418500000000000227e+02
2.700000000000000000e+01 3.424000000000000341e+02
2.430000000000000000e+02 3.880500000000000114e+02
1.950000000000000000e+02 3.981000000000000227e+02
6.990000000000000000e+02 4.005000000000000000e+02
3.070000000000000000e+02 4.026000000000000227e+02
4.030000000000000000e+02 4.075000000000000000e+02
4.670000000000000000e+02 4.121999999999999886e+02
1.900000000000000000e+01 4.195000000000000000e+02
2.670000000000000000e+02 4.250000000000000000e+02
5.070000000000000000e+02 4.513500000000000227e+02
3.710000000000000000e+02 4.616000000000000227e+02
1.230000000000000000e+02 4.741999999999999886e+02
4.350000000000000000e+02 4.770500000000000114e+02
5.630000000000000000e+02 4.866500000000000341e+02
6.910000000000000000e+02 5.268999999999999773e+02
5.070000000000000000e+02 5.447500000000000000e+02
1.390000000000000000e+02 5.676499999999999773e+02
1.710000000000000000e+02 5.728999999999999773e+02
5.070000000000000000e+02 5.946499999999999773e+02
5.950000000000000000e+02 5.950500000000000682e+02
6.430000000000000000e+02 6.175000000000000000e+02
7.950000000000000000e+02 6.235500000000000682e+02
2.990000000000000000e+02 6.332000000000000455e+02
1.950000000000000000e+02 6.348500000000000227e+02
2.430000000000000000e+02 6.441499999999999773e+02
6.510000000000000000e+02 6.555500000000000682e+02
1.900000000000000000e+01 6.669500000000000455e+02
1.070000000000000000e+02 6.790000000000000000e+02
3.150000000000000000e+02 6.972500000000000000e+02
3.070000000000000000e+02 7.093999999999999773e+02
1.870000000000000000e+02 7.311000000000000227e+02
1.950000000000000000e+02 7.356000000000000227e+02
2.110000000000000000e+02 7.689500000000000455e+02
3.630000000000000000e+02 7.733500000000000227e+02
7.310000000000000000e+02 7.783500000000000227e+02
5.630000000000000000e+02 7.940500000000000682e+02
2.670000000000000000e+02 8.092000000000000455e+02
2.030000000000000000e+02 8.316499999999999773e+02
4.350000000000000000e+02 8.332000000000000455e+02
1.150000000000000000e+02 8.485500000000000682e+02
5.070000000000000000e+02 8.549500000000000455e+02
6.830000000000000000e+02 8.605000000000000000e+02
5.790000000000000000e+02 8.776000000000000227e+02
6.190000000000000000e+02 8.991000000000000227e+02
5.630000000000000000e+02 9.051499999999999773e+02
4.750000000000000000e+02 9.248000000000000682e+02
4.830000000000000000e+02 9.267500000000000000e+02
5.900000000000000000e+01 9.347500000000000000e+02
6.590000000000000000e+02 9.396499999999999773e+02
6.990000000000000000e+02 9.706499999999999773e+02
2.510000000000000000e+02 9.900000000000000000e+02
5.630000000000000000e+02 1.006600000000000023e+03
1.470000000000000000e+02 1.020700000000000045e+03
7.230000000000000000e+02 1.042200000000000045e+03
3.000000000000000000e+00 1.094600000000000136e+03
6.430000000000000000e+02 1.109900000000000091e+03
2.590000000000000000e+02 1.111000000000000000e+03
6.910000000000000000e+02 1.194750000000000000e+03
4.270000000000000000e+02 1.252549999999999955e+03
4.300000000000000000e+01 1.256100000000000136e+03
5.470000000000000000e+02 1.307500000000000000e+03
1.870000000000000000e+02 1.316500000000000000e+03
7.390000000000000000e+02 1.328049999999999955e+03
1.950000000000000000e+02 1.377299999999999955e+03
5.230000000000000000e+02 1.380400000000000091e+03
7.500000000000000000e+01 1.382200000000000045e+03
6.830000000000000000e+02 1.389049999999999955e+03
6.190000000000000000e+02 1.405000000000000000e+03
3.710000000000000000e+02 1.439150000000000091e+03
9.100000000000000000e+01 1.448100000000000136e+03
2.590000000000000000e+02 1.449799999999999955e+03
2.110000000000000000e+02 1.452700000000000045e+03
7.630000000000000000e+02 1.454400000000000091e+03
7.390000000000000000e+02 1.454650000000000091e+03
4.750000000000000000e+02 1.463000000000000000e+03
6.750000000000000000e+02 1.466299999999999955e+03
7.390000000000000000e+02 1.506850000000000136e+03
1.710000000000000000e+02 1.508100000000000136e+03
5.630000000000000000e+02 1.521150000000000091e+03
7.150000000000000000e+02 1.525299999999999955e+03
5.070000000000000000e+02 1.528549999999999955e+03
5.900000000000000000e+01 1.530549999999999955e+03
2.270000000000000000e+02 1.537049999999999955e+03
5.470000000000000000e+02 1.547150000000000091e+03
1.310000000000000000e+02 1.560700000000000045e+03
7.950000000000000000e+02 1.562900000000000091e+03
3.550000000000000000e+02 1.563049999999999955e+03
4.350000000000000000e+02 1.568900000000000091e+03
1.230000000000000000e+02 1.629150000000000091e+03
4.670000000000000000e+02 1.648150000000000091e+03
3.150000000000000000e+02 1.654450000000000045e+03
5.630000000000000000e+02 1.656850000000000136e+03
2.590000000000000000e+02 1.656950000000000045e+03
7.150000000000000000e+02 1.663049999999999955e+03
1.470000000000000000e+02 1.672600000000000136e+03
1.150000000000000000e+02 1.698100000000000136e+03
9.900000000000000000e+01 1.726650000000000091e+03
4.190000000000000000e+02 1.726700000000000045e+03
6.110000000000000000e+02 1.728250000000000000e+03
3.870000000000000000e+02 1.758250000000000000e+03
6.510000000000000000e+02 1.766200000000000045e+03
6.190000000000000000e+02 1.785549999999999955e+03
1.390000000000000000e+02 1.789200000000000045e+03
3.950000000000000000e+02 1.793299999999999955e+03
2.700000000000000000e+01 1.794799999999999955e+03
1.870000000000000000e+02 1.807400000000000091e+03
6.750000000000000000e+02 1.815000000000000000e+03
3.470000000000000000e+02 1.857600000000000136e+03
3.630000000000000000e+02 1.930700000000000045e+03
6.030000000000000000e+02 1.945700000000000045e+03
2.270000000000000000e+02 1.979500000000000000e+03
4.110000000000000000e+02 1.980549999999999955e+03
1.870000000000000000e+02 2.010200000000000045e+03
7.790000000000000000e+02 2.013700000000000045e+03
2.700000000000000000e+01 2.019850000000000136e+03
2.910000000000000000e+02 2.027500000000000000e+03
4.510000000000000000e+02 2.060000000000000000e+03
2.510000000000000000e+02 2.070599999999999909e+03
4.430000000000000000e+02 2.147750000000000000e+03
1.470000000000000000e+02 2.153900000000000091e+03
7.790000000000000000e+02 2.156750000000000000e+03
7.150000000000000000e+02 2.160199999999999818e+03
4.830000000000000000e+02 2.177500000000000000e+03
5.150000000000000000e+02 2.207400000000000091e+03
2.430000000000000000e+02 2.217300000000000182e+03
1.630000000000000000e+02 2.224050000000000182e+03
4.990000000000000000e+02 2.241200000000000273e+03
4.830000000000000000e+02 2.242200000000000273e+03
1.470000000000000000e+02 2.266300000000000182e+03
4.270000000000000000e+02 2.268700000000000273e+03
3.230000000000000000e+02 2.290400000000000091e+03
4.300000000000000000e+01 2.298300000000000182e+03
2.270000000000000000e+02 2.298349999999999909e+03
6.110000000000000000e+02 2.302950000000000273e+03
4.350000000000000000e+02 2.308849999999999909e+03
4.670000000000000000e+02 2.325099999999999909e+03
2.270000000000000000e+02 2.344750000000000000e+03
4.590000000000000000e+02 2.357050000000000182e+03
1.390000000000000000e+02 2.363400000000000091e+03
3.000000000000000000e+00 2.386599999999999909e+03
1.870000000000000000e+02 2.422300000000000182e+03
9.900000000000000000e+01 2.446599999999999909e+03
7.390000000000000000e+02 2.469950000000000273e+03
4.030000000000000000e+02 2.475150000000000091e+03
1.470000000000000000e+02 2.475349999999999909e+03
1.630000000000000000e+02 2.488300000000000182e+03
4.190000000000000000e+02 2.504800000000000182e+03
1.790000000000000000e+02 2.524500000000000000e+03
2.700000000000000000e+01 2.524599999999999909e+03
3.950000000000000000e+02 2.526300000000000182e+03
6.110000000000000000e+02 2.555500000000000000e+03
4.910000000000000000e+02 2.576900000000000091e+03
2.190000000000000000e+02 2.584500000000000000e+03
3.000000000000000000e+00 2.588900000000000091e+03
1.710000000000000000e+02 2.605150000000000091e+03
7.150000000000000000e+02 2.679099999999999909e+03
7.630000000000000000e+02 2.691900000000000091e+03
1.550000000000000000e+02 2.699000000000000000e+03
2.670000000000000000e+02 2.698950000000000273e+03
7.500000000000000000e+01 2.705700000000000273e+03
3.150000000000000000e+02 2.713099999999999909e+03
1.790000000000000000e+02 2.743000000000000000e+03
2.350000000000000000e+02 2.743599999999999909e+03
3.000000000000000000e+00 2.767200000000000273e+03
6.990000000000000000e+02 2.805000000000000000e+03
4.590000000000000000e+02 2.816849999999999909e+03
1.100000000000000000e+01 2.825400000000000091e+03
6.350000000000000000e+02 2.844599999999999909e+03
6.030000000000000000e+02 2.848099999999999909e+03
7.390000000000000000e+02 2.871700000000000273e+03
1.790000000000000000e+02 2.920950000000000273e+03
3.310000000000000000e+02 2.922050000000000182e+03
4.590000000000000000e+02 2.934000000000000000e+03
2.910000000000000000e+02 2.950500000000000000e+03
4.350000000000000000e+02 2.980050000000000182e+03
6.590000000000000000e+02 2.983599999999999909e+03
2.700000000000000000e+01 2.986500000000000000e+03
6.830000000000000000e+02 2.999849999999999909e+03
1.390000000000000000e+02 3.004650000000000091e+03
4.830000000000000000e+02 3.006000000000000000e+03
7.790000000000000000e+02 3.006650000000000091e+03
3.870000000000000000e+02 3.006750000000000000e+03
6.270000000000000000e+02 3.006750000000000000e+03
6.590000000000000000e+02 3.006750000000000000e+03
8.300000000000000000e+01 3.007050000000000182e+03
1.630000000000000000e+02 3.007150000000000091e+03
2.030000000000000000e+02 3.008000000000000000e+03
4.670000000000000000e+02 3.007950000000000273e+03
3.150000000000000000e+02 3.008150000000000091e+03
3.710000000000000000e+02 3.008300000000000182e+03
4.270000000000000000e+02 3.008550000000000182e+03
6.750000000000000000e+02 3.008700000000000273e+03
2.700000000000000000e+01 3.008800000000000182e+03
9.900000000000000000e+01 3.008849999999999909e+03
2.670000000000000000e+02 3.009000000000000000e+03
4.300000000000000000e+01 3.009099999999999909e+03
3.070000000000000000e+02 3.009349999999999909e+03
4.030000000000000000e+02 3.009599999999999909e+03
7.870000000000000000e+02 3.009700000000000273e+03
7.630000000000000000e+02 3.009900000000000091e+03
7.550000000000000000e+02 3.010000000000000000e+03
4.110000000000000000e+02 3.010050000000000182e+03
7.470000000000000000e+02 3.010050000000000182e+03
2.270000000000000000e+02 3.010150000000000091e+03
1.550000000000000000e+02 3.010250000000000000e+03
6.990000000000000000e+02 3.010550000000000182e+03
1.470000000000000000e+02 3.010750000000000000e+03
3.790000000000000000e+02 3.010849999999999909e+03
2.190000000000000000e+02 3.011300000000000182e+03
4.510000000000000000e+02 3.011250000000000000e+03
2.110000000000000000e+02 3.012000000000000000e+03
7.950000000000000000e+02 3.013750000000000000e+03
1.790000000000000000e+02 3.014450000000000273e+03
2.350000000000000000e+02 3.015599999999999909e+03
6.030000000000000000e+02 3.015650000000000091e+03
9.100000000000000000e+01 3.015800000000000182e+03
6.510000000000000000e+02 3.015900000000000091e+03
1.150000000000000000e+02 3.016500000000000000e+03
3.550000000000000000e+02 3.016500000000000000e+03
7.390000000000000000e+02 3.016599999999999909e+03
7.070000000000000000e+02 3.016700000000000273e+03
3.950000000000000000e+02 3.016800000000000182e+03
7.790000000000000000e+02 3.016750000000000000e+03
3.310000000000000000e+02 3.016849999999999909e+03
1.630000000000000000e+02 3.017099999999999909e+03
3.000000000000000000e+00 3.017200000000000273e+03
3.500000000000000000e+01 3.017200000000000273e+03
1.950000000000000000e+02 3.017150000000000091e+03
5.070000000000000000e+02 3.017150000000000091e+03
3.630000000000000000e+02 3.017300000000000182e+03
4.190000000000000000e+02 3.017300000000000182e+03
6.110000000000000000e+02 3.017400000000000091e+03
6.350000000000000000e+02 3.017349999999999909e+03
1.710000000000000000e+02 3.017500000000000000e+03
3.710000000000000000e+02 3.017500000000000000e+03
6.700000000000000000e+01 3.017650000000000091e+03
2.830000000000000000e+02 3.017650000000000091e+03
1.310000000000000000e+02 3.017750000000000000e+03
2.910000000000000000e+02 3.017750000000000000e+03
3.470000000000000000e+02 3.017900000000000091e+03
5.790000000000000000e+02 3.018099999999999909e+03
2.030000000000000000e+02 3.018300000000000182e+03
1.470000000000000000e+02 3.018400000000000091e+03
5.150000000000000000e+02 3.018500000000000000e+03
6.430000000000000000e+02 3.018450000000000273e+03
1.870000000000000000e+02 3.018550000000000182e+03
6.270000000000000000e+02 3.018750000000000000e+03
4.830000000000000000e+02 3.019200000000000273e+03
6.670000000000000000e+02 3.019300000000000182e+03
5.100000000000000000e+01 3.019650000000000091e+03
7.310000000000000000e+02 3.019849999999999909e+03
4.030000000000000000e+02 3.022200000000000273e+03
2.590000000000000000e+02 3.023900000000000091e+03
5.630000000000000000e+02 3.023950000000000273e+03
4.590000000000000000e+02 3.025150000000000091e+03
5.390000000000000000e+02 3.025150000000000091e+03
7.500000000000000000e+01 3.025400000000000091e+03
3.230000000000000000e+02 3.025400000000000091e+03
7.550000000000000000e+02 3.025550000000000182e+03
6.910000000000000000e+02 3.025750000000000000e+03
2.670000000000000000e+02 3.025849999999999909e+03
1.100000000000000000e+01 3.025950000000000273e+03
2.990000000000000000e+02 3.026250000000000000e+03
7.070000000000000000e+02 3.026300000000000182e+03
5.550000000000000000e+02 3.026599999999999909e+03
1.790000000000000000e+02 3.026650000000000091e+03
1.150000000000000000e+02 3.026750000000000000e+03
4.350000000000000000e+02 3.027050000000000182e+03
4.670000000000000000e+02 3.027150000000000091e+03
5.470000000000000000e+02 3.027150000000000091e+03
2.430000000000000000e+02 3.027349999999999909e+03
4.910000000000000000e+02 3.027500000000000000e+03
5.950000000000000000e+02 3.027900000000000091e+03
7.710000000000000000e+02 3.027849999999999909e+03
5.870000000000000000e+02 3.028000000000000000e+03
1.470000000000000000e+02 3.028250000000000000e+03
4.830000000000000000e+02 3.028400000000000091e+03
3.790000000000000000e+02 3.028500000000000000e+03
5.710000000000000000e+02 3.028950000000000273e+03
5.790000000000000000e+02 3.029650000000000091e+03
2.510000000000000000e+02 3.035250000000000000e+03
6.270000000000000000e+02 3.035750000000000000e+03
3.470000000000000000e+02 3.036349999999999909e+03
1.230000000000000000e+02 3.036700000000000273e+03
6.990000000000000000e+02 3.036800000000000182e+03
2.700000000000000000e+01 3.036900000000000091e+03
5.900000000000000000e+01 3.036950000000000273e+03
4.300000000000000000e+01 3.037250000000000000e+03
1.310000000000000000e+02 3.037400000000000091e+03
1.070000000000000000e+02 3.037500000000000000e+03
3.390000000000000000e+02 3.037599999999999909e+03
7.630000000000000000e+02 3.037599999999999909e+03
3.000000000000000000e+00 3.037650000000000091e+03
2.030000000000000000e+02 3.037700000000000273e+03
6.750000000000000000e+02 3.037700000000000273e+03
3.870000000000000000e+02 3.037900000000000091e+03
3.950000000000000000e+02 3.037950000000000273e+03
4.590000000000000000e+02 3.038099999999999909e+03
6.430000000000000000e+02 3.038099999999999909e+03
3.630000000000000000e+02 3.038349999999999909e+03
4.030000000000000000e+02 3.038400000000000091e+03
2.270000000000000000e+02 3.038500000000000000e+03
5.150000000000000000e+02 3.038550000000000182e+03
4.750000000000000000e+02 3.038650000000000091e+03
2.190000000000000000e+02 3.038800000000000182e+03
7.790000000000000000e+02 3.038849999999999909e+03
1.550000000000000000e+02 3.039250000000000000e+03
4.190000000000000000e+02 3.039300000000000182e+03
3.710000000000000000e+02 3.045349999999999909e+03
6.350000000000000000e+02 3.046300000000000182e+03
1.390000000000000000e+02 3.047150000000000091e+03
6.910000000000000000e+02 3.047300000000000182e+03
1.100000000000000000e+01 3.047700000000000273e+03
4.990000000000000000e+02 3.047700000000000273e+03
2.270000000000000000e+02 3.047800000000000182e+03
2.350000000000000000e+02 3.047750000000000000e+03
5.470000000000000000e+02 3.048099999999999909e+03
6.190000000000000000e+02 3.048349999999999909e+03
1.900000000000000000e+01 3.048599999999999909e+03
2.110000000000000000e+02 3.048849999999999909e+03
2.670000000000000000e+02 3.049000000000000000e+03
5.870000000000000000e+02 3.049150000000000091e+03
9.100000000000000000e+01 3.049300000000000182e+03
4.670000000000000000e+02 3.049400000000000091e+03
6.700000000000000000e+01 3.049500000000000000e+03
5.950000000000000000e+02 3.049700000000000273e+03
1.870000000000000000e+02 3.050000000000000000e+03
3.790000000000000000e+02 3.050000000000000000e+03
4.110000000000000000e+02 3.050050000000000182e+03
7.710000000000000000e+02 3.050250000000000000e+03
2.990000000000000000e+02 3.054650000000000091e+03
7.230000000000000000e+02 3.056599999999999909e+03
5.550000000000000000e+02 3.057200000000000273e+03
4.910000000000000000e+02 3.057400000000000091e+03
7.870000000000000000e+02 3.057500000000000000e+03
4.300000000000000000e+01 3.057750000000000000e+03
3.500000000000000000e+01 3.058099999999999909e+03
5.710000000000000000e+02 3.058150000000000091e+03
1.790000000000000000e+02 3.058450000000000273e+03
5.790000000000000000e+02 3.059000000000000000e+03
3.000000000000000000e+00 3.059500000000000000e+03
2.670000000000000000e+02 3.059450000000000273e+03
2.910000000000000000e+02 3.059450000000000273e+03
1.230000000000000000e+02 3.060800000000000182e+03
1.390000000000000000e+02 3.061349999999999909e+03
2.750000000000000000e+02 3.061800000000000182e+03
2.190000000000000000e+02 3.063650000000000091e+03
5.230000000000000000e+02 3.063950000000000273e+03
8.300000000000000000e+01 3.064400000000000091e+03
3.790000000000000000e+02 3.065200000000000273e+03
1.630000000000000000e+02 3.067150000000000091e+03
6.590000000000000000e+02 3.068750000000000000e+03
5.070000000000000000e+02 3.069200000000000273e+03
5.100000000000000000e+01 3.069250000000000000e+03
3.550000000000000000e+02 3.069300000000000182e+03
5.900000000000000000e+01 3.069500000000000000e+03
1.870000000000000000e+02 3.069900000000000091e+03
6.030000000000000000e+02 3.069900000000000091e+03
3.070000000000000000e+02 3.070000000000000000e+03
6.750000000000000000e+02 3.070000000000000000e+03
6.830000000000000000e+02 3.069950000000000273e+03
6.510000000000000000e+02 3.070650000000000091e+03
4.190000000000000000e+02 3.070800000000000182e+03
7.870000000000000000e+02 3.071650000000000091e+03
1.070000000000000000e+02 3.073599999999999909e+03
4.830000000000000000e+02 3.075300000000000182e+03
1.230000000000000000e+02 3.076000000000000000e+03
2.590000000000000000e+02 3.076500000000000000e+03
2.830000000000000000e+02 3.077000000000000000e+03
2.030000000000000000e+02 3.077200000000000273e+03
7.070000000000000000e+02 3.077700000000000273e+03
1.710000000000000000e+02 3.077800000000000182e+03
6.430000000000000000e+02 3.077849999999999909e+03
5.950000000000000000e+02 3.078300000000000182e+03
3.710000000000000000e+02 3.079250000000000000e+03
4.670000000000000000e+02 3.082550000000000182e+03
2.990000000000000000e+02 3.083300000000000182e+03
1.390000000000000000e+02 3.084099999999999909e+03
1.870000000000000000e+02 3.084650000000000091e+03
1.100000000000000000e+01 3.084800000000000182e+03
2.270000000000000000e+02 3.085150000000000091e+03
4.590000000000000000e+02 3.085150000000000091e+03
7.790000000000000000e+02 3.085750000000000000e+03
2.590000000000000000e+02 3.085849999999999909e+03
9.100000000000000000e+01 3.085950000000000273e+03
3.710000000000000000e+02 3.086700000000000273e+03
1.230000000000000000e+02 3.087000000000000000e+03
3.390000000000000000e+02 3.089650000000000091e+03
4.030000000000000000e+02 3.090950000000000273e+03
3.070000000000000000e+02 3.091550000000000182e+03
2.030000000000000000e+02 3.092099999999999909e+03
5.550000000000000000e+02 3.092200000000000273e+03
6.510000000000000000e+02 3.092349999999999909e+03
1.630000000000000000e+02 3.092900000000000091e+03
6.190000000000000000e+02 3.092900000000000091e+03
4.750000000000000000e+02 3.093000000000000000e+03
3.950000000000000000e+02 3.093349999999999909e+03
2.750000000000000000e+02 3.093500000000000000e+03
2.110000000000000000e+02 3.093599999999999909e+03
6.030000000000000000e+02 3.093750000000000000e+03
2.190000000000000000e+02 3.093900000000000091e+03
2.910000000000000000e+02 3.094000000000000000e+03
5.100000000000000000e+01 3.095000000000000000e+03
5.150000000000000000e+02 3.097849999999999909e+03
7.150000000000000000e+02 3.099450000000000273e+03
5.870000000000000000e+02 3.100250000000000000e+03
6.750000000000000000e+02 3.100450000000000273e+03
1.710000000000000000e+02 3.100700000000000273e+03
1.950000000000000000e+02 3.100800000000000182e+03
1.550000000000000000e+02 3.100900000000000091e+03
4.190000000000000000e+02 3.101250000000000000e+03
3.000000000000000000e+00 3.101400000000000091e+03
4.430000000000000000e+02 3.102000000000000000e+03
1.150000000000000000e+02 3.104300000000000182e+03
6.190000000000000000e+02 3.106599999999999909e+03
6.590000000000000000e+02 3.107750000000000000e+03
3.550000000000000000e+02 3.107950000000000273e+03
1.100000000000000000e+01 3.108200000000000273e+03
6.110000000000000000e+02 3.108400000000000091e+03
6.830000000000000000e+02 3.108750000000000000e+03
1.790000000000000000e+02 3.109349999999999909e+03
4.590000000000000000e+02 3.109550000000000182e+03
6.270000000000000000e+02 3.109950000000000273e+03
1.900000000000000000e+01 3.110050000000000182e+03
5.900000000000000000e+01 3.110300000000000182e+03
6.670000000000000000e+02 3.110300000000000182e+03
5.950000000000000000e+02 3.110400000000000091e+03
2.270000000000000000e+02 3.110500000000000000e+03
2.670000000000000000e+02 3.110450000000000273e+03
4.300000000000000000e+01 3.110550000000000182e+03
2.990000000000000000e+02 3.110650000000000091e+03
3.310000000000000000e+02 3.110900000000000091e+03
3.870000000000000000e+02 3.110900000000000091e+03
3.150000000000000000e+02 3.111200000000000273e+03
3.710000000000000000e+02 3.111200000000000273e+03
5.710000000000000000e+02 3.111400000000000091e+03
5.230000000000000000e+02 3.111550000000000182e+03
5.790000000000000000e+02 3.111550000000000182e+03
4.350000000000000000e+02 3.111700000000000273e+03
5.870000000000000000e+02 3.114849999999999909e+03
7.070000000000000000e+02 3.118099999999999909e+03
4.510000000000000000e+02 3.119400000000000091e+03
1.310000000000000000e+02 3.120050000000000182e+03
2.830000000000000000e+02 3.120150000000000091e+03
1.710000000000000000e+02 3.120300000000000182e+03
2.750000000000000000e+02 3.120550000000000182e+03
1.790000000000000000e+02 3.120950000000000273e+03
6.990000000000000000e+02 3.121300000000000182e+03
4.110000000000000000e+02 3.121900000000000091e+03
3.150000000000000000e+02 3.122250000000000000e+03
6.350000000000000000e+02 3.126300000000000182e+03
7.500000000000000000e+01 3.127450000000000273e+03
6.510000000000000000e+02 3.128200000000000273e+03
4.910000000000000000e+02 3.128900000000000091e+03
4.990000000000000000e+02 3.129400000000000091e+03
3.230000000000000000e+02 3.129500000000000000e+03
5.950000000000000000e+02 3.130500000000000000e+03
2.670000000000000000e+02 3.131849999999999909e+03
1.230000000000000000e+02 3.134200000000000273e+03
3.070000000000000000e+02 3.135349999999999909e+03
3.710000000000000000e+02 3.136550000000000182e+03
3.310000000000000000e+02 3.138300000000000182e+03
3.870000000000000000e+02 3.138250000000000000e+03
4.510000000000000000e+02 3.138650000000000091e+03
4.300000000000000000e+01 3.139450000000000273e+03
2.270000000000000000e+02 3.139599999999999909e+03
5.100000000000000000e+01 3.139900000000000091e+03
2.350000000000000000e+02 3.139950000000000273e+03
7.550000000000000000e+02 3.140099999999999909e+03
3.390000000000000000e+02 3.140349999999999909e+03
9.100000000000000000e+01 3.140599999999999909e+03
2.590000000000000000e+02 3.140750000000000000e+03
3.150000000000000000e+02 3.141849999999999909e+03
7.950000000000000000e+02 3.143650000000000091e+03
5.710000000000000000e+02 3.143800000000000182e+03
2.830000000000000000e+02 3.143900000000000091e+03
6.590000000000000000e+02 3.144400000000000091e+03
5.470000000000000000e+02 3.145300000000000182e+03
4.430000000000000000e+02 3.145800000000000182e+03
1.310000000000000000e+02 3.148599999999999909e+03
1.470000000000000000e+02 3.149150000000000091e+03
6.030000000000000000e+02 3.150700000000000273e+03
3.630000000000000000e+02 3.150800000000000182e+03
5.070000000000000000e+02 3.150750000000000000e+03
2.990000000000000000e+02 3.151099999999999909e+03
7.710000000000000000e+02 3.151550000000000182e+03
2.510000000000000000e+02 3.152700000000000273e+03
6.430000000000000000e+02 3.153099999999999909e+03
1.710000000000000000e+02 3.153450000000000273e+03
4.750000000000000000e+02 3.153500000000000000e+03
7.630000000000000000e+02 3.154349999999999909e+03
6.270000000000000000e+02 3.154800000000000182e+03
5.470000000000000000e+02 3.155050000000000182e+03
5.630000000000000000e+02 3.155500000000000000e+03
5.390000000000000000e+02 3.156150000000000091e+03
3.870000000000000000e+02 3.158750000000000000e+03
5.230000000000000000e+02 3.158849999999999909e+03
1.790000000000000000e+02 3.158950000000000273e+03
2.750000000000000000e+02 3.160400000000000091e+03
1.470000000000000000e+02 3.161099999999999909e+03
1.150000000000000000e+02 3.161800000000000182e+03
7.710000000000000000e+02 3.162900000000000091e+03
2.670000000000000000e+02 3.163300000000000182e+03
3.150000000000000000e+02 3.163750000000000000e+03
2.590000000000000000e+02 3.164550000000000182e+03
1.630000000000000000e+02 3.164950000000000273e+03
2.990000000000000000e+02 3.165050000000000182e+03
4.110000000000000000e+02 3.165250000000000000e+03
6.510000000000000000e+02 3.165500000000000000e+03
2.910000000000000000e+02 3.165650000000000091e+03
2.190000000000000000e+02 3.167000000000000000e+03
3.550000000000000000e+02 3.167000000000000000e+03
5.630000000000000000e+02 3.167099999999999909e+03
6.750000000000000000e+02 3.167800000000000182e+03
1.550000000000000000e+02 3.168750000000000000e+03
4.190000000000000000e+02 3.170599999999999909e+03
5.310000000000000000e+02 3.170900000000000091e+03
6.990000000000000000e+02 3.171000000000000000e+03
4.670000000000000000e+02 3.171050000000000182e+03
4.910000000000000000e+02 3.171050000000000182e+03
4.510000000000000000e+02 3.171250000000000000e+03
7.950000000000000000e+02 3.172150000000000091e+03
5.790000000000000000e+02 3.172849999999999909e+03
7.230000000000000000e+02 3.172950000000000273e+03
7.550000000000000000e+02 3.173050000000000182e+03
1.900000000000000000e+01 3.173599999999999909e+03
2.430000000000000000e+02 3.173950000000000273e+03
6.350000000000000000e+02 3.174050000000000182e+03
2.030000000000000000e+02 3.174349999999999909e+03
1.310000000000000000e+02 3.174750000000000000e+03
1.470000000000000000e+02 3.175000000000000000e+03
1.710000000000000000e+02 3.175050000000000182e+03
6.700000000000000000e+01 3.175349999999999909e+03
2.510000000000000000e+02 3.175650000000000091e+03
4.590000000000000000e+02 3.176099999999999909e+03
5.150000000000000000e+02 3.176800000000000182e+03
7.630000000000000000e+02 3.177800000000000182e+03
3.500000000000000000e+01 3.178750000000000000e+03
6.030000000000000000e+02 3.179400000000000091e+03
2.110000000000000000e+02 3.179599999999999909e+03
7.870000000000000000e+02 3.180849999999999909e+03
7.310000000000000000e+02 3.181450000000000273e+03
5.470000000000000000e+02 3.182599999999999909e+03
2.830000000000000000e+02 3.182950000000000273e+03
9.100000000000000000e+01 3.183550000000000182e+03
1.100000000000000000e+01 3.183650000000000091e+03
6.190000000000000000e+02 3.184150000000000091e+03
2.590000000000000000e+02 3.185200000000000273e+03
2.670000000000000000e+02 3.185599999999999909e+03
5.230000000000000000e+02 3.185650000000000091e+03
4.300000000000000000e+01 3.186200000000000273e+03
6.110000000000000000e+02 3.186450000000000273e+03
3.310000000000000000e+02 3.186849999999999909e+03
3.950000000000000000e+02 3.187500000000000000e+03
3.630000000000000000e+02 3.188099999999999909e+03
4.590000000000000000e+02 3.189800000000000182e+03
7.630000000000000000e+02 3.190200000000000273e+03
6.350000000000000000e+02 3.192849999999999909e+03
1.900000000000000000e+01 3.193849999999999909e+03
4.270000000000000000e+02 3.194750000000000000e+03
6.670000000000000000e+02 3.195050000000000182e+03
8.300000000000000000e+01 3.195400000000000091e+03
4.300000000000000000e+01 3.195550000000000182e+03
3.870000000000000000e+02 3.195599999999999909e+03
7.390000000000000000e+02 3.196349999999999909e+03
7.550000000000000000e+02 3.197000000000000000e+03
5.900000000000000000e+01 3.198400000000000091e+03
4.190000000000000000e+02 3.199800000000000182e+03
3.790000000000000000e+02 3.201200000000000273e+03
1.550000000000000000e+02 3.201599999999999909e+03
3.390000000000000000e+02 3.201849999999999909e+03
4.510000000000000000e+02 3.201900000000000091e+03
6.430000000000000000e+02 3.202550000000000182e+03
2.350000000000000000e+02 3.202900000000000091e+03
5.230000000000000000e+02 3.203599999999999909e+03
4.430000000000000000e+02 3.203750000000000000e+03
5.100000000000000000e+01 3.204300000000000182e+03
1.150000000000000000e+02 3.206550000000000182e+03
3.500000000000000000e+01 3.208349999999999909e+03
4.270000000000000000e+02 3.208700000000000273e+03
1.070000000000000000e+02 3.208849999999999909e+03
4.670000000000000000e+02 3.208900000000000091e+03
2.830000000000000000e+02 3.209750000000000000e+03
6.270000000000000000e+02 3.209750000000000000e+03
7.870000000000000000e+02 3.210800000000000182e+03
5.390000000000000000e+02 3.210900000000000091e+03
7.310000000000000000e+02 3.210950000000000273e+03
1.310000000000000000e+02 3.211150000000000091e+03
3.070000000000000000e+02 3.211250000000000000e+03
3.790000000000000000e+02 3.211849999999999909e+03
2.910000000000000000e+02 3.212099999999999909e+03
2.030000000000000000e+02 3.212450000000000273e+03
4.830000000000000000e+02 3.212500000000000000e+03
5.150000000000000000e+02 3.212450000000000273e+03
2.590000000000000000e+02 3.212550000000000182e+03
2.990000000000000000e+02 3.215800000000000182e+03
3.000000000000000000e+00 3.217800000000000182e+03
2.430000000000000000e+02 3.218900000000000091e+03
3.870000000000000000e+02 3.219050000000000182e+03
7.070000000000000000e+02 3.219400000000000091e+03
1.100000000000000000e+01 3.222300000000000182e+03
2.700000000000000000e+01 3.222550000000000182e+03
5.900000000000000000e+01 3.223550000000000182e+03
7.500000000000000000e+01 3.224150000000000091e+03
3.630000000000000000e+02 3.224450000000000273e+03
1.390000000000000000e+02 3.225000000000000000e+03
4.190000000000000000e+02 3.225200000000000273e+03
3.070000000000000000e+02 3.225349999999999909e+03
2.510000000000000000e+02 3.225550000000000182e+03
4.510000000000000000e+02 3.226550000000000182e+03
2.270000000000000000e+02 3.227099999999999909e+03
6.990000000000000000e+02 3.230000000000000000e+03
4.350000000000000000e+02 3.230150000000000091e+03
4.590000000000000000e+02 3.230150000000000091e+03
2.590000000000000000e+02 3.230599999999999909e+03
5.630000000000000000e+02 3.230950000000000273e+03
3.950000000000000000e+02 3.231200000000000273e+03
2.030000000000000000e+02 3.231250000000000000e+03
4.910000000000000000e+02 3.231450000000000273e+03
7.390000000000000000e+02 3.231599999999999909e+03
2.910000000000000000e+02 3.232050000000000182e+03
6.510000000000000000e+02 3.232150000000000091e+03
9.100000000000000000e+01 3.232300000000000182e+03
4.830000000000000000e+02 3.233300000000000182e+03
5.100000000000000000e+01 3.233349999999999909e+03
1.230000000000000000e+02 3.237150000000000091e+03
3.390000000000000000e+02 3.238150000000000091e+03
6.700000000000000000e+01 3.239650000000000091e+03
2.190000000000000000e+02 3.239849999999999909e+03
7.950000000000000000e+02 3.240000000000000000e+03
2.830000000000000000e+02 3.240250000000000000e+03
1.470000000000000000e+02 3.240599999999999909e+03
5.390000000000000000e+02 3.240849999999999909e+03
3.470000000000000000e+02 3.241000000000000000e+03
3.230000000000000000e+02 3.241200000000000273e+03
7.310000000000000000e+02 3.241950000000000273e+03
5.100000000000000000e+01 3.244300000000000182e+03
3.790000000000000000e+02 3.246300000000000182e+03
4.750000000000000000e+02 3.246400000000000091e+03
6.510000000000000000e+02 3.246650000000000091e+03
2.110000000000000000e+02 3.250349999999999909e+03
9.900000000000000000e+01 3.250950000000000273e+03
4.910000000000000000e+02 3.251050000000000182e+03
3.950000000000000000e+02 3.251250000000000000e+03
3.000000000000000000e+00 3.251500000000000000e+03
5.950000000000000000e+02 3.251849999999999909e+03
7.230000000000000000e+02 3.251950000000000273e+03
3.500000000000000000e+01 3.252099999999999909e+03
4.830000000000000000e+02 3.252250000000000000e+03
5.870000000000000000e+02 3.253099999999999909e+03
1.900000000000000000e+01 3.255400000000000091e+03
3.550000000000000000e+02 3.257099999999999909e+03
4.190000000000000000e+02 3.258200000000000273e+03
4.750000000000000000e+02 3.259599999999999909e+03
6.350000000000000000e+02 3.259550000000000182e+03
5.230000000000000000e+02 3.260849999999999909e+03
6.110000000000000000e+02 3.260900000000000091e+03
1.630000000000000000e+02 3.261650000000000091e+03
4.990000000000000000e+02 3.262349999999999909e+03
7.070000000000000000e+02 3.265750000000000000e+03
2.430000000000000000e+02 3.266250000000000000e+03
1.950000000000000000e+02 3.266700000000000273e+03
2.990000000000000000e+02 3.266900000000000091e+03
6.510000000000000000e+02 3.267250000000000000e+03
1.070000000000000000e+02 3.267950000000000273e+03
3.630000000000000000e+02 3.268400000000000091e+03
6.430000000000000000e+02 3.268400000000000091e+03
8.300000000000000000e+01 3.268450000000000273e+03
7.870000000000000000e+02 3.268800000000000182e+03
5.070000000000000000e+02 3.268900000000000091e+03
6.700000000000000000e+01 3.269599999999999909e+03
2.590000000000000000e+02 3.269550000000000182e+03
6.270000000000000000e+02 3.269750000000000000e+03
4.030000000000000000e+02 3.270000000000000000e+03
9.900000000000000000e+01 3.270250000000000000e+03
5.870000000000000000e+02 3.270400000000000091e+03
9.100000000000000000e+01 3.270450000000000273e+03
3.150000000000000000e+02 3.272349999999999909e+03
4.670000000000000000e+02 3.277450000000000273e+03
4.350000000000000000e+02 3.278400000000000091e+03
3.710000000000000000e+02 3.278450000000000273e+03
2.110000000000000000e+02 3.279150000000000091e+03
4.110000000000000000e+02 3.279150000000000091e+03
6.670000000000000000e+02 3.279150000000000091e+03
2.670000000000000000e+02 3.279500000000000000e+03
5.630000000000000000e+02 3.280150000000000091e+03
4.270000000000000000e+02 3.280250000000000000e+03
7.630000000000000000e+02 3.282599999999999909e+03
5.950000000000000000e+02 3.284500000000000000e+03
1.550000000000000000e+02 3.284900000000000091e+03
4.190000000000000000e+02 3.285800000000000182e+03
5.870000000000000000e+02 3.286300000000000182e+03
9.100000000000000000e+01 3.286599999999999909e+03
2.270000000000000000e+02 3.286849999999999909e+03
7.500000000000000000e+01 3.286950000000000273e+03
3.390000000000000000e+02 3.287400000000000091e+03
4.030000000000000000e+02 3.287550000000000182e+03
4.300000000000000000e+01 3.287900000000000091e+03
3.870000000000000000e+02 3.288300000000000182e+03
7.310000000000000000e+02 3.288500000000000000e+03
3.230000000000000000e+02 3.290250000000000000e+03
2.430000000000000000e+02 3.292750000000000000e+03
1.900000000000000000e+01 3.294250000000000000e+03
3.630000000000000000e+02 3.294950000000000273e+03
6.030000000000000000e+02 3.294950000000000273e+03
3.950000000000000000e+02 3.295349999999999909e+03
5.230000000000000000e+02 3.295500000000000000e+03
6.110000000000000000e+02 3.295650000000000091e+03
2.190000000000000000e+02 3.295900000000000091e+03
1.390000000000000000e+02 3.296000000000000000e+03
6.590000000000000000e+02 3.296349999999999909e+03
6.830000000000000000e+02 3.296550000000000182e+03
1.870000000000000000e+02 3.296700000000000273e+03
2.990000000000000000e+02 3.296650000000000091e+03
9.900000000000000000e+01 3.296849999999999909e+03
7.070000000000000000e+02 3.296900000000000091e+03
7.470000000000000000e+02 3.296950000000000273e+03
6.270000000000000000e+02 3.297099999999999909e+03
2.510000000000000000e+02 3.297200000000000273e+03
4.300000000000000000e+01 3.297250000000000000e+03
6.510000000000000000e+02 3.303950000000000273e+03
2.910000000000000000e+02 3.305400000000000091e+03
3.000000000000000000e+00 3.305849999999999909e+03
1.230000000000000000e+02 3.305849999999999909e+03
7.550000000000000000e+02 3.306150000000000091e+03
5.150000000000000000e+02 3.306650000000000091e+03
2.700000000000000000e+01 3.308200000000000273e+03
4.990000000000000000e+02 3.308650000000000091e+03
1.710000000000000000e+02 3.311150000000000091e+03
1.550000000000000000e+02 3.313900000000000091e+03
3.150000000000000000e+02 3.313849999999999909e+03
1.470000000000000000e+02 3.314599999999999909e+03
5.070000000000000000e+02 3.314950000000000273e+03
1.630000000000000000e+02 3.315150000000000091e+03
3.790000000000000000e+02 3.315450000000000273e+03
4.030000000000000000e+02 3.315450000000000273e+03
5.950000000000000000e+02 3.315700000000000273e+03
5.100000000000000000e+01 3.316099999999999909e+03
5.550000000000000000e+02 3.317450000000000273e+03
6.910000000000000000e+02 3.319099999999999909e+03
4.910000000000000000e+02 3.319900000000000091e+03
5.710000000000000000e+02 3.320150000000000091e+03
2.990000000000000000e+02 3.320349999999999909e+03
3.500000000000000000e+01 3.320599999999999909e+03
6.270000000000000000e+02 3.320700000000000273e+03
4.510000000000000000e+02 3.320950000000000273e+03
9.100000000000000000e+01 3.321250000000000000e+03
3.550000000000000000e+02 3.321450000000000273e+03
5.310000000000000000e+02 3.321450000000000273e+03
4.990000000000000000e+02 3.322700000000000273e+03
1.790000000000000000e+02 3.324550000000000182e+03
2.270000000000000000e+02 3.325050000000000182e+03
5.390000000000000000e+02 3.325599999999999909e+03
2.350000000000000000e+02 3.325750000000000000e+03
3.470000000000000000e+02 3.325849999999999909e+03
6.830000000000000000e+02 3.326700000000000273e+03
7.630000000000000000e+02 3.326750000000000000e+03
7.550000000000000000e+02 3.326900000000000091e+03
1.390000000000000000e+02 3.326950000000000273e+03
1.230000000000000000e+02 3.327099999999999909e+03
3.390000000000000000e+02 3.327200000000000273e+03
2.190000000000000000e+02 3.327300000000000182e+03
7.950000000000000000e+02 3.327849999999999909e+03
7.710000000000000000e+02 3.328150000000000091e+03
6.750000000000000000e+02 3.330000000000000000e+03
2.700000000000000000e+01 3.331300000000000182e+03
5.310000000000000000e+02 3.332500000000000000e+03
2.030000000000000000e+02 3.332650000000000091e+03
2.510000000000000000e+02 3.332700000000000273e+03
5.630000000000000000e+02 3.333099999999999909e+03
6.910000000000000000e+02 3.333150000000000091e+03
5.470000000000000000e+02 3.333250000000000000e+03
1.950000000000000000e+02 3.333750000000000000e+03
6.590000000000000000e+02 3.333849999999999909e+03
4.030000000000000000e+02 3.334500000000000000e+03
6.190000000000000000e+02 3.338700000000000273e+03
8.300000000000000000e+01 3.340050000000000182e+03
3.070000000000000000e+02 3.340849999999999909e+03
6.510000000000000000e+02 3.341650000000000091e+03
6.670000000000000000e+02 3.341800000000000182e+03
6.430000000000000000e+02 3.342050000000000182e+03
4.590000000000000000e+02 3.342200000000000273e+03
1.790000000000000000e+02 3.342500000000000000e+03
7.630000000000000000e+02 3.342750000000000000e+03
3.950000000000000000e+02 3.343150000000000091e+03
6.110000000000000000e+02 3.343150000000000091e+03
7.230000000000000000e+02 3.343950000000000273e+03
5.470000000000000000e+02 3.344700000000000273e+03
4.030000000000000000e+02 3.346500000000000000e+03
3.790000000000000000e+02 3.348550000000000182e+03
2.590000000000000000e+02 3.349450000000000273e+03
4.750000000000000000e+02 3.350150000000000091e+03
6.830000000000000000e+02 3.350250000000000000e+03
7.500000000000000000e+01 3.350400000000000091e+03
5.230000000000000000e+02 3.357700000000000273e+03
1.710000000000000000e+02 3.358349999999999909e+03
6.590000000000000000e+02 3.360150000000000091e+03
3.870000000000000000e+02 3.360450000000000273e+03
7.950000000000000000e+02 3.365750000000000000e+03
2.510000000000000000e+02 3.368650000000000091e+03
6.990000000000000000e+02 3.377849999999999909e+03
6.430000000000000000e+02 3.381200000000000273e+03
4.430000000000000000e+02 3.381750000000000000e+03
2.350000000000000000e+02 3.384050000000000182e+03
9.900000000000000000e+01 3.388099999999999909e+03
5.950000000000000000e+02 3.395000000000000000e+03
5.900000000000000000e+01 3.398650000000000091e+03
7.470000000000000000e+02 3.408300000000000182e+03
7.950000000000000000e+02 3.409050000000000182e+03
5.150000000000000000e+02 3.413650000000000091e+03
7.150000000000000000e+02 3.414700000000000273e+03
1.100000000000000000e+01 3.414800000000000182e+03
6.110000000000000000e+02 3.417650000000000091e+03
7.870000000000000000e+02 3.426200000000000273e+03
1.310000000000000000e+02 3.426849999999999909e+03
1.710000000000000000e+02 3.427650000000000091e+03
6.510000000000000000e+02 3.455349999999999909e+03
6.990000000000000000e+02 3.488300000000000182e+03
6.670000000000000000e+02 3.498099999999999909e+03
1.310000000000000000e+02 3.499550000000000182e+03
5.470000000000000000e+02 3.508099999999999909e+03
5.150000000000000000e+02 3.518550000000000182e+03
1.470000000000000000e+02 3.518750000000000000e+03
1.470000000000000000e+02 3.533250000000000000e+03
2.110000000000000000e+02 3.534150000000000091e+03
7.310000000000000000e+02 3.541650000000000091e+03
5.070000000000000000e+02 3.568200000000000273e+03
7.470000000000000000e+02 3.582650000000000091e+03
7.790000000000000000e+02 3.588000000000000000e+03
5.310000000000000000e+02 3.593099999999999909e+03
7.950000000000000000e+02 3.597599999999999909e+03
3.630000000000000000e+02 3.600450000000000273e+03
3.950000000000000000e+02 3.607300000000000182e+03
1.900000000000000000e+01 3.607700000000000273e+03
1.470000000000000000e+02 3.607800000000000182e+03
7.390000000000000000e+02 3.610900000000000091e+03
2.990000000000000000e+02 3.615800000000000182e+03
5.230000000000000000e+02 3.616900000000000091e+03
6.430000000000000000e+02 3.618050000000000182e+03
5.390000000000000000e+02 3.621250000000000000e+03
3.470000000000000000e+02 3.622200000000000273e+03
2.750000000000000000e+02 3.623950000000000273e+03
1.150000000000000000e+02 3.624650000000000091e+03
6.990000000000000000e+02 3.624950000000000273e+03
3.310000000000000000e+02 3.625099999999999909e+03
3.550000000000000000e+02 3.625099999999999909e+03
3.790000000000000000e+02 3.625900000000000091e+03
5.710000000000000000e+02 3.626000000000000000e+03
3.230000000000000000e+02 3.626650000000000091e+03
4.110000000000000000e+02 3.626750000000000000e+03
7.500000000000000000e+01 3.626900000000000091e+03
2.190000000000000000e+02 3.626900000000000091e+03
4.750000000000000000e+02 3.626849999999999909e+03
6.270000000000000000e+02 3.627050000000000182e+03
2.270000000000000000e+02 3.627200000000000273e+03
7.470000000000000000e+02 3.627150000000000091e+03
1.790000000000000000e+02 3.627300000000000182e+03
4.910000000000000000e+02 3.627300000000000182e+03
4.190000000000000000e+02 3.627400000000000091e+03
4.990000000000000000e+02 3.627400000000000091e+03
5.790000000000000000e+02 3.627500000000000000e+03
2.110000000000000000e+02 3.627550000000000182e+03
2.990000000000000000e+02 3.627599999999999909e+03
3.710000000000000000e+02 3.627550000000000182e+03
5.150000000000000000e+02 3.627599999999999909e+03
6.430000000000000000e+02 3.627599999999999909e+03
9.900000000000000000e+01 3.627700000000000273e+03
1.470000000000000000e+02 3.627700000000000273e+03
1.950000000000000000e+02 3.627700000000000273e+03
4.510000000000000000e+02 3.627700000000000273e+03
5.230000000000000000e+02 3.627700000000000273e+03
6.350000000000000000e+02 3.627700000000000273e+03
7.070000000000000000e+02 3.627650000000000091e+03
7.230000000000000000e+02 3.627700000000000273e+03
7.630000000000000000e+02 3.627650000000000091e+03
2.350000000000000000e+02 3.627750000000000000e+03
3.390000000000000000e+02 3.627800000000000182e+03
4.270000000000000000e+02 3.627750000000000000e+03
5.470000000000000000e+02 3.627849999999999909e+03
7.150000000000000000e+02 3.627900000000000091e+03
7.790000000000000000e+02 3.627849999999999909e+03
2.030000000000000000e+02 3.628000000000000000e+03
5.870000000000000000e+02 3.627950000000000273e+03
3.500000000000000000e+01 3.628050000000000182e+03
5.900000000000000000e+01 3.628099999999999909e+03
2.430000000000000000e+02 3.628099999999999909e+03
4.030000000000000000e+02 3.628050000000000182e+03
4.430000000000000000e+02 3.628150000000000091e+03
6.030000000000000000e+02 3.628200000000000273e+03
1.550000000000000000e+02 3.628250000000000000e+03
3.070000000000000000e+02 3.628300000000000182e+03
5.550000000000000000e+02 3.628250000000000000e+03
6.910000000000000000e+02 3.628300000000000182e+03
4.300000000000000000e+01 3.628349999999999909e+03
6.700000000000000000e+01 3.628400000000000091e+03
2.830000000000000000e+02 3.628349999999999909e+03
5.950000000000000000e+02 3.628400000000000091e+03
6.750000000000000000e+02 3.628400000000000091e+03
2.590000000000000000e+02 3.628450000000000273e+03
5.390000000000000000e+02 3.628500000000000000e+03
6.990000000000000000e+02 3.628450000000000273e+03
7.950000000000000000e+02 3.628450000000000273e+03
6.670000000000000000e+02 3.628599999999999909e+03
2.700000000000000000e+01 3.628650000000000091e+03
8.300000000000000000e+01 3.628650000000000091e+03
1.230000000000000000e+02 3.628650000000000091e+03
1.390000000000000000e+02 3.628700000000000273e+03
2.510000000000000000e+02 3.628700000000000273e+03
5.070000000000000000e+02 3.628650000000000091e+03
6.190000000000000000e+02 3.628650000000000091e+03
3.000000000000000000e+00 3.628800000000000182e+03
1.100000000000000000e+01 3.628800000000000182e+03
1.900000000000000000e+01 3.628800000000000182e+03
1.310000000000000000e+02 3.628750000000000000e+03
4.350000000000000000e+02 3.628800000000000182e+03
6.590000000000000000e+02 3.628800000000000182e+03
7.310000000000000000e+02 3.628750000000000000e+03
2.670000000000000000e+02 3.628900000000000091e+03
2.910000000000000000e+02 3.628849999999999909e+03
3.950000000000000000e+02 3.628849999999999909e+03
4.670000000000000000e+02 3.628849999999999909e+03
4.830000000000000000e+02 3.628849999999999909e+03
5.630000000000000000e+02 3.628900000000000091e+03
6.110000000000000000e+02 3.628900000000000091e+03
7.390000000000000000e+02 3.628849999999999909e+03
2.750000000000000000e+02 3.629000000000000000e+03
3.150000000000000000e+02 3.629000000000000000e+03
7.870000000000000000e+02 3.629000000000000000e+03
5.100000000000000000e+01 3.629099999999999909e+03
1.070000000000000000e+02 3.629099999999999909e+03
3.470000000000000000e+02 3.629050000000000182e+03
3.550000000000000000e+02 3.629099999999999909e+03
5.310000000000000000e+02 3.629050000000000182e+03
6.510000000000000000e+02 3.629050000000000182e+03
3.310000000000000000e+02 3.629200000000000273e+03
1.870000000000000000e+02 3.629250000000000000e+03
3.870000000000000000e+02 3.629250000000000000e+03
3.630000000000000000e+02 3.629349999999999909e+03
6.830000000000000000e+02 3.629599999999999909e+03
7.550000000000000000e+02 3.629950000000000273e+03
4.110000000000000000e+02 3.630300000000000182e+03
3.230000000000000000e+02 3.630800000000000182e+03
1.710000000000000000e+02 3.630900000000000091e+03
1.630000000000000000e+02 3.631300000000000182e+03
1.150000000000000000e+02 3.631700000000000273e+03
9.100000000000000000e+01 3.632300000000000182e+03
4.590000000000000000e+02 3.632250000000000000e+03
5.870000000000000000e+02 3.632700000000000273e+03
7.710000000000000000e+02 3.633000000000000000e+03
4.510000000000000000e+02 3.633150000000000091e+03
1.950000000000000000e+02 3.633700000000000273e+03
6.110000000000000000e+02 3.633750000000000000e+03
1.230000000000000000e+02 3.634050000000000182e+03
7.230000000000000000e+02 3.634300000000000182e+03
4.830000000000000000e+02 3.635000000000000000e+03
1.790000000000000000e+02 3.636650000000000091e+03
6.830000000000000000e+02 3.637550000000000182e+03
4.750000000000000000e+02 3.639000000000000000e+03
2.110000000000000000e+02 3.640450000000000273e+03
6.350000000000000000e+02 3.648700000000000273e+03
1.150000000000000000e+02 3.652000000000000000e+03
4.670000000000000000e+02 3.652050000000000182e+03
4.270000000000000000e+02 3.657700000000000273e+03
4.750000000000000000e+02 3.659000000000000000e+03
2.990000000000000000e+02 3.661250000000000000e+03
7.630000000000000000e+02 3.661599999999999909e+03
5.150000000000000000e+02 3.663099999999999909e+03
6.670000000000000000e+02 3.663200000000000273e+03
7.070000000000000000e+02 3.665200000000000273e+03
3.870000000000000000e+02 3.670650000000000091e+03
1.710000000000000000e+02 3.670849999999999909e+03
6.030000000000000000e+02 3.678349999999999909e+03
2.700000000000000000e+01 3.682849999999999909e+03
5.310000000000000000e+02 3.693300000000000182e+03
7.790000000000000000e+02 3.698900000000000091e+03
7.710000000000000000e+02 3.698950000000000273e+03
6.910000000000000000e+02 3.703750000000000000e+03
5.390000000000000000e+02 3.713950000000000273e+03
2.990000000000000000e+02 3.721300000000000182e+03
6.350000000000000000e+02 3.736599999999999909e+03
8.300000000000000000e+01 3.746700000000000273e+03
6.030000000000000000e+02 3.747099999999999909e+03
4.830000000000000000e+02 3.754900000000000091e+03
2.350000000000000000e+02 3.761950000000000273e+03
3.000000000000000000e+00 3.763500000000000000e+03
2.830000000000000000e+02 3.768050000000000182e+03
3.790000000000000000e+02 3.773400000000000091e+03
1.550000000000000000e+02 3.782500000000000000e+03
4.590000000000000000e+02 3.784150000000000091e+03
2.590000000000000000e+02 3.787599999999999909e+03
6.830000000000000000e+02 3.788599999999999909e+03
3.070000000000000000e+02 3.789349999999999909e+03
3.230000000000000000e+02 3.795250000000000000e+03
6.430000000000000000e+02 3.796500000000000000e+03
1.900000000000000000e+01 3.798750000000000000e+03
4.990000000000000000e+02 3.801650000000000091e+03
5.390000000000000000e+02 3.801900000000000091e+03
2.990000000000000000e+02 3.803099999999999909e+03
1.870000000000000000e+02 3.806900000000000091e+03
2.190000000000000000e+02 3.808450000000000273e+03
5.900000000000000000e+01 3.809099999999999909e+03
3.150000000000000000e+02 3.809550000000000182e+03
6.990000000000000000e+02 3.809750000000000000e+03
6.700000000000000000e+01 3.810250000000000000e+03
6.350000000000000000e+02 3.810900000000000091e+03
6.190000000000000000e+02 3.812250000000000000e+03
6.590000000000000000e+02 3.812599999999999909e+03
6.030000000000000000e+02 3.812650000000000091e+03
2.990000000000000000e+02 3.812849999999999909e+03
2.510000000000000000e+02 3.813050000000000182e+03
4.510000000000000000e+02 3.813050000000000182e+03
3.550000000000000000e+02 3.813300000000000182e+03
4.110000000000000000e+02 3.813849999999999909e+03
7.390000000000000000e+02 3.814300000000000182e+03
7.230000000000000000e+02 3.814500000000000000e+03
2.030000000000000000e+02 3.814750000000000000e+03
4.350000000000000000e+02 3.814900000000000091e+03
4.910000000000000000e+02 3.814849999999999909e+03
5.550000000000000000e+02 3.816099999999999909e+03
4.990000000000000000e+02 3.816400000000000091e+03
3.790000000000000000e+02 3.816550000000000182e+03
1.070000000000000000e+02 3.816950000000000273e+03
5.390000000000000000e+02 3.817099999999999909e+03
5.070000000000000000e+02 3.817900000000000091e+03
4.750000000000000000e+02 3.818500000000000000e+03
5.870000000000000000e+02 3.818750000000000000e+03
7.070000000000000000e+02 3.819000000000000000e+03
6.350000000000000000e+02 3.819349999999999909e+03
2.430000000000000000e+02 3.819500000000000000e+03
9.100000000000000000e+01 3.819599999999999909e+03
5.100000000000000000e+01 3.819849999999999909e+03
2.830000000000000000e+02 3.820250000000000000e+03
4.030000000000000000e+02 3.820599999999999909e+03
7.870000000000000000e+02 3.820550000000000182e+03
8.300000000000000000e+01 3.822150000000000091e+03
2.110000000000000000e+02 3.826200000000000273e+03
2.510000000000000000e+02 3.827250000000000000e+03
5.900000000000000000e+01 3.828650000000000091e+03
2.990000000000000000e+02 3.828700000000000273e+03
4.430000000000000000e+02 3.829050000000000182e+03
3.390000000000000000e+02 3.829250000000000000e+03
4.590000000000000000e+02 3.829550000000000182e+03
4.910000000000000000e+02 3.829700000000000273e+03
2.910000000000000000e+02 3.829849999999999909e+03
9.900000000000000000e+01 3.830550000000000182e+03
2.700000000000000000e+01 3.832400000000000091e+03
7.630000000000000000e+02 3.832349999999999909e+03
3.230000000000000000e+02 3.837250000000000000e+03
4.830000000000000000e+02 3.847250000000000000e+03
6.910000000000000000e+02 3.848050000000000182e+03
5.870000000000000000e+02 3.849200000000000273e+03
1.900000000000000000e+01 3.852250000000000000e+03
3.000000000000000000e+00 3.853599999999999909e+03
5.470000000000000000e+02 3.855200000000000273e+03
6.110000000000000000e+02 3.864599999999999909e+03
3.070000000000000000e+02 3.864950000000000273e+03
5.710000000000000000e+02 3.868750000000000000e+03
2.700000000000000000e+01 3.868950000000000273e+03
3.790000000000000000e+02 3.869150000000000091e+03
4.350000000000000000e+02 3.869950000000000273e+03
3.630000000000000000e+02 3.870400000000000091e+03
1.230000000000000000e+02 3.870599999999999909e+03
2.830000000000000000e+02 3.871300000000000182e+03
5.230000000000000000e+02 3.871900000000000091e+03
9.100000000000000000e+01 3.872200000000000273e+03
7.630000000000000000e+02 3.875300000000000182e+03
3.150000000000000000e+02 3.876750000000000000e+03
3.470000000000000000e+02 3.878200000000000273e+03
1.310000000000000000e+02 3.878300000000000182e+03
3.550000000000000000e+02 3.879750000000000000e+03
7.070000000000000000e+02 3.880099999999999909e+03
5.550000000000000000e+02 3.883000000000000000e+03
1.550000000000000000e+02 3.883700000000000273e+03
7.070000000000000000e+02 3.892650000000000091e+03
5.950000000000000000e+02 3.894099999999999909e+03
3.630000000000000000e+02 3.894849999999999909e+03
6.700000000000000000e+01 3.896950000000000273e+03
5.390000000000000000e+02 3.899200000000000273e+03
4.830000000000000000e+02 3.902950000000000273e+03
5.100000000000000000e+01 3.904200000000000273e+03
1.150000000000000000e+02 3.904650000000000091e+03
4.590000000000000000e+02 3.907150000000000091e+03
2.430000000000000000e+02 3.910950000000000273e+03
3.550000000000000000e+02 3.911050000000000182e+03
4.350000000000000000e+02 3.911950000000000273e+03
6.670000000000000000e+02 3.912300000000000182e+03
8.300000000000000000e+01 3.912500000000000000e+03
3.500000000000000000e+01 3.917099999999999909e+03
6.270000000000000000e+02 3.917450000000000273e+03
5.900000000000000000e+01 3.917650000000000091e+03
3.310000000000000000e+02 3.917650000000000091e+03
6.350000000000000000e+02 3.918150000000000091e+03
1.630000000000000000e+02 3.918599999999999909e+03
2.110000000000000000e+02 3.919800000000000182e+03
4.270000000000000000e+02 3.921300000000000182e+03
3.950000000000000000e+02 3.928400000000000091e+03
4.300000000000000000e+01 3.928450000000000273e+03
6.830000000000000000e+02 3.928500000000000000e+03
6.030000000000000000e+02 3.929500000000000000e+03
8.300000000000000000e+01 3.930700000000000273e+03
1.230000000000000000e+02 3.930750000000000000e+03
7.550000000000000000e+02 3.932700000000000273e+03
5.550000000000000000e+02 3.933750000000000000e+03
3.950000000000000000e+02 3.946099999999999909e+03
1.790000000000000000e+02 3.946150000000000091e+03
7.150000000000000000e+02 3.947400000000000091e+03
3.230000000000000000e+02 3.947450000000000273e+03
4.430000000000000000e+02 3.948050000000000182e+03
4.350000000000000000e+02 3.948250000000000000e+03
7.550000000000000000e+02 3.949450000000000273e+03
2.510000000000000000e+02 3.951599999999999909e+03
5.150000000000000000e+02 3.953300000000000182e+03
7.950000000000000000e+02 3.958099999999999909e+03
7.390000000000000000e+02 3.961000000000000000e+03
8.300000000000000000e+01 3.962200000000000273e+03
4.030000000000000000e+02 3.965400000000000091e+03
5.390000000000000000e+02 3.966450000000000273e+03
5.470000000000000000e+02 3.968150000000000091e+03
2.110000000000000000e+02 3.968849999999999909e+03
2.350000000000000000e+02 3.970000000000000000e+03
5.950000000000000000e+02 3.971150000000000091e+03
4.830000000000000000e+02 3.973050000000000182e+03
2.030000000000000000e+02 3.974500000000000000e+03
5.630000000000000000e+02 3.983599999999999909e+03
7.630000000000000000e+02 3.983550000000000182e+03
6.110000000000000000e+02 3.984849999999999909e+03
2.990000000000000000e+02 3.986950000000000273e+03
3.470000000000000000e+02 3.987050000000000182e+03
5.550000000000000000e+02 3.988200000000000273e+03
2.700000000000000000e+01 3.988250000000000000e+03
3.390000000000000000e+02 3.990349999999999909e+03
7.870000000000000000e+02 3.993849999999999909e+03
7.550000000000000000e+02 3.996650000000000091e+03
1.070000000000000000e+02 3.997000000000000000e+03
1.550000000000000000e+02 3.997099999999999909e+03
2.670000000000000000e+02 4.000300000000000182e+03
7.630000000000000000e+02 4.000700000000000273e+03
1.710000000000000000e+02 4.000849999999999909e+03
3.070000000000000000e+02 4.001849999999999909e+03
3.630000000000000000e+02 4.002500000000000000e+03
8.300000000000000000e+01 4.004000000000000000e+03
2.270000000000000000e+02 4.005250000000000000e+03
5.630000000000000000e+02 4.005599999999999909e+03
2.430000000000000000e+02 4.006750000000000000e+03
7.390000000000000000e+02 4.007250000000000000e+03
6.590000000000000000e+02 4.008450000000000273e+03
5.790000000000000000e+02 4.009099999999999909e+03
7.950000000000000000e+02 4.009650000000000091e+03
7.500000000000000000e+01 4.010650000000000091e+03
6.700000000000000000e+01 4.011050000000000182e+03
5.550000000000000000e+02 4.011500000000000000e+03
2.750000000000000000e+02 4.011650000000000091e+03
3.630000000000000000e+02 4.011849999999999909e+03
3.710000000000000000e+02 4.012099999999999909e+03
2.590000000000000000e+02 4.012500000000000000e+03
5.470000000000000000e+02 4.012650000000000091e+03
7.230000000000000000e+02 4.013349999999999909e+03
4.430000000000000000e+02 4.013650000000000091e+03
7.470000000000000000e+02 4.013950000000000273e+03
4.350000000000000000e+02 4.014400000000000091e+03
7.790000000000000000e+02 4.015050000000000182e+03
4.110000000000000000e+02 4.015150000000000091e+03
5.230000000000000000e+02 4.015300000000000182e+03
1.390000000000000000e+02 4.015950000000000273e+03
2.350000000000000000e+02 4.016500000000000000e+03
9.900000000000000000e+01 4.017400000000000091e+03
1.710000000000000000e+02 4.019800000000000182e+03
2.700000000000000000e+01 4.024200000000000273e+03
2.990000000000000000e+02 4.026500000000000000e+03
3.390000000000000000e+02 4.030500000000000000e+03
3.230000000000000000e+02 4.032250000000000000e+03
3.500000000000000000e+01 4.036450000000000273e+03
5.950000000000000000e+02 4.040250000000000000e+03
7.310000000000000000e+02 4.040349999999999909e+03
4.830000000000000000e+02 4.043150000000000091e+03
2.670000000000000000e+02 4.045599999999999909e+03
1.630000000000000000e+02 4.046150000000000091e+03
5.790000000000000000e+02 4.046500000000000000e+03
4.350000000000000000e+02 4.050849999999999909e+03
4.590000000000000000e+02 4.053050000000000182e+03
2.030000000000000000e+02 4.053950000000000273e+03
5.710000000000000000e+02 4.054500000000000000e+03
1.550000000000000000e+02 4.060349999999999909e+03
3.310000000000000000e+02 4.060400000000000091e+03
6.590000000000000000e+02 4.060900000000000091e+03
4.030000000000000000e+02 4.063099999999999909e+03
5.550000000000000000e+02 4.063400000000000091e+03
5.390000000000000000e+02 4.063750000000000000e+03
7.470000000000000000e+02 4.064150000000000091e+03
4.990000000000000000e+02 4.066200000000000273e+03
2.910000000000000000e+02 4.067300000000000182e+03
2.750000000000000000e+02 4.068950000000000273e+03
4.510000000000000000e+02 4.072500000000000000e+03
1.070000000000000000e+02 4.072900000000000091e+03
9.100000000000000000e+01 4.074550000000000182e+03
6.190000000000000000e+02 4.075250000000000000e+03
7.150000000000000000e+02 4.076300000000000182e+03
5.390000000000000000e+02 4.080200000000000273e+03
3.710000000000000000e+02 4.080450000000000273e+03
1.100000000000000000e+01 4.081200000000000273e+03
1.870000000000000000e+02 4.081650000000000091e+03
2.510000000000000000e+02 4.081650000000000091e+03
6.510000000000000000e+02 4.083150000000000091e+03
7.550000000000000000e+02 4.083750000000000000e+03
4.430000000000000000e+02 4.084200000000000273e+03
4.750000000000000000e+02 4.086500000000000000e+03
6.430000000000000000e+02 4.086849999999999909e+03
4.030000000000000000e+02 4.087000000000000000e+03
5.230000000000000000e+02 4.087150000000000091e+03
3.390000000000000000e+02 4.088900000000000091e+03
6.700000000000000000e+01 4.090800000000000182e+03
4.110000000000000000e+02 4.090750000000000000e+03
5.550000000000000000e+02 4.091150000000000091e+03
5.100000000000000000e+01 4.095349999999999909e+03
1.550000000000000000e+02 4.097300000000000182e+03
5.310000000000000000e+02 4.099199999999999818e+03
1.230000000000000000e+02 4.099850000000000364e+03
2.430000000000000000e+02 4.099850000000000364e+03
6.110000000000000000e+02 4.100699999999999818e+03
8.300000000000000000e+01 4.100850000000000364e+03
5.870000000000000000e+02 4.100899999999999636e+03
6.910000000000000000e+02 4.101100000000000364e+03
1.630000000000000000e+02 4.101350000000000364e+03
6.670000000000000000e+02 4.101350000000000364e+03
4.030000000000000000e+02 4.101850000000000364e+03
5.230000000000000000e+02 4.106850000000000364e+03
5.100000000000000000e+01 4.111699999999999818e+03
3.500000000000000000e+01 4.113850000000000364e+03
2.190000000000000000e+02 4.114399999999999636e+03
7.710000000000000000e+02 4.115149999999999636e+03
6.030000000000000000e+02 4.115649999999999636e+03
6.350000000000000000e+02 4.115699999999999818e+03
7.500000000000000000e+01 4.115899999999999636e+03
1.870000000000000000e+02 4.116000000000000000e+03
4.300000000000000000e+01 4.118000000000000000e+03
7.310000000000000000e+02 4.121500000000000000e+03
1.630000000000000000e+02 4.123699999999999818e+03
4.190000000000000000e+02 4.123949999999999818e+03
7.630000000000000000e+02 4.124100000000000364e+03
5.710000000000000000e+02 4.128000000000000000e+03
9.900000000000000000e+01 4.128050000000000182e+03
4.670000000000000000e+02 4.128199999999999818e+03
4.590000000000000000e+02 4.130000000000000000e+03
2.700000000000000000e+01 4.130550000000000182e+03
4.030000000000000000e+02 4.131949999999999818e+03
2.430000000000000000e+02 4.142050000000000182e+03
1.470000000000000000e+02 4.150550000000000182e+03
5.470000000000000000e+02 4.152699999999999818e+03
1.900000000000000000e+01 4.154350000000000364e+03
6.830000000000000000e+02 4.155949999999999818e+03
4.350000000000000000e+02 4.158500000000000000e+03
7.870000000000000000e+02 4.159850000000000364e+03
3.870000000000000000e+02 4.160199999999999818e+03
1.550000000000000000e+02 4.163850000000000364e+03
2.910000000000000000e+02 4.167949999999999818e+03
6.110000000000000000e+02 4.171149999999999636e+03
3.790000000000000000e+02 4.203750000000000000e+03
4.590000000000000000e+02 4.242050000000000182e+03
1.900000000000000000e+01 4.255800000000000182e+03
2.190000000000000000e+02 4.270399999999999636e+03
3.630000000000000000e+02 4.274550000000000182e+03
6.270000000000000000e+02 4.291100000000000364e+03
4.300000000000000000e+01 4.294149999999999636e+03
7.500000000000000000e+01 4.304000000000000000e+03
4.990000000000000000e+02 4.307250000000000000e+03
4.350000000000000000e+02 4.308600000000000364e+03
1.790000000000000000e+02 4.310750000000000000e+03
3.230000000000000000e+02 4.312250000000000000e+03
3.790000000000000000e+02 4.313550000000000182e+03
7.950000000000000000e+02 4.313649999999999636e+03
4.750000000000000000e+02 4.314750000000000000e+03
3.150000000000000000e+02 4.314850000000000364e+03
1.900000000000000000e+01 4.315500000000000000e+03
5.950000000000000000e+02 4.315800000000000182e+03
3.000000000000000000e+00 4.316050000000000182e+03
6.700000000000000000e+01 4.316250000000000000e+03
2.670000000000000000e+02 4.316600000000000364e+03
6.350000000000000000e+02 4.316550000000000182e+03
1.470000000000000000e+02 4.316699999999999818e+03
2.830000000000000000e+02 4.316850000000000364e+03
8.300000000000000000e+01 4.317300000000000182e+03
1.390000000000000000e+02 4.317550000000000182e+03
2.350000000000000000e+02 4.317600000000000364e+03
7.710000000000000000e+02 4.317649999999999636e+03
4.030000000000000000e+02 4.317899999999999636e+03
4.300000000000000000e+01 4.317949999999999818e+03
3.470000000000000000e+02 4.318050000000000182e+03
6.750000000000000000e+02 4.318050000000000182e+03
6.270000000000000000e+02 4.318149999999999636e+03
7.230000000000000000e+02 4.318399999999999636e+03
3.950000000000000000e+02 4.318449999999999818e+03
4.350000000000000000e+02 4.318500000000000000e+03
4.990000000000000000e+02 4.318500000000000000e+03
5.470000000000000000e+02 4.318500000000000000e+03
5.900000000000000000e+01 4.318550000000000182e+03
7.150000000000000000e+02 4.318600000000000364e+03
6.670000000000000000e+02 4.318649999999999636e+03
7.390000000000000000e+02 4.318899999999999636e+03
2.910000000000000000e+02 4.319149999999999636e+03
5.710000000000000000e+02 4.319149999999999636e+03
6.510000000000000000e+02 4.319300000000000182e+03
7.070000000000000000e+02 4.319250000000000000e+03
1.550000000000000000e+02 4.319500000000000000e+03
4.430000000000000000e+02 4.319500000000000000e+03
6.430000000000000000e+02 4.319449999999999818e+03
7.630000000000000000e+02 4.319449999999999818e+03
2.270000000000000000e+02 4.319550000000000182e+03
4.110000000000000000e+02 4.319550000000000182e+03
9.900000000000000000e+01 4.319649999999999636e+03
5.230000000000000000e+02 4.319649999999999636e+03
5.630000000000000000e+02 4.319649999999999636e+03
2.750000000000000000e+02 4.319800000000000182e+03
6.590000000000000000e+02 4.319800000000000182e+03
6.990000000000000000e+02 4.319800000000000182e+03
2.190000000000000000e+02 4.319850000000000364e+03
3.630000000000000000e+02 4.319899999999999636e+03
3.390000000000000000e+02 4.319949999999999818e+03
5.870000000000000000e+02 4.319949999999999818e+03
7.790000000000000000e+02 4.319949999999999818e+03
2.030000000000000000e+02 4.320050000000000182e+03
3.230000000000000000e+02 4.320050000000000182e+03
7.550000000000000000e+02 4.320100000000000364e+03
3.150000000000000000e+02 4.320199999999999818e+03
3.870000000000000000e+02 4.320199999999999818e+03
5.950000000000000000e+02 4.320149999999999636e+03
6.910000000000000000e+02 4.320199999999999818e+03
1.100000000000000000e+01 4.320250000000000000e+03
1.150000000000000000e+02 4.320300000000000182e+03
2.590000000000000000e+02 4.320300000000000182e+03
4.270000000000000000e+02 4.320300000000000182e+03
1.900000000000000000e+01 4.320350000000000364e+03
3.500000000000000000e+01 4.320399999999999636e+03
3.790000000000000000e+02 4.320500000000000000e+03
4.750000000000000000e+02 4.320449999999999818e+03
6.030000000000000000e+02 4.320449999999999818e+03
7.310000000000000000e+02 4.320449999999999818e+03
3.070000000000000000e+02 4.320550000000000182e+03
6.190000000000000000e+02 4.320600000000000364e+03
2.700000000000000000e+01 4.320699999999999818e+03
2.110000000000000000e+02 4.320649999999999636e+03
3.710000000000000000e+02 4.320800000000000182e+03
9.100000000000000000e+01 4.320899999999999636e+03
1.070000000000000000e+02 4.320850000000000364e+03
3.550000000000000000e+02 4.320899999999999636e+03
4.590000000000000000e+02 4.320899999999999636e+03
6.110000000000000000e+02 4.320899999999999636e+03
6.350000000000000000e+02 4.320850000000000364e+03
7.470000000000000000e+02 4.320899999999999636e+03
4.830000000000000000e+02 4.321000000000000000e+03
7.870000000000000000e+02 4.320949999999999818e+03
7.950000000000000000e+02 4.320949999999999818e+03
5.070000000000000000e+02 4.321100000000000364e+03
5.390000000000000000e+02 4.321100000000000364e+03
2.990000000000000000e+02 4.321199999999999818e+03
3.310000000000000000e+02 4.321149999999999636e+03
5.790000000000000000e+02 4.321199999999999818e+03
1.230000000000000000e+02 4.321300000000000182e+03
1.710000000000000000e+02 4.321300000000000182e+03
2.430000000000000000e+02 4.321300000000000182e+03
6.830000000000000000e+02 4.321300000000000182e+03
5.100000000000000000e+01 4.321350000000000364e+03
1.790000000000000000e+02 4.321399999999999636e+03
4.670000000000000000e+02 4.321399999999999636e+03
5.310000000000000000e+02 4.321399999999999636e+03
1.310000000000000000e+02 4.321449999999999818e+03
5.900000000000000000e+01 4.321699999999999818e+03
7.500000000000000000e+01 4.321649999999999636e+03
7.390000000000000000e+02 4.321649999999999636e+03
6.750000000000000000e+02 4.321800000000000182e+03
6.700000000000000000e+01 4.321899999999999636e+03
4.030000000000000000e+02 4.321850000000000364e+03
4.510000000000000000e+02 4.321949999999999818e+03
5.470000000000000000e+02 4.322050000000000182e+03
2.830000000000000000e+02 4.322550000000000182e+03
6.670000000000000000e+02 4.323350000000000364e+03
6.590000000000000000e+02 4.323699999999999818e+03
7.150000000000000000e+02 4.324550000000000182e+03
1.630000000000000000e+02 4.324800000000000182e+03
3.000000000000000000e+00 4.325750000000000000e+03
4.300000000000000000e+01 4.326000000000000000e+03
6.990000000000000000e+02 4.328600000000000364e+03
2.350000000000000000e+02 4.329100000000000364e+03
5.550000000000000000e+02 4.331199999999999818e+03
5.310000000000000000e+02 4.334600000000000364e+03
3.710000000000000000e+02 4.340600000000000364e+03
3.230000000000000000e+02 4.354000000000000000e+03
5.550000000000000000e+02 4.354800000000000182e+03
7.470000000000000000e+02 4.363050000000000182e+03
2.750000000000000000e+02 4.367550000000000182e+03
6.110000000000000000e+02 4.370400000000000546e+03
7.230000000000000000e+02 4.379000000000000000e+03
1.390000000000000000e+02 4.381250000000000000e+03
5.870000000000000000e+02 4.383250000000000000e+03
6.910000000000000000e+02 4.385650000000000546e+03
4.910000000000000000e+02 4.391400000000000546e+03
2.030000000000000000e+02 4.393750000000000000e+03
5.470000000000000000e+02 4.395449999999999818e+03
2.270000000000000000e+02 4.395600000000000364e+03
6.510000000000000000e+02 4.399900000000000546e+03
6.670000000000000000e+02 4.400650000000000546e+03
1.470000000000000000e+02 4.405900000000000546e+03
2.830000000000000000e+02 4.410550000000000182e+03
2.700000000000000000e+01 4.416949999999999818e+03
7.870000000000000000e+02 4.418300000000000182e+03
4.110000000000000000e+02 4.420400000000000546e+03
6.030000000000000000e+02 4.421150000000000546e+03
3.950000000000000000e+02 4.423350000000000364e+03
4.030000000000000000e+02 4.437850000000000364e+03
3.230000000000000000e+02 4.466550000000000182e+03
1.550000000000000000e+02 4.469850000000000364e+03
4.350000000000000000e+02 4.473650000000000546e+03
7.070000000000000000e+02 4.503699999999999818e+03
6.670000000000000000e+02 4.522100000000000364e+03
1.070000000000000000e+02 4.525350000000000364e+03
6.510000000000000000e+02 4.531150000000000546e+03
1.230000000000000000e+02 4.533050000000000182e+03
3.950000000000000000e+02 4.535449999999999818e+03
6.750000000000000000e+02 4.575500000000000000e+03
3.500000000000000000e+01 4.576949999999999818e+03
4.990000000000000000e+02 4.582199999999999818e+03
3.070000000000000000e+02 4.596900000000000546e+03
6.190000000000000000e+02 4.597699999999999818e+03
4.670000000000000000e+02 4.599850000000000364e+03
3.150000000000000000e+02 4.608699999999999818e+03
6.990000000000000000e+02 4.608699999999999818e+03
3.000000000000000000e+00 4.608750000000000000e+03
4.270000000000000000e+02 4.608850000000000364e+03
8.300000000000000000e+01 4.609449999999999818e+03
1.870000000000000000e+02 4.610900000000000546e+03
4.590000000000000000e+02 4.611199999999999818e+03
6.030000000000000000e+02 4.611199999999999818e+03
6.190000000000000000e+02 4.611250000000000000e+03
2.670000000000000000e+02 4.612449999999999818e+03
4.300000000000000000e+01 4.612850000000000364e+03
4.990000000000000000e+02 4.612850000000000364e+03
5.390000000000000000e+02 4.612850000000000364e+03
3.870000000000000000e+02 4.613000000000000000e+03
4.190000000000000000e+02 4.612949999999999818e+03
2.270000000000000000e+02 4.613050000000000182e+03
6.590000000000000000e+02 4.613199999999999818e+03
7.550000000000000000e+02 4.613300000000000182e+03
7.710000000000000000e+02 4.613300000000000182e+03
2.430000000000000000e+02 4.613350000000000364e+03
6.110000000000000000e+02 4.613500000000000000e+03
6.430000000000000000e+02 4.613500000000000000e+03
4.510000000000000000e+02 4.613650000000000546e+03
5.900000000000000000e+01 4.613750000000000000e+03
2.030000000000000000e+02 4.613800000000000182e+03
3.230000000000000000e+02 4.613750000000000000e+03
4.030000000000000000e+02 4.613750000000000000e+03
6.830000000000000000e+02 4.613800000000000182e+03
9.900000000000000000e+01 4.613900000000000546e+03
2.590000000000000000e+02 4.613900000000000546e+03
3.310000000000000000e+02 4.613900000000000546e+03
3.710000000000000000e+02 4.613900000000000546e+03
6.670000000000000000e+02 4.613850000000000364e+03
1.790000000000000000e+02 4.614100000000000364e+03
2.350000000000000000e+02 4.614050000000000182e+03
4.750000000000000000e+02 4.614100000000000364e+03
5.710000000000000000e+02 4.614100000000000364e+03
2.510000000000000000e+02 4.614199999999999818e+03
4.110000000000000000e+02 4.614150000000000546e+03
7.870000000000000000e+02 4.614199999999999818e+03
7.950000000000000000e+02 4.614150000000000546e+03
5.100000000000000000e+01 4.614250000000000000e+03
1.310000000000000000e+02 4.614300000000000182e+03
1.710000000000000000e+02 4.614300000000000182e+03
6.270000000000000000e+02 4.614250000000000000e+03
3.000000000000000000e+00 4.614400000000000546e+03
1.150000000000000000e+02 4.614350000000000364e+03
4.430000000000000000e+02 4.614350000000000364e+03
4.830000000000000000e+02 4.614350000000000364e+03
4.910000000000000000e+02 4.614350000000000364e+03
5.070000000000000000e+02 4.614350000000000364e+03
9.100000000000000000e+01 4.614500000000000000e+03
1.950000000000000000e+02 4.614500000000000000e+03
5.310000000000000000e+02 4.614449999999999818e+03
5.470000000000000000e+02 4.614500000000000000e+03
6.510000000000000000e+02 4.614449999999999818e+03
3.070000000000000000e+02 4.614550000000000182e+03
7.310000000000000000e+02 4.614550000000000182e+03
2.990000000000000000e+02 4.614699999999999818e+03
8.300000000000000000e+01 4.614750000000000000e+03
3.790000000000000000e+02 4.614800000000000182e+03
3.950000000000000000e+02 4.614800000000000182e+03
1.070000000000000000e+02 4.614900000000000546e+03
1.230000000000000000e+02 4.614850000000000364e+03
2.750000000000000000e+02 4.614850000000000364e+03
5.630000000000000000e+02 4.614900000000000546e+03
6.990000000000000000e+02 4.614850000000000364e+03
7.070000000000000000e+02 4.614850000000000364e+03
1.470000000000000000e+02 4.615000000000000000e+03
7.390000000000000000e+02 4.615000000000000000e+03
1.900000000000000000e+01 4.615050000000000182e+03
1.550000000000000000e+02 4.615100000000000364e+03
3.550000000000000000e+02 4.615050000000000182e+03
5.870000000000000000e+02 4.615100000000000364e+03
6.350000000000000000e+02 4.615100000000000364e+03
3.150000000000000000e+02 4.615150000000000546e+03
3.470000000000000000e+02 4.615199999999999818e+03
4.350000000000000000e+02 4.615199999999999818e+03
5.230000000000000000e+02 4.615150000000000546e+03
5.950000000000000000e+02 4.615150000000000546e+03
7.150000000000000000e+02 4.615150000000000546e+03
7.630000000000000000e+02 4.615199999999999818e+03
3.500000000000000000e+01 4.615250000000000000e+03
7.500000000000000000e+01 4.615300000000000182e+03
6.910000000000000000e+02 4.615300000000000182e+03
7.470000000000000000e+02 4.615250000000000000e+03
2.910000000000000000e+02 4.615350000000000364e+03
3.390000000000000000e+02 4.615400000000000546e+03
7.790000000000000000e+02 4.615400000000000546e+03
6.700000000000000000e+01 4.615449999999999818e+03
1.100000000000000000e+01 4.615550000000000182e+03
1.630000000000000000e+02 4.615550000000000182e+03
1.870000000000000000e+02 4.615600000000000364e+03
4.270000000000000000e+02 4.615550000000000182e+03
4.590000000000000000e+02 4.615550000000000182e+03
5.550000000000000000e+02 4.615650000000000546e+03
7.230000000000000000e+02 4.615650000000000546e+03
5.150000000000000000e+02 4.615850000000000364e+03
2.700000000000000000e+01 4.616199999999999818e+03
2.190000000000000000e+02 4.616199999999999818e+03
5.790000000000000000e+02 4.616350000000000364e+03
6.590000000000000000e+02 4.617050000000000182e+03
6.750000000000000000e+02 4.617150000000000546e+03
4.830000000000000000e+02 4.619350000000000364e+03
4.300000000000000000e+01 4.620400000000000546e+03
4.430000000000000000e+02 4.620900000000000546e+03
9.100000000000000000e+01 4.621150000000000546e+03
1.390000000000000000e+02 4.621650000000000546e+03
5.100000000000000000e+01 4.625000000000000000e+03
4.030000000000000000e+02 4.628199999999999818e+03
5.470000000000000000e+02 4.629300000000000182e+03
2.670000000000000000e+02 4.632650000000000546e+03
7.390000000000000000e+02 4.633650000000000546e+03
1.710000000000000000e+02 4.642199999999999818e+03
1.900000000000000000e+01 4.645300000000000182e+03
5.470000000000000000e+02 4.650900000000000546e+03
9.900000000000000000e+01 4.654050000000000182e+03
3.550000000000000000e+02 4.654350000000000364e+03
7.470000000000000000e+02 4.656449999999999818e+03
4.430000000000000000e+02 4.665449999999999818e+03
5.630000000000000000e+02 4.668350000000000364e+03
6.700000000000000000e+01 4.669199999999999818e+03
5.470000000000000000e+02 4.677550000000000182e+03
3.500000000000000000e+01 4.678449999999999818e+03
7.310000000000000000e+02 4.681350000000000364e+03
4.270000000000000000e+02 4.684600000000000364e+03
5.100000000000000000e+01 4.684900000000000546e+03
4.300000000000000000e+01 4.685150000000000546e+03
7.150000000000000000e+02 4.685900000000000546e+03
3.070000000000000000e+02 4.702800000000000182e+03
7.710000000000000000e+02 4.703000000000000000e+03
7.950000000000000000e+02 4.705550000000000182e+03
6.590000000000000000e+02 4.705800000000000182e+03
3.950000000000000000e+02 4.717550000000000182e+03
1.150000000000000000e+02 4.721199999999999818e+03
7.070000000000000000e+02 4.740100000000000364e+03
1.630000000000000000e+02 4.747650000000000546e+03
1.790000000000000000e+02 4.761100000000000364e+03
3.950000000000000000e+02 4.766199999999999818e+03
7.870000000000000000e+02 4.776949999999999818e+03
5.870000000000000000e+02 4.783900000000000546e+03
6.910000000000000000e+02 4.793050000000000182e+03
6.190000000000000000e+02 4.797750000000000000e+03
5.710000000000000000e+02 4.799600000000000364e+03
5.870000000000000000e+02 4.801400000000000546e+03
7.470000000000000000e+02 4.806949999999999818e+03
4.910000000000000000e+02 4.810650000000000546e+03
6.030000000000000000e+02 4.815350000000000364e+03
4.670000000000000000e+02 4.819350000000000364e+03
1.550000000000000000e+02 4.821150000000000546e+03
8.300000000000000000e+01 4.827800000000000182e+03
6.030000000000000000e+02 4.827750000000000000e+03
5.630000000000000000e+02 4.834400000000000546e+03
2.110000000000000000e+02 4.836100000000000364e+03
4.990000000000000000e+02 4.836199999999999818e+03
4.670000000000000000e+02 4.841449999999999818e+03
7.230000000000000000e+02 4.843850000000000364e+03
4.910000000000000000e+02 4.845850000000000364e+03
7.790000000000000000e+02 4.846400000000000546e+03
6.750000000000000000e+02 4.847100000000000364e+03
8.300000000000000000e+01 4.849550000000000182e+03
3.790000000000000000e+02 4.849949999999999818e+03
5.900000000000000000e+01 4.850900000000000546e+03
3.710000000000000000e+02 4.852500000000000000e+03
1.390000000000000000e+02 4.854100000000000364e+03
3.630000000000000000e+02 4.854050000000000182e+03
1.100000000000000000e+01 4.854199999999999818e+03
3.310000000000000000e+02 4.854699999999999818e+03
5.630000000000000000e+02 4.854750000000000000e+03
4.270000000000000000e+02 4.855400000000000546e+03
3.950000000000000000e+02 4.855500000000000000e+03
7.390000000000000000e+02 4.855500000000000000e+03
2.700000000000000000e+01 4.855750000000000000e+03
7.470000000000000000e+02 4.855750000000000000e+03
4.030000000000000000e+02 4.855900000000000546e+03
6.030000000000000000e+02 4.856000000000000000e+03
5.310000000000000000e+02 4.856199999999999818e+03
4.910000000000000000e+02 4.856449999999999818e+03
7.710000000000000000e+02 4.856449999999999818e+03
7.550000000000000000e+02 4.856900000000000546e+03
5.790000000000000000e+02 4.856949999999999818e+03
4.990000000000000000e+02 4.857300000000000182e+03
2.430000000000000000e+02 4.857550000000000182e+03
1.870000000000000000e+02 4.857850000000000364e+03
1.900000000000000000e+01 4.858050000000000182e+03
5.390000000000000000e+02 4.858050000000000182e+03
3.000000000000000000e+00 4.858150000000000546e+03
2.110000000000000000e+02 4.858199999999999818e+03
5.710000000000000000e+02 4.858300000000000182e+03
4.430000000000000000e+02 4.858400000000000546e+03
7.310000000000000000e+02 4.858400000000000546e+03
3.470000000000000000e+02 4.858449999999999818e+03
1.150000000000000000e+02 4.858600000000000364e+03
2.910000000000000000e+02 4.858600000000000364e+03
2.750000000000000000e+02 4.858650000000000546e+03
3.150000000000000000e+02 4.858699999999999818e+03
3.070000000000000000e+02 4.858800000000000182e+03
2.190000000000000000e+02 4.858850000000000364e+03
1.630000000000000000e+02 4.858949999999999818e+03
5.950000000000000000e+02 4.859000000000000000e+03
2.510000000000000000e+02 4.859050000000000182e+03
6.270000000000000000e+02 4.859100000000000364e+03
6.510000000000000000e+02 4.859100000000000364e+03
4.670000000000000000e+02 4.859150000000000546e+03
3.500000000000000000e+01 4.859250000000000000e+03
2.990000000000000000e+02 4.859300000000000182e+03
7.950000000000000000e+02 4.859449999999999818e+03
1.950000000000000000e+02 4.859600000000000364e+03
7.630000000000000000e+02 4.859550000000000182e+03
3.550000000000000000e+02 4.859650000000000546e+03
1.230000000000000000e+02 4.859800000000000182e+03
6.670000000000000000e+02 4.859800000000000182e+03
4.590000000000000000e+02 4.859900000000000546e+03
5.900000000000000000e+01 4.860100000000000364e+03
5.550000000000000000e+02 4.860050000000000182e+03
4.300000000000000000e+01 4.860199999999999818e+03
1.710000000000000000e+02 4.860150000000000546e+03
3.310000000000000000e+02 4.860199999999999818e+03
4.110000000000000000e+02 4.860199999999999818e+03
7.500000000000000000e+01 4.860300000000000182e+03
4.350000000000000000e+02 4.860300000000000182e+03
5.630000000000000000e+02 4.860300000000000182e+03
5.070000000000000000e+02 4.860400000000000546e+03
2.830000000000000000e+02 4.860550000000000182e+03
4.030000000000000000e+02 4.860550000000000182e+03
4.510000000000000000e+02 4.860550000000000182e+03
4.750000000000000000e+02 4.860600000000000364e+03
5.870000000000000000e+02 4.860600000000000364e+03
6.190000000000000000e+02 4.860600000000000364e+03
2.270000000000000000e+02 4.860650000000000546e+03
4.270000000000000000e+02 4.860699999999999818e+03
6.750000000000000000e+02 4.860650000000000546e+03
7.390000000000000000e+02 4.860800000000000182e+03
6.910000000000000000e+02 4.860850000000000364e+03
7.790000000000000000e+02 4.860949999999999818e+03
1.790000000000000000e+02 4.861100000000000364e+03
3.630000000000000000e+02 4.861100000000000364e+03
9.100000000000000000e+01 4.861199999999999818e+03
2.030000000000000000e+02 4.861400000000000546e+03
7.870000000000000000e+02 4.861400000000000546e+03
7.710000000000000000e+02 4.862250000000000000e+03
6.700000000000000000e+01 4.862500000000000000e+03
5.790000000000000000e+02 4.863699999999999818e+03
2.350000000000000000e+02 4.864449999999999818e+03
7.310000000000000000e+02 4.866350000000000364e+03
4.830000000000000000e+02 4.866900000000000546e+03
5.710000000000000000e+02 4.868350000000000364e+03
1.900000000000000000e+01 4.868600000000000364e+03
2.990000000000000000e+02 4.868800000000000182e+03
3.790000000000000000e+02 4.870449999999999818e+03
5.470000000000000000e+02 4.870900000000000546e+03
5.070000000000000000e+02 4.871699999999999818e+03
1.150000000000000000e+02 4.872650000000000546e+03
1.550000000000000000e+02 4.874449999999999818e+03
3.950000000000000000e+02 4.876350000000000364e+03
7.230000000000000000e+02 4.877400000000000546e+03
1.470000000000000000e+02 4.878350000000000364e+03
5.230000000000000000e+02 4.879250000000000000e+03
2.270000000000000000e+02 4.883300000000000182e+03
3.070000000000000000e+02 4.886199999999999818e+03
4.510000000000000000e+02 4.895800000000000182e+03
7.870000000000000000e+02 4.896449999999999818e+03
4.830000000000000000e+02 4.899500000000000000e+03
1.470000000000000000e+02 4.899650000000000546e+03
6.270000000000000000e+02 4.900699999999999818e+03
4.190000000000000000e+02 4.902300000000000182e+03
7.710000000000000000e+02 4.903000000000000000e+03
1.870000000000000000e+02 4.908350000000000364e+03
6.350000000000000000e+02 4.910699999999999818e+03
7.950000000000000000e+02 4.910650000000000546e+03
3.310000000000000000e+02 4.911050000000000182e+03
9.100000000000000000e+01 4.911150000000000546e+03
2.750000000000000000e+02 4.911850000000000364e+03
6.430000000000000000e+02 4.920199999999999818e+03
3.000000000000000000e+00 4.925150000000000546e+03
5.710000000000000000e+02 4.942699999999999818e+03
5.630000000000000000e+02 4.942750000000000000e+03
5.550000000000000000e+02 4.942900000000000546e+03
5.070000000000000000e+02 4.943750000000000000e+03
7.470000000000000000e+02 4.944000000000000000e+03
2.430000000000000000e+02 4.945750000000000000e+03
3.070000000000000000e+02 4.955500000000000000e+03
5.070000000000000000e+02 4.966500000000000000e+03
3.000000000000000000e+00 4.979400000000000546e+03
4.110000000000000000e+02 4.987850000000000364e+03
4.990000000000000000e+02 4.988699999999999818e+03
6.750000000000000000e+02 4.998250000000000000e+03
7.070000000000000000e+02 5.009900000000000546e+03
6.270000000000000000e+02 5.020550000000000182e+03
4.270000000000000000e+02 5.024449999999999818e+03
1.100000000000000000e+01 5.034300000000000182e+03
6.270000000000000000e+02 5.037350000000000364e+03
5.230000000000000000e+02 5.041650000000000546e+03
7.550000000000000000e+02 5.058699999999999818e+03
2.670000000000000000e+02 5.133949999999999818e+03
4.430000000000000000e+02 5.164699999999999818e+03
1.470000000000000000e+02 5.174100000000000364e+03
8.300000000000000000e+01 5.181750000000000000e+03
9.100000000000000000e+01 5.188300000000000182e+03
3.630000000000000000e+02 5.191400000000000546e+03
2.830000000000000000e+02 5.193600000000000364e+03
3.230000000000000000e+02 5.195600000000000364e+03
3.550000000000000000e+02 5.199000000000000000e+03
7.710000000000000000e+02 5.199050000000000182e+03
6.700000000000000000e+01 5.210449999999999818e+03
4.990000000000000000e+02 5.216550000000000182e+03
3.390000000000000000e+02 5.226300000000000182e+03
7.870000000000000000e+02 5.228150000000000546e+03
5.950000000000000000e+02 5.232600000000000364e+03
4.590000000000000000e+02 5.234750000000000000e+03
5.150000000000000000e+02 5.235449999999999818e+03
2.430000000000000000e+02 5.236150000000000546e+03
1.550000000000000000e+02 5.236500000000000000e+03
7.390000000000000000e+02 5.238250000000000000e+03
3.070000000000000000e+02 5.238500000000000000e+03
2.350000000000000000e+02 5.238699999999999818e+03
7.310000000000000000e+02 5.238699999999999818e+03
3.310000000000000000e+02 5.239199999999999818e+03
7.630000000000000000e+02 5.239150000000000546e+03
2.030000000000000000e+02 5.239400000000000546e+03
4.110000000000000000e+02 5.240500000000000000e+03
3.470000000000000000e+02 5.240650000000000546e+03
4.910000000000000000e+02 5.240750000000000000e+03
7.790000000000000000e+02 5.240750000000000000e+03
4.350000000000000000e+02 5.240900000000000546e+03
3.790000000000000000e+02 5.241000000000000000e+03
4.190000000000000000e+02 5.240949999999999818e+03
2.670000000000000000e+02 5.241050000000000182e+03
2.750000000000000000e+02 5.241050000000000182e+03
1.150000000000000000e+02 5.241350000000000364e+03
4.670000000000000000e+02 5.241400000000000546e+03
2.190000000000000000e+02 5.241600000000000364e+03
7.230000000000000000e+02 5.241550000000000182e+03
3.950000000000000000e+02 5.241650000000000546e+03
5.230000000000000000e+02 5.241650000000000546e+03
6.030000000000000000e+02 5.241650000000000546e+03
1.100000000000000000e+01 5.241800000000000182e+03
5.710000000000000000e+02 5.241800000000000182e+03
5.790000000000000000e+02 5.241800000000000182e+03
6.350000000000000000e+02 5.241750000000000000e+03
7.950000000000000000e+02 5.241750000000000000e+03
3.630000000000000000e+02 5.241900000000000546e+03
3.000000000000000000e+00 5.242000000000000000e+03
9.100000000000000000e+01 5.242050000000000182e+03
6.270000000000000000e+02 5.242050000000000182e+03
2.700000000000000000e+01 5.242150000000000546e+03
3.500000000000000000e+01 5.242199999999999818e+03
3.710000000000000000e+02 5.242199999999999818e+03
2.510000000000000000e+02 5.242300000000000182e+03
5.390000000000000000e+02 5.242250000000000000e+03
5.950000000000000000e+02 5.242250000000000000e+03
6.990000000000000000e+02 5.242250000000000000e+03
7.470000000000000000e+02 5.242300000000000182e+03
1.390000000000000000e+02 5.242400000000000546e+03
1.550000000000000000e+02 5.242350000000000364e+03
3.150000000000000000e+02 5.242350000000000364e+03
7.150000000000000000e+02 5.242350000000000364e+03
2.830000000000000000e+02 5.242500000000000000e+03
5.630000000000000000e+02 5.242500000000000000e+03
6.670000000000000000e+02 5.242449999999999818e+03
1.630000000000000000e+02 5.242550000000000182e+03
7.870000000000000000e+02 5.242550000000000182e+03
2.270000000000000000e+02 5.242650000000000546e+03
4.030000000000000000e+02 5.242699999999999818e+03
4.990000000000000000e+02 5.242699999999999818e+03
5.550000000000000000e+02 5.242650000000000546e+03
5.870000000000000000e+02 5.242699999999999818e+03
1.710000000000000000e+02 5.242800000000000182e+03
1.870000000000000000e+02 5.242800000000000182e+03
3.390000000000000000e+02 5.242800000000000182e+03
4.830000000000000000e+02 5.242750000000000000e+03
5.100000000000000000e+01 5.242850000000000364e+03
7.500000000000000000e+01 5.242850000000000364e+03
2.350000000000000000e+02 5.242850000000000364e+03
2.430000000000000000e+02 5.242900000000000546e+03
2.990000000000000000e+02 5.242850000000000364e+03
4.750000000000000000e+02 5.242850000000000364e+03
6.590000000000000000e+02 5.242900000000000546e+03
7.550000000000000000e+02 5.242900000000000546e+03
7.710000000000000000e+02 5.242850000000000364e+03
1.790000000000000000e+02 5.242949999999999818e+03
3.070000000000000000e+02 5.242949999999999818e+03
4.270000000000000000e+02 5.243000000000000000e+03
4.430000000000000000e+02 5.242949999999999818e+03
6.510000000000000000e+02 5.242949999999999818e+03
6.910000000000000000e+02 5.242949999999999818e+03
7.070000000000000000e+02 5.243000000000000000e+03
5.900000000000000000e+01 5.243050000000000182e+03
1.310000000000000000e+02 5.243100000000000364e+03
2.590000000000000000e+02 5.243100000000000364e+03
2.910000000000000000e+02 5.243050000000000182e+03
1.070000000000000000e+02 5.243199999999999818e+03
1.950000000000000000e+02 5.243150000000000546e+03
7.310000000000000000e+02 5.243250000000000000e+03
8.300000000000000000e+01 5.243350000000000364e+03
1.230000000000000000e+02 5.243400000000000546e+03
1.470000000000000000e+02 5.243400000000000546e+03
3.230000000000000000e+02 5.243400000000000546e+03
6.430000000000000000e+02 5.243350000000000364e+03
7.390000000000000000e+02 5.243400000000000546e+03
3.870000000000000000e+02 5.243449999999999818e+03
4.510000000000000000e+02 5.243500000000000000e+03
5.070000000000000000e+02 5.243449999999999818e+03
5.150000000000000000e+02 5.243500000000000000e+03
7.630000000000000000e+02 5.243500000000000000e+03
2.110000000000000000e+02 5.243550000000000182e+03
5.310000000000000000e+02 5.243600000000000364e+03
6.190000000000000000e+02 5.243550000000000182e+03
9.900000000000000000e+01 5.243650000000000546e+03
3.310000000000000000e+02 5.243699999999999818e+03
4.110000000000000000e+02 5.243699999999999818e+03
3.550000000000000000e+02 5.243900000000000546e+03
3.790000000000000000e+02 5.244000000000000000e+03
6.750000000000000000e+02 5.243949999999999818e+03
6.700000000000000000e+01 5.244050000000000182e+03
6.830000000000000000e+02 5.244050000000000182e+03
7.790000000000000000e+02 5.244050000000000182e+03
4.350000000000000000e+02 5.244150000000000546e+03
1.900000000000000000e+01 5.244300000000000182e+03
4.190000000000000000e+02 5.244350000000000364e+03
6.110000000000000000e+02 5.244449999999999818e+03
6.350000000000000000e+02 5.244900000000000546e+03
3.000000000000000000e+00 5.246100000000000364e+03
6.030000000000000000e+02 5.246449999999999818e+03
4.300000000000000000e+01 5.246900000000000546e+03
5.230000000000000000e+02 5.247199999999999818e+03
7.870000000000000000e+02 5.247449999999999818e+03
4.830000000000000000e+02 5.248250000000000000e+03
7.500000000000000000e+01 5.248949999999999818e+03
5.950000000000000000e+02 5.249699999999999818e+03
4.590000000000000000e+02 5.250650000000000546e+03
1.150000000000000000e+02 5.252050000000000182e+03
3.630000000000000000e+02 5.259199999999999818e+03
7.070000000000000000e+02 5.260500000000000000e+03
1.870000000000000000e+02 5.261449999999999818e+03
4.590000000000000000e+02 5.283100000000000364e+03
6.990000000000000000e+02 5.286350000000000364e+03
1.310000000000000000e+02 5.304199999999999818e+03
2.110000000000000000e+02 5.345550000000000182e+03
6.830000000000000000e+02 5.345699999999999818e+03
5.790000000000000000e+02 5.346000000000000000e+03
4.270000000000000000e+02 5.398100000000000364e+03
7.870000000000000000e+02 5.451550000000000182e+03
3.310000000000000000e+02 5.518350000000000364e+03
5.900000000000000000e+01 5.534650000000000546e+03
4.350000000000000000e+02 5.590000000000000000e+03
9.100000000000000000e+01 5.612750000000000000e+03
2.030000000000000000e+02 5.636650000000000546e+03
5.470000000000000000e+02 5.648300000000000182e+03
3.630000000000000000e+02 5.674550000000000182e+03
6.750000000000000000e+02 5.755650000000000546e+03
3.310000000000000000e+02 5.768699999999999818e+03
7.710000000000000000e+02 5.785050000000000182e+03
3.500000000000000000e+01 5.792050000000000182e+03
7.500000000000000000e+01 5.793100000000000364e+03
4.590000000000000000e+02 5.794500000000000000e+03
1.070000000000000000e+02 5.832650000000000546e+03
1.550000000000000000e+02 5.842800000000000182e+03
2.590000000000000000e+02 5.852400000000000546e+03
8.300000000000000000e+01 5.937050000000000182e+03
7.310000000000000000e+02 5.992000000000000000e+03
1.160000000000000000e+02 1.159000000000000057e+02
6.920000000000000000e+02 1.168500000000000085e+02
9.200000000000000000e+01 1.446500000000000057e+02
7.480000000000000000e+02 1.625000000000000000e+02
1.800000000000000000e+02 2.140000000000000000e+02
2.040000000000000000e+02 2.205000000000000000e+02
2.000000000000000000e+01 2.582500000000000000e+02
1.960000000000000000e+02 2.828000000000000114e+02
4.840000000000000000e+02 2.899000000000000341e+02
1.000000000000000000e+02 3.069499999999999886e+02
1.720000000000000000e+02 3.080500000000000114e+02
6.600000000000000000e+02 3.224499999999999886e+02
7.640000000000000000e+02 3.224499999999999886e+02
2.120000000000000000e+02 3.306999999999999886e+02
3.160000000000000000e+02 3.326999999999999886e+02
4.920000000000000000e+02 3.331000000000000227e+02
5.480000000000000000e+02 3.486500000000000341e+02
5.240000000000000000e+02 3.756500000000000341e+02
4.400000000000000000e+01 3.838000000000000114e+02
2.000000000000000000e+01 3.972500000000000000e+02
1.200000000000000000e+01 3.978500000000000227e+02
5.320000000000000000e+02 3.995000000000000000e+02
4.040000000000000000e+02 4.122500000000000000e+02
3.720000000000000000e+02 4.204000000000000341e+02
5.400000000000000000e+02 4.287500000000000000e+02
2.360000000000000000e+02 4.476000000000000227e+02
5.080000000000000000e+02 4.636999999999999886e+02
3.560000000000000000e+02 5.132999999999999545e+02
7.400000000000000000e+02 5.940500000000000682e+02
2.040000000000000000e+02 6.223000000000000682e+02
3.880000000000000000e+02 6.248500000000000227e+02
5.720000000000000000e+02 6.678500000000000227e+02
7.000000000000000000e+02 6.891499999999999773e+02
5.200000000000000000e+01 7.380000000000000000e+02
1.000000000000000000e+02 7.483000000000000682e+02
6.600000000000000000e+02 7.560500000000000682e+02
8.400000000000000000e+01 7.743999999999999773e+02
4.000000000000000000e+00 7.848000000000000682e+02
4.520000000000000000e+02 7.948999999999999773e+02
6.360000000000000000e+02 8.027500000000000000e+02
1.560000000000000000e+02 8.156000000000000227e+02
3.480000000000000000e+02 8.368999999999999773e+02
2.280000000000000000e+02 8.478500000000000227e+02
6.280000000000000000e+02 8.718999999999999773e+02
4.000000000000000000e+00 9.008999999999999773e+02
7.400000000000000000e+02 9.142000000000000455e+02
5.080000000000000000e+02 9.300000000000000000e+02
2.000000000000000000e+01 9.618500000000000227e+02
2.760000000000000000e+02 9.694500000000000455e+02
3.240000000000000000e+02 9.843500000000000227e+02
6.040000000000000000e+02 1.001750000000000000e+03
3.600000000000000000e+01 1.036049999999999955e+03
2.360000000000000000e+02 1.109500000000000000e+03
4.840000000000000000e+02 1.170799999999999955e+03
7.400000000000000000e+02 1.178850000000000136e+03
7.800000000000000000e+02 1.180950000000000045e+03
5.080000000000000000e+02 1.196750000000000000e+03
2.920000000000000000e+02 1.198450000000000045e+03
3.400000000000000000e+02 1.282950000000000045e+03
3.960000000000000000e+02 1.305400000000000091e+03
3.800000000000000000e+02 1.342500000000000000e+03
6.440000000000000000e+02 1.345350000000000136e+03
1.080000000000000000e+02 1.362450000000000045e+03
6.280000000000000000e+02 1.375500000000000000e+03
7.000000000000000000e+02 1.379850000000000136e+03
2.280000000000000000e+02 1.379950000000000045e+03
7.960000000000000000e+02 1.393799999999999955e+03
5.240000000000000000e+02 1.406600000000000136e+03
9.200000000000000000e+01 1.423500000000000000e+03
7.960000000000000000e+02 1.424400000000000091e+03
4.000000000000000000e+00 1.434350000000000136e+03
4.360000000000000000e+02 1.445150000000000091e+03
4.400000000000000000e+01 1.462299999999999955e+03
1.720000000000000000e+02 1.464549999999999955e+03
3.880000000000000000e+02 1.489350000000000136e+03
6.360000000000000000e+02 1.490049999999999955e+03
4.840000000000000000e+02 1.496400000000000091e+03
7.880000000000000000e+02 1.535650000000000091e+03
2.200000000000000000e+02 1.539750000000000000e+03
6.800000000000000000e+01 1.561549999999999955e+03
6.800000000000000000e+01 1.584900000000000091e+03
7.640000000000000000e+02 1.587500000000000000e+03
2.800000000000000000e+01 1.592150000000000091e+03
5.320000000000000000e+02 1.595549999999999955e+03
7.080000000000000000e+02 1.608700000000000045e+03
2.000000000000000000e+01 1.639650000000000091e+03
6.280000000000000000e+02 1.644100000000000136e+03
6.760000000000000000e+02 1.650600000000000136e+03
1.560000000000000000e+02 1.668700000000000045e+03
4.360000000000000000e+02 1.694500000000000000e+03
6.760000000000000000e+02 1.714049999999999955e+03
1.400000000000000000e+02 1.732049999999999955e+03
1.800000000000000000e+02 1.758850000000000136e+03
1.960000000000000000e+02 1.765299999999999955e+03
5.200000000000000000e+01 1.776400000000000091e+03
5.240000000000000000e+02 1.783549999999999955e+03
2.360000000000000000e+02 1.788700000000000045e+03
6.680000000000000000e+02 1.819650000000000091e+03
1.200000000000000000e+01 1.898950000000000045e+03
4.400000000000000000e+01 1.915600000000000136e+03
2.280000000000000000e+02 1.931299999999999955e+03
7.080000000000000000e+02 1.992900000000000091e+03
3.160000000000000000e+02 2.003049999999999955e+03
3.000000000000000000e+02 2.004549999999999955e+03
3.880000000000000000e+02 2.010100000000000136e+03
5.200000000000000000e+01 2.010950000000000045e+03
5.480000000000000000e+02 2.014049999999999955e+03
8.400000000000000000e+01 2.021700000000000045e+03
6.200000000000000000e+02 2.023299999999999955e+03
4.040000000000000000e+02 2.044500000000000000e+03
2.760000000000000000e+02 2.108250000000000000e+03
4.400000000000000000e+01 2.117250000000000000e+03
7.800000000000000000e+02 2.145750000000000000e+03
3.880000000000000000e+02 2.192050000000000182e+03
1.800000000000000000e+02 2.200400000000000091e+03
4.000000000000000000e+00 2.212550000000000182e+03
3.080000000000000000e+02 2.233500000000000000e+03
9.200000000000000000e+01 2.271300000000000182e+03
4.040000000000000000e+02 2.300150000000000091e+03
1.960000000000000000e+02 2.314849999999999909e+03
5.720000000000000000e+02 2.337650000000000091e+03
1.720000000000000000e+02 2.339950000000000273e+03
7.240000000000000000e+02 2.354800000000000182e+03
6.200000000000000000e+02 2.357200000000000273e+03
4.600000000000000000e+02 2.368300000000000182e+03
3.800000000000000000e+02 2.370849999999999909e+03
1.480000000000000000e+02 2.412900000000000091e+03
6.760000000000000000e+02 2.426000000000000000e+03
5.320000000000000000e+02 2.450050000000000182e+03
1.640000000000000000e+02 2.450200000000000273e+03
1.560000000000000000e+02 2.466349999999999909e+03
2.840000000000000000e+02 2.490050000000000182e+03
3.240000000000000000e+02 2.493200000000000273e+03
7.640000000000000000e+02 2.526950000000000273e+03
2.360000000000000000e+02 2.565599999999999909e+03
2.200000000000000000e+02 2.565800000000000182e+03
3.160000000000000000e+02 2.580099999999999909e+03
6.280000000000000000e+02 2.594150000000000091e+03
7.400000000000000000e+02 2.668200000000000273e+03
4.400000000000000000e+01 2.704700000000000273e+03
1.000000000000000000e+02 2.706099999999999909e+03
3.600000000000000000e+01 2.718000000000000000e+03
4.280000000000000000e+02 2.757099999999999909e+03
4.600000000000000000e+02 2.768599999999999909e+03
5.160000000000000000e+02 2.768849999999999909e+03
5.240000000000000000e+02 2.782550000000000182e+03
3.960000000000000000e+02 2.788200000000000273e+03
5.800000000000000000e+02 2.817500000000000000e+03
7.080000000000000000e+02 2.817800000000000182e+03
3.800000000000000000e+02 2.832750000000000000e+03
6.120000000000000000e+02 2.833000000000000000e+03
3.560000000000000000e+02 2.840250000000000000e+03
2.680000000000000000e+02 2.840750000000000000e+03
2.760000000000000000e+02 2.843900000000000091e+03
6.200000000000000000e+02 2.855150000000000091e+03
2.440000000000000000e+02 2.877700000000000273e+03
2.440000000000000000e+02 2.899150000000000091e+03
6.360000000000000000e+02 2.900000000000000000e+03
2.760000000000000000e+02 2.914200000000000273e+03
3.400000000000000000e+02 2.919500000000000000e+03
8.400000000000000000e+01 2.922050000000000182e+03
1.200000000000000000e+01 2.931050000000000182e+03
1.240000000000000000e+02 2.931849999999999909e+03
4.200000000000000000e+02 2.939550000000000182e+03
5.880000000000000000e+02 2.945150000000000091e+03
3.240000000000000000e+02 2.965050000000000182e+03
4.840000000000000000e+02 3.001599999999999909e+03
1.160000000000000000e+02 3.006349999999999909e+03
2.680000000000000000e+02 3.007650000000000091e+03
5.480000000000000000e+02 3.007849999999999909e+03
7.480000000000000000e+02 3.008200000000000273e+03
2.920000000000000000e+02 3.008500000000000000e+03
6.600000000000000000e+02 3.008700000000000273e+03
3.880000000000000000e+02 3.008950000000000273e+03
6.680000000000000000e+02 3.009000000000000000e+03
7.000000000000000000e+02 3.009050000000000182e+03
7.560000000000000000e+02 3.009050000000000182e+03
6.800000000000000000e+01 3.009200000000000273e+03
4.440000000000000000e+02 3.009150000000000091e+03
4.000000000000000000e+00 3.009900000000000091e+03
3.800000000000000000e+02 3.010000000000000000e+03
4.200000000000000000e+02 3.010150000000000091e+03
1.320000000000000000e+02 3.010500000000000000e+03
3.480000000000000000e+02 3.010550000000000182e+03
2.120000000000000000e+02 3.010700000000000273e+03
2.760000000000000000e+02 3.010650000000000091e+03
6.120000000000000000e+02 3.010650000000000091e+03
1.480000000000000000e+02 3.010849999999999909e+03
1.800000000000000000e+02 3.010950000000000273e+03
3.960000000000000000e+02 3.011000000000000000e+03
4.920000000000000000e+02 3.011300000000000182e+03
6.840000000000000000e+02 3.011700000000000273e+03
1.240000000000000000e+02 3.012750000000000000e+03
7.880000000000000000e+02 3.012849999999999909e+03
1.400000000000000000e+02 3.013200000000000273e+03
5.200000000000000000e+01 3.013349999999999909e+03
3.400000000000000000e+02 3.013349999999999909e+03
5.560000000000000000e+02 3.015099999999999909e+03
7.720000000000000000e+02 3.015050000000000182e+03
5.160000000000000000e+02 3.015300000000000182e+03
7.320000000000000000e+02 3.016000000000000000e+03
3.720000000000000000e+02 3.016050000000000182e+03
6.000000000000000000e+01 3.016550000000000182e+03
4.760000000000000000e+02 3.016700000000000273e+03
7.400000000000000000e+02 3.016700000000000273e+03
2.000000000000000000e+01 3.016800000000000182e+03
2.040000000000000000e+02 3.016750000000000000e+03
6.200000000000000000e+02 3.016900000000000091e+03
4.600000000000000000e+02 3.016950000000000273e+03
5.240000000000000000e+02 3.016950000000000273e+03
5.320000000000000000e+02 3.016950000000000273e+03
7.240000000000000000e+02 3.016950000000000273e+03
7.640000000000000000e+02 3.017000000000000000e+03
1.080000000000000000e+02 3.017050000000000182e+03
4.120000000000000000e+02 3.017050000000000182e+03
5.880000000000000000e+02 3.017050000000000182e+03
2.280000000000000000e+02 3.017300000000000182e+03
3.080000000000000000e+02 3.017400000000000091e+03
3.600000000000000000e+01 3.017550000000000182e+03
1.720000000000000000e+02 3.017599999999999909e+03
3.560000000000000000e+02 3.017700000000000273e+03
1.200000000000000000e+01 3.017750000000000000e+03
2.760000000000000000e+02 3.017800000000000182e+03
7.800000000000000000e+02 3.017750000000000000e+03
3.800000000000000000e+02 3.018000000000000000e+03
7.600000000000000000e+01 3.018200000000000273e+03
3.160000000000000000e+02 3.018200000000000273e+03
3.000000000000000000e+02 3.018300000000000182e+03
7.000000000000000000e+02 3.018300000000000182e+03
4.000000000000000000e+00 3.018349999999999909e+03
3.960000000000000000e+02 3.018400000000000091e+03
5.720000000000000000e+02 3.018400000000000091e+03
2.360000000000000000e+02 3.018500000000000000e+03
6.440000000000000000e+02 3.018500000000000000e+03
3.880000000000000000e+02 3.018599999999999909e+03
2.800000000000000000e+01 3.018700000000000273e+03
4.680000000000000000e+02 3.019000000000000000e+03
6.800000000000000000e+01 3.019150000000000091e+03
7.480000000000000000e+02 3.019250000000000000e+03
2.840000000000000000e+02 3.019349999999999909e+03
1.240000000000000000e+02 3.019450000000000273e+03
5.000000000000000000e+02 3.019700000000000273e+03
1.960000000000000000e+02 3.019900000000000091e+03
2.440000000000000000e+02 3.019849999999999909e+03
5.480000000000000000e+02 3.020300000000000182e+03
4.400000000000000000e+01 3.024650000000000091e+03
7.480000000000000000e+02 3.025250000000000000e+03
4.760000000000000000e+02 3.025349999999999909e+03
5.800000000000000000e+02 3.025950000000000273e+03
1.480000000000000000e+02 3.026050000000000182e+03
6.040000000000000000e+02 3.026099999999999909e+03
1.640000000000000000e+02 3.026500000000000000e+03
2.360000000000000000e+02 3.026450000000000273e+03
3.320000000000000000e+02 3.026599999999999909e+03
5.160000000000000000e+02 3.026800000000000182e+03
4.360000000000000000e+02 3.026900000000000091e+03
6.440000000000000000e+02 3.027150000000000091e+03
5.560000000000000000e+02 3.027400000000000091e+03
2.440000000000000000e+02 3.027450000000000273e+03
2.840000000000000000e+02 3.027500000000000000e+03
6.360000000000000000e+02 3.027750000000000000e+03
1.160000000000000000e+02 3.027900000000000091e+03
4.200000000000000000e+02 3.027849999999999909e+03
7.960000000000000000e+02 3.027900000000000091e+03
2.000000000000000000e+01 3.027950000000000273e+03
3.800000000000000000e+02 3.028200000000000273e+03
5.080000000000000000e+02 3.028200000000000273e+03
6.840000000000000000e+02 3.028300000000000182e+03
4.680000000000000000e+02 3.028400000000000091e+03
4.000000000000000000e+00 3.028500000000000000e+03
1.800000000000000000e+02 3.028599999999999909e+03
5.720000000000000000e+02 3.028550000000000182e+03
3.720000000000000000e+02 3.028750000000000000e+03
2.520000000000000000e+02 3.029550000000000182e+03
3.160000000000000000e+02 3.032849999999999909e+03
3.400000000000000000e+02 3.033050000000000182e+03
1.880000000000000000e+02 3.034550000000000182e+03
7.160000000000000000e+02 3.035099999999999909e+03
2.680000000000000000e+02 3.036000000000000000e+03
7.720000000000000000e+02 3.036550000000000182e+03
6.120000000000000000e+02 3.036849999999999909e+03
7.240000000000000000e+02 3.036900000000000091e+03
2.600000000000000000e+02 3.036950000000000273e+03
3.640000000000000000e+02 3.037000000000000000e+03
1.400000000000000000e+02 3.037150000000000091e+03
7.640000000000000000e+02 3.037349999999999909e+03
4.440000000000000000e+02 3.037500000000000000e+03
4.520000000000000000e+02 3.037700000000000273e+03
6.280000000000000000e+02 3.037700000000000273e+03
1.080000000000000000e+02 3.038200000000000273e+03
5.200000000000000000e+01 3.038300000000000182e+03
1.560000000000000000e+02 3.038400000000000091e+03
4.400000000000000000e+01 3.038500000000000000e+03
6.520000000000000000e+02 3.038550000000000182e+03
6.800000000000000000e+01 3.038650000000000091e+03
1.160000000000000000e+02 3.038750000000000000e+03
1.800000000000000000e+02 3.038800000000000182e+03
4.280000000000000000e+02 3.038800000000000182e+03
2.200000000000000000e+02 3.039000000000000000e+03
5.720000000000000000e+02 3.039200000000000273e+03
3.880000000000000000e+02 3.039500000000000000e+03
1.200000000000000000e+01 3.039599999999999909e+03
3.240000000000000000e+02 3.039599999999999909e+03
5.000000000000000000e+02 3.039650000000000091e+03
2.360000000000000000e+02 3.039900000000000091e+03
2.040000000000000000e+02 3.039950000000000273e+03
3.320000000000000000e+02 3.045650000000000091e+03
4.120000000000000000e+02 3.046500000000000000e+03
6.360000000000000000e+02 3.046550000000000182e+03
3.080000000000000000e+02 3.047700000000000273e+03
6.440000000000000000e+02 3.048250000000000000e+03
2.440000000000000000e+02 3.048349999999999909e+03
5.960000000000000000e+02 3.048400000000000091e+03
5.800000000000000000e+02 3.048450000000000273e+03
1.000000000000000000e+02 3.048849999999999909e+03
2.360000000000000000e+02 3.049250000000000000e+03
4.840000000000000000e+02 3.049250000000000000e+03
7.600000000000000000e+01 3.049650000000000091e+03
3.800000000000000000e+02 3.049849999999999909e+03
2.000000000000000000e+01 3.050349999999999909e+03
8.400000000000000000e+01 3.050349999999999909e+03
3.720000000000000000e+02 3.050450000000000273e+03
5.880000000000000000e+02 3.050500000000000000e+03
6.920000000000000000e+02 3.050550000000000182e+03
2.760000000000000000e+02 3.050700000000000273e+03
1.960000000000000000e+02 3.050849999999999909e+03
6.280000000000000000e+02 3.051349999999999909e+03
4.760000000000000000e+02 3.056450000000000273e+03
1.720000000000000000e+02 3.056650000000000091e+03
1.480000000000000000e+02 3.057000000000000000e+03
7.880000000000000000e+02 3.057000000000000000e+03
2.680000000000000000e+02 3.057250000000000000e+03
3.320000000000000000e+02 3.057400000000000091e+03
5.160000000000000000e+02 3.058050000000000182e+03
7.160000000000000000e+02 3.058150000000000091e+03
9.200000000000000000e+01 3.058300000000000182e+03
2.280000000000000000e+02 3.058300000000000182e+03
4.600000000000000000e+02 3.058400000000000091e+03
1.200000000000000000e+01 3.058700000000000273e+03
1.080000000000000000e+02 3.058849999999999909e+03
1.960000000000000000e+02 3.058849999999999909e+03
3.400000000000000000e+02 3.059150000000000091e+03
3.600000000000000000e+01 3.059300000000000182e+03
3.640000000000000000e+02 3.059300000000000182e+03
1.320000000000000000e+02 3.059500000000000000e+03
2.920000000000000000e+02 3.060349999999999909e+03
6.840000000000000000e+02 3.062450000000000273e+03
5.200000000000000000e+01 3.062650000000000091e+03
7.960000000000000000e+02 3.063349999999999909e+03
6.120000000000000000e+02 3.063950000000000273e+03
7.320000000000000000e+02 3.064349999999999909e+03
2.800000000000000000e+01 3.066050000000000182e+03
5.000000000000000000e+02 3.066200000000000273e+03
3.880000000000000000e+02 3.067500000000000000e+03
2.920000000000000000e+02 3.068900000000000091e+03
5.240000000000000000e+02 3.069150000000000091e+03
2.600000000000000000e+02 3.069300000000000182e+03
1.400000000000000000e+02 3.069450000000000273e+03
4.520000000000000000e+02 3.069900000000000091e+03
5.640000000000000000e+02 3.070000000000000000e+03
1.800000000000000000e+02 3.072200000000000273e+03
6.520000000000000000e+02 3.072150000000000091e+03
5.480000000000000000e+02 3.075300000000000182e+03
7.080000000000000000e+02 3.075700000000000273e+03
7.560000000000000000e+02 3.075800000000000182e+03
1.880000000000000000e+02 3.076150000000000091e+03
2.440000000000000000e+02 3.076450000000000273e+03
5.320000000000000000e+02 3.076650000000000091e+03
1.080000000000000000e+02 3.076800000000000182e+03
2.120000000000000000e+02 3.076900000000000091e+03
4.760000000000000000e+02 3.077450000000000273e+03
1.640000000000000000e+02 3.077599999999999909e+03
5.400000000000000000e+02 3.077550000000000182e+03
6.760000000000000000e+02 3.077950000000000273e+03
5.720000000000000000e+02 3.078200000000000273e+03
6.360000000000000000e+02 3.078200000000000273e+03
3.640000000000000000e+02 3.079150000000000091e+03
4.600000000000000000e+02 3.079400000000000091e+03
1.320000000000000000e+02 3.079700000000000273e+03
3.560000000000000000e+02 3.080450000000000273e+03
7.960000000000000000e+02 3.081150000000000091e+03
5.560000000000000000e+02 3.082150000000000091e+03
4.840000000000000000e+02 3.082750000000000000e+03
1.560000000000000000e+02 3.083349999999999909e+03
7.320000000000000000e+02 3.083900000000000091e+03
3.240000000000000000e+02 3.084400000000000091e+03
7.640000000000000000e+02 3.084349999999999909e+03
3.880000000000000000e+02 3.084599999999999909e+03
2.520000000000000000e+02 3.085900000000000091e+03
7.160000000000000000e+02 3.085900000000000091e+03
6.360000000000000000e+02 3.086450000000000273e+03
1.400000000000000000e+02 3.089800000000000182e+03
2.800000000000000000e+01 3.090099999999999909e+03
2.040000000000000000e+02 3.090900000000000091e+03
2.920000000000000000e+02 3.092150000000000091e+03
4.520000000000000000e+02 3.092550000000000182e+03
7.560000000000000000e+02 3.092900000000000091e+03
6.840000000000000000e+02 3.094200000000000273e+03
1.720000000000000000e+02 3.094300000000000182e+03
6.520000000000000000e+02 3.094349999999999909e+03
6.120000000000000000e+02 3.097900000000000091e+03
7.600000000000000000e+01 3.098349999999999909e+03
5.000000000000000000e+02 3.099150000000000091e+03
1.880000000000000000e+02 3.099349999999999909e+03
6.800000000000000000e+01 3.099650000000000091e+03
6.600000000000000000e+02 3.099750000000000000e+03
6.000000000000000000e+01 3.100099999999999909e+03
8.400000000000000000e+01 3.100050000000000182e+03
4.200000000000000000e+02 3.100300000000000182e+03
4.680000000000000000e+02 3.100349999999999909e+03
3.560000000000000000e+02 3.100700000000000273e+03
7.000000000000000000e+02 3.101500000000000000e+03
6.920000000000000000e+02 3.101950000000000273e+03
6.440000000000000000e+02 3.103000000000000000e+03
2.280000000000000000e+02 3.107800000000000182e+03
1.000000000000000000e+02 3.108099999999999909e+03
6.280000000000000000e+02 3.108450000000000273e+03
3.720000000000000000e+02 3.109700000000000273e+03
4.000000000000000000e+00 3.109900000000000091e+03
4.440000000000000000e+02 3.109849999999999909e+03
2.680000000000000000e+02 3.110050000000000182e+03
4.920000000000000000e+02 3.110300000000000182e+03
7.080000000000000000e+02 3.110500000000000000e+03
5.200000000000000000e+01 3.110650000000000091e+03
3.600000000000000000e+01 3.111150000000000091e+03
1.160000000000000000e+02 3.111150000000000091e+03
2.760000000000000000e+02 3.111150000000000091e+03
5.400000000000000000e+02 3.111400000000000091e+03
2.520000000000000000e+02 3.111900000000000091e+03
3.000000000000000000e+02 3.112000000000000000e+03
6.520000000000000000e+02 3.111950000000000273e+03
2.840000000000000000e+02 3.115800000000000182e+03
4.280000000000000000e+02 3.119000000000000000e+03
1.800000000000000000e+02 3.119050000000000182e+03
8.400000000000000000e+01 3.119349999999999909e+03
3.480000000000000000e+02 3.120700000000000273e+03
3.000000000000000000e+02 3.121400000000000091e+03
7.880000000000000000e+02 3.121900000000000091e+03
7.560000000000000000e+02 3.122500000000000000e+03
4.600000000000000000e+02 3.125349999999999909e+03
4.040000000000000000e+02 3.127300000000000182e+03
1.000000000000000000e+02 3.128150000000000091e+03
7.400000000000000000e+02 3.128150000000000091e+03
6.920000000000000000e+02 3.128300000000000182e+03
5.640000000000000000e+02 3.128400000000000091e+03
1.720000000000000000e+02 3.129400000000000091e+03
1.240000000000000000e+02 3.130200000000000273e+03
7.600000000000000000e+01 3.130300000000000182e+03
1.200000000000000000e+01 3.130349999999999909e+03
5.000000000000000000e+02 3.130349999999999909e+03
2.120000000000000000e+02 3.130650000000000091e+03
1.480000000000000000e+02 3.130849999999999909e+03
1.800000000000000000e+02 3.132200000000000273e+03
5.320000000000000000e+02 3.132950000000000273e+03
7.320000000000000000e+02 3.133150000000000091e+03
4.680000000000000000e+02 3.133599999999999909e+03
3.960000000000000000e+02 3.133900000000000091e+03
3.080000000000000000e+02 3.136500000000000000e+03
6.200000000000000000e+02 3.136700000000000273e+03
4.840000000000000000e+02 3.137200000000000273e+03
1.960000000000000000e+02 3.137500000000000000e+03
3.600000000000000000e+01 3.138349999999999909e+03
6.840000000000000000e+02 3.141000000000000000e+03
7.480000000000000000e+02 3.141400000000000091e+03
7.720000000000000000e+02 3.141650000000000091e+03
1.160000000000000000e+02 3.142550000000000182e+03
7.320000000000000000e+02 3.143950000000000273e+03
4.000000000000000000e+00 3.144200000000000273e+03
2.120000000000000000e+02 3.144599999999999909e+03
1.240000000000000000e+02 3.144750000000000000e+03
6.360000000000000000e+02 3.145849999999999909e+03
6.120000000000000000e+02 3.146050000000000182e+03
5.000000000000000000e+02 3.147650000000000091e+03
3.640000000000000000e+02 3.148800000000000182e+03
3.960000000000000000e+02 3.148900000000000091e+03
6.680000000000000000e+02 3.149200000000000273e+03
3.560000000000000000e+02 3.149700000000000273e+03
3.160000000000000000e+02 3.150000000000000000e+03
4.120000000000000000e+02 3.149950000000000273e+03
3.720000000000000000e+02 3.150250000000000000e+03
4.680000000000000000e+02 3.150300000000000182e+03
4.440000000000000000e+02 3.150849999999999909e+03
5.560000000000000000e+02 3.151400000000000091e+03
5.800000000000000000e+02 3.151650000000000091e+03
7.720000000000000000e+02 3.152000000000000000e+03
2.040000000000000000e+02 3.152650000000000091e+03
1.640000000000000000e+02 3.153200000000000273e+03
6.520000000000000000e+02 3.153150000000000091e+03
4.760000000000000000e+02 3.153750000000000000e+03
6.200000000000000000e+02 3.154150000000000091e+03
7.000000000000000000e+02 3.154700000000000273e+03
3.880000000000000000e+02 3.156750000000000000e+03
7.880000000000000000e+02 3.157500000000000000e+03
7.160000000000000000e+02 3.159950000000000273e+03
2.920000000000000000e+02 3.160150000000000091e+03
4.680000000000000000e+02 3.160800000000000182e+03
1.200000000000000000e+01 3.161050000000000182e+03
4.520000000000000000e+02 3.162700000000000273e+03
5.240000000000000000e+02 3.163050000000000182e+03
2.200000000000000000e+02 3.164950000000000273e+03
6.280000000000000000e+02 3.165500000000000000e+03
3.600000000000000000e+01 3.168400000000000091e+03
4.440000000000000000e+02 3.168750000000000000e+03
2.800000000000000000e+01 3.169000000000000000e+03
6.680000000000000000e+02 3.170000000000000000e+03
5.720000000000000000e+02 3.170349999999999909e+03
3.720000000000000000e+02 3.171400000000000091e+03
2.600000000000000000e+02 3.171700000000000273e+03
2.360000000000000000e+02 3.172150000000000091e+03
6.800000000000000000e+01 3.172599999999999909e+03
3.560000000000000000e+02 3.173700000000000273e+03
4.600000000000000000e+02 3.173900000000000091e+03
2.680000000000000000e+02 3.174800000000000182e+03
7.720000000000000000e+02 3.175349999999999909e+03
5.480000000000000000e+02 3.175650000000000091e+03
7.000000000000000000e+02 3.175700000000000273e+03
5.080000000000000000e+02 3.179349999999999909e+03
5.320000000000000000e+02 3.180800000000000182e+03
6.200000000000000000e+02 3.181450000000000273e+03
3.480000000000000000e+02 3.182200000000000273e+03
3.960000000000000000e+02 3.182200000000000273e+03
4.520000000000000000e+02 3.182700000000000273e+03
1.240000000000000000e+02 3.184150000000000091e+03
1.720000000000000000e+02 3.184500000000000000e+03
5.200000000000000000e+01 3.184650000000000091e+03
4.360000000000000000e+02 3.185950000000000273e+03
1.080000000000000000e+02 3.186349999999999909e+03
1.000000000000000000e+02 3.187800000000000182e+03
9.200000000000000000e+01 3.188000000000000000e+03
5.800000000000000000e+02 3.190900000000000091e+03
1.800000000000000000e+02 3.191700000000000273e+03
5.480000000000000000e+02 3.192800000000000182e+03
6.000000000000000000e+01 3.193800000000000182e+03
5.000000000000000000e+02 3.194900000000000091e+03
2.440000000000000000e+02 3.195300000000000182e+03
4.120000000000000000e+02 3.195599999999999909e+03
7.000000000000000000e+02 3.195550000000000182e+03
2.000000000000000000e+01 3.195750000000000000e+03
7.640000000000000000e+02 3.196050000000000182e+03
5.640000000000000000e+02 3.196500000000000000e+03
2.840000000000000000e+02 3.197400000000000091e+03
5.160000000000000000e+02 3.198349999999999909e+03
7.160000000000000000e+02 3.199550000000000182e+03
4.440000000000000000e+02 3.200200000000000273e+03
4.920000000000000000e+02 3.200599999999999909e+03
4.000000000000000000e+00 3.202250000000000000e+03
1.160000000000000000e+02 3.202599999999999909e+03
2.800000000000000000e+01 3.202650000000000091e+03
5.960000000000000000e+02 3.202900000000000091e+03
1.080000000000000000e+02 3.203450000000000273e+03
3.800000000000000000e+02 3.204349999999999909e+03
3.560000000000000000e+02 3.204450000000000273e+03
3.600000000000000000e+01 3.206250000000000000e+03
7.600000000000000000e+01 3.208050000000000182e+03
6.520000000000000000e+02 3.208400000000000091e+03
3.880000000000000000e+02 3.208750000000000000e+03
5.400000000000000000e+02 3.209150000000000091e+03
6.440000000000000000e+02 3.209400000000000091e+03
4.120000000000000000e+02 3.209450000000000273e+03
7.080000000000000000e+02 3.210150000000000091e+03
7.400000000000000000e+02 3.210300000000000182e+03
4.200000000000000000e+02 3.210750000000000000e+03
5.560000000000000000e+02 3.211550000000000182e+03
5.080000000000000000e+02 3.212099999999999909e+03
1.160000000000000000e+02 3.212599999999999909e+03
5.960000000000000000e+02 3.213200000000000273e+03
2.760000000000000000e+02 3.213849999999999909e+03
1.320000000000000000e+02 3.215500000000000000e+03
2.800000000000000000e+01 3.215950000000000273e+03
2.000000000000000000e+01 3.216050000000000182e+03
7.160000000000000000e+02 3.216150000000000091e+03
1.480000000000000000e+02 3.216750000000000000e+03
5.880000000000000000e+02 3.218349999999999909e+03
4.360000000000000000e+02 3.218450000000000273e+03
1.640000000000000000e+02 3.219000000000000000e+03
6.600000000000000000e+02 3.219750000000000000e+03
5.200000000000000000e+01 3.222500000000000000e+03
2.360000000000000000e+02 3.222950000000000273e+03
5.000000000000000000e+02 3.223750000000000000e+03
1.400000000000000000e+02 3.225050000000000182e+03
1.200000000000000000e+01 3.225700000000000273e+03
5.560000000000000000e+02 3.225750000000000000e+03
1.960000000000000000e+02 3.225950000000000273e+03
1.080000000000000000e+02 3.226099999999999909e+03
2.000000000000000000e+01 3.227500000000000000e+03
4.040000000000000000e+02 3.227950000000000273e+03
7.800000000000000000e+02 3.229599999999999909e+03
2.280000000000000000e+02 3.230500000000000000e+03
3.240000000000000000e+02 3.230900000000000091e+03
4.840000000000000000e+02 3.231500000000000000e+03
6.760000000000000000e+02 3.231550000000000182e+03
3.880000000000000000e+02 3.232099999999999909e+03
5.080000000000000000e+02 3.232099999999999909e+03
7.640000000000000000e+02 3.232050000000000182e+03
7.480000000000000000e+02 3.232400000000000091e+03
5.800000000000000000e+02 3.232599999999999909e+03
6.440000000000000000e+02 3.232650000000000091e+03
4.280000000000000000e+02 3.232750000000000000e+03
7.160000000000000000e+02 3.232800000000000182e+03
2.800000000000000000e+01 3.233050000000000182e+03
3.400000000000000000e+02 3.233200000000000273e+03
7.560000000000000000e+02 3.236599999999999909e+03
5.640000000000000000e+02 3.238250000000000000e+03
2.440000000000000000e+02 3.238750000000000000e+03
8.400000000000000000e+01 3.240250000000000000e+03
3.080000000000000000e+02 3.240550000000000182e+03
6.800000000000000000e+01 3.241300000000000182e+03
3.720000000000000000e+02 3.241250000000000000e+03
6.200000000000000000e+02 3.241500000000000000e+03
5.160000000000000000e+02 3.241700000000000273e+03
5.000000000000000000e+02 3.241800000000000182e+03
3.800000000000000000e+02 3.242000000000000000e+03
4.680000000000000000e+02 3.243150000000000091e+03
6.840000000000000000e+02 3.243250000000000000e+03
1.400000000000000000e+02 3.243900000000000091e+03
7.720000000000000000e+02 3.245200000000000273e+03
5.240000000000000000e+02 3.245550000000000182e+03
6.280000000000000000e+02 3.247300000000000182e+03
4.120000000000000000e+02 3.248450000000000273e+03
2.000000000000000000e+01 3.248900000000000091e+03
4.200000000000000000e+02 3.248900000000000091e+03
4.760000000000000000e+02 3.249150000000000091e+03
7.880000000000000000e+02 3.249950000000000273e+03
6.840000000000000000e+02 3.250849999999999909e+03
2.840000000000000000e+02 3.251150000000000091e+03
3.320000000000000000e+02 3.251349999999999909e+03
6.760000000000000000e+02 3.251500000000000000e+03
7.640000000000000000e+02 3.251750000000000000e+03
2.680000000000000000e+02 3.252000000000000000e+03
1.560000000000000000e+02 3.252300000000000182e+03
4.680000000000000000e+02 3.252599999999999909e+03
2.360000000000000000e+02 3.257099999999999909e+03
1.800000000000000000e+02 3.257800000000000182e+03
2.760000000000000000e+02 3.258400000000000091e+03
1.240000000000000000e+02 3.258450000000000273e+03
6.800000000000000000e+01 3.258750000000000000e+03
5.560000000000000000e+02 3.259200000000000273e+03
7.160000000000000000e+02 3.259200000000000273e+03
4.600000000000000000e+02 3.259599999999999909e+03
6.360000000000000000e+02 3.259550000000000182e+03
1.320000000000000000e+02 3.260000000000000000e+03
2.200000000000000000e+02 3.260099999999999909e+03
3.160000000000000000e+02 3.260250000000000000e+03
5.480000000000000000e+02 3.260650000000000091e+03
9.200000000000000000e+01 3.261000000000000000e+03
1.720000000000000000e+02 3.261950000000000273e+03
2.280000000000000000e+02 3.266750000000000000e+03
4.040000000000000000e+02 3.267099999999999909e+03
5.200000000000000000e+01 3.268150000000000091e+03
5.880000000000000000e+02 3.268200000000000273e+03
4.000000000000000000e+00 3.268349999999999909e+03
4.400000000000000000e+01 3.268599999999999909e+03
1.000000000000000000e+02 3.268650000000000091e+03
4.520000000000000000e+02 3.268900000000000091e+03
2.800000000000000000e+01 3.269200000000000273e+03
5.000000000000000000e+02 3.269349999999999909e+03
1.160000000000000000e+02 3.269950000000000273e+03
5.320000000000000000e+02 3.270000000000000000e+03
7.480000000000000000e+02 3.275099999999999909e+03
4.440000000000000000e+02 3.276550000000000182e+03
6.440000000000000000e+02 3.276849999999999909e+03
1.200000000000000000e+01 3.277950000000000273e+03
2.120000000000000000e+02 3.277950000000000273e+03
2.600000000000000000e+02 3.278400000000000091e+03
2.760000000000000000e+02 3.279000000000000000e+03
4.760000000000000000e+02 3.279050000000000182e+03
7.080000000000000000e+02 3.279200000000000273e+03
7.320000000000000000e+02 3.279200000000000273e+03
4.680000000000000000e+02 3.279900000000000091e+03
5.560000000000000000e+02 3.280000000000000000e+03
6.760000000000000000e+02 3.280050000000000182e+03
3.240000000000000000e+02 3.280200000000000273e+03
5.640000000000000000e+02 3.280150000000000091e+03
6.520000000000000000e+02 3.282400000000000091e+03
3.800000000000000000e+02 3.285349999999999909e+03
3.160000000000000000e+02 3.285599999999999909e+03
4.400000000000000000e+01 3.285650000000000091e+03
2.000000000000000000e+01 3.286349999999999909e+03
4.520000000000000000e+02 3.286900000000000091e+03
6.280000000000000000e+02 3.287150000000000091e+03
1.800000000000000000e+02 3.287550000000000182e+03
6.120000000000000000e+02 3.287900000000000091e+03
9.200000000000000000e+01 3.288050000000000182e+03
2.600000000000000000e+02 3.288650000000000091e+03
7.400000000000000000e+02 3.289800000000000182e+03
1.080000000000000000e+02 3.291250000000000000e+03
1.640000000000000000e+02 3.293950000000000273e+03
1.240000000000000000e+02 3.295400000000000091e+03
1.560000000000000000e+02 3.295950000000000273e+03
5.640000000000000000e+02 3.296050000000000182e+03
3.480000000000000000e+02 3.296349999999999909e+03
2.440000000000000000e+02 3.296599999999999909e+03
5.560000000000000000e+02 3.296599999999999909e+03
7.080000000000000000e+02 3.297000000000000000e+03
7.240000000000000000e+02 3.297050000000000182e+03
5.080000000000000000e+02 3.297250000000000000e+03
3.320000000000000000e+02 3.304349999999999909e+03
7.960000000000000000e+02 3.304400000000000091e+03
5.320000000000000000e+02 3.304450000000000273e+03
1.000000000000000000e+02 3.305099999999999909e+03
3.240000000000000000e+02 3.305099999999999909e+03
7.720000000000000000e+02 3.305450000000000273e+03
3.880000000000000000e+02 3.306050000000000182e+03
2.520000000000000000e+02 3.307050000000000182e+03
1.400000000000000000e+02 3.307200000000000273e+03
3.720000000000000000e+02 3.307800000000000182e+03
5.000000000000000000e+02 3.308800000000000182e+03
5.560000000000000000e+02 3.310150000000000091e+03
6.120000000000000000e+02 3.311700000000000273e+03
1.960000000000000000e+02 3.312450000000000273e+03
6.520000000000000000e+02 3.312849999999999909e+03
2.040000000000000000e+02 3.313550000000000182e+03
4.360000000000000000e+02 3.314200000000000273e+03
7.240000000000000000e+02 3.314750000000000000e+03
2.280000000000000000e+02 3.315250000000000000e+03
5.400000000000000000e+02 3.315599999999999909e+03
7.320000000000000000e+02 3.317050000000000182e+03
1.320000000000000000e+02 3.319599999999999909e+03
3.400000000000000000e+02 3.320500000000000000e+03
7.080000000000000000e+02 3.320849999999999909e+03
1.000000000000000000e+02 3.322800000000000182e+03
7.160000000000000000e+02 3.322800000000000182e+03
3.560000000000000000e+02 3.325500000000000000e+03
3.080000000000000000e+02 3.325849999999999909e+03
6.520000000000000000e+02 3.326099999999999909e+03
5.880000000000000000e+02 3.326400000000000091e+03
7.400000000000000000e+02 3.326650000000000091e+03
5.640000000000000000e+02 3.326950000000000273e+03
4.600000000000000000e+02 3.327099999999999909e+03
5.960000000000000000e+02 3.327400000000000091e+03
7.600000000000000000e+01 3.327500000000000000e+03
6.680000000000000000e+02 3.327950000000000273e+03
3.320000000000000000e+02 3.329150000000000091e+03
2.040000000000000000e+02 3.329349999999999909e+03
4.280000000000000000e+02 3.331099999999999909e+03
6.920000000000000000e+02 3.331700000000000273e+03
6.040000000000000000e+02 3.331849999999999909e+03
2.840000000000000000e+02 3.332500000000000000e+03
1.640000000000000000e+02 3.332800000000000182e+03
7.400000000000000000e+02 3.332900000000000091e+03
1.160000000000000000e+02 3.333099999999999909e+03
6.600000000000000000e+02 3.333300000000000182e+03
3.400000000000000000e+02 3.333750000000000000e+03
6.840000000000000000e+02 3.334550000000000182e+03
4.200000000000000000e+02 3.335250000000000000e+03
1.560000000000000000e+02 3.339250000000000000e+03
5.000000000000000000e+02 3.339300000000000182e+03
2.440000000000000000e+02 3.339849999999999909e+03
6.440000000000000000e+02 3.340400000000000091e+03
7.560000000000000000e+02 3.340700000000000273e+03
2.200000000000000000e+02 3.340950000000000273e+03
7.480000000000000000e+02 3.341050000000000182e+03
5.240000000000000000e+02 3.341800000000000182e+03
6.360000000000000000e+02 3.341900000000000091e+03
5.560000000000000000e+02 3.342099999999999909e+03
4.000000000000000000e+00 3.342700000000000273e+03
1.400000000000000000e+02 3.342900000000000091e+03
2.800000000000000000e+01 3.343300000000000182e+03
2.360000000000000000e+02 3.343599999999999909e+03
3.320000000000000000e+02 3.346750000000000000e+03
2.120000000000000000e+02 3.349050000000000182e+03
4.440000000000000000e+02 3.350250000000000000e+03
7.080000000000000000e+02 3.350450000000000273e+03
7.720000000000000000e+02 3.350950000000000273e+03
5.320000000000000000e+02 3.351050000000000182e+03
5.640000000000000000e+02 3.351099999999999909e+03
3.880000000000000000e+02 3.351250000000000000e+03
7.160000000000000000e+02 3.354050000000000182e+03
4.040000000000000000e+02 3.356050000000000182e+03
2.800000000000000000e+01 3.362750000000000000e+03
5.800000000000000000e+02 3.372950000000000273e+03
6.440000000000000000e+02 3.372950000000000273e+03
4.520000000000000000e+02 3.373099999999999909e+03
8.400000000000000000e+01 3.375250000000000000e+03
2.680000000000000000e+02 3.380550000000000182e+03
6.760000000000000000e+02 3.381250000000000000e+03
4.440000000000000000e+02 3.383050000000000182e+03
3.640000000000000000e+02 3.389099999999999909e+03
3.160000000000000000e+02 3.393849999999999909e+03
2.520000000000000000e+02 3.395150000000000091e+03
7.160000000000000000e+02 3.399750000000000000e+03
7.600000000000000000e+01 3.405300000000000182e+03
3.080000000000000000e+02 3.408650000000000091e+03
1.720000000000000000e+02 3.410099999999999909e+03
5.320000000000000000e+02 3.412500000000000000e+03
3.320000000000000000e+02 3.415349999999999909e+03
6.040000000000000000e+02 3.419599999999999909e+03
3.080000000000000000e+02 3.421500000000000000e+03
9.200000000000000000e+01 3.426400000000000091e+03
5.800000000000000000e+02 3.427250000000000000e+03
5.160000000000000000e+02 3.431200000000000273e+03
6.360000000000000000e+02 3.434250000000000000e+03
5.560000000000000000e+02 3.457099999999999909e+03
5.960000000000000000e+02 3.472099999999999909e+03
7.080000000000000000e+02 3.489849999999999909e+03
1.640000000000000000e+02 3.569700000000000273e+03
1.080000000000000000e+02 3.583050000000000182e+03
7.160000000000000000e+02 3.590500000000000000e+03
3.960000000000000000e+02 3.591550000000000182e+03
9.200000000000000000e+01 3.595950000000000273e+03
4.200000000000000000e+02 3.606200000000000273e+03
2.040000000000000000e+02 3.607000000000000000e+03
7.000000000000000000e+02 3.607349999999999909e+03
7.240000000000000000e+02 3.610450000000000273e+03
3.400000000000000000e+02 3.613700000000000273e+03
3.960000000000000000e+02 3.614800000000000182e+03
2.600000000000000000e+02 3.615349999999999909e+03
9.200000000000000000e+01 3.616599999999999909e+03
3.240000000000000000e+02 3.616849999999999909e+03
5.000000000000000000e+02 3.620500000000000000e+03
2.800000000000000000e+01 3.622599999999999909e+03
5.200000000000000000e+01 3.622950000000000273e+03
3.000000000000000000e+02 3.623800000000000182e+03
4.520000000000000000e+02 3.624099999999999909e+03
3.480000000000000000e+02 3.624450000000000273e+03
7.240000000000000000e+02 3.624550000000000182e+03
7.480000000000000000e+02 3.625200000000000273e+03
2.840000000000000000e+02 3.625250000000000000e+03
2.600000000000000000e+02 3.625550000000000182e+03
3.080000000000000000e+02 3.625750000000000000e+03
3.880000000000000000e+02 3.625849999999999909e+03
6.280000000000000000e+02 3.625900000000000091e+03
5.320000000000000000e+02 3.626150000000000091e+03
5.720000000000000000e+02 3.626250000000000000e+03
4.680000000000000000e+02 3.626349999999999909e+03
6.200000000000000000e+02 3.626349999999999909e+03
1.560000000000000000e+02 3.626900000000000091e+03
1.640000000000000000e+02 3.626849999999999909e+03
3.600000000000000000e+01 3.627000000000000000e+03
4.400000000000000000e+01 3.627000000000000000e+03
4.600000000000000000e+02 3.626950000000000273e+03
6.600000000000000000e+02 3.627000000000000000e+03
6.000000000000000000e+01 3.627050000000000182e+03
7.960000000000000000e+02 3.627050000000000182e+03
5.400000000000000000e+02 3.627200000000000273e+03
6.120000000000000000e+02 3.627150000000000091e+03
5.960000000000000000e+02 3.627250000000000000e+03
1.400000000000000000e+02 3.627349999999999909e+03
4.760000000000000000e+02 3.627400000000000091e+03
7.880000000000000000e+02 3.627400000000000091e+03
1.800000000000000000e+02 3.627599999999999909e+03
3.560000000000000000e+02 3.627550000000000182e+03
5.800000000000000000e+02 3.627650000000000091e+03
5.880000000000000000e+02 3.627700000000000273e+03
6.440000000000000000e+02 3.627700000000000273e+03
6.840000000000000000e+02 3.627700000000000273e+03
6.920000000000000000e+02 3.627700000000000273e+03
7.640000000000000000e+02 3.627700000000000273e+03
7.800000000000000000e+02 3.627750000000000000e+03
1.320000000000000000e+02 3.627900000000000091e+03
2.760000000000000000e+02 3.627900000000000091e+03
3.240000000000000000e+02 3.627849999999999909e+03
3.400000000000000000e+02 3.627849999999999909e+03
4.920000000000000000e+02 3.627849999999999909e+03
6.520000000000000000e+02 3.627849999999999909e+03
7.320000000000000000e+02 3.627849999999999909e+03
5.200000000000000000e+01 3.628000000000000000e+03
4.120000000000000000e+02 3.627950000000000273e+03
6.040000000000000000e+02 3.627950000000000273e+03
7.560000000000000000e+02 3.628000000000000000e+03
1.080000000000000000e+02 3.628099999999999909e+03
1.240000000000000000e+02 3.628099999999999909e+03
3.800000000000000000e+02 3.628050000000000182e+03
4.360000000000000000e+02 3.628099999999999909e+03
5.560000000000000000e+02 3.628050000000000182e+03
3.160000000000000000e+02 3.628200000000000273e+03
6.360000000000000000e+02 3.628200000000000273e+03
4.000000000000000000e+00 3.628300000000000182e+03
2.800000000000000000e+01 3.628250000000000000e+03
6.800000000000000000e+01 3.628250000000000000e+03
1.960000000000000000e+02 3.628300000000000182e+03
2.520000000000000000e+02 3.628300000000000182e+03
3.720000000000000000e+02 3.628250000000000000e+03
4.440000000000000000e+02 3.628300000000000182e+03
5.480000000000000000e+02 3.628250000000000000e+03
8.400000000000000000e+01 3.628349999999999909e+03
9.200000000000000000e+01 3.628349999999999909e+03
1.000000000000000000e+02 3.628400000000000091e+03
1.720000000000000000e+02 3.628400000000000091e+03
2.440000000000000000e+02 3.628349999999999909e+03
4.840000000000000000e+02 3.628400000000000091e+03
7.160000000000000000e+02 3.628400000000000091e+03
2.120000000000000000e+02 3.628500000000000000e+03
4.520000000000000000e+02 3.628450000000000273e+03
1.880000000000000000e+02 3.628599999999999909e+03
3.320000000000000000e+02 3.628599999999999909e+03
3.960000000000000000e+02 3.628550000000000182e+03
2.200000000000000000e+02 3.628650000000000091e+03
2.280000000000000000e+02 3.628650000000000091e+03
5.000000000000000000e+02 3.628650000000000091e+03
7.400000000000000000e+02 3.628700000000000273e+03
7.720000000000000000e+02 3.628650000000000091e+03
3.000000000000000000e+02 3.628750000000000000e+03
4.200000000000000000e+02 3.628800000000000182e+03
4.280000000000000000e+02 3.628750000000000000e+03
6.680000000000000000e+02 3.628800000000000182e+03
5.240000000000000000e+02 3.628900000000000091e+03
6.760000000000000000e+02 3.628849999999999909e+03
7.240000000000000000e+02 3.628900000000000091e+03
2.000000000000000000e+01 3.628950000000000273e+03
1.480000000000000000e+02 3.629000000000000000e+03
7.480000000000000000e+02 3.629099999999999909e+03
2.040000000000000000e+02 3.629200000000000273e+03
2.680000000000000000e+02 3.629349999999999909e+03
3.640000000000000000e+02 3.629349999999999909e+03
5.080000000000000000e+02 3.629349999999999909e+03
7.000000000000000000e+02 3.629400000000000091e+03
1.160000000000000000e+02 3.629500000000000000e+03
2.360000000000000000e+02 3.629500000000000000e+03
4.040000000000000000e+02 3.629650000000000091e+03
5.160000000000000000e+02 3.629700000000000273e+03
6.200000000000000000e+02 3.629650000000000091e+03
7.080000000000000000e+02 3.629750000000000000e+03
6.280000000000000000e+02 3.630050000000000182e+03
5.640000000000000000e+02 3.630349999999999909e+03
3.080000000000000000e+02 3.630750000000000000e+03
7.640000000000000000e+02 3.631200000000000273e+03
5.880000000000000000e+02 3.631849999999999909e+03
4.600000000000000000e+02 3.632000000000000000e+03
8.400000000000000000e+01 3.632349999999999909e+03
3.960000000000000000e+02 3.632500000000000000e+03
1.720000000000000000e+02 3.633550000000000182e+03
1.560000000000000000e+02 3.633700000000000273e+03
2.920000000000000000e+02 3.633849999999999909e+03
7.320000000000000000e+02 3.633849999999999909e+03
2.840000000000000000e+02 3.639300000000000182e+03
6.800000000000000000e+01 3.639650000000000091e+03
7.560000000000000000e+02 3.640400000000000091e+03
5.640000000000000000e+02 3.641050000000000182e+03
1.640000000000000000e+02 3.647300000000000182e+03
1.400000000000000000e+02 3.654700000000000273e+03
1.200000000000000000e+01 3.658599999999999909e+03
6.040000000000000000e+02 3.659050000000000182e+03
4.000000000000000000e+00 3.659200000000000273e+03
4.280000000000000000e+02 3.661950000000000273e+03
3.640000000000000000e+02 3.663650000000000091e+03
4.920000000000000000e+02 3.664400000000000091e+03
6.800000000000000000e+01 3.667900000000000091e+03
5.320000000000000000e+02 3.669300000000000182e+03
6.680000000000000000e+02 3.670700000000000273e+03
5.800000000000000000e+02 3.681599999999999909e+03
5.000000000000000000e+02 3.682349999999999909e+03
4.400000000000000000e+01 3.682800000000000182e+03
3.720000000000000000e+02 3.685800000000000182e+03
1.880000000000000000e+02 3.692599999999999909e+03
6.040000000000000000e+02 3.696000000000000000e+03
2.200000000000000000e+02 3.696700000000000273e+03
7.160000000000000000e+02 3.697450000000000273e+03
4.520000000000000000e+02 3.708300000000000182e+03
4.840000000000000000e+02 3.708700000000000273e+03
3.000000000000000000e+02 3.711000000000000000e+03
4.920000000000000000e+02 3.711349999999999909e+03
1.240000000000000000e+02 3.717700000000000273e+03
2.000000000000000000e+01 3.719750000000000000e+03
6.800000000000000000e+01 3.727650000000000091e+03
5.480000000000000000e+02 3.747550000000000182e+03
6.520000000000000000e+02 3.755900000000000091e+03
1.880000000000000000e+02 3.767250000000000000e+03
1.960000000000000000e+02 3.769050000000000182e+03
5.400000000000000000e+02 3.769650000000000091e+03
2.040000000000000000e+02 3.770349999999999909e+03
2.280000000000000000e+02 3.772200000000000273e+03
1.720000000000000000e+02 3.779900000000000091e+03
4.280000000000000000e+02 3.787150000000000091e+03
5.720000000000000000e+02 3.788000000000000000e+03
1.560000000000000000e+02 3.789250000000000000e+03
7.600000000000000000e+01 3.791150000000000091e+03
6.040000000000000000e+02 3.792050000000000182e+03
5.000000000000000000e+02 3.793099999999999909e+03
2.360000000000000000e+02 3.794599999999999909e+03
4.920000000000000000e+02 3.794700000000000273e+03
5.640000000000000000e+02 3.794650000000000091e+03
4.760000000000000000e+02 3.795849999999999909e+03
1.720000000000000000e+02 3.795950000000000273e+03
3.240000000000000000e+02 3.801450000000000273e+03
6.520000000000000000e+02 3.802150000000000091e+03
7.400000000000000000e+02 3.803849999999999909e+03
5.000000000000000000e+02 3.804550000000000182e+03
7.960000000000000000e+02 3.804650000000000091e+03
6.840000000000000000e+02 3.807349999999999909e+03
1.240000000000000000e+02 3.807800000000000182e+03
7.880000000000000000e+02 3.809450000000000273e+03
1.560000000000000000e+02 3.810849999999999909e+03
2.800000000000000000e+01 3.811200000000000273e+03
6.800000000000000000e+01 3.811750000000000000e+03
2.120000000000000000e+02 3.811800000000000182e+03
7.160000000000000000e+02 3.812300000000000182e+03
6.920000000000000000e+02 3.812599999999999909e+03
6.440000000000000000e+02 3.812650000000000091e+03
5.800000000000000000e+02 3.813099999999999909e+03
4.520000000000000000e+02 3.813500000000000000e+03
4.680000000000000000e+02 3.813849999999999909e+03
1.800000000000000000e+02 3.815050000000000182e+03
2.360000000000000000e+02 3.815050000000000182e+03
2.680000000000000000e+02 3.815650000000000091e+03
1.200000000000000000e+01 3.816599999999999909e+03
1.480000000000000000e+02 3.817250000000000000e+03
1.320000000000000000e+02 3.818250000000000000e+03
4.600000000000000000e+02 3.819300000000000182e+03
3.600000000000000000e+01 3.819550000000000182e+03
5.000000000000000000e+02 3.819750000000000000e+03
3.560000000000000000e+02 3.819849999999999909e+03
5.080000000000000000e+02 3.820400000000000091e+03
5.560000000000000000e+02 3.821500000000000000e+03
1.880000000000000000e+02 3.822800000000000182e+03
6.600000000000000000e+02 3.824900000000000091e+03
1.720000000000000000e+02 3.826400000000000091e+03
3.320000000000000000e+02 3.826599999999999909e+03
6.000000000000000000e+01 3.826849999999999909e+03
5.320000000000000000e+02 3.827150000000000091e+03
1.400000000000000000e+02 3.827450000000000273e+03
2.680000000000000000e+02 3.827950000000000273e+03
1.240000000000000000e+02 3.828300000000000182e+03
1.320000000000000000e+02 3.830099999999999909e+03
7.160000000000000000e+02 3.830150000000000091e+03
7.600000000000000000e+01 3.830500000000000000e+03
1.560000000000000000e+02 3.831000000000000000e+03
4.000000000000000000e+00 3.832750000000000000e+03
5.160000000000000000e+02 3.833700000000000273e+03
2.040000000000000000e+02 3.835650000000000091e+03
4.120000000000000000e+02 3.836400000000000091e+03
5.480000000000000000e+02 3.836349999999999909e+03
4.400000000000000000e+01 3.837500000000000000e+03
1.400000000000000000e+02 3.843849999999999909e+03
5.080000000000000000e+02 3.845000000000000000e+03
7.480000000000000000e+02 3.845849999999999909e+03
7.240000000000000000e+02 3.846550000000000182e+03
6.600000000000000000e+02 3.847849999999999909e+03
4.920000000000000000e+02 3.848950000000000273e+03
4.600000000000000000e+02 3.850700000000000273e+03
6.760000000000000000e+02 3.850800000000000182e+03
4.440000000000000000e+02 3.851150000000000091e+03
2.600000000000000000e+02 3.860750000000000000e+03
2.920000000000000000e+02 3.861200000000000273e+03
4.520000000000000000e+02 3.862349999999999909e+03
4.040000000000000000e+02 3.866700000000000273e+03
2.040000000000000000e+02 3.868150000000000091e+03
5.640000000000000000e+02 3.868200000000000273e+03
4.360000000000000000e+02 3.868950000000000273e+03
5.720000000000000000e+02 3.869200000000000273e+03
4.680000000000000000e+02 3.869800000000000182e+03
5.400000000000000000e+02 3.874849999999999909e+03
1.960000000000000000e+02 3.875200000000000273e+03
7.600000000000000000e+01 3.878150000000000091e+03
3.560000000000000000e+02 3.879849999999999909e+03
3.160000000000000000e+02 3.880000000000000000e+03
8.400000000000000000e+01 3.880200000000000273e+03
2.360000000000000000e+02 3.882200000000000273e+03
5.320000000000000000e+02 3.884400000000000091e+03
1.160000000000000000e+02 3.885000000000000000e+03
4.280000000000000000e+02 3.885550000000000182e+03
5.480000000000000000e+02 3.885849999999999909e+03
5.640000000000000000e+02 3.887150000000000091e+03
1.240000000000000000e+02 3.888950000000000273e+03
4.400000000000000000e+01 3.891200000000000273e+03
6.040000000000000000e+02 3.891800000000000182e+03
3.480000000000000000e+02 3.899050000000000182e+03
1.560000000000000000e+02 3.899550000000000182e+03
5.000000000000000000e+02 3.900550000000000182e+03
2.600000000000000000e+02 3.902099999999999909e+03
1.720000000000000000e+02 3.903250000000000000e+03
2.520000000000000000e+02 3.915550000000000182e+03
6.920000000000000000e+02 3.917750000000000000e+03
6.800000000000000000e+01 3.918349999999999909e+03
6.680000000000000000e+02 3.919849999999999909e+03
2.840000000000000000e+02 3.919950000000000273e+03
2.280000000000000000e+02 3.921500000000000000e+03
5.400000000000000000e+02 3.925500000000000000e+03
3.880000000000000000e+02 3.925650000000000091e+03
1.160000000000000000e+02 3.927700000000000273e+03
7.320000000000000000e+02 3.928150000000000091e+03
3.560000000000000000e+02 3.928349999999999909e+03
3.480000000000000000e+02 3.928550000000000182e+03
2.920000000000000000e+02 3.929250000000000000e+03
4.200000000000000000e+02 3.929300000000000182e+03
6.760000000000000000e+02 3.929250000000000000e+03
5.960000000000000000e+02 3.929599999999999909e+03
1.960000000000000000e+02 3.930000000000000000e+03
6.000000000000000000e+01 3.933150000000000091e+03
7.560000000000000000e+02 3.935900000000000091e+03
4.600000000000000000e+02 3.938950000000000273e+03
7.640000000000000000e+02 3.943650000000000091e+03
1.160000000000000000e+02 3.945450000000000273e+03
7.720000000000000000e+02 3.946099999999999909e+03
2.920000000000000000e+02 3.946250000000000000e+03
4.400000000000000000e+01 3.947050000000000182e+03
2.360000000000000000e+02 3.947200000000000273e+03
2.040000000000000000e+02 3.947550000000000182e+03
4.000000000000000000e+00 3.947950000000000273e+03
2.200000000000000000e+02 3.950300000000000182e+03
2.840000000000000000e+02 3.950800000000000182e+03
1.880000000000000000e+02 3.956750000000000000e+03
6.200000000000000000e+02 3.958050000000000182e+03
5.880000000000000000e+02 3.958599999999999909e+03
4.760000000000000000e+02 3.965500000000000000e+03
7.720000000000000000e+02 3.966099999999999909e+03
1.240000000000000000e+02 3.966200000000000273e+03
2.200000000000000000e+02 3.966849999999999909e+03
4.000000000000000000e+00 3.968550000000000182e+03
5.320000000000000000e+02 3.974500000000000000e+03
4.120000000000000000e+02 3.977550000000000182e+03
1.640000000000000000e+02 3.979150000000000091e+03
4.840000000000000000e+02 3.981450000000000273e+03
2.920000000000000000e+02 3.983849999999999909e+03
2.200000000000000000e+02 3.986050000000000182e+03
2.360000000000000000e+02 3.986650000000000091e+03
7.000000000000000000e+02 3.987550000000000182e+03
6.000000000000000000e+01 3.987700000000000273e+03
5.000000000000000000e+02 3.988900000000000091e+03
1.800000000000000000e+02 3.989200000000000273e+03
7.960000000000000000e+02 3.989650000000000091e+03
5.880000000000000000e+02 3.990500000000000000e+03
6.680000000000000000e+02 3.995550000000000182e+03
7.880000000000000000e+02 3.996150000000000091e+03
5.160000000000000000e+02 3.996250000000000000e+03
5.000000000000000000e+02 3.998700000000000273e+03
4.920000000000000000e+02 3.999700000000000273e+03
4.760000000000000000e+02 4.000250000000000000e+03
6.280000000000000000e+02 4.000950000000000273e+03
5.960000000000000000e+02 4.001250000000000000e+03
3.960000000000000000e+02 4.002950000000000273e+03
3.160000000000000000e+02 4.003500000000000000e+03
4.680000000000000000e+02 4.003450000000000273e+03
3.600000000000000000e+01 4.004200000000000273e+03
5.640000000000000000e+02 4.006150000000000091e+03
2.360000000000000000e+02 4.007349999999999909e+03
6.000000000000000000e+01 4.007950000000000273e+03
2.600000000000000000e+02 4.007950000000000273e+03
7.000000000000000000e+02 4.009050000000000182e+03
7.640000000000000000e+02 4.009599999999999909e+03
1.240000000000000000e+02 4.009650000000000091e+03
4.520000000000000000e+02 4.010099999999999909e+03
7.960000000000000000e+02 4.010200000000000273e+03
2.680000000000000000e+02 4.010750000000000000e+03
3.640000000000000000e+02 4.010800000000000182e+03
7.160000000000000000e+02 4.010849999999999909e+03
5.560000000000000000e+02 4.011500000000000000e+03
3.800000000000000000e+02 4.012150000000000091e+03
5.800000000000000000e+02 4.013400000000000091e+03
3.600000000000000000e+01 4.013450000000000273e+03
7.800000000000000000e+02 4.014150000000000091e+03
4.120000000000000000e+02 4.014250000000000000e+03
6.040000000000000000e+02 4.014450000000000273e+03
1.880000000000000000e+02 4.014849999999999909e+03
7.720000000000000000e+02 4.014900000000000091e+03
1.400000000000000000e+02 4.015200000000000273e+03
6.360000000000000000e+02 4.015500000000000000e+03
2.360000000000000000e+02 4.016000000000000000e+03
7.240000000000000000e+02 4.018550000000000182e+03
1.640000000000000000e+02 4.018849999999999909e+03
7.480000000000000000e+02 4.018900000000000091e+03
6.840000000000000000e+02 4.018950000000000273e+03
5.320000000000000000e+02 4.020200000000000273e+03
3.400000000000000000e+02 4.020300000000000182e+03
5.480000000000000000e+02 4.022099999999999909e+03
7.160000000000000000e+02 4.022500000000000000e+03
1.720000000000000000e+02 4.027599999999999909e+03
7.320000000000000000e+02 4.029250000000000000e+03
1.400000000000000000e+02 4.031800000000000182e+03
3.160000000000000000e+02 4.031750000000000000e+03
1.000000000000000000e+02 4.031900000000000091e+03
2.840000000000000000e+02 4.033000000000000000e+03
7.960000000000000000e+02 4.033599999999999909e+03
6.520000000000000000e+02 4.042450000000000273e+03
6.360000000000000000e+02 4.045700000000000273e+03
4.440000000000000000e+02 4.047300000000000182e+03
6.800000000000000000e+01 4.048599999999999909e+03
6.120000000000000000e+02 4.049750000000000000e+03
4.400000000000000000e+01 4.050599999999999909e+03
6.840000000000000000e+02 4.051099999999999909e+03
1.000000000000000000e+02 4.051150000000000091e+03
1.320000000000000000e+02 4.051550000000000182e+03
1.880000000000000000e+02 4.053900000000000091e+03
2.280000000000000000e+02 4.053900000000000091e+03
3.880000000000000000e+02 4.053900000000000091e+03
4.520000000000000000e+02 4.053900000000000091e+03
1.080000000000000000e+02 4.054400000000000091e+03
3.320000000000000000e+02 4.062450000000000273e+03
5.400000000000000000e+02 4.062750000000000000e+03
7.400000000000000000e+02 4.063050000000000182e+03
4.680000000000000000e+02 4.063250000000000000e+03
4.200000000000000000e+02 4.063800000000000182e+03
4.040000000000000000e+02 4.064349999999999909e+03
7.560000000000000000e+02 4.064800000000000182e+03
7.720000000000000000e+02 4.065450000000000273e+03
1.080000000000000000e+02 4.065750000000000000e+03
6.520000000000000000e+02 4.066650000000000091e+03
6.760000000000000000e+02 4.067400000000000091e+03
2.280000000000000000e+02 4.069200000000000273e+03
1.800000000000000000e+02 4.076349999999999909e+03
1.560000000000000000e+02 4.077200000000000273e+03
5.160000000000000000e+02 4.077200000000000273e+03
3.720000000000000000e+02 4.078150000000000091e+03
1.080000000000000000e+02 4.078599999999999909e+03
5.200000000000000000e+01 4.079650000000000091e+03
1.240000000000000000e+02 4.079950000000000273e+03
7.320000000000000000e+02 4.081099999999999909e+03
4.360000000000000000e+02 4.081599999999999909e+03
4.040000000000000000e+02 4.082450000000000273e+03
3.960000000000000000e+02 4.083000000000000000e+03
2.800000000000000000e+01 4.083900000000000091e+03
3.800000000000000000e+02 4.083849999999999909e+03
1.200000000000000000e+01 4.087750000000000000e+03
6.040000000000000000e+02 4.088700000000000273e+03
5.320000000000000000e+02 4.090150000000000091e+03
5.240000000000000000e+02 4.092099999999999909e+03
2.000000000000000000e+01 4.093000000000000000e+03
1.720000000000000000e+02 4.093250000000000000e+03
6.800000000000000000e+01 4.094500000000000000e+03
3.160000000000000000e+02 4.098250000000000000e+03
9.200000000000000000e+01 4.100600000000000364e+03
1.000000000000000000e+02 4.100550000000000182e+03
6.120000000000000000e+02 4.105100000000000364e+03
4.040000000000000000e+02 4.109750000000000000e+03
3.400000000000000000e+02 4.111399999999999636e+03
6.280000000000000000e+02 4.114199999999999818e+03
6.520000000000000000e+02 4.114149999999999636e+03
3.720000000000000000e+02 4.114699999999999818e+03
2.000000000000000000e+01 4.115300000000000182e+03
5.880000000000000000e+02 4.115449999999999818e+03
5.720000000000000000e+02 4.115600000000000364e+03
4.280000000000000000e+02 4.118550000000000182e+03
5.960000000000000000e+02 4.122750000000000000e+03
5.480000000000000000e+02 4.123050000000000182e+03
7.640000000000000000e+02 4.123699999999999818e+03
6.360000000000000000e+02 4.123899999999999636e+03
5.200000000000000000e+01 4.124000000000000000e+03
7.000000000000000000e+02 4.124750000000000000e+03
1.080000000000000000e+02 4.125250000000000000e+03
7.880000000000000000e+02 4.126149999999999636e+03
3.480000000000000000e+02 4.127850000000000364e+03
7.800000000000000000e+02 4.130949999999999818e+03
1.000000000000000000e+02 4.131800000000000182e+03
1.560000000000000000e+02 4.136949999999999818e+03
4.680000000000000000e+02 4.139199999999999818e+03
8.400000000000000000e+01 4.139899999999999636e+03
1.160000000000000000e+02 4.140350000000000364e+03
2.200000000000000000e+02 4.141750000000000000e+03
7.880000000000000000e+02 4.142649999999999636e+03
7.080000000000000000e+02 4.143850000000000364e+03
2.800000000000000000e+01 4.151199999999999818e+03
2.600000000000000000e+02 4.155850000000000364e+03
1.240000000000000000e+02 4.156199999999999818e+03
4.840000000000000000e+02 4.166750000000000000e+03
5.720000000000000000e+02 4.176699999999999818e+03
7.480000000000000000e+02 4.200699999999999818e+03
6.440000000000000000e+02 4.222649999999999636e+03
6.120000000000000000e+02 4.268449999999999818e+03
5.960000000000000000e+02 4.306300000000000182e+03
2.040000000000000000e+02 4.311100000000000364e+03
7.720000000000000000e+02 4.311100000000000364e+03
7.880000000000000000e+02 4.311800000000000182e+03
3.480000000000000000e+02 4.313699999999999818e+03
9.200000000000000000e+01 4.316149999999999636e+03
2.360000000000000000e+02 4.316250000000000000e+03
1.400000000000000000e+02 4.316649999999999636e+03
2.440000000000000000e+02 4.316699999999999818e+03
3.160000000000000000e+02 4.316649999999999636e+03
5.960000000000000000e+02 4.316850000000000364e+03
6.000000000000000000e+01 4.316949999999999818e+03
5.880000000000000000e+02 4.317449999999999818e+03
5.000000000000000000e+02 4.317600000000000364e+03
4.040000000000000000e+02 4.317850000000000364e+03
6.120000000000000000e+02 4.317850000000000364e+03
3.800000000000000000e+02 4.318050000000000182e+03
3.880000000000000000e+02 4.318100000000000364e+03
4.120000000000000000e+02 4.318399999999999636e+03
4.440000000000000000e+02 4.318500000000000000e+03
7.000000000000000000e+02 4.318600000000000364e+03
2.680000000000000000e+02 4.318649999999999636e+03
4.920000000000000000e+02 4.318649999999999636e+03
6.920000000000000000e+02 4.318699999999999818e+03
2.200000000000000000e+02 4.318800000000000182e+03
4.520000000000000000e+02 4.318750000000000000e+03
4.400000000000000000e+01 4.318899999999999636e+03
5.200000000000000000e+01 4.318850000000000364e+03
1.160000000000000000e+02 4.318850000000000364e+03
3.960000000000000000e+02 4.318899999999999636e+03
4.600000000000000000e+02 4.318899999999999636e+03
5.160000000000000000e+02 4.318850000000000364e+03
7.400000000000000000e+02 4.318850000000000364e+03
2.520000000000000000e+02 4.318949999999999818e+03
1.800000000000000000e+02 4.319100000000000364e+03
1.200000000000000000e+01 4.319149999999999636e+03
4.840000000000000000e+02 4.319149999999999636e+03
6.520000000000000000e+02 4.319199999999999818e+03
7.720000000000000000e+02 4.319149999999999636e+03
7.880000000000000000e+02 4.319149999999999636e+03
6.840000000000000000e+02 4.319300000000000182e+03
2.120000000000000000e+02 4.319350000000000364e+03
3.480000000000000000e+02 4.319449999999999818e+03
3.000000000000000000e+02 4.319600000000000364e+03
3.720000000000000000e+02 4.319600000000000364e+03
5.320000000000000000e+02 4.319550000000000182e+03
5.560000000000000000e+02 4.319600000000000364e+03
1.320000000000000000e+02 4.319699999999999818e+03
1.480000000000000000e+02 4.319699999999999818e+03
7.240000000000000000e+02 4.319699999999999818e+03
4.680000000000000000e+02 4.319750000000000000e+03
5.480000000000000000e+02 4.319800000000000182e+03
7.960000000000000000e+02 4.319750000000000000e+03
6.800000000000000000e+01 4.320000000000000000e+03
3.320000000000000000e+02 4.320000000000000000e+03
3.560000000000000000e+02 4.320000000000000000e+03
7.320000000000000000e+02 4.319949999999999818e+03
7.800000000000000000e+02 4.320100000000000364e+03
4.000000000000000000e+00 4.320149999999999636e+03
2.000000000000000000e+01 4.320199999999999818e+03
7.480000000000000000e+02 4.320199999999999818e+03
1.000000000000000000e+02 4.320399999999999636e+03
7.160000000000000000e+02 4.320399999999999636e+03
7.640000000000000000e+02 4.320350000000000364e+03
9.200000000000000000e+01 4.320449999999999818e+03
2.040000000000000000e+02 4.320600000000000364e+03
3.400000000000000000e+02 4.320600000000000364e+03
1.880000000000000000e+02 4.320649999999999636e+03
4.360000000000000000e+02 4.320699999999999818e+03
6.680000000000000000e+02 4.320699999999999818e+03
1.240000000000000000e+02 4.320800000000000182e+03
1.960000000000000000e+02 4.320800000000000182e+03
2.360000000000000000e+02 4.320800000000000182e+03
1.080000000000000000e+02 4.320899999999999636e+03
1.560000000000000000e+02 4.320899999999999636e+03
2.280000000000000000e+02 4.321000000000000000e+03
5.720000000000000000e+02 4.320949999999999818e+03
7.080000000000000000e+02 4.320949999999999818e+03
2.920000000000000000e+02 4.321100000000000364e+03
4.280000000000000000e+02 4.321100000000000364e+03
5.240000000000000000e+02 4.321050000000000182e+03
6.200000000000000000e+02 4.321050000000000182e+03
2.800000000000000000e+01 4.321149999999999636e+03
1.640000000000000000e+02 4.321199999999999818e+03
2.760000000000000000e+02 4.321199999999999818e+03
2.840000000000000000e+02 4.321199999999999818e+03
4.200000000000000000e+02 4.321199999999999818e+03
5.080000000000000000e+02 4.321199999999999818e+03
5.400000000000000000e+02 4.321199999999999818e+03
5.960000000000000000e+02 4.321199999999999818e+03
3.600000000000000000e+01 4.321250000000000000e+03
6.280000000000000000e+02 4.321300000000000182e+03
3.080000000000000000e+02 4.321399999999999636e+03
5.800000000000000000e+02 4.321399999999999636e+03
1.720000000000000000e+02 4.321500000000000000e+03
4.760000000000000000e+02 4.321449999999999818e+03
6.360000000000000000e+02 4.321449999999999818e+03
8.400000000000000000e+01 4.321600000000000364e+03
6.120000000000000000e+02 4.321600000000000364e+03
6.440000000000000000e+02 4.321699999999999818e+03
7.600000000000000000e+01 4.321850000000000364e+03
1.400000000000000000e+02 4.321850000000000364e+03
6.600000000000000000e+02 4.321899999999999636e+03
7.560000000000000000e+02 4.321899999999999636e+03
3.880000000000000000e+02 4.321949999999999818e+03
4.520000000000000000e+02 4.321949999999999818e+03
4.600000000000000000e+02 4.322199999999999818e+03
6.040000000000000000e+02 4.322949999999999818e+03
1.200000000000000000e+01 4.324050000000000182e+03
1.480000000000000000e+02 4.324949999999999818e+03
6.840000000000000000e+02 4.327949999999999818e+03
4.840000000000000000e+02 4.330100000000000364e+03
5.200000000000000000e+01 4.332149999999999636e+03
4.520000000000000000e+02 4.333899999999999636e+03
6.760000000000000000e+02 4.335850000000000364e+03
1.880000000000000000e+02 4.337550000000000182e+03
6.280000000000000000e+02 4.349399999999999636e+03
2.040000000000000000e+02 4.354699999999999818e+03
1.640000000000000000e+02 4.355550000000000182e+03
9.200000000000000000e+01 4.359699999999999818e+03
3.640000000000000000e+02 4.361500000000000000e+03
2.360000000000000000e+02 4.364850000000000364e+03
2.840000000000000000e+02 4.365149999999999636e+03
7.000000000000000000e+02 4.365949999999999818e+03
5.880000000000000000e+02 4.367600000000000364e+03
4.200000000000000000e+02 4.367949999999999818e+03
6.800000000000000000e+01 4.368350000000000364e+03
7.240000000000000000e+02 4.369650000000000546e+03
6.760000000000000000e+02 4.370550000000000182e+03
2.760000000000000000e+02 4.375350000000000364e+03
2.600000000000000000e+02 4.375650000000000546e+03
4.040000000000000000e+02 4.379250000000000000e+03
1.560000000000000000e+02 4.383400000000000546e+03
2.360000000000000000e+02 4.386550000000000182e+03
3.640000000000000000e+02 4.400000000000000000e+03
4.120000000000000000e+02 4.400300000000000182e+03
4.000000000000000000e+00 4.413400000000000546e+03
2.920000000000000000e+02 4.414150000000000546e+03
1.000000000000000000e+02 4.419350000000000364e+03
6.680000000000000000e+02 4.421949999999999818e+03
5.200000000000000000e+01 4.423100000000000364e+03
7.720000000000000000e+02 4.423699999999999818e+03
6.800000000000000000e+01 4.439050000000000182e+03
2.360000000000000000e+02 4.453500000000000000e+03
2.760000000000000000e+02 4.475850000000000364e+03
2.200000000000000000e+02 4.493750000000000000e+03
6.600000000000000000e+02 4.503800000000000182e+03
4.360000000000000000e+02 4.520800000000000182e+03
3.600000000000000000e+01 4.523699999999999818e+03
3.320000000000000000e+02 4.535949999999999818e+03
7.960000000000000000e+02 4.540650000000000546e+03
1.400000000000000000e+02 4.541050000000000182e+03
1.160000000000000000e+02 4.558650000000000546e+03
6.840000000000000000e+02 4.560750000000000000e+03
1.720000000000000000e+02 4.564800000000000182e+03
5.720000000000000000e+02 4.572400000000000546e+03
2.040000000000000000e+02 4.582699999999999818e+03
5.640000000000000000e+02 4.589750000000000000e+03
6.800000000000000000e+01 4.591150000000000546e+03
1.080000000000000000e+02 4.593750000000000000e+03
4.440000000000000000e+02 4.599050000000000182e+03
3.720000000000000000e+02 4.601100000000000364e+03
2.920000000000000000e+02 4.602900000000000546e+03
7.320000000000000000e+02 4.603350000000000364e+03
6.920000000000000000e+02 4.605300000000000182e+03
1.720000000000000000e+02 4.605550000000000182e+03
4.280000000000000000e+02 4.607650000000000546e+03
7.720000000000000000e+02 4.608050000000000182e+03
6.600000000000000000e+02 4.608949999999999818e+03
1.960000000000000000e+02 4.609550000000000182e+03
1.560000000000000000e+02 4.609699999999999818e+03
3.000000000000000000e+02 4.609800000000000182e+03
5.960000000000000000e+02 4.610199999999999818e+03
3.320000000000000000e+02 4.610300000000000182e+03
4.600000000000000000e+02 4.610850000000000364e+03
2.040000000000000000e+02 4.610949999999999818e+03
3.400000000000000000e+02 4.611650000000000546e+03
3.640000000000000000e+02 4.611800000000000182e+03
4.520000000000000000e+02 4.611750000000000000e+03
7.880000000000000000e+02 4.611850000000000364e+03
3.960000000000000000e+02 4.612400000000000546e+03
7.400000000000000000e+02 4.612400000000000546e+03
5.800000000000000000e+02 4.612800000000000182e+03
3.720000000000000000e+02 4.613050000000000182e+03
5.320000000000000000e+02 4.613100000000000364e+03
3.080000000000000000e+02 4.613150000000000546e+03
2.840000000000000000e+02 4.613400000000000546e+03
6.120000000000000000e+02 4.613500000000000000e+03
6.280000000000000000e+02 4.613600000000000364e+03
7.960000000000000000e+02 4.613600000000000364e+03
6.840000000000000000e+02 4.613650000000000546e+03
7.640000000000000000e+02 4.613699999999999818e+03
4.680000000000000000e+02 4.613850000000000364e+03
5.080000000000000000e+02 4.613900000000000546e+03
6.760000000000000000e+02 4.613900000000000546e+03
1.000000000000000000e+02 4.614000000000000000e+03
2.120000000000000000e+02 4.614000000000000000e+03
5.160000000000000000e+02 4.613949999999999818e+03
7.800000000000000000e+02 4.614000000000000000e+03
2.600000000000000000e+02 4.614199999999999818e+03
3.560000000000000000e+02 4.614150000000000546e+03
7.480000000000000000e+02 4.614150000000000546e+03
2.000000000000000000e+01 4.614250000000000000e+03
8.400000000000000000e+01 4.614300000000000182e+03
1.160000000000000000e+02 4.614449999999999818e+03
2.680000000000000000e+02 4.614500000000000000e+03
5.240000000000000000e+02 4.614449999999999818e+03
5.560000000000000000e+02 4.614500000000000000e+03
6.920000000000000000e+02 4.614500000000000000e+03
5.200000000000000000e+01 4.614600000000000364e+03
2.520000000000000000e+02 4.614550000000000182e+03
3.880000000000000000e+02 4.614550000000000182e+03
6.040000000000000000e+02 4.614550000000000182e+03
6.600000000000000000e+02 4.614550000000000182e+03
3.240000000000000000e+02 4.614650000000000546e+03
4.360000000000000000e+02 4.614650000000000546e+03
4.840000000000000000e+02 4.614699999999999818e+03
2.800000000000000000e+01 4.614800000000000182e+03
3.160000000000000000e+02 4.614800000000000182e+03
3.800000000000000000e+02 4.614800000000000182e+03
4.280000000000000000e+02 4.614750000000000000e+03
5.480000000000000000e+02 4.614800000000000182e+03
1.240000000000000000e+02 4.614900000000000546e+03
1.800000000000000000e+02 4.614850000000000364e+03
6.520000000000000000e+02 4.614850000000000364e+03
1.320000000000000000e+02 4.615000000000000000e+03
1.560000000000000000e+02 4.615000000000000000e+03
1.720000000000000000e+02 4.614949999999999818e+03
2.280000000000000000e+02 4.615000000000000000e+03
2.440000000000000000e+02 4.614949999999999818e+03
2.920000000000000000e+02 4.614949999999999818e+03
3.320000000000000000e+02 4.614949999999999818e+03
5.400000000000000000e+02 4.614949999999999818e+03
5.640000000000000000e+02 4.615000000000000000e+03
3.600000000000000000e+01 4.615100000000000364e+03
1.640000000000000000e+02 4.615050000000000182e+03
2.040000000000000000e+02 4.615100000000000364e+03
2.200000000000000000e+02 4.615100000000000364e+03
5.720000000000000000e+02 4.615100000000000364e+03
7.720000000000000000e+02 4.615050000000000182e+03
4.400000000000000000e+01 4.615199999999999818e+03
1.080000000000000000e+02 4.615150000000000546e+03
1.880000000000000000e+02 4.615199999999999818e+03
4.440000000000000000e+02 4.615150000000000546e+03
7.560000000000000000e+02 4.615199999999999818e+03
1.200000000000000000e+01 4.615250000000000000e+03
7.600000000000000000e+01 4.615300000000000182e+03
4.040000000000000000e+02 4.615300000000000182e+03
4.760000000000000000e+02 4.615250000000000000e+03
7.880000000000000000e+02 4.615250000000000000e+03
2.760000000000000000e+02 4.615350000000000364e+03
4.200000000000000000e+02 4.615350000000000364e+03
9.200000000000000000e+01 4.615449999999999818e+03
4.120000000000000000e+02 4.615449999999999818e+03
4.920000000000000000e+02 4.615449999999999818e+03
7.000000000000000000e+02 4.615500000000000000e+03
1.960000000000000000e+02 4.615550000000000182e+03
3.400000000000000000e+02 4.615600000000000364e+03
4.520000000000000000e+02 4.615600000000000364e+03
7.080000000000000000e+02 4.615550000000000182e+03
4.000000000000000000e+00 4.615650000000000546e+03
6.000000000000000000e+01 4.615699999999999818e+03
1.400000000000000000e+02 4.615699999999999818e+03
2.360000000000000000e+02 4.615650000000000546e+03
3.000000000000000000e+02 4.615650000000000546e+03
4.600000000000000000e+02 4.615650000000000546e+03
5.000000000000000000e+02 4.615699999999999818e+03
6.360000000000000000e+02 4.615650000000000546e+03
6.440000000000000000e+02 4.615650000000000546e+03
5.800000000000000000e+02 4.615750000000000000e+03
3.640000000000000000e+02 4.615900000000000546e+03
5.880000000000000000e+02 4.615900000000000546e+03
7.240000000000000000e+02 4.616000000000000000e+03
7.160000000000000000e+02 4.616350000000000364e+03
7.320000000000000000e+02 4.616400000000000546e+03
3.960000000000000000e+02 4.617050000000000182e+03
5.960000000000000000e+02 4.617550000000000182e+03
5.320000000000000000e+02 4.617699999999999818e+03
1.720000000000000000e+02 4.619199999999999818e+03
5.160000000000000000e+02 4.621800000000000182e+03
2.360000000000000000e+02 4.625500000000000000e+03
6.680000000000000000e+02 4.626050000000000182e+03
2.600000000000000000e+02 4.627550000000000182e+03
3.800000000000000000e+02 4.628250000000000000e+03
6.920000000000000000e+02 4.628650000000000546e+03
6.200000000000000000e+02 4.629600000000000364e+03
4.440000000000000000e+02 4.629900000000000546e+03
3.880000000000000000e+02 4.630199999999999818e+03
6.520000000000000000e+02 4.635650000000000546e+03
6.840000000000000000e+02 4.640199999999999818e+03
2.520000000000000000e+02 4.642250000000000000e+03
6.200000000000000000e+02 4.643100000000000364e+03
3.600000000000000000e+01 4.645850000000000364e+03
5.480000000000000000e+02 4.653600000000000364e+03
7.640000000000000000e+02 4.654800000000000182e+03
2.000000000000000000e+01 4.655650000000000546e+03
1.080000000000000000e+02 4.655900000000000546e+03
6.280000000000000000e+02 4.655850000000000364e+03
3.560000000000000000e+02 4.656500000000000000e+03
6.920000000000000000e+02 4.664750000000000000e+03
7.880000000000000000e+02 4.666750000000000000e+03
3.720000000000000000e+02 4.670000000000000000e+03
3.800000000000000000e+02 4.677600000000000364e+03
3.000000000000000000e+02 4.680300000000000182e+03
3.320000000000000000e+02 4.682699999999999818e+03
3.720000000000000000e+02 4.684449999999999818e+03
5.880000000000000000e+02 4.696550000000000182e+03
2.280000000000000000e+02 4.702250000000000000e+03
6.680000000000000000e+02 4.738600000000000364e+03
4.920000000000000000e+02 4.756150000000000546e+03
3.880000000000000000e+02 4.768550000000000182e+03
3.480000000000000000e+02 4.783750000000000000e+03
2.120000000000000000e+02 4.786500000000000000e+03
1.200000000000000000e+01 4.788100000000000364e+03
1.560000000000000000e+02 4.790650000000000546e+03
4.440000000000000000e+02 4.811400000000000546e+03
4.200000000000000000e+02 4.812050000000000182e+03
2.440000000000000000e+02 4.812300000000000182e+03
6.920000000000000000e+02 4.821750000000000000e+03
2.520000000000000000e+02 4.821900000000000546e+03
2.120000000000000000e+02 4.837350000000000364e+03
2.920000000000000000e+02 4.839600000000000364e+03
4.280000000000000000e+02 4.841100000000000364e+03
4.840000000000000000e+02 4.849650000000000546e+03
7.720000000000000000e+02 4.849949999999999818e+03
6.840000000000000000e+02 4.850199999999999818e+03
6.000000000000000000e+01 4.850650000000000546e+03
5.400000000000000000e+02 4.850650000000000546e+03
1.000000000000000000e+02 4.851199999999999818e+03
2.920000000000000000e+02 4.852750000000000000e+03
1.320000000000000000e+02 4.853800000000000182e+03
2.040000000000000000e+02 4.853800000000000182e+03
6.520000000000000000e+02 4.853750000000000000e+03
7.800000000000000000e+02 4.853800000000000182e+03
1.240000000000000000e+02 4.854150000000000546e+03
4.360000000000000000e+02 4.854600000000000364e+03
2.280000000000000000e+02 4.854699999999999818e+03
7.600000000000000000e+01 4.855250000000000000e+03
4.040000000000000000e+02 4.856300000000000182e+03
1.200000000000000000e+01 4.856449999999999818e+03
8.400000000000000000e+01 4.856500000000000000e+03
6.200000000000000000e+02 4.856550000000000182e+03
7.000000000000000000e+02 4.856600000000000364e+03
7.080000000000000000e+02 4.856750000000000000e+03
2.520000000000000000e+02 4.856850000000000364e+03
4.200000000000000000e+02 4.856900000000000546e+03
2.600000000000000000e+02 4.856949999999999818e+03
5.000000000000000000e+02 4.857199999999999818e+03
6.440000000000000000e+02 4.857199999999999818e+03
5.400000000000000000e+02 4.857250000000000000e+03
5.720000000000000000e+02 4.857300000000000182e+03
3.720000000000000000e+02 4.857350000000000364e+03
7.320000000000000000e+02 4.857600000000000364e+03
3.560000000000000000e+02 4.857650000000000546e+03
4.600000000000000000e+02 4.857800000000000182e+03
7.960000000000000000e+02 4.857900000000000546e+03
4.400000000000000000e+01 4.858000000000000000e+03
2.840000000000000000e+02 4.858050000000000182e+03
6.040000000000000000e+02 4.858050000000000182e+03
5.200000000000000000e+01 4.858199999999999818e+03
6.800000000000000000e+01 4.858199999999999818e+03
6.360000000000000000e+02 4.858150000000000546e+03
4.840000000000000000e+02 4.858250000000000000e+03
5.240000000000000000e+02 4.858350000000000364e+03
6.280000000000000000e+02 4.858400000000000546e+03
6.920000000000000000e+02 4.858449999999999818e+03
3.480000000000000000e+02 4.858750000000000000e+03
3.880000000000000000e+02 4.858949999999999818e+03
6.680000000000000000e+02 4.858949999999999818e+03
2.440000000000000000e+02 4.859050000000000182e+03
2.920000000000000000e+02 4.859050000000000182e+03
3.160000000000000000e+02 4.859050000000000182e+03
3.400000000000000000e+02 4.859150000000000546e+03
4.760000000000000000e+02 4.859300000000000182e+03
1.640000000000000000e+02 4.859449999999999818e+03
6.120000000000000000e+02 4.859449999999999818e+03
4.920000000000000000e+02 4.859600000000000364e+03
5.480000000000000000e+02 4.859550000000000182e+03
7.400000000000000000e+02 4.859550000000000182e+03
1.000000000000000000e+02 4.859650000000000546e+03
2.000000000000000000e+01 4.859900000000000546e+03
5.320000000000000000e+02 4.859850000000000364e+03
5.640000000000000000e+02 4.859949999999999818e+03
3.000000000000000000e+02 4.860050000000000182e+03
7.480000000000000000e+02 4.860100000000000364e+03
9.200000000000000000e+01 4.860300000000000182e+03
4.520000000000000000e+02 4.860250000000000000e+03
1.080000000000000000e+02 4.860350000000000364e+03
3.240000000000000000e+02 4.860350000000000364e+03
3.960000000000000000e+02 4.860400000000000546e+03
4.280000000000000000e+02 4.860350000000000364e+03
7.560000000000000000e+02 4.860400000000000546e+03
2.040000000000000000e+02 4.860500000000000000e+03
2.680000000000000000e+02 4.860500000000000000e+03
7.160000000000000000e+02 4.860500000000000000e+03
1.400000000000000000e+02 4.860600000000000364e+03
5.800000000000000000e+02 4.860600000000000364e+03
8.400000000000000000e+01 4.860650000000000546e+03
6.760000000000000000e+02 4.860699999999999818e+03
1.720000000000000000e+02 4.860750000000000000e+03
7.240000000000000000e+02 4.860750000000000000e+03
1.960000000000000000e+02 4.860850000000000364e+03
1.880000000000000000e+02 4.861000000000000000e+03
1.240000000000000000e+02 4.861100000000000364e+03
2.120000000000000000e+02 4.861050000000000182e+03
3.320000000000000000e+02 4.861100000000000364e+03
4.120000000000000000e+02 4.861150000000000546e+03
2.360000000000000000e+02 4.861250000000000000e+03
5.080000000000000000e+02 4.861250000000000000e+03
7.080000000000000000e+02 4.861500000000000000e+03
4.000000000000000000e+00 4.862050000000000182e+03
1.320000000000000000e+02 4.864350000000000364e+03
3.800000000000000000e+02 4.867250000000000000e+03
5.720000000000000000e+02 4.867900000000000546e+03
1.160000000000000000e+02 4.868350000000000364e+03
2.520000000000000000e+02 4.868400000000000546e+03
3.960000000000000000e+02 4.868449999999999818e+03
3.560000000000000000e+02 4.871800000000000182e+03
1.080000000000000000e+02 4.875650000000000546e+03
7.400000000000000000e+02 4.876850000000000364e+03
5.880000000000000000e+02 4.878350000000000364e+03
2.360000000000000000e+02 4.880650000000000546e+03
2.840000000000000000e+02 4.882900000000000546e+03
4.280000000000000000e+02 4.884100000000000364e+03
6.840000000000000000e+02 4.884400000000000546e+03
5.720000000000000000e+02 4.886650000000000546e+03
2.000000000000000000e+01 4.895949999999999818e+03
4.920000000000000000e+02 4.897500000000000000e+03
3.320000000000000000e+02 4.897900000000000546e+03
1.000000000000000000e+02 4.898500000000000000e+03
7.960000000000000000e+02 4.898699999999999818e+03
3.080000000000000000e+02 4.899050000000000182e+03
1.720000000000000000e+02 4.899900000000000546e+03
7.880000000000000000e+02 4.903800000000000182e+03
5.240000000000000000e+02 4.905600000000000364e+03
3.400000000000000000e+02 4.906750000000000000e+03
5.560000000000000000e+02 4.909750000000000000e+03
2.280000000000000000e+02 4.920550000000000182e+03
3.400000000000000000e+02 4.921500000000000000e+03
5.320000000000000000e+02 4.921900000000000546e+03
7.240000000000000000e+02 4.922400000000000546e+03
9.200000000000000000e+01 4.930150000000000546e+03
6.840000000000000000e+02 4.932400000000000546e+03
4.920000000000000000e+02 4.934100000000000364e+03
7.800000000000000000e+02 4.935300000000000182e+03
2.600000000000000000e+02 4.935449999999999818e+03
2.000000000000000000e+01 4.941449999999999818e+03
3.080000000000000000e+02 4.947000000000000000e+03
4.120000000000000000e+02 4.948600000000000364e+03
3.160000000000000000e+02 4.949300000000000182e+03
6.120000000000000000e+02 4.949350000000000364e+03
5.800000000000000000e+02 4.960050000000000182e+03
1.400000000000000000e+02 4.969449999999999818e+03
6.280000000000000000e+02 4.978199999999999818e+03
6.680000000000000000e+02 4.987300000000000182e+03
5.480000000000000000e+02 4.996449999999999818e+03
4.120000000000000000e+02 4.998100000000000364e+03
7.880000000000000000e+02 5.005400000000000546e+03
5.000000000000000000e+02 5.015000000000000000e+03
6.360000000000000000e+02 5.019050000000000182e+03
1.000000000000000000e+02 5.028550000000000182e+03
7.000000000000000000e+02 5.039650000000000546e+03
1.200000000000000000e+01 5.078100000000000364e+03
5.160000000000000000e+02 5.083150000000000546e+03
7.000000000000000000e+02 5.108449999999999818e+03
3.320000000000000000e+02 5.129350000000000364e+03
5.400000000000000000e+02 5.155300000000000182e+03
2.000000000000000000e+01 5.159350000000000364e+03
4.600000000000000000e+02 5.164050000000000182e+03
4.280000000000000000e+02 5.164300000000000182e+03
4.760000000000000000e+02 5.181250000000000000e+03
7.320000000000000000e+02 5.188350000000000364e+03
1.720000000000000000e+02 5.189750000000000000e+03
7.640000000000000000e+02 5.199150000000000546e+03
6.680000000000000000e+02 5.199900000000000546e+03
2.000000000000000000e+01 5.200300000000000182e+03
5.880000000000000000e+02 5.209250000000000000e+03
4.840000000000000000e+02 5.209449999999999818e+03
5.320000000000000000e+02 5.216150000000000546e+03
5.000000000000000000e+02 5.217350000000000364e+03
6.680000000000000000e+02 5.219949999999999818e+03
6.000000000000000000e+01 5.225050000000000182e+03
3.480000000000000000e+02 5.229650000000000546e+03
7.400000000000000000e+02 5.231250000000000000e+03
6.360000000000000000e+02 5.232699999999999818e+03
4.040000000000000000e+02 5.233699999999999818e+03
4.520000000000000000e+02 5.235750000000000000e+03
5.640000000000000000e+02 5.237500000000000000e+03
5.960000000000000000e+02 5.237949999999999818e+03
5.200000000000000000e+01 5.238850000000000364e+03
4.920000000000000000e+02 5.239150000000000546e+03
1.160000000000000000e+02 5.239900000000000546e+03
2.680000000000000000e+02 5.240050000000000182e+03
4.200000000000000000e+02 5.240199999999999818e+03
7.600000000000000000e+01 5.240400000000000546e+03
3.080000000000000000e+02 5.240350000000000364e+03
7.080000000000000000e+02 5.240500000000000000e+03
5.000000000000000000e+02 5.240600000000000364e+03
2.000000000000000000e+01 5.240850000000000364e+03
4.440000000000000000e+02 5.240850000000000364e+03
4.000000000000000000e+00 5.241100000000000364e+03
2.360000000000000000e+02 5.241150000000000546e+03
7.880000000000000000e+02 5.241199999999999818e+03
7.960000000000000000e+02 5.241199999999999818e+03
1.080000000000000000e+02 5.241350000000000364e+03
3.000000000000000000e+02 5.241350000000000364e+03
4.680000000000000000e+02 5.241400000000000546e+03
5.080000000000000000e+02 5.241400000000000546e+03
6.520000000000000000e+02 5.241400000000000546e+03
1.960000000000000000e+02 5.241600000000000364e+03
3.240000000000000000e+02 5.241550000000000182e+03
5.880000000000000000e+02 5.241550000000000182e+03
7.400000000000000000e+02 5.241550000000000182e+03
3.480000000000000000e+02 5.241650000000000546e+03
3.960000000000000000e+02 5.241650000000000546e+03
6.800000000000000000e+01 5.241750000000000000e+03
2.520000000000000000e+02 5.241800000000000182e+03
1.560000000000000000e+02 5.241949999999999818e+03
1.800000000000000000e+02 5.242000000000000000e+03
3.720000000000000000e+02 5.242000000000000000e+03
7.240000000000000000e+02 5.242000000000000000e+03
7.320000000000000000e+02 5.242000000000000000e+03
1.720000000000000000e+02 5.242050000000000182e+03
6.000000000000000000e+01 5.242150000000000546e+03
1.000000000000000000e+02 5.242300000000000182e+03
4.360000000000000000e+02 5.242250000000000000e+03
2.600000000000000000e+02 5.242350000000000364e+03
3.320000000000000000e+02 5.242350000000000364e+03
6.760000000000000000e+02 5.242350000000000364e+03
7.160000000000000000e+02 5.242400000000000546e+03
1.320000000000000000e+02 5.242500000000000000e+03
1.880000000000000000e+02 5.242550000000000182e+03
4.120000000000000000e+02 5.242550000000000182e+03
5.560000000000000000e+02 5.242550000000000182e+03
5.800000000000000000e+02 5.242600000000000364e+03
3.640000000000000000e+02 5.242650000000000546e+03
2.200000000000000000e+02 5.242750000000000000e+03
3.560000000000000000e+02 5.242750000000000000e+03
4.760000000000000000e+02 5.242800000000000182e+03
4.840000000000000000e+02 5.242750000000000000e+03
6.920000000000000000e+02 5.242750000000000000e+03
5.200000000000000000e+01 5.242850000000000364e+03
9.200000000000000000e+01 5.242850000000000364e+03
2.840000000000000000e+02 5.242900000000000546e+03
3.400000000000000000e+02 5.242900000000000546e+03
4.600000000000000000e+02 5.242850000000000364e+03
6.040000000000000000e+02 5.242900000000000546e+03
3.600000000000000000e+01 5.243000000000000000e+03
2.120000000000000000e+02 5.242949999999999818e+03
3.800000000000000000e+02 5.242949999999999818e+03
5.720000000000000000e+02 5.243000000000000000e+03
6.280000000000000000e+02 5.242949999999999818e+03
7.480000000000000000e+02 5.242949999999999818e+03
7.560000000000000000e+02 5.242949999999999818e+03
4.400000000000000000e+01 5.243050000000000182e+03
1.480000000000000000e+02 5.243100000000000364e+03
2.040000000000000000e+02 5.243100000000000364e+03
6.120000000000000000e+02 5.243100000000000364e+03
2.800000000000000000e+01 5.243199999999999818e+03
2.760000000000000000e+02 5.243150000000000546e+03
5.160000000000000000e+02 5.243150000000000546e+03
5.240000000000000000e+02 5.243150000000000546e+03
7.720000000000000000e+02 5.243150000000000546e+03
1.640000000000000000e+02 5.243250000000000000e+03
2.920000000000000000e+02 5.243300000000000182e+03
8.400000000000000000e+01 5.243350000000000364e+03
3.160000000000000000e+02 5.243400000000000546e+03
3.880000000000000000e+02 5.243350000000000364e+03
4.280000000000000000e+02 5.243350000000000364e+03
5.480000000000000000e+02 5.243350000000000364e+03
6.200000000000000000e+02 5.243400000000000546e+03
7.640000000000000000e+02 5.243350000000000364e+03
4.520000000000000000e+02 5.243449999999999818e+03
5.400000000000000000e+02 5.243449999999999818e+03
7.080000000000000000e+02 5.243500000000000000e+03
7.800000000000000000e+02 5.243500000000000000e+03
6.600000000000000000e+02 5.243550000000000182e+03
7.000000000000000000e+02 5.243550000000000182e+03
1.200000000000000000e+01 5.243699999999999818e+03
1.160000000000000000e+02 5.243650000000000546e+03
1.240000000000000000e+02 5.243650000000000546e+03
6.840000000000000000e+02 5.243699999999999818e+03
4.920000000000000000e+02 5.243750000000000000e+03
6.360000000000000000e+02 5.243750000000000000e+03
6.680000000000000000e+02 5.243800000000000182e+03
5.320000000000000000e+02 5.243850000000000364e+03
5.640000000000000000e+02 5.243850000000000364e+03
2.440000000000000000e+02 5.243949999999999818e+03
4.200000000000000000e+02 5.243949999999999818e+03
5.960000000000000000e+02 5.243949999999999818e+03
3.080000000000000000e+02 5.244050000000000182e+03
4.040000000000000000e+02 5.244050000000000182e+03
6.440000000000000000e+02 5.244100000000000364e+03
2.280000000000000000e+02 5.244199999999999818e+03
4.000000000000000000e+00 5.244400000000000546e+03
7.600000000000000000e+01 5.244650000000000546e+03
5.880000000000000000e+02 5.245750000000000000e+03
2.520000000000000000e+02 5.247000000000000000e+03
4.760000000000000000e+02 5.247800000000000182e+03
6.520000000000000000e+02 5.248400000000000546e+03
4.680000000000000000e+02 5.249449999999999818e+03
7.320000000000000000e+02 5.250000000000000000e+03
2.360000000000000000e+02 5.250550000000000182e+03
3.800000000000000000e+02 5.251800000000000182e+03
4.440000000000000000e+02 5.255050000000000182e+03
2.040000000000000000e+02 5.272250000000000000e+03
2.280000000000000000e+02 5.287199999999999818e+03
3.400000000000000000e+02 5.293500000000000000e+03
9.200000000000000000e+01 5.298550000000000182e+03
5.880000000000000000e+02 5.302949999999999818e+03
3.960000000000000000e+02 5.307500000000000000e+03
5.640000000000000000e+02 5.415100000000000364e+03
6.800000000000000000e+01 5.530600000000000364e+03
6.760000000000000000e+02 5.536199999999999818e+03
3.600000000000000000e+01 5.548650000000000546e+03
3.160000000000000000e+02 5.659949999999999818e+03
2.760000000000000000e+02 5.669250000000000000e+03
3.600000000000000000e+01 5.669949999999999818e+03
4.920000000000000000e+02 5.790900000000000546e+03
3.480000000000000000e+02 5.815150000000000546e+03
3.600000000000000000e+01 5.830250000000000000e+03
6.600000000000000000e+02 5.914750000000000000e+03
5.480000000000000000e+02 5.920800000000000182e+03
7.080000000000000000e+02 5.951600000000000364e+03
1.560000000000000000e+02 5.960850000000000364e+03
1.410000000000000000e+02 1.109500000000000028e+02
6.290000000000000000e+02 1.218500000000000085e+02
1.010000000000000000e+02 1.330000000000000000e+02
5.090000000000000000e+02 1.417500000000000000e+02
4.130000000000000000e+02 1.433499999999999943e+02
6.290000000000000000e+02 1.589000000000000057e+02
2.130000000000000000e+02 1.820999999999999943e+02
3.250000000000000000e+02 2.435999999999999943e+02
1.170000000000000000e+02 2.913500000000000227e+02
3.890000000000000000e+02 2.983500000000000227e+02
4.370000000000000000e+02 3.108500000000000227e+02
2.530000000000000000e+02 3.176999999999999886e+02
1.970000000000000000e+02 3.198000000000000114e+02
1.300000000000000000e+01 3.271000000000000227e+02
7.410000000000000000e+02 3.341500000000000341e+02
1.170000000000000000e+02 3.354499999999999886e+02
6.530000000000000000e+02 3.416500000000000341e+02
2.930000000000000000e+02 3.487500000000000000e+02
1.300000000000000000e+01 3.869499999999999886e+02
6.690000000000000000e+02 4.026500000000000341e+02
6.210000000000000000e+02 4.149000000000000341e+02
1.730000000000000000e+02 4.298500000000000227e+02
5.490000000000000000e+02 4.304499999999999886e+02
5.890000000000000000e+02 4.396500000000000341e+02
4.690000000000000000e+02 4.398500000000000227e+02
8.500000000000000000e+01 4.619499999999999886e+02
3.730000000000000000e+02 4.754499999999999886e+02
7.090000000000000000e+02 5.351000000000000227e+02
3.330000000000000000e+02 5.370499999999999545e+02
4.130000000000000000e+02 5.417000000000000455e+02
2.100000000000000000e+01 5.662500000000000000e+02
7.890000000000000000e+02 5.726000000000000227e+02
5.010000000000000000e+02 5.766499999999999773e+02
4.690000000000000000e+02 5.943000000000000682e+02
3.970000000000000000e+02 6.257500000000000000e+02
1.570000000000000000e+02 6.265000000000000000e+02
2.370000000000000000e+02 6.311499999999999773e+02
2.130000000000000000e+02 6.323000000000000682e+02
2.690000000000000000e+02 6.542000000000000455e+02
3.810000000000000000e+02 6.753500000000000227e+02
7.090000000000000000e+02 7.212500000000000000e+02
4.290000000000000000e+02 7.245000000000000000e+02
4.930000000000000000e+02 7.551499999999999773e+02
3.250000000000000000e+02 7.578500000000000227e+02
6.770000000000000000e+02 7.760000000000000000e+02
1.010000000000000000e+02 7.763999999999999773e+02
6.610000000000000000e+02 7.826000000000000227e+02
3.490000000000000000e+02 8.000500000000000682e+02
3.730000000000000000e+02 8.118999999999999773e+02
4.370000000000000000e+02 8.369500000000000455e+02
4.130000000000000000e+02 8.388000000000000682e+02
2.100000000000000000e+01 8.388999999999999773e+02
7.810000000000000000e+02 8.501000000000000227e+02
3.490000000000000000e+02 8.539500000000000455e+02
2.530000000000000000e+02 8.623999999999999773e+02
5.890000000000000000e+02 8.740000000000000000e+02
7.570000000000000000e+02 8.776000000000000227e+02
5.330000000000000000e+02 8.871000000000000227e+02
2.900000000000000000e+01 8.986499999999999773e+02
6.900000000000000000e+01 9.164500000000000455e+02
4.370000000000000000e+02 9.268999999999999773e+02
7.490000000000000000e+02 9.391000000000000227e+02
6.130000000000000000e+02 9.524500000000000455e+02
7.010000000000000000e+02 9.556000000000000227e+02
4.610000000000000000e+02 9.611000000000000227e+02
4.500000000000000000e+01 9.625500000000000682e+02
7.250000000000000000e+02 9.645000000000000000e+02
1.330000000000000000e+02 9.965500000000000682e+02
7.490000000000000000e+02 1.026200000000000045e+03
6.130000000000000000e+02 1.038500000000000000e+03
1.010000000000000000e+02 1.043099999999999909e+03
4.850000000000000000e+02 1.053099999999999909e+03
3.810000000000000000e+02 1.055849999999999909e+03
5.890000000000000000e+02 1.128799999999999955e+03
7.700000000000000000e+01 1.153850000000000136e+03
1.890000000000000000e+02 1.177500000000000000e+03
8.500000000000000000e+01 1.196299999999999955e+03
4.450000000000000000e+02 1.197450000000000045e+03
7.250000000000000000e+02 1.200650000000000091e+03
6.450000000000000000e+02 1.219799999999999955e+03
7.970000000000000000e+02 1.232250000000000000e+03
6.130000000000000000e+02 1.234700000000000045e+03
3.330000000000000000e+02 1.245200000000000045e+03
7.410000000000000000e+02 1.245350000000000136e+03
1.410000000000000000e+02 1.271750000000000000e+03
1.490000000000000000e+02 1.318950000000000045e+03
7.570000000000000000e+02 1.327200000000000045e+03
3.730000000000000000e+02 1.329700000000000045e+03
2.850000000000000000e+02 1.342549999999999955e+03
2.130000000000000000e+02 1.351950000000000045e+03
4.930000000000000000e+02 1.354799999999999955e+03
4.290000000000000000e+02 1.367950000000000045e+03
3.170000000000000000e+02 1.387850000000000136e+03
6.210000000000000000e+02 1.389700000000000045e+03
5.300000000000000000e+01 1.427950000000000045e+03
5.410000000000000000e+02 1.454549999999999955e+03
2.130000000000000000e+02 1.552350000000000136e+03
7.650000000000000000e+02 1.560450000000000045e+03
2.290000000000000000e+02 1.574549999999999955e+03
3.810000000000000000e+02 1.575100000000000136e+03
1.090000000000000000e+02 1.576450000000000045e+03
1.410000000000000000e+02 1.587450000000000045e+03
3.410000000000000000e+02 1.627600000000000136e+03
1.250000000000000000e+02 1.637299999999999955e+03
5.300000000000000000e+01 1.638549999999999955e+03
7.090000000000000000e+02 1.646400000000000091e+03
5.730000000000000000e+02 1.649000000000000000e+03
5.170000000000000000e+02 1.662950000000000045e+03
3.410000000000000000e+02 1.668200000000000045e+03
3.490000000000000000e+02 1.686600000000000136e+03
3.250000000000000000e+02 1.699299999999999955e+03
6.100000000000000000e+01 1.720850000000000136e+03
6.930000000000000000e+02 1.728100000000000136e+03
7.410000000000000000e+02 1.736500000000000000e+03
1.650000000000000000e+02 1.758750000000000000e+03
2.900000000000000000e+01 1.761799999999999955e+03
7.170000000000000000e+02 1.766000000000000000e+03
5.010000000000000000e+02 1.768650000000000091e+03
9.300000000000000000e+01 1.775000000000000000e+03
6.370000000000000000e+02 1.793000000000000000e+03
3.730000000000000000e+02 1.804750000000000000e+03
4.050000000000000000e+02 1.807000000000000000e+03
5.650000000000000000e+02 1.816450000000000045e+03
7.250000000000000000e+02 1.842049999999999955e+03
1.090000000000000000e+02 1.852850000000000136e+03
4.290000000000000000e+02 1.877900000000000091e+03
6.370000000000000000e+02 1.896250000000000000e+03
4.370000000000000000e+02 1.924400000000000091e+03
5.890000000000000000e+02 1.992900000000000091e+03
7.890000000000000000e+02 2.011000000000000000e+03
2.530000000000000000e+02 2.012200000000000045e+03
5.810000000000000000e+02 2.043150000000000091e+03
3.570000000000000000e+02 2.049500000000000000e+03
1.730000000000000000e+02 2.090949999999999818e+03
7.810000000000000000e+02 2.132750000000000000e+03
7.250000000000000000e+02 2.164750000000000000e+03
6.770000000000000000e+02 2.199700000000000273e+03
5.810000000000000000e+02 2.201300000000000182e+03
4.290000000000000000e+02 2.208050000000000182e+03
7.010000000000000000e+02 2.227099999999999909e+03
4.690000000000000000e+02 2.229450000000000273e+03
6.690000000000000000e+02 2.229900000000000091e+03
3.090000000000000000e+02 2.248950000000000273e+03
7.570000000000000000e+02 2.253050000000000182e+03
1.970000000000000000e+02 2.272500000000000000e+03
7.810000000000000000e+02 2.285900000000000091e+03
4.450000000000000000e+02 2.300750000000000000e+03
1.170000000000000000e+02 2.312050000000000182e+03
7.570000000000000000e+02 2.324849999999999909e+03
1.890000000000000000e+02 2.337700000000000273e+03
6.450000000000000000e+02 2.353950000000000273e+03
4.130000000000000000e+02 2.413500000000000000e+03
6.850000000000000000e+02 2.427500000000000000e+03
2.290000000000000000e+02 2.475099999999999909e+03
6.370000000000000000e+02 2.476200000000000273e+03
1.730000000000000000e+02 2.539150000000000091e+03
7.090000000000000000e+02 2.558150000000000091e+03
2.370000000000000000e+02 2.558849999999999909e+03
6.850000000000000000e+02 2.572900000000000091e+03
6.900000000000000000e+01 2.578150000000000091e+03
6.370000000000000000e+02 2.580200000000000273e+03
6.210000000000000000e+02 2.594050000000000182e+03
5.890000000000000000e+02 2.642200000000000273e+03
1.410000000000000000e+02 2.673150000000000091e+03
1.730000000000000000e+02 2.699300000000000182e+03
3.570000000000000000e+02 2.701200000000000273e+03
1.010000000000000000e+02 2.714349999999999909e+03
5.410000000000000000e+02 2.721650000000000091e+03
7.170000000000000000e+02 2.722349999999999909e+03
4.930000000000000000e+02 2.741150000000000091e+03
6.050000000000000000e+02 2.752150000000000091e+03
4.500000000000000000e+01 2.762450000000000273e+03
6.900000000000000000e+01 2.779250000000000000e+03
4.530000000000000000e+02 2.788200000000000273e+03
4.370000000000000000e+02 2.789400000000000091e+03
4.130000000000000000e+02 2.796050000000000182e+03
5.330000000000000000e+02 2.807950000000000273e+03
2.610000000000000000e+02 2.814349999999999909e+03
7.090000000000000000e+02 2.817750000000000000e+03
2.850000000000000000e+02 2.835099999999999909e+03
1.170000000000000000e+02 2.875400000000000091e+03
6.050000000000000000e+02 2.894599999999999909e+03
5.810000000000000000e+02 2.909400000000000091e+03
2.770000000000000000e+02 2.922950000000000273e+03
5.250000000000000000e+02 2.952900000000000091e+03
1.890000000000000000e+02 2.953099999999999909e+03
6.610000000000000000e+02 2.960650000000000091e+03
1.410000000000000000e+02 2.985450000000000273e+03
3.410000000000000000e+02 3.006250000000000000e+03
3.650000000000000000e+02 3.006300000000000182e+03
6.290000000000000000e+02 3.006450000000000273e+03
8.500000000000000000e+01 3.006800000000000182e+03
1.010000000000000000e+02 3.007250000000000000e+03
4.530000000000000000e+02 3.007750000000000000e+03
3.170000000000000000e+02 3.008099999999999909e+03
5.730000000000000000e+02 3.008050000000000182e+03
6.610000000000000000e+02 3.008050000000000182e+03
2.290000000000000000e+02 3.008500000000000000e+03
3.970000000000000000e+02 3.008700000000000273e+03
4.370000000000000000e+02 3.008750000000000000e+03
2.900000000000000000e+01 3.009400000000000091e+03
2.370000000000000000e+02 3.009349999999999909e+03
2.770000000000000000e+02 3.009550000000000182e+03
4.450000000000000000e+02 3.009599999999999909e+03
4.850000000000000000e+02 3.009550000000000182e+03
6.530000000000000000e+02 3.009750000000000000e+03
1.090000000000000000e+02 3.010200000000000273e+03
7.970000000000000000e+02 3.010150000000000091e+03
5.970000000000000000e+02 3.010250000000000000e+03
5.170000000000000000e+02 3.010500000000000000e+03
7.010000000000000000e+02 3.010450000000000273e+03
2.210000000000000000e+02 3.010700000000000273e+03
4.290000000000000000e+02 3.010800000000000182e+03
1.170000000000000000e+02 3.011099999999999909e+03
1.250000000000000000e+02 3.011300000000000182e+03
6.100000000000000000e+01 3.012849999999999909e+03
7.650000000000000000e+02 3.013550000000000182e+03
1.300000000000000000e+01 3.013650000000000091e+03
7.700000000000000000e+01 3.014150000000000091e+03
4.210000000000000000e+02 3.014300000000000182e+03
4.690000000000000000e+02 3.014250000000000000e+03
2.100000000000000000e+01 3.015349999999999909e+03
4.450000000000000000e+02 3.015599999999999909e+03
1.890000000000000000e+02 3.015700000000000273e+03
4.610000000000000000e+02 3.015800000000000182e+03
5.330000000000000000e+02 3.015800000000000182e+03
2.850000000000000000e+02 3.016000000000000000e+03
5.410000000000000000e+02 3.015950000000000273e+03
2.450000000000000000e+02 3.016050000000000182e+03
4.530000000000000000e+02 3.016300000000000182e+03
5.000000000000000000e+00 3.016400000000000091e+03
1.810000000000000000e+02 3.016349999999999909e+03
5.490000000000000000e+02 3.016400000000000091e+03
3.570000000000000000e+02 3.016500000000000000e+03
5.090000000000000000e+02 3.016450000000000273e+03
6.850000000000000000e+02 3.016650000000000091e+03
1.730000000000000000e+02 3.017099999999999909e+03
6.770000000000000000e+02 3.017200000000000273e+03
3.700000000000000000e+01 3.017250000000000000e+03
4.500000000000000000e+01 3.017300000000000182e+03
3.890000000000000000e+02 3.017300000000000182e+03
3.410000000000000000e+02 3.017500000000000000e+03
6.450000000000000000e+02 3.017500000000000000e+03
1.330000000000000000e+02 3.017650000000000091e+03
7.410000000000000000e+02 3.017700000000000273e+03
3.490000000000000000e+02 3.017900000000000091e+03
2.130000000000000000e+02 3.018000000000000000e+03
2.690000000000000000e+02 3.017950000000000273e+03
3.330000000000000000e+02 3.018050000000000182e+03
4.850000000000000000e+02 3.018050000000000182e+03
2.370000000000000000e+02 3.018150000000000091e+03
2.610000000000000000e+02 3.018250000000000000e+03
6.050000000000000000e+02 3.018300000000000182e+03
7.650000000000000000e+02 3.018300000000000182e+03
3.010000000000000000e+02 3.018650000000000091e+03
2.900000000000000000e+01 3.018849999999999909e+03
5.570000000000000000e+02 3.019300000000000182e+03
1.170000000000000000e+02 3.019849999999999909e+03
7.700000000000000000e+01 3.022450000000000273e+03
6.610000000000000000e+02 3.024200000000000273e+03
4.770000000000000000e+02 3.025000000000000000e+03
7.570000000000000000e+02 3.025500000000000000e+03
5.300000000000000000e+01 3.026349999999999909e+03
5.890000000000000000e+02 3.026349999999999909e+03
6.290000000000000000e+02 3.026400000000000091e+03
4.290000000000000000e+02 3.026500000000000000e+03
5.410000000000000000e+02 3.026750000000000000e+03
3.570000000000000000e+02 3.026849999999999909e+03
1.490000000000000000e+02 3.027000000000000000e+03
7.730000000000000000e+02 3.027400000000000091e+03
2.530000000000000000e+02 3.027700000000000273e+03
3.090000000000000000e+02 3.027900000000000091e+03
2.900000000000000000e+01 3.027950000000000273e+03
1.410000000000000000e+02 3.028000000000000000e+03
6.690000000000000000e+02 3.027950000000000273e+03
1.330000000000000000e+02 3.028200000000000273e+03
2.770000000000000000e+02 3.028200000000000273e+03
7.970000000000000000e+02 3.028400000000000091e+03
6.530000000000000000e+02 3.028450000000000273e+03
4.690000000000000000e+02 3.028650000000000091e+03
3.490000000000000000e+02 3.029400000000000091e+03
6.130000000000000000e+02 3.029349999999999909e+03
3.730000000000000000e+02 3.034849999999999909e+03
5.250000000000000000e+02 3.035250000000000000e+03
1.010000000000000000e+02 3.036250000000000000e+03
4.930000000000000000e+02 3.036300000000000182e+03
7.490000000000000000e+02 3.037300000000000182e+03
5.650000000000000000e+02 3.037450000000000273e+03
4.530000000000000000e+02 3.037550000000000182e+03
1.650000000000000000e+02 3.037849999999999909e+03
5.970000000000000000e+02 3.038050000000000182e+03
1.300000000000000000e+01 3.038150000000000091e+03
2.610000000000000000e+02 3.038150000000000091e+03
6.370000000000000000e+02 3.038200000000000273e+03
5.000000000000000000e+00 3.038250000000000000e+03
9.300000000000000000e+01 3.038349999999999909e+03
2.770000000000000000e+02 3.038450000000000273e+03
6.690000000000000000e+02 3.038500000000000000e+03
5.570000000000000000e+02 3.038599999999999909e+03
1.490000000000000000e+02 3.038800000000000182e+03
6.130000000000000000e+02 3.038800000000000182e+03
1.570000000000000000e+02 3.038900000000000091e+03
5.730000000000000000e+02 3.038849999999999909e+03
5.490000000000000000e+02 3.039099999999999909e+03
2.930000000000000000e+02 3.039200000000000273e+03
1.250000000000000000e+02 3.039250000000000000e+03
3.410000000000000000e+02 3.039250000000000000e+03
3.700000000000000000e+01 3.039800000000000182e+03
2.530000000000000000e+02 3.040000000000000000e+03
5.410000000000000000e+02 3.047200000000000273e+03
4.850000000000000000e+02 3.047550000000000182e+03
2.370000000000000000e+02 3.047700000000000273e+03
3.330000000000000000e+02 3.047750000000000000e+03
2.130000000000000000e+02 3.047849999999999909e+03
2.290000000000000000e+02 3.048550000000000182e+03
3.700000000000000000e+01 3.048700000000000273e+03
3.170000000000000000e+02 3.048900000000000091e+03
6.450000000000000000e+02 3.049099999999999909e+03
6.210000000000000000e+02 3.049550000000000182e+03
1.890000000000000000e+02 3.049700000000000273e+03
7.490000000000000000e+02 3.049700000000000273e+03
5.730000000000000000e+02 3.050400000000000091e+03
3.410000000000000000e+02 3.056000000000000000e+03
2.050000000000000000e+02 3.056200000000000273e+03
7.730000000000000000e+02 3.056400000000000091e+03
1.090000000000000000e+02 3.057000000000000000e+03
3.970000000000000000e+02 3.057450000000000273e+03
7.010000000000000000e+02 3.057650000000000091e+03
3.250000000000000000e+02 3.058200000000000273e+03
3.090000000000000000e+02 3.058300000000000182e+03
4.210000000000000000e+02 3.058450000000000273e+03
4.530000000000000000e+02 3.058500000000000000e+03
4.610000000000000000e+02 3.058500000000000000e+03
7.330000000000000000e+02 3.058500000000000000e+03
4.370000000000000000e+02 3.058800000000000182e+03
3.810000000000000000e+02 3.058900000000000091e+03
1.570000000000000000e+02 3.059349999999999909e+03
5.810000000000000000e+02 3.059550000000000182e+03
3.010000000000000000e+02 3.059650000000000091e+03
7.890000000000000000e+02 3.059849999999999909e+03
1.730000000000000000e+02 3.062599999999999909e+03
1.810000000000000000e+02 3.062849999999999909e+03
2.610000000000000000e+02 3.063700000000000273e+03
2.770000000000000000e+02 3.063700000000000273e+03
3.490000000000000000e+02 3.064150000000000091e+03
5.570000000000000000e+02 3.065300000000000182e+03
7.570000000000000000e+02 3.065599999999999909e+03
2.690000000000000000e+02 3.066200000000000273e+03
5.490000000000000000e+02 3.066200000000000273e+03
6.050000000000000000e+02 3.067150000000000091e+03
1.250000000000000000e+02 3.067650000000000091e+03
5.010000000000000000e+02 3.068400000000000091e+03
6.130000000000000000e+02 3.068849999999999909e+03
4.690000000000000000e+02 3.069200000000000273e+03
4.130000000000000000e+02 3.069450000000000273e+03
7.010000000000000000e+02 3.069650000000000091e+03
4.450000000000000000e+02 3.069800000000000182e+03
3.170000000000000000e+02 3.070150000000000091e+03
4.850000000000000000e+02 3.070150000000000091e+03
5.650000000000000000e+02 3.070300000000000182e+03
3.330000000000000000e+02 3.073400000000000091e+03
5.730000000000000000e+02 3.073650000000000091e+03
3.730000000000000000e+02 3.074150000000000091e+03
2.850000000000000000e+02 3.074450000000000273e+03
7.650000000000000000e+02 3.074550000000000182e+03
6.370000000000000000e+02 3.075000000000000000e+03
2.930000000000000000e+02 3.076050000000000182e+03
7.890000000000000000e+02 3.077000000000000000e+03
3.810000000000000000e+02 3.077550000000000182e+03
1.410000000000000000e+02 3.078000000000000000e+03
5.170000000000000000e+02 3.078400000000000091e+03
3.650000000000000000e+02 3.083500000000000000e+03
3.010000000000000000e+02 3.084200000000000273e+03
5.010000000000000000e+02 3.084849999999999909e+03
4.130000000000000000e+02 3.085000000000000000e+03
1.010000000000000000e+02 3.086099999999999909e+03
2.290000000000000000e+02 3.087300000000000182e+03
4.930000000000000000e+02 3.090550000000000182e+03
2.900000000000000000e+01 3.092200000000000273e+03
6.130000000000000000e+02 3.093300000000000182e+03
7.970000000000000000e+02 3.093900000000000091e+03
3.090000000000000000e+02 3.094000000000000000e+03
3.570000000000000000e+02 3.094400000000000091e+03
4.610000000000000000e+02 3.094599999999999909e+03
6.450000000000000000e+02 3.094800000000000182e+03
5.090000000000000000e+02 3.094849999999999909e+03
7.730000000000000000e+02 3.097250000000000000e+03
5.570000000000000000e+02 3.098150000000000091e+03
2.850000000000000000e+02 3.100500000000000000e+03
1.570000000000000000e+02 3.100550000000000182e+03
6.770000000000000000e+02 3.100750000000000000e+03
5.000000000000000000e+00 3.100900000000000091e+03
6.210000000000000000e+02 3.101050000000000182e+03
3.970000000000000000e+02 3.101200000000000273e+03
6.930000000000000000e+02 3.101400000000000091e+03
7.490000000000000000e+02 3.101700000000000273e+03
1.330000000000000000e+02 3.102800000000000182e+03
6.530000000000000000e+02 3.108000000000000000e+03
5.170000000000000000e+02 3.108200000000000273e+03
1.300000000000000000e+01 3.109099999999999909e+03
5.730000000000000000e+02 3.109500000000000000e+03
1.090000000000000000e+02 3.109750000000000000e+03
4.370000000000000000e+02 3.109849999999999909e+03
7.890000000000000000e+02 3.109900000000000091e+03
6.900000000000000000e+01 3.109950000000000273e+03
1.490000000000000000e+02 3.110150000000000091e+03
3.410000000000000000e+02 3.110200000000000273e+03
3.250000000000000000e+02 3.110250000000000000e+03
7.410000000000000000e+02 3.110550000000000182e+03
3.330000000000000000e+02 3.110650000000000091e+03
3.090000000000000000e+02 3.110750000000000000e+03
2.130000000000000000e+02 3.110900000000000091e+03
3.730000000000000000e+02 3.110950000000000273e+03
6.690000000000000000e+02 3.111099999999999909e+03
7.250000000000000000e+02 3.111300000000000182e+03
2.050000000000000000e+02 3.111400000000000091e+03
5.410000000000000000e+02 3.111349999999999909e+03
2.100000000000000000e+01 3.111500000000000000e+03
2.770000000000000000e+02 3.111500000000000000e+03
7.650000000000000000e+02 3.111450000000000273e+03
3.170000000000000000e+02 3.111650000000000091e+03
3.810000000000000000e+02 3.111700000000000273e+03
4.050000000000000000e+02 3.111650000000000091e+03
4.930000000000000000e+02 3.111700000000000273e+03
5.890000000000000000e+02 3.111800000000000182e+03
7.330000000000000000e+02 3.112200000000000273e+03
4.770000000000000000e+02 3.117500000000000000e+03
3.650000000000000000e+02 3.119950000000000273e+03
5.010000000000000000e+02 3.120349999999999909e+03
4.370000000000000000e+02 3.120700000000000273e+03
5.570000000000000000e+02 3.120750000000000000e+03
4.050000000000000000e+02 3.121300000000000182e+03
4.930000000000000000e+02 3.121300000000000182e+03
4.450000000000000000e+02 3.121599999999999909e+03
1.010000000000000000e+02 3.121700000000000273e+03
6.770000000000000000e+02 3.121700000000000273e+03
6.210000000000000000e+02 3.122450000000000273e+03
3.810000000000000000e+02 3.127000000000000000e+03
6.370000000000000000e+02 3.127200000000000273e+03
7.890000000000000000e+02 3.127450000000000273e+03
1.410000000000000000e+02 3.127750000000000000e+03
5.250000000000000000e+02 3.127849999999999909e+03
4.210000000000000000e+02 3.128300000000000182e+03
6.610000000000000000e+02 3.128250000000000000e+03
4.530000000000000000e+02 3.128900000000000091e+03
2.610000000000000000e+02 3.129349999999999909e+03
4.610000000000000000e+02 3.129750000000000000e+03
4.930000000000000000e+02 3.130700000000000273e+03
1.330000000000000000e+02 3.130849999999999909e+03
1.650000000000000000e+02 3.131750000000000000e+03
3.970000000000000000e+02 3.133250000000000000e+03
2.900000000000000000e+01 3.134200000000000273e+03
3.570000000000000000e+02 3.135099999999999909e+03
1.730000000000000000e+02 3.135349999999999909e+03
7.810000000000000000e+02 3.136349999999999909e+03
1.410000000000000000e+02 3.137950000000000273e+03
7.330000000000000000e+02 3.141800000000000182e+03
1.330000000000000000e+02 3.141900000000000091e+03
5.730000000000000000e+02 3.141849999999999909e+03
6.610000000000000000e+02 3.143500000000000000e+03
4.610000000000000000e+02 3.143750000000000000e+03
3.700000000000000000e+01 3.144800000000000182e+03
7.410000000000000000e+02 3.145349999999999909e+03
2.210000000000000000e+02 3.147599999999999909e+03
1.490000000000000000e+02 3.148300000000000182e+03
7.490000000000000000e+02 3.149150000000000091e+03
3.010000000000000000e+02 3.149400000000000091e+03
6.130000000000000000e+02 3.149349999999999909e+03
4.850000000000000000e+02 3.150500000000000000e+03
1.650000000000000000e+02 3.151200000000000273e+03
6.770000000000000000e+02 3.153150000000000091e+03
2.130000000000000000e+02 3.154150000000000091e+03
3.730000000000000000e+02 3.154400000000000091e+03
5.410000000000000000e+02 3.154550000000000182e+03
6.450000000000000000e+02 3.157099999999999909e+03
2.290000000000000000e+02 3.158500000000000000e+03
3.090000000000000000e+02 3.158550000000000182e+03
7.170000000000000000e+02 3.160400000000000091e+03
2.370000000000000000e+02 3.160450000000000273e+03
2.900000000000000000e+01 3.160550000000000182e+03
7.570000000000000000e+02 3.160700000000000273e+03
6.100000000000000000e+01 3.161550000000000182e+03
3.330000000000000000e+02 3.162300000000000182e+03
2.850000000000000000e+02 3.163300000000000182e+03
2.930000000000000000e+02 3.163950000000000273e+03
1.410000000000000000e+02 3.164150000000000091e+03
7.700000000000000000e+01 3.164500000000000000e+03
4.130000000000000000e+02 3.164599999999999909e+03
1.010000000000000000e+02 3.165000000000000000e+03
6.850000000000000000e+02 3.165099999999999909e+03
5.970000000000000000e+02 3.165700000000000273e+03
6.290000000000000000e+02 3.165900000000000091e+03
1.330000000000000000e+02 3.166200000000000273e+03
3.970000000000000000e+02 3.166250000000000000e+03
4.050000000000000000e+02 3.168000000000000000e+03
5.410000000000000000e+02 3.168950000000000273e+03
3.410000000000000000e+02 3.169150000000000091e+03
1.970000000000000000e+02 3.171800000000000182e+03
4.690000000000000000e+02 3.171950000000000273e+03
4.500000000000000000e+01 3.172349999999999909e+03
6.900000000000000000e+01 3.172450000000000273e+03
4.450000000000000000e+02 3.172500000000000000e+03
5.300000000000000000e+01 3.173800000000000182e+03
5.810000000000000000e+02 3.173900000000000091e+03
6.370000000000000000e+02 3.174000000000000000e+03
4.530000000000000000e+02 3.174849999999999909e+03
5.010000000000000000e+02 3.175849999999999909e+03
1.250000000000000000e+02 3.176500000000000000e+03
3.700000000000000000e+01 3.176750000000000000e+03
7.330000000000000000e+02 3.177349999999999909e+03
6.100000000000000000e+01 3.178599999999999909e+03
4.370000000000000000e+02 3.179050000000000182e+03
1.090000000000000000e+02 3.180500000000000000e+03
3.010000000000000000e+02 3.180800000000000182e+03
2.130000000000000000e+02 3.181150000000000091e+03
5.000000000000000000e+00 3.181349999999999909e+03
5.330000000000000000e+02 3.181650000000000091e+03
1.650000000000000000e+02 3.181950000000000273e+03
2.930000000000000000e+02 3.182900000000000091e+03
2.450000000000000000e+02 3.183500000000000000e+03
4.210000000000000000e+02 3.184300000000000182e+03
3.810000000000000000e+02 3.185700000000000273e+03
3.700000000000000000e+01 3.186200000000000273e+03
7.490000000000000000e+02 3.186500000000000000e+03
6.930000000000000000e+02 3.186700000000000273e+03
7.730000000000000000e+02 3.187750000000000000e+03
3.490000000000000000e+02 3.189500000000000000e+03
1.170000000000000000e+02 3.193250000000000000e+03
1.410000000000000000e+02 3.193250000000000000e+03
1.810000000000000000e+02 3.193450000000000273e+03
3.650000000000000000e+02 3.194550000000000182e+03
1.970000000000000000e+02 3.194700000000000273e+03
6.370000000000000000e+02 3.195300000000000182e+03
5.490000000000000000e+02 3.195550000000000182e+03
6.290000000000000000e+02 3.195900000000000091e+03
2.530000000000000000e+02 3.196500000000000000e+03
4.850000000000000000e+02 3.196500000000000000e+03
7.170000000000000000e+02 3.196500000000000000e+03
7.650000000000000000e+02 3.196750000000000000e+03
4.050000000000000000e+02 3.198849999999999909e+03
1.490000000000000000e+02 3.199650000000000091e+03
5.000000000000000000e+00 3.200300000000000182e+03
6.050000000000000000e+02 3.200750000000000000e+03
1.410000000000000000e+02 3.201250000000000000e+03
2.690000000000000000e+02 3.201400000000000091e+03
4.530000000000000000e+02 3.201500000000000000e+03
7.970000000000000000e+02 3.202099999999999909e+03
4.130000000000000000e+02 3.202800000000000182e+03
1.300000000000000000e+01 3.204800000000000182e+03
7.010000000000000000e+02 3.205800000000000182e+03
1.010000000000000000e+02 3.208050000000000182e+03
6.610000000000000000e+02 3.208599999999999909e+03
3.810000000000000000e+02 3.210550000000000182e+03
5.300000000000000000e+01 3.211000000000000000e+03
8.500000000000000000e+01 3.214099999999999909e+03
4.130000000000000000e+02 3.215000000000000000e+03
3.570000000000000000e+02 3.215200000000000273e+03
2.610000000000000000e+02 3.217099999999999909e+03
3.490000000000000000e+02 3.217400000000000091e+03
6.690000000000000000e+02 3.218849999999999909e+03
7.650000000000000000e+02 3.218849999999999909e+03
5.090000000000000000e+02 3.219150000000000091e+03
1.650000000000000000e+02 3.219650000000000091e+03
3.410000000000000000e+02 3.219900000000000091e+03
7.090000000000000000e+02 3.220000000000000000e+03
7.170000000000000000e+02 3.220150000000000091e+03
5.890000000000000000e+02 3.220250000000000000e+03
2.900000000000000000e+01 3.220800000000000182e+03
7.410000000000000000e+02 3.221700000000000273e+03
5.330000000000000000e+02 3.223550000000000182e+03
6.450000000000000000e+02 3.224400000000000091e+03
2.210000000000000000e+02 3.224550000000000182e+03
3.810000000000000000e+02 3.225700000000000273e+03
4.690000000000000000e+02 3.226650000000000091e+03
1.650000000000000000e+02 3.227349999999999909e+03
1.330000000000000000e+02 3.227450000000000273e+03
6.850000000000000000e+02 3.228349999999999909e+03
1.730000000000000000e+02 3.229849999999999909e+03
1.810000000000000000e+02 3.230250000000000000e+03
6.100000000000000000e+01 3.231099999999999909e+03
3.250000000000000000e+02 3.231300000000000182e+03
5.970000000000000000e+02 3.231650000000000091e+03
1.010000000000000000e+02 3.232200000000000273e+03
1.170000000000000000e+02 3.232200000000000273e+03
2.530000000000000000e+02 3.232400000000000091e+03
3.490000000000000000e+02 3.232950000000000273e+03
2.130000000000000000e+02 3.233099999999999909e+03
6.130000000000000000e+02 3.233150000000000091e+03
5.650000000000000000e+02 3.233250000000000000e+03
1.890000000000000000e+02 3.239050000000000182e+03
3.810000000000000000e+02 3.239550000000000182e+03
2.370000000000000000e+02 3.240349999999999909e+03
5.570000000000000000e+02 3.240400000000000091e+03
4.290000000000000000e+02 3.240550000000000182e+03
9.300000000000000000e+01 3.241400000000000091e+03
6.770000000000000000e+02 3.241349999999999909e+03
3.090000000000000000e+02 3.241599999999999909e+03
2.930000000000000000e+02 3.241650000000000091e+03
1.490000000000000000e+02 3.241900000000000091e+03
7.010000000000000000e+02 3.242500000000000000e+03
5.890000000000000000e+02 3.245050000000000182e+03
1.250000000000000000e+02 3.245900000000000091e+03
7.170000000000000000e+02 3.247900000000000091e+03
4.530000000000000000e+02 3.248900000000000091e+03
7.330000000000000000e+02 3.248950000000000273e+03
1.730000000000000000e+02 3.249050000000000182e+03
5.650000000000000000e+02 3.249599999999999909e+03
1.650000000000000000e+02 3.250000000000000000e+03
5.490000000000000000e+02 3.250000000000000000e+03
5.810000000000000000e+02 3.250150000000000091e+03
4.610000000000000000e+02 3.250650000000000091e+03
3.170000000000000000e+02 3.250800000000000182e+03
1.890000000000000000e+02 3.251450000000000273e+03
7.250000000000000000e+02 3.251550000000000182e+03
1.570000000000000000e+02 3.253050000000000182e+03
3.490000000000000000e+02 3.254450000000000273e+03
3.410000000000000000e+02 3.256050000000000182e+03
6.690000000000000000e+02 3.257099999999999909e+03
7.700000000000000000e+01 3.257200000000000273e+03
5.090000000000000000e+02 3.258450000000000273e+03
5.490000000000000000e+02 3.258750000000000000e+03
2.610000000000000000e+02 3.259000000000000000e+03
1.490000000000000000e+02 3.259200000000000273e+03
5.410000000000000000e+02 3.259349999999999909e+03
7.010000000000000000e+02 3.259800000000000182e+03
7.410000000000000000e+02 3.259800000000000182e+03
2.370000000000000000e+02 3.259950000000000273e+03
2.690000000000000000e+02 3.260800000000000182e+03
6.530000000000000000e+02 3.260750000000000000e+03
2.450000000000000000e+02 3.261000000000000000e+03
4.690000000000000000e+02 3.261900000000000091e+03
2.050000000000000000e+02 3.265250000000000000e+03
3.250000000000000000e+02 3.268550000000000182e+03
1.300000000000000000e+01 3.268650000000000091e+03
1.810000000000000000e+02 3.268650000000000091e+03
3.890000000000000000e+02 3.268750000000000000e+03
2.210000000000000000e+02 3.269000000000000000e+03
6.050000000000000000e+02 3.269400000000000091e+03
5.970000000000000000e+02 3.269500000000000000e+03
7.650000000000000000e+02 3.270000000000000000e+03
2.130000000000000000e+02 3.270050000000000182e+03
6.210000000000000000e+02 3.272400000000000091e+03
5.000000000000000000e+00 3.274800000000000182e+03
1.490000000000000000e+02 3.275300000000000182e+03
3.410000000000000000e+02 3.275700000000000273e+03
4.370000000000000000e+02 3.277250000000000000e+03
6.930000000000000000e+02 3.277599999999999909e+03
1.570000000000000000e+02 3.277800000000000182e+03
1.250000000000000000e+02 3.278500000000000000e+03
3.330000000000000000e+02 3.278650000000000091e+03
9.300000000000000000e+01 3.278800000000000182e+03
1.410000000000000000e+02 3.279000000000000000e+03
6.850000000000000000e+02 3.279200000000000273e+03
5.650000000000000000e+02 3.279250000000000000e+03
7.650000000000000000e+02 3.279450000000000273e+03
2.930000000000000000e+02 3.279849999999999909e+03
2.850000000000000000e+02 3.280200000000000273e+03
3.650000000000000000e+02 3.280550000000000182e+03
7.330000000000000000e+02 3.280900000000000091e+03
7.410000000000000000e+02 3.282250000000000000e+03
8.500000000000000000e+01 3.283300000000000182e+03
2.610000000000000000e+02 3.285650000000000091e+03
4.610000000000000000e+02 3.286550000000000182e+03
6.450000000000000000e+02 3.286599999999999909e+03
1.810000000000000000e+02 3.286650000000000091e+03
4.130000000000000000e+02 3.287349999999999909e+03
7.010000000000000000e+02 3.287700000000000273e+03
3.090000000000000000e+02 3.288000000000000000e+03
1.010000000000000000e+02 3.288599999999999909e+03
1.490000000000000000e+02 3.289500000000000000e+03
3.170000000000000000e+02 3.292200000000000273e+03
4.450000000000000000e+02 3.292150000000000091e+03
2.770000000000000000e+02 3.293400000000000091e+03
7.700000000000000000e+01 3.293750000000000000e+03
6.690000000000000000e+02 3.294400000000000091e+03
5.650000000000000000e+02 3.294450000000000273e+03
1.730000000000000000e+02 3.294900000000000091e+03
3.810000000000000000e+02 3.295200000000000273e+03
2.050000000000000000e+02 3.295500000000000000e+03
2.530000000000000000e+02 3.295550000000000182e+03
1.970000000000000000e+02 3.295750000000000000e+03
6.210000000000000000e+02 3.295950000000000273e+03
2.690000000000000000e+02 3.296099999999999909e+03
6.770000000000000000e+02 3.296050000000000182e+03
3.650000000000000000e+02 3.296150000000000091e+03
5.570000000000000000e+02 3.296300000000000182e+03
2.100000000000000000e+01 3.296450000000000273e+03
5.090000000000000000e+02 3.296599999999999909e+03
3.250000000000000000e+02 3.296849999999999909e+03
7.330000000000000000e+02 3.296900000000000091e+03
5.010000000000000000e+02 3.297349999999999909e+03
1.570000000000000000e+02 3.301349999999999909e+03
7.250000000000000000e+02 3.302800000000000182e+03
7.010000000000000000e+02 3.304150000000000091e+03
6.690000000000000000e+02 3.304550000000000182e+03
7.570000000000000000e+02 3.304599999999999909e+03
1.250000000000000000e+02 3.306099999999999909e+03
4.210000000000000000e+02 3.307950000000000273e+03
4.690000000000000000e+02 3.308750000000000000e+03
3.090000000000000000e+02 3.312099999999999909e+03
6.050000000000000000e+02 3.312650000000000091e+03
2.850000000000000000e+02 3.313099999999999909e+03
7.970000000000000000e+02 3.313450000000000273e+03
7.650000000000000000e+02 3.315300000000000182e+03
7.810000000000000000e+02 3.315750000000000000e+03
4.370000000000000000e+02 3.316349999999999909e+03
6.610000000000000000e+02 3.316349999999999909e+03
1.810000000000000000e+02 3.316450000000000273e+03
2.610000000000000000e+02 3.316500000000000000e+03
7.570000000000000000e+02 3.319150000000000091e+03
5.730000000000000000e+02 3.319400000000000091e+03
5.010000000000000000e+02 3.320450000000000273e+03
6.900000000000000000e+01 3.321300000000000182e+03
6.290000000000000000e+02 3.321349999999999909e+03
1.330000000000000000e+02 3.324000000000000000e+03
8.500000000000000000e+01 3.325500000000000000e+03
6.210000000000000000e+02 3.325599999999999909e+03
7.410000000000000000e+02 3.326050000000000182e+03
2.610000000000000000e+02 3.326200000000000273e+03
4.610000000000000000e+02 3.326700000000000273e+03
1.650000000000000000e+02 3.327000000000000000e+03
7.890000000000000000e+02 3.327750000000000000e+03
6.290000000000000000e+02 3.331450000000000273e+03
1.300000000000000000e+01 3.332050000000000182e+03
2.930000000000000000e+02 3.332200000000000273e+03
4.050000000000000000e+02 3.332200000000000273e+03
4.210000000000000000e+02 3.332349999999999909e+03
5.810000000000000000e+02 3.332550000000000182e+03
5.570000000000000000e+02 3.332900000000000091e+03
2.210000000000000000e+02 3.333200000000000273e+03
1.170000000000000000e+02 3.333300000000000182e+03
3.890000000000000000e+02 3.333849999999999909e+03
4.850000000000000000e+02 3.333849999999999909e+03
3.970000000000000000e+02 3.334000000000000000e+03
5.970000000000000000e+02 3.334099999999999909e+03
2.530000000000000000e+02 3.334200000000000273e+03
7.650000000000000000e+02 3.334400000000000091e+03
6.610000000000000000e+02 3.337849999999999909e+03
6.690000000000000000e+02 3.338900000000000091e+03
2.690000000000000000e+02 3.339300000000000182e+03
6.530000000000000000e+02 3.339650000000000091e+03
6.370000000000000000e+02 3.340300000000000182e+03
6.850000000000000000e+02 3.340950000000000273e+03
2.370000000000000000e+02 3.341250000000000000e+03
6.930000000000000000e+02 3.342150000000000091e+03
7.170000000000000000e+02 3.342599999999999909e+03
3.570000000000000000e+02 3.342650000000000091e+03
4.450000000000000000e+02 3.343099999999999909e+03
1.970000000000000000e+02 3.346500000000000000e+03
4.370000000000000000e+02 3.347750000000000000e+03
2.100000000000000000e+01 3.348200000000000273e+03
3.730000000000000000e+02 3.349200000000000273e+03
5.000000000000000000e+00 3.349650000000000091e+03
2.850000000000000000e+02 3.349700000000000273e+03
5.300000000000000000e+01 3.349849999999999909e+03
2.900000000000000000e+01 3.350849999999999909e+03
5.410000000000000000e+02 3.351000000000000000e+03
2.690000000000000000e+02 3.354650000000000091e+03
4.130000000000000000e+02 3.356450000000000273e+03
2.930000000000000000e+02 3.358750000000000000e+03
7.810000000000000000e+02 3.359150000000000091e+03
1.330000000000000000e+02 3.361849999999999909e+03
4.930000000000000000e+02 3.363400000000000091e+03
3.090000000000000000e+02 3.372500000000000000e+03
6.900000000000000000e+01 3.372800000000000182e+03
1.010000000000000000e+02 3.373550000000000182e+03
6.100000000000000000e+01 3.374099999999999909e+03
5.730000000000000000e+02 3.374500000000000000e+03
3.330000000000000000e+02 3.376849999999999909e+03
7.650000000000000000e+02 3.377500000000000000e+03
5.170000000000000000e+02 3.381200000000000273e+03
5.010000000000000000e+02 3.385050000000000182e+03
3.700000000000000000e+01 3.386900000000000091e+03
4.610000000000000000e+02 3.387450000000000273e+03
6.850000000000000000e+02 3.391650000000000091e+03
6.290000000000000000e+02 3.393349999999999909e+03
1.970000000000000000e+02 3.397250000000000000e+03
6.930000000000000000e+02 3.400200000000000273e+03
1.730000000000000000e+02 3.400500000000000000e+03
6.610000000000000000e+02 3.401300000000000182e+03
3.490000000000000000e+02 3.404050000000000182e+03
5.490000000000000000e+02 3.404950000000000273e+03
2.210000000000000000e+02 3.408750000000000000e+03
1.570000000000000000e+02 3.412950000000000273e+03
1.810000000000000000e+02 3.416300000000000182e+03
2.130000000000000000e+02 3.421150000000000091e+03
3.570000000000000000e+02 3.427750000000000000e+03
6.610000000000000000e+02 3.447250000000000000e+03
2.530000000000000000e+02 3.476500000000000000e+03
7.970000000000000000e+02 3.483849999999999909e+03
7.700000000000000000e+01 3.485250000000000000e+03
3.970000000000000000e+02 3.487200000000000273e+03
4.210000000000000000e+02 3.489200000000000273e+03
6.530000000000000000e+02 3.504200000000000273e+03
5.650000000000000000e+02 3.519849999999999909e+03
7.250000000000000000e+02 3.542450000000000273e+03
4.500000000000000000e+01 3.550650000000000091e+03
4.770000000000000000e+02 3.556750000000000000e+03
6.050000000000000000e+02 3.563050000000000182e+03
5.490000000000000000e+02 3.595800000000000182e+03
3.410000000000000000e+02 3.601349999999999909e+03
7.970000000000000000e+02 3.604599999999999909e+03
5.490000000000000000e+02 3.606349999999999909e+03
4.690000000000000000e+02 3.607150000000000091e+03
5.010000000000000000e+02 3.611250000000000000e+03
1.650000000000000000e+02 3.614450000000000273e+03
6.210000000000000000e+02 3.615400000000000091e+03
7.010000000000000000e+02 3.615800000000000182e+03
1.410000000000000000e+02 3.616200000000000273e+03
6.850000000000000000e+02 3.617349999999999909e+03
4.500000000000000000e+01 3.618200000000000273e+03
1.300000000000000000e+01 3.620950000000000273e+03
5.170000000000000000e+02 3.621599999999999909e+03
5.010000000000000000e+02 3.622700000000000273e+03
2.100000000000000000e+01 3.623700000000000273e+03
6.050000000000000000e+02 3.625250000000000000e+03
6.610000000000000000e+02 3.625700000000000273e+03
1.570000000000000000e+02 3.625750000000000000e+03
7.330000000000000000e+02 3.626050000000000182e+03
1.410000000000000000e+02 3.626200000000000273e+03
1.970000000000000000e+02 3.626150000000000091e+03
5.490000000000000000e+02 3.626200000000000273e+03
3.490000000000000000e+02 3.626300000000000182e+03
5.000000000000000000e+00 3.626650000000000091e+03
5.330000000000000000e+02 3.626800000000000182e+03
3.970000000000000000e+02 3.626950000000000273e+03
4.450000000000000000e+02 3.626950000000000273e+03
7.890000000000000000e+02 3.627000000000000000e+03
3.090000000000000000e+02 3.627050000000000182e+03
4.370000000000000000e+02 3.627200000000000273e+03
1.330000000000000000e+02 3.627250000000000000e+03
3.010000000000000000e+02 3.627300000000000182e+03
3.890000000000000000e+02 3.627250000000000000e+03
4.770000000000000000e+02 3.627250000000000000e+03
6.690000000000000000e+02 3.627349999999999909e+03
1.730000000000000000e+02 3.627500000000000000e+03
4.530000000000000000e+02 3.627550000000000182e+03
7.410000000000000000e+02 3.627550000000000182e+03
4.500000000000000000e+01 3.627650000000000091e+03
1.170000000000000000e+02 3.627650000000000091e+03
3.170000000000000000e+02 3.627650000000000091e+03
3.410000000000000000e+02 3.627700000000000273e+03
3.650000000000000000e+02 3.627650000000000091e+03
6.210000000000000000e+02 3.627650000000000091e+03
6.900000000000000000e+01 3.627800000000000182e+03
3.330000000000000000e+02 3.627750000000000000e+03
5.090000000000000000e+02 3.627750000000000000e+03
8.500000000000000000e+01 3.627849999999999909e+03
7.250000000000000000e+02 3.628000000000000000e+03
1.010000000000000000e+02 3.628099999999999909e+03
2.850000000000000000e+02 3.628099999999999909e+03
7.090000000000000000e+02 3.628099999999999909e+03
2.100000000000000000e+01 3.628150000000000091e+03
7.700000000000000000e+01 3.628200000000000273e+03
1.890000000000000000e+02 3.628200000000000273e+03
2.130000000000000000e+02 3.628200000000000273e+03
2.210000000000000000e+02 3.628200000000000273e+03
4.850000000000000000e+02 3.628150000000000091e+03
7.810000000000000000e+02 3.628150000000000091e+03
2.290000000000000000e+02 3.628250000000000000e+03
6.770000000000000000e+02 3.628250000000000000e+03
6.930000000000000000e+02 3.628250000000000000e+03
2.900000000000000000e+01 3.628349999999999909e+03
5.300000000000000000e+01 3.628349999999999909e+03
9.300000000000000000e+01 3.628400000000000091e+03
1.250000000000000000e+02 3.628400000000000091e+03
2.930000000000000000e+02 3.628400000000000091e+03
5.890000000000000000e+02 3.628349999999999909e+03
6.450000000000000000e+02 3.628349999999999909e+03
6.530000000000000000e+02 3.628400000000000091e+03
7.010000000000000000e+02 3.628349999999999909e+03
6.100000000000000000e+01 3.628450000000000273e+03
1.650000000000000000e+02 3.628500000000000000e+03
2.530000000000000000e+02 3.628450000000000273e+03
5.250000000000000000e+02 3.628500000000000000e+03
5.970000000000000000e+02 3.628500000000000000e+03
6.130000000000000000e+02 3.628500000000000000e+03
7.490000000000000000e+02 3.628500000000000000e+03
2.050000000000000000e+02 3.628550000000000182e+03
4.930000000000000000e+02 3.628599999999999909e+03
5.170000000000000000e+02 3.628599999999999909e+03
5.410000000000000000e+02 3.628599999999999909e+03
7.730000000000000000e+02 3.628599999999999909e+03
1.490000000000000000e+02 3.628650000000000091e+03
4.050000000000000000e+02 3.628650000000000091e+03
7.170000000000000000e+02 3.628700000000000273e+03
3.700000000000000000e+01 3.628750000000000000e+03
2.450000000000000000e+02 3.628800000000000182e+03
4.210000000000000000e+02 3.628750000000000000e+03
5.730000000000000000e+02 3.628750000000000000e+03
1.300000000000000000e+01 3.628900000000000091e+03
2.690000000000000000e+02 3.628900000000000091e+03
4.690000000000000000e+02 3.628849999999999909e+03
6.610000000000000000e+02 3.628900000000000091e+03
2.610000000000000000e+02 3.628950000000000273e+03
6.290000000000000000e+02 3.629000000000000000e+03
7.970000000000000000e+02 3.628950000000000273e+03
3.250000000000000000e+02 3.629099999999999909e+03
5.010000000000000000e+02 3.629099999999999909e+03
5.570000000000000000e+02 3.629050000000000182e+03
2.370000000000000000e+02 3.629150000000000091e+03
4.610000000000000000e+02 3.629200000000000273e+03
1.410000000000000000e+02 3.629250000000000000e+03
3.570000000000000000e+02 3.629250000000000000e+03
6.370000000000000000e+02 3.629250000000000000e+03
6.850000000000000000e+02 3.629250000000000000e+03
2.770000000000000000e+02 3.629349999999999909e+03
3.730000000000000000e+02 3.629349999999999909e+03
4.130000000000000000e+02 3.629450000000000273e+03
5.650000000000000000e+02 3.629550000000000182e+03
1.090000000000000000e+02 3.629650000000000091e+03
1.570000000000000000e+02 3.629700000000000273e+03
3.810000000000000000e+02 3.629650000000000091e+03
7.570000000000000000e+02 3.629700000000000273e+03
3.490000000000000000e+02 3.630050000000000182e+03
5.490000000000000000e+02 3.630800000000000182e+03
6.050000000000000000e+02 3.630750000000000000e+03
1.730000000000000000e+02 3.631849999999999909e+03
7.890000000000000000e+02 3.632050000000000182e+03
1.010000000000000000e+02 3.632150000000000091e+03
6.450000000000000000e+02 3.632200000000000273e+03
4.770000000000000000e+02 3.632250000000000000e+03
6.210000000000000000e+02 3.632849999999999909e+03
6.900000000000000000e+01 3.633050000000000182e+03
1.250000000000000000e+02 3.633900000000000091e+03
7.330000000000000000e+02 3.634250000000000000e+03
5.730000000000000000e+02 3.634349999999999909e+03
5.090000000000000000e+02 3.635950000000000273e+03
7.700000000000000000e+01 3.638849999999999909e+03
6.850000000000000000e+02 3.638950000000000273e+03
2.290000000000000000e+02 3.639650000000000091e+03
3.890000000000000000e+02 3.646400000000000091e+03
1.410000000000000000e+02 3.647150000000000091e+03
3.490000000000000000e+02 3.649599999999999909e+03
3.170000000000000000e+02 3.652800000000000182e+03
4.130000000000000000e+02 3.654200000000000273e+03
4.690000000000000000e+02 3.654950000000000273e+03
3.810000000000000000e+02 3.660849999999999909e+03
8.500000000000000000e+01 3.661849999999999909e+03
7.090000000000000000e+02 3.663200000000000273e+03
6.690000000000000000e+02 3.669700000000000273e+03
6.770000000000000000e+02 3.670450000000000273e+03
5.090000000000000000e+02 3.696400000000000091e+03
7.730000000000000000e+02 3.701450000000000273e+03
3.650000000000000000e+02 3.707099999999999909e+03
7.570000000000000000e+02 3.711849999999999909e+03
3.890000000000000000e+02 3.733950000000000273e+03
3.010000000000000000e+02 3.746849999999999909e+03
5.810000000000000000e+02 3.784400000000000091e+03
3.970000000000000000e+02 3.785200000000000273e+03
2.850000000000000000e+02 3.789300000000000182e+03
5.970000000000000000e+02 3.790400000000000091e+03
1.650000000000000000e+02 3.790900000000000091e+03
1.090000000000000000e+02 3.797550000000000182e+03
1.490000000000000000e+02 3.798200000000000273e+03
5.300000000000000000e+01 3.798950000000000273e+03
5.570000000000000000e+02 3.799750000000000000e+03
1.570000000000000000e+02 3.801000000000000000e+03
4.500000000000000000e+01 3.801300000000000182e+03
5.490000000000000000e+02 3.802150000000000091e+03
4.690000000000000000e+02 3.803599999999999909e+03
6.690000000000000000e+02 3.804400000000000091e+03
1.330000000000000000e+02 3.810400000000000091e+03
7.730000000000000000e+02 3.810500000000000000e+03
7.890000000000000000e+02 3.810500000000000000e+03
4.210000000000000000e+02 3.811200000000000273e+03
7.970000000000000000e+02 3.811650000000000091e+03
3.730000000000000000e+02 3.812200000000000273e+03
6.930000000000000000e+02 3.812250000000000000e+03
2.850000000000000000e+02 3.812500000000000000e+03
3.330000000000000000e+02 3.812450000000000273e+03
6.370000000000000000e+02 3.813750000000000000e+03
1.250000000000000000e+02 3.813950000000000273e+03
2.900000000000000000e+01 3.814150000000000091e+03
2.770000000000000000e+02 3.814150000000000091e+03
1.890000000000000000e+02 3.814300000000000182e+03
2.130000000000000000e+02 3.814250000000000000e+03
7.170000000000000000e+02 3.814500000000000000e+03
3.970000000000000000e+02 3.815300000000000182e+03
7.090000000000000000e+02 3.815599999999999909e+03
4.130000000000000000e+02 3.816349999999999909e+03
6.450000000000000000e+02 3.816750000000000000e+03
6.690000000000000000e+02 3.816750000000000000e+03
5.090000000000000000e+02 3.817200000000000273e+03
1.810000000000000000e+02 3.817250000000000000e+03
3.810000000000000000e+02 3.817500000000000000e+03
5.890000000000000000e+02 3.817800000000000182e+03
6.050000000000000000e+02 3.818550000000000182e+03
7.700000000000000000e+01 3.818900000000000091e+03
7.650000000000000000e+02 3.819450000000000273e+03
5.300000000000000000e+01 3.819550000000000182e+03
6.370000000000000000e+02 3.820050000000000182e+03
6.610000000000000000e+02 3.820050000000000182e+03
5.490000000000000000e+02 3.820300000000000182e+03
5.730000000000000000e+02 3.820300000000000182e+03
1.170000000000000000e+02 3.823450000000000273e+03
2.900000000000000000e+01 3.825050000000000182e+03
4.500000000000000000e+01 3.826599999999999909e+03
2.290000000000000000e+02 3.826950000000000273e+03
1.570000000000000000e+02 3.828500000000000000e+03
6.210000000000000000e+02 3.828650000000000091e+03
1.090000000000000000e+02 3.829150000000000091e+03
5.010000000000000000e+02 3.829750000000000000e+03
2.930000000000000000e+02 3.830800000000000182e+03
2.130000000000000000e+02 3.830849999999999909e+03
1.810000000000000000e+02 3.831650000000000091e+03
3.250000000000000000e+02 3.832800000000000182e+03
5.890000000000000000e+02 3.832950000000000273e+03
3.810000000000000000e+02 3.834200000000000273e+03
4.770000000000000000e+02 3.835450000000000273e+03
4.450000000000000000e+02 3.835950000000000273e+03
7.810000000000000000e+02 3.837250000000000000e+03
4.050000000000000000e+02 3.837349999999999909e+03
7.170000000000000000e+02 3.838099999999999909e+03
5.330000000000000000e+02 3.846700000000000273e+03
5.410000000000000000e+02 3.847849999999999909e+03
6.290000000000000000e+02 3.848800000000000182e+03
7.250000000000000000e+02 3.849900000000000091e+03
3.250000000000000000e+02 3.849950000000000273e+03
4.930000000000000000e+02 3.850250000000000000e+03
5.650000000000000000e+02 3.850599999999999909e+03
6.450000000000000000e+02 3.855950000000000273e+03
2.770000000000000000e+02 3.859200000000000273e+03
3.170000000000000000e+02 3.863349999999999909e+03
2.530000000000000000e+02 3.864349999999999909e+03
3.650000000000000000e+02 3.866650000000000091e+03
4.530000000000000000e+02 3.867000000000000000e+03
6.900000000000000000e+01 3.867200000000000273e+03
4.370000000000000000e+02 3.867400000000000091e+03
4.290000000000000000e+02 3.867800000000000182e+03
6.100000000000000000e+01 3.870750000000000000e+03
6.610000000000000000e+02 3.870900000000000091e+03
5.090000000000000000e+02 3.871099999999999909e+03
5.810000000000000000e+02 3.871700000000000273e+03
1.970000000000000000e+02 3.872400000000000091e+03
2.690000000000000000e+02 3.875250000000000000e+03
5.000000000000000000e+00 3.875800000000000182e+03
7.170000000000000000e+02 3.876150000000000091e+03
4.770000000000000000e+02 3.877849999999999909e+03
3.970000000000000000e+02 3.878650000000000091e+03
2.610000000000000000e+02 3.879750000000000000e+03
5.170000000000000000e+02 3.879950000000000273e+03
1.490000000000000000e+02 3.880150000000000091e+03
7.010000000000000000e+02 3.881000000000000000e+03
2.100000000000000000e+01 3.881400000000000091e+03
2.290000000000000000e+02 3.882200000000000273e+03
4.370000000000000000e+02 3.882800000000000182e+03
8.500000000000000000e+01 3.883250000000000000e+03
3.330000000000000000e+02 3.883700000000000273e+03
6.610000000000000000e+02 3.886250000000000000e+03
2.050000000000000000e+02 3.886700000000000273e+03
7.730000000000000000e+02 3.887650000000000091e+03
3.090000000000000000e+02 3.889200000000000273e+03
4.130000000000000000e+02 3.889650000000000091e+03
6.210000000000000000e+02 3.889700000000000273e+03
5.250000000000000000e+02 3.892000000000000000e+03
3.970000000000000000e+02 3.898950000000000273e+03
2.210000000000000000e+02 3.899599999999999909e+03
5.890000000000000000e+02 3.901450000000000273e+03
3.730000000000000000e+02 3.901800000000000182e+03
5.250000000000000000e+02 3.902400000000000091e+03
1.970000000000000000e+02 3.903900000000000091e+03
4.290000000000000000e+02 3.908450000000000273e+03
6.210000000000000000e+02 3.911800000000000182e+03
5.000000000000000000e+00 3.912450000000000273e+03
1.170000000000000000e+02 3.916550000000000182e+03
1.650000000000000000e+02 3.918849999999999909e+03
2.930000000000000000e+02 3.919099999999999909e+03
6.610000000000000000e+02 3.919400000000000091e+03
6.850000000000000000e+02 3.919700000000000273e+03
5.570000000000000000e+02 3.919900000000000091e+03
7.010000000000000000e+02 3.920650000000000091e+03
6.290000000000000000e+02 3.920900000000000091e+03
2.450000000000000000e+02 3.922599999999999909e+03
3.170000000000000000e+02 3.922599999999999909e+03
1.890000000000000000e+02 3.922900000000000091e+03
3.700000000000000000e+01 3.924900000000000091e+03
5.330000000000000000e+02 3.926750000000000000e+03
3.810000000000000000e+02 3.927349999999999909e+03
5.810000000000000000e+02 3.928750000000000000e+03
5.010000000000000000e+02 3.928950000000000273e+03
4.530000000000000000e+02 3.929099999999999909e+03
4.690000000000000000e+02 3.929900000000000091e+03
2.290000000000000000e+02 3.931349999999999909e+03
4.770000000000000000e+02 3.937950000000000273e+03
3.010000000000000000e+02 3.938950000000000273e+03
1.330000000000000000e+02 3.941200000000000273e+03
3.730000000000000000e+02 3.944250000000000000e+03
4.530000000000000000e+02 3.948700000000000273e+03
5.970000000000000000e+02 3.948950000000000273e+03
7.170000000000000000e+02 3.949599999999999909e+03
5.000000000000000000e+00 3.951400000000000091e+03
5.810000000000000000e+02 3.953500000000000000e+03
6.530000000000000000e+02 3.957200000000000273e+03
2.450000000000000000e+02 3.957250000000000000e+03
1.250000000000000000e+02 3.958200000000000273e+03
3.700000000000000000e+01 3.958650000000000091e+03
6.210000000000000000e+02 3.965650000000000091e+03
2.210000000000000000e+02 3.966599999999999909e+03
6.610000000000000000e+02 3.969000000000000000e+03
1.090000000000000000e+02 3.970650000000000091e+03
1.570000000000000000e+02 3.973450000000000273e+03
7.730000000000000000e+02 3.973550000000000182e+03
1.730000000000000000e+02 3.974500000000000000e+03
8.500000000000000000e+01 3.974650000000000091e+03
5.090000000000000000e+02 3.978050000000000182e+03
5.810000000000000000e+02 3.978900000000000091e+03
4.210000000000000000e+02 3.980099999999999909e+03
1.410000000000000000e+02 3.981099999999999909e+03
2.370000000000000000e+02 3.981050000000000182e+03
7.650000000000000000e+02 3.982000000000000000e+03
4.450000000000000000e+02 3.982750000000000000e+03
7.970000000000000000e+02 3.982900000000000091e+03
2.610000000000000000e+02 3.985099999999999909e+03
2.900000000000000000e+01 3.987950000000000273e+03
4.210000000000000000e+02 3.990800000000000182e+03
2.690000000000000000e+02 3.992099999999999909e+03
4.290000000000000000e+02 3.993150000000000091e+03
3.170000000000000000e+02 3.996599999999999909e+03
5.300000000000000000e+01 3.997250000000000000e+03
5.000000000000000000e+00 3.998400000000000091e+03
3.650000000000000000e+02 3.998400000000000091e+03
5.410000000000000000e+02 3.998599999999999909e+03
2.130000000000000000e+02 3.999400000000000091e+03
3.570000000000000000e+02 4.001650000000000091e+03
8.500000000000000000e+01 4.003650000000000091e+03
3.330000000000000000e+02 4.004700000000000273e+03
2.290000000000000000e+02 4.004849999999999909e+03
3.810000000000000000e+02 4.005300000000000182e+03
6.930000000000000000e+02 4.007349999999999909e+03
6.530000000000000000e+02 4.008099999999999909e+03
6.770000000000000000e+02 4.008349999999999909e+03
3.090000000000000000e+02 4.008500000000000000e+03
1.250000000000000000e+02 4.008900000000000091e+03
3.970000000000000000e+02 4.009150000000000091e+03
5.490000000000000000e+02 4.009300000000000182e+03
2.210000000000000000e+02 4.009700000000000273e+03
2.850000000000000000e+02 4.009750000000000000e+03
2.130000000000000000e+02 4.010200000000000273e+03
3.250000000000000000e+02 4.012200000000000273e+03
1.090000000000000000e+02 4.012700000000000273e+03
3.410000000000000000e+02 4.013800000000000182e+03
2.530000000000000000e+02 4.014050000000000182e+03
4.050000000000000000e+02 4.014849999999999909e+03
5.570000000000000000e+02 4.014849999999999909e+03
3.890000000000000000e+02 4.015900000000000091e+03
6.690000000000000000e+02 4.016450000000000273e+03
5.330000000000000000e+02 4.018050000000000182e+03
2.100000000000000000e+01 4.020849999999999909e+03
7.570000000000000000e+02 4.020849999999999909e+03
6.050000000000000000e+02 4.021950000000000273e+03
4.500000000000000000e+01 4.027050000000000182e+03
5.300000000000000000e+01 4.027400000000000091e+03
1.490000000000000000e+02 4.027349999999999909e+03
5.970000000000000000e+02 4.028599999999999909e+03
2.930000000000000000e+02 4.030300000000000182e+03
5.010000000000000000e+02 4.032650000000000091e+03
2.850000000000000000e+02 4.033099999999999909e+03
5.000000000000000000e+00 4.034400000000000091e+03
3.650000000000000000e+02 4.035550000000000182e+03
2.370000000000000000e+02 4.036349999999999909e+03
3.090000000000000000e+02 4.039599999999999909e+03
6.930000000000000000e+02 4.040599999999999909e+03
5.970000000000000000e+02 4.040950000000000273e+03
4.450000000000000000e+02 4.044750000000000000e+03
1.170000000000000000e+02 4.044900000000000091e+03
2.100000000000000000e+01 4.047349999999999909e+03
3.490000000000000000e+02 4.047400000000000091e+03
5.650000000000000000e+02 4.047400000000000091e+03
4.500000000000000000e+01 4.048150000000000091e+03
7.170000000000000000e+02 4.051400000000000091e+03
1.490000000000000000e+02 4.051700000000000273e+03
4.850000000000000000e+02 4.052000000000000000e+03
4.210000000000000000e+02 4.052300000000000182e+03
6.100000000000000000e+01 4.052900000000000091e+03
7.490000000000000000e+02 4.053000000000000000e+03
4.530000000000000000e+02 4.058000000000000000e+03
5.490000000000000000e+02 4.058800000000000182e+03
3.970000000000000000e+02 4.058849999999999909e+03
2.900000000000000000e+01 4.061950000000000273e+03
1.650000000000000000e+02 4.064500000000000000e+03
3.010000000000000000e+02 4.064849999999999909e+03
4.290000000000000000e+02 4.066450000000000273e+03
3.330000000000000000e+02 4.067050000000000182e+03
1.330000000000000000e+02 4.067800000000000182e+03
7.650000000000000000e+02 4.068000000000000000e+03
4.770000000000000000e+02 4.068099999999999909e+03
2.100000000000000000e+01 4.069099999999999909e+03
7.970000000000000000e+02 4.070650000000000091e+03
7.700000000000000000e+01 4.071200000000000273e+03
6.930000000000000000e+02 4.073700000000000273e+03
6.370000000000000000e+02 4.074599999999999909e+03
5.010000000000000000e+02 4.076099999999999909e+03
4.530000000000000000e+02 4.078300000000000182e+03
4.690000000000000000e+02 4.079250000000000000e+03
1.300000000000000000e+01 4.080150000000000091e+03
1.890000000000000000e+02 4.080450000000000273e+03
4.930000000000000000e+02 4.081300000000000182e+03
3.810000000000000000e+02 4.081700000000000273e+03
5.330000000000000000e+02 4.081849999999999909e+03
6.290000000000000000e+02 4.083150000000000091e+03
6.850000000000000000e+02 4.085500000000000000e+03
4.610000000000000000e+02 4.086450000000000273e+03
6.100000000000000000e+01 4.086599999999999909e+03
3.490000000000000000e+02 4.087400000000000091e+03
2.930000000000000000e+02 4.088550000000000182e+03
4.850000000000000000e+02 4.089900000000000091e+03
2.450000000000000000e+02 4.091599999999999909e+03
4.770000000000000000e+02 4.092700000000000273e+03
1.810000000000000000e+02 4.092800000000000182e+03
6.130000000000000000e+02 4.094700000000000273e+03
5.000000000000000000e+00 4.095200000000000273e+03
1.970000000000000000e+02 4.096199999999999818e+03
7.410000000000000000e+02 4.096649999999999636e+03
4.050000000000000000e+02 4.097399999999999636e+03
5.300000000000000000e+01 4.098649999999999636e+03
2.290000000000000000e+02 4.098750000000000000e+03
9.300000000000000000e+01 4.098850000000000364e+03
6.370000000000000000e+02 4.100050000000000182e+03
7.730000000000000000e+02 4.100649999999999636e+03
7.330000000000000000e+02 4.102199999999999818e+03
1.410000000000000000e+02 4.103000000000000000e+03
5.250000000000000000e+02 4.105649999999999636e+03
1.010000000000000000e+02 4.106899999999999636e+03
2.210000000000000000e+02 4.107500000000000000e+03
7.570000000000000000e+02 4.108100000000000364e+03
1.300000000000000000e+01 4.109350000000000364e+03
7.410000000000000000e+02 4.109399999999999636e+03
1.490000000000000000e+02 4.109750000000000000e+03
5.810000000000000000e+02 4.110850000000000364e+03
4.610000000000000000e+02 4.114100000000000364e+03
2.850000000000000000e+02 4.114949999999999818e+03
5.090000000000000000e+02 4.115750000000000000e+03
2.690000000000000000e+02 4.116750000000000000e+03
5.170000000000000000e+02 4.117149999999999636e+03
4.690000000000000000e+02 4.117949999999999818e+03
1.570000000000000000e+02 4.118199999999999818e+03
7.330000000000000000e+02 4.122649999999999636e+03
4.290000000000000000e+02 4.123000000000000000e+03
1.170000000000000000e+02 4.123149999999999636e+03
2.290000000000000000e+02 4.123649999999999636e+03
5.300000000000000000e+01 4.124300000000000182e+03
2.100000000000000000e+01 4.124800000000000182e+03
3.250000000000000000e+02 4.125800000000000182e+03
4.130000000000000000e+02 4.126250000000000000e+03
7.700000000000000000e+01 4.126399999999999636e+03
7.570000000000000000e+02 4.128899999999999636e+03
4.690000000000000000e+02 4.131250000000000000e+03
4.050000000000000000e+02 4.136949999999999818e+03
2.690000000000000000e+02 4.137100000000000364e+03
6.100000000000000000e+01 4.143800000000000182e+03
5.970000000000000000e+02 4.145350000000000364e+03
2.370000000000000000e+02 4.146149999999999636e+03
6.130000000000000000e+02 4.147199999999999818e+03
5.810000000000000000e+02 4.154350000000000364e+03
7.410000000000000000e+02 4.154399999999999636e+03
1.090000000000000000e+02 4.154750000000000000e+03
7.570000000000000000e+02 4.156300000000000182e+03
5.490000000000000000e+02 4.161449999999999818e+03
4.850000000000000000e+02 4.163550000000000182e+03
2.100000000000000000e+01 4.165750000000000000e+03
1.300000000000000000e+01 4.165899999999999636e+03
3.700000000000000000e+01 4.181000000000000000e+03
4.450000000000000000e+02 4.185500000000000000e+03
4.690000000000000000e+02 4.205250000000000000e+03
5.300000000000000000e+01 4.209949999999999818e+03
3.970000000000000000e+02 4.219050000000000182e+03
1.810000000000000000e+02 4.244649999999999636e+03
7.650000000000000000e+02 4.255800000000000182e+03
5.010000000000000000e+02 4.279600000000000364e+03
6.370000000000000000e+02 4.288899999999999636e+03
5.000000000000000000e+00 4.292050000000000182e+03
4.130000000000000000e+02 4.293300000000000182e+03
5.890000000000000000e+02 4.295500000000000000e+03
4.530000000000000000e+02 4.300300000000000182e+03
2.050000000000000000e+02 4.301899999999999636e+03
6.290000000000000000e+02 4.304399999999999636e+03
1.170000000000000000e+02 4.306149999999999636e+03
3.570000000000000000e+02 4.308250000000000000e+03
7.410000000000000000e+02 4.308850000000000364e+03
5.090000000000000000e+02 4.312250000000000000e+03
3.250000000000000000e+02 4.312399999999999636e+03
6.610000000000000000e+02 4.312550000000000182e+03
2.100000000000000000e+01 4.313350000000000364e+03
3.730000000000000000e+02 4.313850000000000364e+03
8.500000000000000000e+01 4.314250000000000000e+03
2.210000000000000000e+02 4.315199999999999818e+03
7.650000000000000000e+02 4.315550000000000182e+03
1.170000000000000000e+02 4.316050000000000182e+03
1.090000000000000000e+02 4.317050000000000182e+03
6.690000000000000000e+02 4.317300000000000182e+03
3.490000000000000000e+02 4.317449999999999818e+03
1.410000000000000000e+02 4.317550000000000182e+03
1.570000000000000000e+02 4.317600000000000364e+03
6.900000000000000000e+01 4.318050000000000182e+03
9.300000000000000000e+01 4.318149999999999636e+03
6.050000000000000000e+02 4.318199999999999818e+03
5.810000000000000000e+02 4.318250000000000000e+03
2.930000000000000000e+02 4.318550000000000182e+03
5.300000000000000000e+01 4.318699999999999818e+03
4.130000000000000000e+02 4.318649999999999636e+03
5.970000000000000000e+02 4.318850000000000364e+03
4.690000000000000000e+02 4.319100000000000364e+03
2.770000000000000000e+02 4.319149999999999636e+03
2.850000000000000000e+02 4.319300000000000182e+03
4.450000000000000000e+02 4.319250000000000000e+03
5.410000000000000000e+02 4.319250000000000000e+03
3.970000000000000000e+02 4.319399999999999636e+03
4.850000000000000000e+02 4.319399999999999636e+03
6.610000000000000000e+02 4.319350000000000364e+03
7.570000000000000000e+02 4.319399999999999636e+03
3.650000000000000000e+02 4.319500000000000000e+03
4.370000000000000000e+02 4.319449999999999818e+03
6.930000000000000000e+02 4.319500000000000000e+03
4.530000000000000000e+02 4.319550000000000182e+03
3.810000000000000000e+02 4.319649999999999636e+03
6.770000000000000000e+02 4.319699999999999818e+03
7.170000000000000000e+02 4.319699999999999818e+03
1.730000000000000000e+02 4.319750000000000000e+03
6.450000000000000000e+02 4.319800000000000182e+03
1.010000000000000000e+02 4.319899999999999636e+03
6.530000000000000000e+02 4.319850000000000364e+03
7.700000000000000000e+01 4.320000000000000000e+03
1.330000000000000000e+02 4.320000000000000000e+03
4.210000000000000000e+02 4.319949999999999818e+03
4.770000000000000000e+02 4.319949999999999818e+03
5.490000000000000000e+02 4.320000000000000000e+03
2.610000000000000000e+02 4.320050000000000182e+03
4.290000000000000000e+02 4.320050000000000182e+03
5.170000000000000000e+02 4.320050000000000182e+03
7.250000000000000000e+02 4.320050000000000182e+03
7.490000000000000000e+02 4.320050000000000182e+03
3.170000000000000000e+02 4.320199999999999818e+03
3.250000000000000000e+02 4.320149999999999636e+03
3.570000000000000000e+02 4.320199999999999818e+03
5.730000000000000000e+02 4.320199999999999818e+03
5.890000000000000000e+02 4.320199999999999818e+03
3.090000000000000000e+02 4.320250000000000000e+03
4.610000000000000000e+02 4.320300000000000182e+03
1.250000000000000000e+02 4.320399999999999636e+03
2.530000000000000000e+02 4.320350000000000364e+03
7.730000000000000000e+02 4.320399999999999636e+03
1.490000000000000000e+02 4.320500000000000000e+03
2.210000000000000000e+02 4.320500000000000000e+03
3.330000000000000000e+02 4.320500000000000000e+03
5.650000000000000000e+02 4.320449999999999818e+03
1.300000000000000000e+01 4.320550000000000182e+03
1.650000000000000000e+02 4.320550000000000182e+03
2.450000000000000000e+02 4.320600000000000364e+03
4.050000000000000000e+02 4.320550000000000182e+03
6.210000000000000000e+02 4.320600000000000364e+03
6.290000000000000000e+02 4.320600000000000364e+03
4.500000000000000000e+01 4.320649999999999636e+03
8.500000000000000000e+01 4.320649999999999636e+03
1.810000000000000000e+02 4.320649999999999636e+03
3.010000000000000000e+02 4.320699999999999818e+03
3.730000000000000000e+02 4.320649999999999636e+03
5.000000000000000000e+00 4.320800000000000182e+03
4.930000000000000000e+02 4.320800000000000182e+03
7.010000000000000000e+02 4.320800000000000182e+03
2.100000000000000000e+01 4.320850000000000364e+03
1.410000000000000000e+02 4.320899999999999636e+03
2.130000000000000000e+02 4.320899999999999636e+03
2.370000000000000000e+02 4.320899999999999636e+03
5.250000000000000000e+02 4.320850000000000364e+03
6.850000000000000000e+02 4.320899999999999636e+03
7.090000000000000000e+02 4.320899999999999636e+03
3.410000000000000000e+02 4.320949999999999818e+03
7.890000000000000000e+02 4.321000000000000000e+03
2.690000000000000000e+02 4.321050000000000182e+03
5.330000000000000000e+02 4.321100000000000364e+03
6.370000000000000000e+02 4.321050000000000182e+03
7.410000000000000000e+02 4.321050000000000182e+03
7.650000000000000000e+02 4.321100000000000364e+03
7.810000000000000000e+02 4.321050000000000182e+03
2.900000000000000000e+01 4.321199999999999818e+03
2.290000000000000000e+02 4.321199999999999818e+03
5.010000000000000000e+02 4.321199999999999818e+03
5.570000000000000000e+02 4.321149999999999636e+03
1.970000000000000000e+02 4.321250000000000000e+03
3.490000000000000000e+02 4.321300000000000182e+03
6.690000000000000000e+02 4.321399999999999636e+03
6.100000000000000000e+01 4.321500000000000000e+03
7.330000000000000000e+02 4.321449999999999818e+03
9.300000000000000000e+01 4.321600000000000364e+03
5.810000000000000000e+02 4.321550000000000182e+03
6.900000000000000000e+01 4.321699999999999818e+03
1.170000000000000000e+02 4.321800000000000182e+03
5.090000000000000000e+02 4.321750000000000000e+03
6.050000000000000000e+02 4.321899999999999636e+03
3.700000000000000000e+01 4.322800000000000182e+03
6.130000000000000000e+02 4.323300000000000182e+03
5.970000000000000000e+02 4.326100000000000364e+03
3.810000000000000000e+02 4.326899999999999636e+03
4.130000000000000000e+02 4.326949999999999818e+03
2.450000000000000000e+02 4.330100000000000364e+03
7.730000000000000000e+02 4.333649999999999636e+03
6.050000000000000000e+02 4.335899999999999636e+03
6.290000000000000000e+02 4.336149999999999636e+03
2.850000000000000000e+02 4.337050000000000182e+03
7.410000000000000000e+02 4.337550000000000182e+03
3.650000000000000000e+02 4.340949999999999818e+03
6.450000000000000000e+02 4.345300000000000182e+03
1.170000000000000000e+02 4.347350000000000364e+03
7.330000000000000000e+02 4.348500000000000000e+03
2.130000000000000000e+02 4.349399999999999636e+03
6.850000000000000000e+02 4.353850000000000364e+03
4.370000000000000000e+02 4.360000000000000000e+03
6.770000000000000000e+02 4.363050000000000182e+03
9.300000000000000000e+01 4.363399999999999636e+03
5.890000000000000000e+02 4.364500000000000000e+03
5.010000000000000000e+02 4.373100000000000364e+03
6.370000000000000000e+02 4.373449999999999818e+03
4.210000000000000000e+02 4.379050000000000182e+03
6.210000000000000000e+02 4.380500000000000000e+03
3.970000000000000000e+02 4.384100000000000364e+03
1.970000000000000000e+02 4.384550000000000182e+03
5.170000000000000000e+02 4.384800000000000182e+03
1.090000000000000000e+02 4.386350000000000364e+03
5.570000000000000000e+02 4.387550000000000182e+03
8.500000000000000000e+01 4.393150000000000546e+03
2.850000000000000000e+02 4.398250000000000000e+03
4.690000000000000000e+02 4.400050000000000182e+03
2.930000000000000000e+02 4.416449999999999818e+03
1.650000000000000000e+02 4.419600000000000364e+03
6.450000000000000000e+02 4.424100000000000364e+03
6.770000000000000000e+02 4.424699999999999818e+03
3.570000000000000000e+02 4.427449999999999818e+03
2.130000000000000000e+02 4.446900000000000546e+03
2.770000000000000000e+02 4.459600000000000364e+03
2.850000000000000000e+02 4.460250000000000000e+03
1.490000000000000000e+02 4.477150000000000546e+03
6.210000000000000000e+02 4.477750000000000000e+03
5.810000000000000000e+02 4.523850000000000364e+03
7.410000000000000000e+02 4.529900000000000546e+03
4.610000000000000000e+02 4.536650000000000546e+03
4.530000000000000000e+02 4.541100000000000364e+03
7.170000000000000000e+02 4.546800000000000182e+03
6.850000000000000000e+02 4.549000000000000000e+03
3.700000000000000000e+01 4.554000000000000000e+03
4.770000000000000000e+02 4.556500000000000000e+03
5.000000000000000000e+00 4.562449999999999818e+03
1.730000000000000000e+02 4.563250000000000000e+03
3.330000000000000000e+02 4.571699999999999818e+03
6.130000000000000000e+02 4.576050000000000182e+03
2.210000000000000000e+02 4.595650000000000546e+03
3.970000000000000000e+02 4.595650000000000546e+03
6.900000000000000000e+01 4.601050000000000182e+03
1.490000000000000000e+02 4.602650000000000546e+03
5.090000000000000000e+02 4.603850000000000364e+03
6.930000000000000000e+02 4.607300000000000182e+03
6.290000000000000000e+02 4.607900000000000546e+03
4.530000000000000000e+02 4.609300000000000182e+03
4.210000000000000000e+02 4.609449999999999818e+03
5.730000000000000000e+02 4.609949999999999818e+03
4.930000000000000000e+02 4.610400000000000546e+03
7.250000000000000000e+02 4.610400000000000546e+03
6.850000000000000000e+02 4.610800000000000182e+03
2.370000000000000000e+02 4.610949999999999818e+03
3.090000000000000000e+02 4.610949999999999818e+03
3.490000000000000000e+02 4.611050000000000182e+03
1.090000000000000000e+02 4.611300000000000182e+03
3.010000000000000000e+02 4.611500000000000000e+03
5.970000000000000000e+02 4.611600000000000364e+03
4.770000000000000000e+02 4.611900000000000546e+03
5.490000000000000000e+02 4.611850000000000364e+03
4.370000000000000000e+02 4.612199999999999818e+03
7.010000000000000000e+02 4.612199999999999818e+03
6.100000000000000000e+01 4.612400000000000546e+03
7.490000000000000000e+02 4.612500000000000000e+03
2.450000000000000000e+02 4.612550000000000182e+03
3.970000000000000000e+02 4.612600000000000364e+03
4.850000000000000000e+02 4.612550000000000182e+03
3.170000000000000000e+02 4.612650000000000546e+03
2.900000000000000000e+01 4.612800000000000182e+03
3.250000000000000000e+02 4.612800000000000182e+03
1.300000000000000000e+01 4.613100000000000364e+03
6.690000000000000000e+02 4.613050000000000182e+03
5.330000000000000000e+02 4.613199999999999818e+03
5.010000000000000000e+02 4.613250000000000000e+03
5.170000000000000000e+02 4.613250000000000000e+03
7.650000000000000000e+02 4.613350000000000364e+03
8.500000000000000000e+01 4.613500000000000000e+03
2.130000000000000000e+02 4.613550000000000182e+03
2.690000000000000000e+02 4.613600000000000364e+03
3.810000000000000000e+02 4.613650000000000546e+03
7.410000000000000000e+02 4.613650000000000546e+03
1.810000000000000000e+02 4.613800000000000182e+03
7.570000000000000000e+02 4.613750000000000000e+03
7.730000000000000000e+02 4.613750000000000000e+03
2.210000000000000000e+02 4.613900000000000546e+03
2.850000000000000000e+02 4.613900000000000546e+03
3.330000000000000000e+02 4.613850000000000364e+03
4.500000000000000000e+01 4.614100000000000364e+03
7.700000000000000000e+01 4.614100000000000364e+03
3.890000000000000000e+02 4.614150000000000546e+03
4.210000000000000000e+02 4.614199999999999818e+03
6.210000000000000000e+02 4.614150000000000546e+03
6.900000000000000000e+01 4.614300000000000182e+03
1.730000000000000000e+02 4.614250000000000000e+03
1.890000000000000000e+02 4.614300000000000182e+03
2.530000000000000000e+02 4.614300000000000182e+03
3.570000000000000000e+02 4.614250000000000000e+03
6.770000000000000000e+02 4.614300000000000182e+03
7.090000000000000000e+02 4.614350000000000364e+03
5.300000000000000000e+01 4.614500000000000000e+03
4.130000000000000000e+02 4.614500000000000000e+03
1.170000000000000000e+02 4.614600000000000364e+03
2.290000000000000000e+02 4.614550000000000182e+03
5.090000000000000000e+02 4.614550000000000182e+03
1.650000000000000000e+02 4.614699999999999818e+03
9.300000000000000000e+01 4.614750000000000000e+03
1.970000000000000000e+02 4.614800000000000182e+03
3.730000000000000000e+02 4.614750000000000000e+03
4.690000000000000000e+02 4.614800000000000182e+03
2.100000000000000000e+01 4.614850000000000364e+03
1.330000000000000000e+02 4.614850000000000364e+03
1.490000000000000000e+02 4.614900000000000546e+03
2.610000000000000000e+02 4.614900000000000546e+03
2.930000000000000000e+02 4.614900000000000546e+03
4.450000000000000000e+02 4.614850000000000364e+03
5.570000000000000000e+02 4.614900000000000546e+03
2.770000000000000000e+02 4.615000000000000000e+03
4.290000000000000000e+02 4.615000000000000000e+03
4.930000000000000000e+02 4.615000000000000000e+03
5.250000000000000000e+02 4.615000000000000000e+03
5.410000000000000000e+02 4.614949999999999818e+03
7.170000000000000000e+02 4.614949999999999818e+03
5.000000000000000000e+00 4.615050000000000182e+03
1.010000000000000000e+02 4.615100000000000364e+03
5.890000000000000000e+02 4.615100000000000364e+03
6.290000000000000000e+02 4.615050000000000182e+03
6.370000000000000000e+02 4.615100000000000364e+03
4.610000000000000000e+02 4.615199999999999818e+03
6.050000000000000000e+02 4.615150000000000546e+03
6.450000000000000000e+02 4.615199999999999818e+03
6.530000000000000000e+02 4.615199999999999818e+03
6.850000000000000000e+02 4.615150000000000546e+03
7.330000000000000000e+02 4.615199999999999818e+03
7.970000000000000000e+02 4.615150000000000546e+03
6.610000000000000000e+02 4.615300000000000182e+03
7.810000000000000000e+02 4.615300000000000182e+03
3.410000000000000000e+02 4.615350000000000364e+03
3.490000000000000000e+02 4.615400000000000546e+03
4.050000000000000000e+02 4.615400000000000546e+03
3.090000000000000000e+02 4.615500000000000000e+03
4.370000000000000000e+02 4.615500000000000000e+03
5.650000000000000000e+02 4.615550000000000182e+03
5.730000000000000000e+02 4.615600000000000364e+03
4.770000000000000000e+02 4.615650000000000546e+03
6.130000000000000000e+02 4.615699999999999818e+03
7.890000000000000000e+02 4.615800000000000182e+03
2.370000000000000000e+02 4.615949999999999818e+03
5.970000000000000000e+02 4.615949999999999818e+03
7.010000000000000000e+02 4.616300000000000182e+03
4.850000000000000000e+02 4.616350000000000364e+03
5.170000000000000000e+02 4.617000000000000000e+03
3.650000000000000000e+02 4.617150000000000546e+03
7.410000000000000000e+02 4.617449999999999818e+03
7.650000000000000000e+02 4.617900000000000546e+03
2.690000000000000000e+02 4.618800000000000182e+03
2.850000000000000000e+02 4.618850000000000364e+03
1.890000000000000000e+02 4.619650000000000546e+03
2.050000000000000000e+02 4.621250000000000000e+03
6.930000000000000000e+02 4.622650000000000546e+03
6.370000000000000000e+02 4.622850000000000364e+03
4.050000000000000000e+02 4.630949999999999818e+03
3.730000000000000000e+02 4.632550000000000182e+03
4.770000000000000000e+02 4.635699999999999818e+03
2.770000000000000000e+02 4.637000000000000000e+03
5.410000000000000000e+02 4.646900000000000546e+03
3.890000000000000000e+02 4.647150000000000546e+03
7.650000000000000000e+02 4.647400000000000546e+03
5.300000000000000000e+01 4.647449999999999818e+03
1.970000000000000000e+02 4.649300000000000182e+03
1.170000000000000000e+02 4.649949999999999818e+03
3.250000000000000000e+02 4.650100000000000364e+03
6.690000000000000000e+02 4.652449999999999818e+03
3.730000000000000000e+02 4.653750000000000000e+03
1.570000000000000000e+02 4.654100000000000364e+03
7.970000000000000000e+02 4.654199999999999818e+03
2.770000000000000000e+02 4.655699999999999818e+03
1.090000000000000000e+02 4.658000000000000000e+03
7.570000000000000000e+02 4.670600000000000364e+03
1.890000000000000000e+02 4.677100000000000364e+03
3.410000000000000000e+02 4.677449999999999818e+03
6.290000000000000000e+02 4.686300000000000182e+03
7.170000000000000000e+02 4.693449999999999818e+03
3.810000000000000000e+02 4.694000000000000000e+03
7.810000000000000000e+02 4.701400000000000546e+03
1.170000000000000000e+02 4.783550000000000182e+03
1.970000000000000000e+02 4.797300000000000182e+03
1.330000000000000000e+02 4.807800000000000182e+03
5.810000000000000000e+02 4.810050000000000182e+03
7.010000000000000000e+02 4.820250000000000000e+03
6.210000000000000000e+02 4.821100000000000364e+03
3.970000000000000000e+02 4.822650000000000546e+03
2.100000000000000000e+01 4.826000000000000000e+03
2.850000000000000000e+02 4.829100000000000364e+03
3.170000000000000000e+02 4.832699999999999818e+03
6.100000000000000000e+01 4.838150000000000546e+03
3.890000000000000000e+02 4.838350000000000364e+03
3.970000000000000000e+02 4.839100000000000364e+03
2.050000000000000000e+02 4.839800000000000182e+03
2.210000000000000000e+02 4.841650000000000546e+03
7.090000000000000000e+02 4.843550000000000182e+03
4.210000000000000000e+02 4.847449999999999818e+03
5.330000000000000000e+02 4.848449999999999818e+03
5.570000000000000000e+02 4.848449999999999818e+03
6.210000000000000000e+02 4.848850000000000364e+03
6.050000000000000000e+02 4.849550000000000182e+03
4.530000000000000000e+02 4.852300000000000182e+03
4.050000000000000000e+02 4.853150000000000546e+03
5.010000000000000000e+02 4.854250000000000000e+03
2.930000000000000000e+02 4.854900000000000546e+03
2.610000000000000000e+02 4.855100000000000364e+03
5.090000000000000000e+02 4.855199999999999818e+03
2.290000000000000000e+02 4.855500000000000000e+03
5.890000000000000000e+02 4.855650000000000546e+03
4.930000000000000000e+02 4.856199999999999818e+03
6.100000000000000000e+01 4.856300000000000182e+03
6.610000000000000000e+02 4.856300000000000182e+03
4.850000000000000000e+02 4.856600000000000364e+03
3.010000000000000000e+02 4.856699999999999818e+03
7.700000000000000000e+01 4.856850000000000364e+03
3.410000000000000000e+02 4.856949999999999818e+03
4.290000000000000000e+02 4.857250000000000000e+03
4.610000000000000000e+02 4.857250000000000000e+03
7.490000000000000000e+02 4.857550000000000182e+03
7.570000000000000000e+02 4.857650000000000546e+03
3.490000000000000000e+02 4.857800000000000182e+03
4.450000000000000000e+02 4.857850000000000364e+03
5.650000000000000000e+02 4.857900000000000546e+03
3.700000000000000000e+01 4.857949999999999818e+03
6.770000000000000000e+02 4.858000000000000000e+03
7.010000000000000000e+02 4.858100000000000364e+03
1.970000000000000000e+02 4.858199999999999818e+03
5.250000000000000000e+02 4.858250000000000000e+03
5.730000000000000000e+02 4.858350000000000364e+03
6.370000000000000000e+02 4.858400000000000546e+03
2.450000000000000000e+02 4.858500000000000000e+03
6.850000000000000000e+02 4.858550000000000182e+03
7.250000000000000000e+02 4.858550000000000182e+03
3.570000000000000000e+02 4.858850000000000364e+03
5.490000000000000000e+02 4.858850000000000364e+03
2.530000000000000000e+02 4.859000000000000000e+03
3.890000000000000000e+02 4.859000000000000000e+03
4.370000000000000000e+02 4.858949999999999818e+03
7.890000000000000000e+02 4.858949999999999818e+03
6.290000000000000000e+02 4.859199999999999818e+03
7.810000000000000000e+02 4.859199999999999818e+03
1.890000000000000000e+02 4.859350000000000364e+03
7.170000000000000000e+02 4.859350000000000364e+03
1.250000000000000000e+02 4.859449999999999818e+03
6.050000000000000000e+02 4.859500000000000000e+03
6.690000000000000000e+02 4.859449999999999818e+03
6.930000000000000000e+02 4.859449999999999818e+03
4.500000000000000000e+01 4.859600000000000364e+03
6.210000000000000000e+02 4.859550000000000182e+03
6.900000000000000000e+01 4.859650000000000546e+03
2.370000000000000000e+02 4.859650000000000546e+03
2.770000000000000000e+02 4.859800000000000182e+03
1.300000000000000000e+01 4.859949999999999818e+03
3.250000000000000000e+02 4.860000000000000000e+03
5.090000000000000000e+02 4.859949999999999818e+03
5.300000000000000000e+01 4.860100000000000364e+03
1.090000000000000000e+02 4.860100000000000364e+03
6.450000000000000000e+02 4.860100000000000364e+03
7.730000000000000000e+02 4.860050000000000182e+03
4.530000000000000000e+02 4.860150000000000546e+03
1.330000000000000000e+02 4.860400000000000546e+03
2.610000000000000000e+02 4.860400000000000546e+03
3.730000000000000000e+02 4.860400000000000546e+03
5.010000000000000000e+02 4.860500000000000000e+03
2.850000000000000000e+02 4.860600000000000364e+03
3.810000000000000000e+02 4.860550000000000182e+03
7.330000000000000000e+02 4.860550000000000182e+03
9.300000000000000000e+01 4.860699999999999818e+03
1.490000000000000000e+02 4.860699999999999818e+03
4.770000000000000000e+02 4.860699999999999818e+03
4.930000000000000000e+02 4.860650000000000546e+03
6.530000000000000000e+02 4.860699999999999818e+03
7.090000000000000000e+02 4.860650000000000546e+03
4.130000000000000000e+02 4.860800000000000182e+03
5.970000000000000000e+02 4.860750000000000000e+03
8.500000000000000000e+01 4.860850000000000364e+03
1.410000000000000000e+02 4.860850000000000364e+03
1.650000000000000000e+02 4.860850000000000364e+03
5.170000000000000000e+02 4.860949999999999818e+03
1.170000000000000000e+02 4.861199999999999818e+03
2.290000000000000000e+02 4.861150000000000546e+03
2.900000000000000000e+01 4.861250000000000000e+03
7.410000000000000000e+02 4.861250000000000000e+03
5.000000000000000000e+00 4.861350000000000364e+03
5.890000000000000000e+02 4.861400000000000546e+03
4.050000000000000000e+02 4.861600000000000364e+03
4.690000000000000000e+02 4.861699999999999818e+03
3.090000000000000000e+02 4.866600000000000364e+03
1.570000000000000000e+02 4.867600000000000364e+03
1.650000000000000000e+02 4.867800000000000182e+03
3.700000000000000000e+01 4.867850000000000364e+03
6.850000000000000000e+02 4.868850000000000364e+03
3.890000000000000000e+02 4.872699999999999818e+03
3.810000000000000000e+02 4.873400000000000546e+03
5.650000000000000000e+02 4.875000000000000000e+03
3.010000000000000000e+02 4.879699999999999818e+03
7.570000000000000000e+02 4.879699999999999818e+03
3.170000000000000000e+02 4.881699999999999818e+03
5.410000000000000000e+02 4.882900000000000546e+03
4.050000000000000000e+02 4.883400000000000546e+03
8.500000000000000000e+01 4.885800000000000182e+03
3.650000000000000000e+02 4.892900000000000546e+03
3.090000000000000000e+02 4.896199999999999818e+03
6.130000000000000000e+02 4.896550000000000182e+03
3.570000000000000000e+02 4.898250000000000000e+03
1.810000000000000000e+02 4.901050000000000182e+03
6.290000000000000000e+02 4.901750000000000000e+03
5.650000000000000000e+02 4.905300000000000182e+03
5.490000000000000000e+02 4.906050000000000182e+03
6.610000000000000000e+02 4.907150000000000546e+03
2.850000000000000000e+02 4.909500000000000000e+03
7.410000000000000000e+02 4.917250000000000000e+03
7.090000000000000000e+02 4.919250000000000000e+03
3.490000000000000000e+02 4.920250000000000000e+03
4.690000000000000000e+02 4.921199999999999818e+03
2.050000000000000000e+02 4.921400000000000546e+03
4.500000000000000000e+01 4.922150000000000546e+03
5.650000000000000000e+02 4.923400000000000546e+03
5.890000000000000000e+02 4.923550000000000182e+03
6.770000000000000000e+02 4.927800000000000182e+03
5.300000000000000000e+01 4.929500000000000000e+03
3.970000000000000000e+02 4.934750000000000000e+03
2.900000000000000000e+01 4.936449999999999818e+03
2.100000000000000000e+01 4.942400000000000546e+03
5.570000000000000000e+02 4.944250000000000000e+03
3.330000000000000000e+02 4.950900000000000546e+03
2.100000000000000000e+01 4.951800000000000182e+03
6.370000000000000000e+02 4.955400000000000546e+03
3.700000000000000000e+01 4.963199999999999818e+03
5.330000000000000000e+02 4.971199999999999818e+03
2.210000000000000000e+02 4.974699999999999818e+03
2.050000000000000000e+02 4.993300000000000182e+03
5.730000000000000000e+02 5.015050000000000182e+03
3.410000000000000000e+02 5.027250000000000000e+03
6.690000000000000000e+02 5.028750000000000000e+03
6.610000000000000000e+02 5.032300000000000182e+03
4.690000000000000000e+02 5.045350000000000364e+03
2.050000000000000000e+02 5.050050000000000182e+03
5.410000000000000000e+02 5.054949999999999818e+03
2.050000000000000000e+02 5.095550000000000182e+03
4.530000000000000000e+02 5.153850000000000364e+03
4.370000000000000000e+02 5.171699999999999818e+03
1.410000000000000000e+02 5.177400000000000546e+03
4.530000000000000000e+02 5.182050000000000182e+03
5.090000000000000000e+02 5.183300000000000182e+03
1.410000000000000000e+02 5.196100000000000364e+03
6.130000000000000000e+02 5.198949999999999818e+03
3.250000000000000000e+02 5.200150000000000546e+03
2.290000000000000000e+02 5.204100000000000364e+03
4.770000000000000000e+02 5.204400000000000546e+03
4.530000000000000000e+02 5.210199999999999818e+03
4.450000000000000000e+02 5.213250000000000000e+03
7.410000000000000000e+02 5.216800000000000182e+03
1.810000000000000000e+02 5.216850000000000364e+03
1.730000000000000000e+02 5.228600000000000364e+03
2.100000000000000000e+01 5.229050000000000182e+03
2.850000000000000000e+02 5.233350000000000364e+03
3.810000000000000000e+02 5.235650000000000546e+03
6.370000000000000000e+02 5.236449999999999818e+03
2.450000000000000000e+02 5.236900000000000546e+03
1.490000000000000000e+02 5.237900000000000546e+03
4.210000000000000000e+02 5.237850000000000364e+03
3.490000000000000000e+02 5.238550000000000182e+03
4.850000000000000000e+02 5.238900000000000546e+03
7.700000000000000000e+01 5.239550000000000182e+03
1.170000000000000000e+02 5.239550000000000182e+03
7.730000000000000000e+02 5.240050000000000182e+03
7.810000000000000000e+02 5.240100000000000364e+03
6.100000000000000000e+01 5.240199999999999818e+03
1.090000000000000000e+02 5.240600000000000364e+03
4.690000000000000000e+02 5.240600000000000364e+03
4.500000000000000000e+01 5.240800000000000182e+03
4.130000000000000000e+02 5.240750000000000000e+03
7.410000000000000000e+02 5.240850000000000364e+03
7.570000000000000000e+02 5.240949999999999818e+03
3.010000000000000000e+02 5.241100000000000364e+03
6.930000000000000000e+02 5.241100000000000364e+03
1.330000000000000000e+02 5.241199999999999818e+03
4.290000000000000000e+02 5.241300000000000182e+03
7.890000000000000000e+02 5.241350000000000364e+03
3.330000000000000000e+02 5.241449999999999818e+03
5.330000000000000000e+02 5.241500000000000000e+03
5.000000000000000000e+00 5.241600000000000364e+03
3.700000000000000000e+01 5.241600000000000364e+03
5.250000000000000000e+02 5.241600000000000364e+03
1.730000000000000000e+02 5.241699999999999818e+03
1.300000000000000000e+01 5.241750000000000000e+03
1.970000000000000000e+02 5.241949999999999818e+03
8.500000000000000000e+01 5.242100000000000364e+03
3.890000000000000000e+02 5.242050000000000182e+03
6.210000000000000000e+02 5.242100000000000364e+03
2.900000000000000000e+01 5.242150000000000546e+03
3.090000000000000000e+02 5.242150000000000546e+03
5.730000000000000000e+02 5.242150000000000546e+03
2.610000000000000000e+02 5.242250000000000000e+03
4.450000000000000000e+02 5.242250000000000000e+03
5.650000000000000000e+02 5.242250000000000000e+03
7.250000000000000000e+02 5.242300000000000182e+03
7.330000000000000000e+02 5.242300000000000182e+03
5.300000000000000000e+01 5.242350000000000364e+03
6.610000000000000000e+02 5.242400000000000546e+03
1.010000000000000000e+02 5.242500000000000000e+03
3.970000000000000000e+02 5.242449999999999818e+03
4.370000000000000000e+02 5.242449999999999818e+03
2.100000000000000000e+01 5.242550000000000182e+03
2.850000000000000000e+02 5.242550000000000182e+03
3.570000000000000000e+02 5.242550000000000182e+03
3.650000000000000000e+02 5.242600000000000364e+03
3.250000000000000000e+02 5.242650000000000546e+03
4.210000000000000000e+02 5.242699999999999818e+03
4.610000000000000000e+02 5.242650000000000546e+03
7.010000000000000000e+02 5.242699999999999818e+03
2.290000000000000000e+02 5.242800000000000182e+03
6.130000000000000000e+02 5.242750000000000000e+03
7.090000000000000000e+02 5.242750000000000000e+03
5.090000000000000000e+02 5.242850000000000364e+03
7.170000000000000000e+02 5.242900000000000546e+03
7.970000000000000000e+02 5.242900000000000546e+03
1.890000000000000000e+02 5.243000000000000000e+03
2.050000000000000000e+02 5.242949999999999818e+03
2.210000000000000000e+02 5.242949999999999818e+03
4.930000000000000000e+02 5.243000000000000000e+03
6.770000000000000000e+02 5.243000000000000000e+03
1.650000000000000000e+02 5.243050000000000182e+03
3.410000000000000000e+02 5.243050000000000182e+03
4.050000000000000000e+02 5.243100000000000364e+03
4.530000000000000000e+02 5.243050000000000182e+03
6.290000000000000000e+02 5.243100000000000364e+03
1.170000000000000000e+02 5.243150000000000546e+03
2.530000000000000000e+02 5.243150000000000546e+03
4.770000000000000000e+02 5.243150000000000546e+03
4.850000000000000000e+02 5.243150000000000546e+03
5.490000000000000000e+02 5.243199999999999818e+03
5.970000000000000000e+02 5.243150000000000546e+03
6.050000000000000000e+02 5.243199999999999818e+03
7.490000000000000000e+02 5.243199999999999818e+03
6.100000000000000000e+01 5.243300000000000182e+03
1.250000000000000000e+02 5.243250000000000000e+03
6.850000000000000000e+02 5.243300000000000182e+03
7.650000000000000000e+02 5.243300000000000182e+03
7.730000000000000000e+02 5.243300000000000182e+03
6.900000000000000000e+01 5.243350000000000364e+03
1.490000000000000000e+02 5.243400000000000546e+03
1.570000000000000000e+02 5.243400000000000546e+03
2.450000000000000000e+02 5.243400000000000546e+03
5.570000000000000000e+02 5.243350000000000364e+03
1.410000000000000000e+02 5.243500000000000000e+03
1.810000000000000000e+02 5.243449999999999818e+03
2.370000000000000000e+02 5.243500000000000000e+03
2.690000000000000000e+02 5.243449999999999818e+03
3.170000000000000000e+02 5.243500000000000000e+03
5.170000000000000000e+02 5.243500000000000000e+03
5.890000000000000000e+02 5.243500000000000000e+03
9.300000000000000000e+01 5.243650000000000546e+03
3.730000000000000000e+02 5.243650000000000546e+03
3.810000000000000000e+02 5.243699999999999818e+03
5.010000000000000000e+02 5.243699999999999818e+03
4.500000000000000000e+01 5.243800000000000182e+03
2.130000000000000000e+02 5.243800000000000182e+03
5.810000000000000000e+02 5.243750000000000000e+03
6.450000000000000000e+02 5.243800000000000182e+03
7.810000000000000000e+02 5.243800000000000182e+03
7.700000000000000000e+01 5.243850000000000364e+03
3.490000000000000000e+02 5.243900000000000546e+03
4.690000000000000000e+02 5.243850000000000364e+03
6.530000000000000000e+02 5.243850000000000364e+03
6.690000000000000000e+02 5.243900000000000546e+03
2.770000000000000000e+02 5.243949999999999818e+03
5.410000000000000000e+02 5.243949999999999818e+03
7.570000000000000000e+02 5.244150000000000546e+03
2.930000000000000000e+02 5.244300000000000182e+03
4.290000000000000000e+02 5.244600000000000364e+03
4.370000000000000000e+02 5.247350000000000364e+03
5.000000000000000000e+00 5.248500000000000000e+03
1.010000000000000000e+02 5.248600000000000364e+03
7.090000000000000000e+02 5.248850000000000364e+03
3.970000000000000000e+02 5.249550000000000182e+03
1.170000000000000000e+02 5.251000000000000000e+03
7.330000000000000000e+02 5.291000000000000000e+03
5.810000000000000000e+02 5.324250000000000000e+03
4.770000000000000000e+02 5.379550000000000182e+03
3.700000000000000000e+01 5.465400000000000546e+03
1.650000000000000000e+02 5.491199999999999818e+03
3.730000000000000000e+02 5.510650000000000546e+03
4.450000000000000000e+02 5.513300000000000182e+03
2.930000000000000000e+02 5.526250000000000000e+03
5.170000000000000000e+02 5.547800000000000182e+03
5.650000000000000000e+02 5.581000000000000000e+03
2.100000000000000000e+01 5.663199999999999818e+03
3.330000000000000000e+02 5.665449999999999818e+03
5.010000000000000000e+02 5.690949999999999818e+03
2.900000000000000000e+01 5.749050000000000182e+03
1.570000000000000000e+02 5.763050000000000182e+03
3.730000000000000000e+02 5.783650000000000546e+03
5.490000000000000000e+02 5.840100000000000364e+03
2.060000000000000000e+02 1.119000000000000057e+02
1.660000000000000000e+02 1.455000000000000000e+02
1.020000000000000000e+02 1.479500000000000171e+02
7.500000000000000000e+02 1.506500000000000057e+02
5.820000000000000000e+02 1.545999999999999943e+02
5.580000000000000000e+02 1.651500000000000057e+02
7.000000000000000000e+01 2.030500000000000114e+02
7.580000000000000000e+02 2.098499999999999943e+02
6.860000000000000000e+02 2.200000000000000000e+02
6.700000000000000000e+02 2.257000000000000171e+02
6.000000000000000000e+00 2.269500000000000171e+02
3.900000000000000000e+02 2.384000000000000057e+02
3.000000000000000000e+01 2.420000000000000000e+02
6.200000000000000000e+01 2.460000000000000000e+02
2.140000000000000000e+02 2.486500000000000057e+02
4.220000000000000000e+02 2.510500000000000114e+02
7.740000000000000000e+02 2.781999999999999886e+02
4.620000000000000000e+02 2.910000000000000000e+02
6.300000000000000000e+02 3.106500000000000341e+02
3.980000000000000000e+02 3.205500000000000114e+02
6.200000000000000000e+01 3.216999999999999886e+02
2.700000000000000000e+02 3.224499999999999886e+02
2.220000000000000000e+02 3.269000000000000341e+02
7.660000000000000000e+02 3.276500000000000341e+02
9.400000000000000000e+01 3.309000000000000341e+02
7.340000000000000000e+02 3.390000000000000000e+02
6.000000000000000000e+00 3.877500000000000000e+02
3.180000000000000000e+02 3.904000000000000341e+02
2.620000000000000000e+02 3.906000000000000227e+02
1.340000000000000000e+02 3.931999999999999886e+02
6.540000000000000000e+02 3.955500000000000114e+02
3.260000000000000000e+02 4.074499999999999886e+02
3.740000000000000000e+02 4.100000000000000000e+02
4.460000000000000000e+02 4.136500000000000341e+02
2.940000000000000000e+02 4.196500000000000341e+02
2.300000000000000000e+02 4.298500000000000227e+02
1.400000000000000000e+01 4.388000000000000114e+02
3.420000000000000000e+02 4.481000000000000227e+02
5.900000000000000000e+02 4.670500000000000114e+02
2.220000000000000000e+02 4.751500000000000341e+02
6.300000000000000000e+02 4.909000000000000341e+02
6.460000000000000000e+02 4.927500000000000000e+02
4.620000000000000000e+02 4.983500000000000227e+02
6.300000000000000000e+02 5.176000000000000227e+02
5.100000000000000000e+02 5.318500000000000227e+02
8.600000000000000000e+01 5.400000000000000000e+02
6.940000000000000000e+02 5.460000000000000000e+02
3.660000000000000000e+02 5.567000000000000455e+02
4.380000000000000000e+02 5.576499999999999773e+02
3.340000000000000000e+02 5.711000000000000227e+02
4.220000000000000000e+02 6.270500000000000682e+02
3.980000000000000000e+02 6.880000000000000000e+02
3.180000000000000000e+02 6.900500000000000682e+02
3.660000000000000000e+02 7.161499999999999773e+02
4.860000000000000000e+02 7.382000000000000455e+02
1.740000000000000000e+02 7.452500000000000000e+02
4.540000000000000000e+02 7.498000000000000682e+02
1.260000000000000000e+02 7.533999999999999773e+02
5.980000000000000000e+02 7.555000000000000000e+02
2.780000000000000000e+02 7.628999999999999773e+02
4.700000000000000000e+02 7.745500000000000682e+02
7.000000000000000000e+01 8.196499999999999773e+02
5.660000000000000000e+02 8.545000000000000000e+02
3.900000000000000000e+02 8.602500000000000000e+02
1.180000000000000000e+02 8.622500000000000000e+02
6.940000000000000000e+02 8.763500000000000227e+02
3.180000000000000000e+02 8.835000000000000000e+02
6.780000000000000000e+02 9.051000000000000227e+02
3.100000000000000000e+02 9.071499999999999773e+02
6.620000000000000000e+02 9.183999999999999773e+02
4.860000000000000000e+02 9.315500000000000682e+02
6.220000000000000000e+02 9.367000000000000455e+02
3.000000000000000000e+01 9.516000000000000227e+02
2.860000000000000000e+02 9.527500000000000000e+02
1.180000000000000000e+02 9.638500000000000227e+02
7.740000000000000000e+02 9.873999999999999773e+02
7.180000000000000000e+02 9.971000000000000227e+02
7.980000000000000000e+02 1.011800000000000068e+03
5.400000000000000000e+01 1.067950000000000045e+03
5.020000000000000000e+02 1.076400000000000091e+03
2.380000000000000000e+02 1.084650000000000091e+03
7.660000000000000000e+02 1.098750000000000000e+03
2.220000000000000000e+02 1.110950000000000045e+03
6.700000000000000000e+02 1.111900000000000091e+03
6.620000000000000000e+02 1.116500000000000000e+03
6.200000000000000000e+01 1.150250000000000000e+03
4.300000000000000000e+02 1.161299999999999955e+03
6.380000000000000000e+02 1.167549999999999955e+03
2.460000000000000000e+02 1.208950000000000045e+03
4.140000000000000000e+02 1.219850000000000136e+03
5.820000000000000000e+02 1.264500000000000000e+03
7.660000000000000000e+02 1.281450000000000045e+03
2.700000000000000000e+02 1.302650000000000091e+03
4.380000000000000000e+02 1.309600000000000136e+03
8.600000000000000000e+01 1.356549999999999955e+03
3.020000000000000000e+02 1.358049999999999955e+03
2.620000000000000000e+02 1.371500000000000000e+03
3.740000000000000000e+02 1.380500000000000000e+03
1.260000000000000000e+02 1.392750000000000000e+03
7.340000000000000000e+02 1.403700000000000045e+03
4.540000000000000000e+02 1.433400000000000091e+03
1.660000000000000000e+02 1.447400000000000091e+03
3.020000000000000000e+02 1.449750000000000000e+03
2.140000000000000000e+02 1.452450000000000045e+03
2.860000000000000000e+02 1.508450000000000045e+03
1.660000000000000000e+02 1.509250000000000000e+03
2.940000000000000000e+02 1.513400000000000091e+03
2.060000000000000000e+02 1.515600000000000136e+03
1.740000000000000000e+02 1.559700000000000045e+03
3.100000000000000000e+02 1.566799999999999955e+03
2.540000000000000000e+02 1.586299999999999955e+03
7.800000000000000000e+01 1.603700000000000045e+03
1.420000000000000000e+02 1.618400000000000091e+03
5.500000000000000000e+02 1.628750000000000000e+03
5.820000000000000000e+02 1.657500000000000000e+03
3.500000000000000000e+02 1.667150000000000091e+03
4.140000000000000000e+02 1.670549999999999955e+03
6.220000000000000000e+02 1.670600000000000136e+03
6.000000000000000000e+00 1.689950000000000045e+03
5.500000000000000000e+02 1.704299999999999955e+03
5.980000000000000000e+02 1.709950000000000045e+03
1.660000000000000000e+02 1.746000000000000000e+03
5.260000000000000000e+02 1.761600000000000136e+03
2.620000000000000000e+02 1.776400000000000091e+03
7.000000000000000000e+01 1.785799999999999955e+03
2.060000000000000000e+02 1.825350000000000136e+03
4.940000000000000000e+02 1.826100000000000136e+03
1.020000000000000000e+02 1.850250000000000000e+03
6.540000000000000000e+02 1.851299999999999955e+03
1.820000000000000000e+02 1.988600000000000136e+03
4.380000000000000000e+02 2.016350000000000136e+03
5.340000000000000000e+02 2.017400000000000091e+03
7.500000000000000000e+02 2.018350000000000136e+03
5.180000000000000000e+02 2.034150000000000091e+03
5.180000000000000000e+02 2.083099999999999909e+03
5.900000000000000000e+02 2.178949999999999818e+03
1.340000000000000000e+02 2.209250000000000000e+03
4.460000000000000000e+02 2.217900000000000091e+03
5.020000000000000000e+02 2.222150000000000091e+03
5.340000000000000000e+02 2.247500000000000000e+03
7.000000000000000000e+01 2.254550000000000182e+03
4.860000000000000000e+02 2.301800000000000182e+03
1.740000000000000000e+02 2.302150000000000091e+03
2.300000000000000000e+02 2.306200000000000273e+03
3.420000000000000000e+02 2.339050000000000182e+03
3.660000000000000000e+02 2.379550000000000182e+03
2.940000000000000000e+02 2.400800000000000182e+03
1.020000000000000000e+02 2.430349999999999909e+03
2.300000000000000000e+02 2.430599999999999909e+03
1.980000000000000000e+02 2.436550000000000182e+03
7.420000000000000000e+02 2.502000000000000000e+03
4.940000000000000000e+02 2.509200000000000273e+03
1.260000000000000000e+02 2.521000000000000000e+03
2.780000000000000000e+02 2.540700000000000273e+03
5.020000000000000000e+02 2.543599999999999909e+03
6.200000000000000000e+01 2.566349999999999909e+03
2.060000000000000000e+02 2.572700000000000273e+03
3.980000000000000000e+02 2.600150000000000091e+03
5.340000000000000000e+02 2.621250000000000000e+03
2.940000000000000000e+02 2.642000000000000000e+03
3.740000000000000000e+02 2.671650000000000091e+03
3.900000000000000000e+02 2.671849999999999909e+03
6.220000000000000000e+02 2.711599999999999909e+03
1.420000000000000000e+02 2.721400000000000091e+03
7.900000000000000000e+02 2.721950000000000273e+03
6.300000000000000000e+02 2.757599999999999909e+03
6.000000000000000000e+00 2.815250000000000000e+03
1.660000000000000000e+02 2.815750000000000000e+03
5.420000000000000000e+02 2.817550000000000182e+03
2.460000000000000000e+02 2.835000000000000000e+03
5.660000000000000000e+02 2.855200000000000273e+03
1.260000000000000000e+02 2.872700000000000273e+03
1.740000000000000000e+02 2.883400000000000091e+03
3.500000000000000000e+02 2.888000000000000000e+03
5.180000000000000000e+02 2.897650000000000091e+03
1.260000000000000000e+02 2.907300000000000182e+03
6.940000000000000000e+02 2.914750000000000000e+03
3.180000000000000000e+02 2.921050000000000182e+03
5.400000000000000000e+01 2.925050000000000182e+03
7.740000000000000000e+02 2.933250000000000000e+03
3.800000000000000000e+01 2.935349999999999909e+03
7.660000000000000000e+02 2.939800000000000182e+03
2.700000000000000000e+02 2.952900000000000091e+03
7.800000000000000000e+01 2.981800000000000182e+03
3.800000000000000000e+01 2.996849999999999909e+03
3.500000000000000000e+02 2.999700000000000273e+03
1.400000000000000000e+01 3.006050000000000182e+03
4.620000000000000000e+02 3.006450000000000273e+03
1.020000000000000000e+02 3.006599999999999909e+03
1.820000000000000000e+02 3.006700000000000273e+03
7.260000000000000000e+02 3.006800000000000182e+03
3.900000000000000000e+02 3.007000000000000000e+03
5.740000000000000000e+02 3.007650000000000091e+03
1.340000000000000000e+02 3.007750000000000000e+03
5.400000000000000000e+01 3.007950000000000273e+03
2.620000000000000000e+02 3.008150000000000091e+03
2.140000000000000000e+02 3.008700000000000273e+03
4.780000000000000000e+02 3.008750000000000000e+03
3.100000000000000000e+02 3.009250000000000000e+03
5.980000000000000000e+02 3.009400000000000091e+03
6.940000000000000000e+02 3.009450000000000273e+03
6.060000000000000000e+02 3.009599999999999909e+03
3.420000000000000000e+02 3.009900000000000091e+03
5.900000000000000000e+02 3.010000000000000000e+03
2.460000000000000000e+02 3.010050000000000182e+03
3.180000000000000000e+02 3.010099999999999909e+03
3.980000000000000000e+02 3.010150000000000091e+03
5.420000000000000000e+02 3.010200000000000273e+03
6.540000000000000000e+02 3.010150000000000091e+03
8.600000000000000000e+01 3.010300000000000182e+03
6.000000000000000000e+00 3.010500000000000000e+03
4.600000000000000000e+01 3.010599999999999909e+03
1.500000000000000000e+02 3.010900000000000091e+03
1.260000000000000000e+02 3.011700000000000273e+03
6.300000000000000000e+02 3.011700000000000273e+03
7.580000000000000000e+02 3.012349999999999909e+03
3.820000000000000000e+02 3.012750000000000000e+03
4.380000000000000000e+02 3.012750000000000000e+03
1.100000000000000000e+02 3.013500000000000000e+03
2.300000000000000000e+02 3.013500000000000000e+03
3.340000000000000000e+02 3.013700000000000273e+03
6.140000000000000000e+02 3.014750000000000000e+03
3.800000000000000000e+01 3.014900000000000091e+03
2.540000000000000000e+02 3.014950000000000273e+03
2.220000000000000000e+02 3.015900000000000091e+03
6.460000000000000000e+02 3.016700000000000273e+03
5.500000000000000000e+02 3.016800000000000182e+03
3.660000000000000000e+02 3.017099999999999909e+03
4.060000000000000000e+02 3.017200000000000273e+03
7.420000000000000000e+02 3.017200000000000273e+03
6.700000000000000000e+02 3.017300000000000182e+03
1.500000000000000000e+02 3.017400000000000091e+03
6.860000000000000000e+02 3.017349999999999909e+03
5.260000000000000000e+02 3.017500000000000000e+03
5.340000000000000000e+02 3.017599999999999909e+03
6.780000000000000000e+02 3.017599999999999909e+03
7.740000000000000000e+02 3.017700000000000273e+03
3.260000000000000000e+02 3.018000000000000000e+03
4.540000000000000000e+02 3.018050000000000182e+03
1.020000000000000000e+02 3.018150000000000091e+03
4.220000000000000000e+02 3.018200000000000273e+03
3.100000000000000000e+02 3.018400000000000091e+03
5.420000000000000000e+02 3.018500000000000000e+03
7.660000000000000000e+02 3.018450000000000273e+03
5.100000000000000000e+02 3.018599999999999909e+03
4.140000000000000000e+02 3.018650000000000091e+03
4.780000000000000000e+02 3.018700000000000273e+03
4.380000000000000000e+02 3.018750000000000000e+03
3.580000000000000000e+02 3.018900000000000091e+03
1.980000000000000000e+02 3.019050000000000182e+03
4.860000000000000000e+02 3.019050000000000182e+03
1.660000000000000000e+02 3.019200000000000273e+03
7.260000000000000000e+02 3.019450000000000273e+03
7.900000000000000000e+02 3.019500000000000000e+03
5.980000000000000000e+02 3.019700000000000273e+03
1.900000000000000000e+02 3.020300000000000182e+03
4.940000000000000000e+02 3.022200000000000273e+03
3.900000000000000000e+02 3.022450000000000273e+03
9.400000000000000000e+01 3.023349999999999909e+03
7.500000000000000000e+02 3.024650000000000091e+03
1.580000000000000000e+02 3.025050000000000182e+03
2.300000000000000000e+02 3.025700000000000273e+03
3.340000000000000000e+02 3.025750000000000000e+03
4.460000000000000000e+02 3.026050000000000182e+03
4.140000000000000000e+02 3.026300000000000182e+03
2.380000000000000000e+02 3.026450000000000273e+03
5.100000000000000000e+02 3.026450000000000273e+03
2.940000000000000000e+02 3.026900000000000091e+03
6.860000000000000000e+02 3.026900000000000091e+03
2.860000000000000000e+02 3.027000000000000000e+03
8.600000000000000000e+01 3.027099999999999909e+03
7.740000000000000000e+02 3.027050000000000182e+03
7.800000000000000000e+01 3.027300000000000182e+03
4.300000000000000000e+02 3.027250000000000000e+03
4.620000000000000000e+02 3.027650000000000091e+03
5.900000000000000000e+02 3.027700000000000273e+03
7.580000000000000000e+02 3.027700000000000273e+03
4.220000000000000000e+02 3.027800000000000182e+03
5.820000000000000000e+02 3.027950000000000273e+03
3.000000000000000000e+01 3.028200000000000273e+03
1.820000000000000000e+02 3.028200000000000273e+03
3.740000000000000000e+02 3.028150000000000091e+03
5.020000000000000000e+02 3.028150000000000091e+03
4.600000000000000000e+01 3.028250000000000000e+03
7.020000000000000000e+02 3.028500000000000000e+03
3.800000000000000000e+01 3.028700000000000273e+03
6.220000000000000000e+02 3.028900000000000091e+03
1.020000000000000000e+02 3.028950000000000273e+03
3.820000000000000000e+02 3.034450000000000273e+03
6.380000000000000000e+02 3.034550000000000182e+03
2.220000000000000000e+02 3.035450000000000273e+03
3.500000000000000000e+02 3.035750000000000000e+03
4.540000000000000000e+02 3.035800000000000182e+03
2.060000000000000000e+02 3.036150000000000091e+03
5.340000000000000000e+02 3.036250000000000000e+03
2.700000000000000000e+02 3.036800000000000182e+03
7.000000000000000000e+01 3.037150000000000091e+03
5.580000000000000000e+02 3.038000000000000000e+03
5.980000000000000000e+02 3.038300000000000182e+03
7.180000000000000000e+02 3.038250000000000000e+03
3.980000000000000000e+02 3.038349999999999909e+03
4.700000000000000000e+02 3.038400000000000091e+03
7.800000000000000000e+01 3.038500000000000000e+03
4.780000000000000000e+02 3.038450000000000273e+03
4.060000000000000000e+02 3.038800000000000182e+03
4.860000000000000000e+02 3.038750000000000000e+03
7.820000000000000000e+02 3.038750000000000000e+03
1.500000000000000000e+02 3.038849999999999909e+03
2.140000000000000000e+02 3.038849999999999909e+03
6.060000000000000000e+02 3.038849999999999909e+03
7.420000000000000000e+02 3.039000000000000000e+03
1.740000000000000000e+02 3.039050000000000182e+03
4.300000000000000000e+02 3.039099999999999909e+03
7.020000000000000000e+02 3.039050000000000182e+03
5.740000000000000000e+02 3.039150000000000091e+03
2.620000000000000000e+02 3.039450000000000273e+03
2.780000000000000000e+02 3.039550000000000182e+03
3.580000000000000000e+02 3.039650000000000091e+03
2.860000000000000000e+02 3.039750000000000000e+03
6.700000000000000000e+02 3.044700000000000273e+03
4.220000000000000000e+02 3.044800000000000182e+03
4.460000000000000000e+02 3.046800000000000182e+03
6.140000000000000000e+02 3.047000000000000000e+03
2.200000000000000000e+01 3.047099999999999909e+03
1.100000000000000000e+02 3.047700000000000273e+03
3.820000000000000000e+02 3.047700000000000273e+03
4.140000000000000000e+02 3.047950000000000273e+03
5.180000000000000000e+02 3.048000000000000000e+03
5.500000000000000000e+02 3.047950000000000273e+03
5.260000000000000000e+02 3.048300000000000182e+03
3.500000000000000000e+02 3.048750000000000000e+03
6.620000000000000000e+02 3.049349999999999909e+03
7.660000000000000000e+02 3.049450000000000273e+03
9.400000000000000000e+01 3.049550000000000182e+03
3.980000000000000000e+02 3.049700000000000273e+03
1.260000000000000000e+02 3.049800000000000182e+03
3.900000000000000000e+02 3.050050000000000182e+03
7.420000000000000000e+02 3.050650000000000091e+03
7.500000000000000000e+02 3.050650000000000091e+03
6.460000000000000000e+02 3.050750000000000000e+03
3.180000000000000000e+02 3.055450000000000273e+03
4.600000000000000000e+01 3.057099999999999909e+03
1.900000000000000000e+02 3.057250000000000000e+03
6.060000000000000000e+02 3.057300000000000182e+03
1.340000000000000000e+02 3.057900000000000091e+03
7.000000000000000000e+01 3.058150000000000091e+03
5.660000000000000000e+02 3.058200000000000273e+03
3.000000000000000000e+01 3.058550000000000182e+03
4.700000000000000000e+02 3.058800000000000182e+03
6.620000000000000000e+02 3.058849999999999909e+03
7.900000000000000000e+02 3.059000000000000000e+03
2.200000000000000000e+01 3.059450000000000273e+03
1.100000000000000000e+02 3.059450000000000273e+03
2.620000000000000000e+02 3.059450000000000273e+03
3.420000000000000000e+02 3.059450000000000273e+03
5.900000000000000000e+02 3.059450000000000273e+03
6.540000000000000000e+02 3.059450000000000273e+03
2.540000000000000000e+02 3.060250000000000000e+03
1.580000000000000000e+02 3.064650000000000091e+03
5.340000000000000000e+02 3.065450000000000273e+03
2.460000000000000000e+02 3.066349999999999909e+03
6.060000000000000000e+02 3.066750000000000000e+03
1.020000000000000000e+02 3.067900000000000091e+03
3.740000000000000000e+02 3.068300000000000182e+03
3.980000000000000000e+02 3.068700000000000273e+03
3.660000000000000000e+02 3.070000000000000000e+03
5.740000000000000000e+02 3.069950000000000273e+03
6.460000000000000000e+02 3.070250000000000000e+03
4.220000000000000000e+02 3.070599999999999909e+03
1.900000000000000000e+02 3.074250000000000000e+03
2.620000000000000000e+02 3.076050000000000182e+03
7.740000000000000000e+02 3.076700000000000273e+03
6.220000000000000000e+02 3.076750000000000000e+03
6.380000000000000000e+02 3.077050000000000182e+03
6.780000000000000000e+02 3.077150000000000091e+03
5.900000000000000000e+02 3.077550000000000182e+03
6.000000000000000000e+00 3.078099999999999909e+03
7.020000000000000000e+02 3.078500000000000000e+03
3.100000000000000000e+02 3.079099999999999909e+03
1.100000000000000000e+02 3.080050000000000182e+03
5.820000000000000000e+02 3.081900000000000091e+03
7.500000000000000000e+02 3.082400000000000091e+03
2.300000000000000000e+02 3.082950000000000273e+03
5.500000000000000000e+02 3.083450000000000273e+03
2.140000000000000000e+02 3.084950000000000273e+03
5.100000000000000000e+02 3.085150000000000091e+03
1.980000000000000000e+02 3.085250000000000000e+03
5.980000000000000000e+02 3.086500000000000000e+03
7.420000000000000000e+02 3.086800000000000182e+03
7.580000000000000000e+02 3.090750000000000000e+03
6.300000000000000000e+02 3.090900000000000091e+03
1.400000000000000000e+01 3.091849999999999909e+03
2.380000000000000000e+02 3.091849999999999909e+03
6.860000000000000000e+02 3.091849999999999909e+03
7.180000000000000000e+02 3.092200000000000273e+03
4.300000000000000000e+02 3.092450000000000273e+03
3.900000000000000000e+02 3.092800000000000182e+03
3.020000000000000000e+02 3.092900000000000091e+03
3.340000000000000000e+02 3.092849999999999909e+03
3.580000000000000000e+02 3.093099999999999909e+03
4.140000000000000000e+02 3.093300000000000182e+03
5.740000000000000000e+02 3.094400000000000091e+03
1.580000000000000000e+02 3.094450000000000273e+03
2.200000000000000000e+01 3.096950000000000273e+03
5.400000000000000000e+01 3.098050000000000182e+03
2.060000000000000000e+02 3.098450000000000273e+03
2.220000000000000000e+02 3.098700000000000273e+03
5.340000000000000000e+02 3.101349999999999909e+03
3.180000000000000000e+02 3.107050000000000182e+03
5.180000000000000000e+02 3.108700000000000273e+03
7.820000000000000000e+02 3.109000000000000000e+03
7.340000000000000000e+02 3.109550000000000182e+03
3.820000000000000000e+02 3.110000000000000000e+03
4.300000000000000000e+02 3.110000000000000000e+03
4.940000000000000000e+02 3.110349999999999909e+03
2.200000000000000000e+01 3.111000000000000000e+03
4.540000000000000000e+02 3.111099999999999909e+03
1.900000000000000000e+02 3.111150000000000091e+03
5.980000000000000000e+02 3.111150000000000091e+03
4.860000000000000000e+02 3.111300000000000182e+03
1.260000000000000000e+02 3.111400000000000091e+03
6.200000000000000000e+01 3.111599999999999909e+03
6.060000000000000000e+02 3.111700000000000273e+03
7.180000000000000000e+02 3.111650000000000091e+03
2.300000000000000000e+02 3.111900000000000091e+03
6.380000000000000000e+02 3.112650000000000091e+03
1.420000000000000000e+02 3.119099999999999909e+03
1.500000000000000000e+02 3.120349999999999909e+03
1.020000000000000000e+02 3.120650000000000091e+03
1.400000000000000000e+01 3.120900000000000091e+03
3.500000000000000000e+02 3.121300000000000182e+03
4.140000000000000000e+02 3.121450000000000273e+03
2.780000000000000000e+02 3.121599999999999909e+03
6.460000000000000000e+02 3.122000000000000000e+03
3.660000000000000000e+02 3.126750000000000000e+03
7.660000000000000000e+02 3.127150000000000091e+03
7.580000000000000000e+02 3.127750000000000000e+03
5.180000000000000000e+02 3.128650000000000091e+03
9.400000000000000000e+01 3.128849999999999909e+03
1.580000000000000000e+02 3.128849999999999909e+03
4.780000000000000000e+02 3.128849999999999909e+03
7.260000000000000000e+02 3.129050000000000182e+03
1.740000000000000000e+02 3.129450000000000273e+03
2.700000000000000000e+02 3.129599999999999909e+03
7.740000000000000000e+02 3.129650000000000091e+03
2.380000000000000000e+02 3.130300000000000182e+03
1.660000000000000000e+02 3.131000000000000000e+03
2.940000000000000000e+02 3.134450000000000273e+03
1.900000000000000000e+02 3.134950000000000273e+03
5.740000000000000000e+02 3.135599999999999909e+03
4.060000000000000000e+02 3.135700000000000273e+03
7.420000000000000000e+02 3.136250000000000000e+03
6.380000000000000000e+02 3.136400000000000091e+03
1.340000000000000000e+02 3.137099999999999909e+03
6.940000000000000000e+02 3.137500000000000000e+03
1.980000000000000000e+02 3.138050000000000182e+03
9.400000000000000000e+01 3.138200000000000273e+03
3.800000000000000000e+01 3.138900000000000091e+03
5.660000000000000000e+02 3.140150000000000091e+03
1.260000000000000000e+02 3.143200000000000273e+03
6.780000000000000000e+02 3.143750000000000000e+03
4.600000000000000000e+01 3.144150000000000091e+03
3.100000000000000000e+02 3.144250000000000000e+03
7.340000000000000000e+02 3.144250000000000000e+03
2.460000000000000000e+02 3.144500000000000000e+03
7.580000000000000000e+02 3.144800000000000182e+03
4.940000000000000000e+02 3.145300000000000182e+03
4.220000000000000000e+02 3.145950000000000273e+03
6.200000000000000000e+01 3.146150000000000091e+03
6.700000000000000000e+02 3.147599999999999909e+03
3.980000000000000000e+02 3.147650000000000091e+03
5.100000000000000000e+02 3.149200000000000273e+03
1.660000000000000000e+02 3.149450000000000273e+03
3.580000000000000000e+02 3.150849999999999909e+03
7.800000000000000000e+01 3.152550000000000182e+03
4.860000000000000000e+02 3.152849999999999909e+03
5.500000000000000000e+02 3.153099999999999909e+03
7.000000000000000000e+01 3.153150000000000091e+03
7.900000000000000000e+02 3.154800000000000182e+03
5.740000000000000000e+02 3.155050000000000182e+03
1.420000000000000000e+02 3.156050000000000182e+03
3.340000000000000000e+02 3.156200000000000273e+03
6.200000000000000000e+01 3.156849999999999909e+03
2.220000000000000000e+02 3.157250000000000000e+03
5.900000000000000000e+02 3.157349999999999909e+03
1.020000000000000000e+02 3.157550000000000182e+03
3.500000000000000000e+02 3.157700000000000273e+03
4.140000000000000000e+02 3.157700000000000273e+03
7.820000000000000000e+02 3.158349999999999909e+03
2.940000000000000000e+02 3.158599999999999909e+03
5.400000000000000000e+01 3.159000000000000000e+03
6.460000000000000000e+02 3.159550000000000182e+03
3.180000000000000000e+02 3.159750000000000000e+03
7.740000000000000000e+02 3.159950000000000273e+03
2.780000000000000000e+02 3.160650000000000091e+03
5.420000000000000000e+02 3.160700000000000273e+03
9.400000000000000000e+01 3.161300000000000182e+03
2.060000000000000000e+02 3.161250000000000000e+03
1.740000000000000000e+02 3.161599999999999909e+03
2.860000000000000000e+02 3.161800000000000182e+03
1.400000000000000000e+01 3.162700000000000273e+03
1.980000000000000000e+02 3.163700000000000273e+03
7.980000000000000000e+02 3.164050000000000182e+03
6.780000000000000000e+02 3.164150000000000091e+03
7.800000000000000000e+01 3.164400000000000091e+03
1.340000000000000000e+02 3.164650000000000091e+03
3.580000000000000000e+02 3.166050000000000182e+03
6.940000000000000000e+02 3.166300000000000182e+03
4.060000000000000000e+02 3.166400000000000091e+03
8.600000000000000000e+01 3.170250000000000000e+03
1.260000000000000000e+02 3.170700000000000273e+03
4.780000000000000000e+02 3.171150000000000091e+03
7.260000000000000000e+02 3.172050000000000182e+03
1.580000000000000000e+02 3.173050000000000182e+03
3.420000000000000000e+02 3.173099999999999909e+03
6.000000000000000000e+00 3.173500000000000000e+03
2.780000000000000000e+02 3.173550000000000182e+03
7.340000000000000000e+02 3.174150000000000091e+03
6.220000000000000000e+02 3.174349999999999909e+03
7.820000000000000000e+02 3.174849999999999909e+03
7.980000000000000000e+02 3.175849999999999909e+03
6.200000000000000000e+01 3.177300000000000182e+03
4.540000000000000000e+02 3.179050000000000182e+03
1.400000000000000000e+01 3.179650000000000091e+03
6.060000000000000000e+02 3.179700000000000273e+03
3.980000000000000000e+02 3.180099999999999909e+03
6.540000000000000000e+02 3.181050000000000182e+03
5.340000000000000000e+02 3.182450000000000273e+03
2.700000000000000000e+02 3.182950000000000273e+03
2.220000000000000000e+02 3.184349999999999909e+03
3.820000000000000000e+02 3.185300000000000182e+03
1.740000000000000000e+02 3.185400000000000091e+03
5.740000000000000000e+02 3.185450000000000273e+03
5.580000000000000000e+02 3.185599999999999909e+03
5.980000000000000000e+02 3.186349999999999909e+03
9.400000000000000000e+01 3.186849999999999909e+03
6.460000000000000000e+02 3.190099999999999909e+03
3.020000000000000000e+02 3.190250000000000000e+03
3.900000000000000000e+02 3.191099999999999909e+03
4.300000000000000000e+02 3.192400000000000091e+03
7.980000000000000000e+02 3.192650000000000091e+03
5.820000000000000000e+02 3.194300000000000182e+03
8.600000000000000000e+01 3.194599999999999909e+03
7.900000000000000000e+02 3.194800000000000182e+03
7.180000000000000000e+02 3.195250000000000000e+03
3.180000000000000000e+02 3.195500000000000000e+03
3.340000000000000000e+02 3.195450000000000273e+03
6.220000000000000000e+02 3.195500000000000000e+03
5.980000000000000000e+02 3.195800000000000182e+03
6.060000000000000000e+02 3.195750000000000000e+03
3.740000000000000000e+02 3.197099999999999909e+03
4.620000000000000000e+02 3.198200000000000273e+03
6.200000000000000000e+01 3.200450000000000273e+03
3.260000000000000000e+02 3.201200000000000273e+03
7.980000000000000000e+02 3.201500000000000000e+03
2.940000000000000000e+02 3.201750000000000000e+03
5.660000000000000000e+02 3.202150000000000091e+03
4.140000000000000000e+02 3.202250000000000000e+03
2.300000000000000000e+02 3.202650000000000091e+03
6.380000000000000000e+02 3.203000000000000000e+03
6.940000000000000000e+02 3.204300000000000182e+03
5.900000000000000000e+02 3.210200000000000273e+03
4.460000000000000000e+02 3.210599999999999909e+03
7.820000000000000000e+02 3.210550000000000182e+03
6.460000000000000000e+02 3.210950000000000273e+03
2.140000000000000000e+02 3.211099999999999909e+03
1.180000000000000000e+02 3.212599999999999909e+03
5.740000000000000000e+02 3.212599999999999909e+03
3.580000000000000000e+02 3.214250000000000000e+03
2.380000000000000000e+02 3.214450000000000273e+03
1.420000000000000000e+02 3.216000000000000000e+03
1.660000000000000000e+02 3.217099999999999909e+03
1.980000000000000000e+02 3.217250000000000000e+03
3.800000000000000000e+01 3.217650000000000091e+03
3.100000000000000000e+02 3.218000000000000000e+03
4.780000000000000000e+02 3.218300000000000182e+03
5.400000000000000000e+01 3.218349999999999909e+03
5.260000000000000000e+02 3.219150000000000091e+03
5.180000000000000000e+02 3.219250000000000000e+03
5.820000000000000000e+02 3.219349999999999909e+03
4.140000000000000000e+02 3.219500000000000000e+03
1.740000000000000000e+02 3.219550000000000182e+03
7.000000000000000000e+01 3.219650000000000091e+03
4.460000000000000000e+02 3.220050000000000182e+03
5.020000000000000000e+02 3.220400000000000091e+03
6.540000000000000000e+02 3.220349999999999909e+03
1.100000000000000000e+02 3.220500000000000000e+03
7.660000000000000000e+02 3.220650000000000091e+03
7.260000000000000000e+02 3.220900000000000091e+03
3.260000000000000000e+02 3.221550000000000182e+03
1.020000000000000000e+02 3.223550000000000182e+03
7.580000000000000000e+02 3.223599999999999909e+03
4.540000000000000000e+02 3.224150000000000091e+03
1.500000000000000000e+02 3.225300000000000182e+03
3.420000000000000000e+02 3.225700000000000273e+03
2.620000000000000000e+02 3.225900000000000091e+03
1.420000000000000000e+02 3.226150000000000091e+03
2.060000000000000000e+02 3.226950000000000273e+03
6.860000000000000000e+02 3.227300000000000182e+03
2.860000000000000000e+02 3.229050000000000182e+03
3.900000000000000000e+02 3.229200000000000273e+03
4.140000000000000000e+02 3.229250000000000000e+03
9.400000000000000000e+01 3.229849999999999909e+03
3.980000000000000000e+02 3.230150000000000091e+03
1.260000000000000000e+02 3.230450000000000273e+03
7.100000000000000000e+02 3.230750000000000000e+03
3.180000000000000000e+02 3.231099999999999909e+03
4.060000000000000000e+02 3.231050000000000182e+03
5.180000000000000000e+02 3.232250000000000000e+03
6.620000000000000000e+02 3.232349999999999909e+03
5.420000000000000000e+02 3.232599999999999909e+03
5.740000000000000000e+02 3.232650000000000091e+03
4.780000000000000000e+02 3.232750000000000000e+03
2.220000000000000000e+02 3.232849999999999909e+03
2.460000000000000000e+02 3.232849999999999909e+03
6.220000000000000000e+02 3.233000000000000000e+03
6.940000000000000000e+02 3.233050000000000182e+03
2.700000000000000000e+02 3.238550000000000182e+03
2.540000000000000000e+02 3.238800000000000182e+03
2.140000000000000000e+02 3.240550000000000182e+03
4.460000000000000000e+02 3.240800000000000182e+03
1.820000000000000000e+02 3.241000000000000000e+03
7.020000000000000000e+02 3.241349999999999909e+03
4.380000000000000000e+02 3.241599999999999909e+03
4.220000000000000000e+02 3.242000000000000000e+03
4.300000000000000000e+02 3.247150000000000091e+03
7.100000000000000000e+02 3.247700000000000273e+03
6.700000000000000000e+02 3.248550000000000182e+03
1.900000000000000000e+02 3.248849999999999909e+03
3.740000000000000000e+02 3.249250000000000000e+03
4.060000000000000000e+02 3.249250000000000000e+03
7.800000000000000000e+01 3.249349999999999909e+03
5.100000000000000000e+02 3.249950000000000273e+03
6.300000000000000000e+02 3.250099999999999909e+03
7.740000000000000000e+02 3.250550000000000182e+03
3.100000000000000000e+02 3.252150000000000091e+03
5.900000000000000000e+02 3.253000000000000000e+03
5.260000000000000000e+02 3.255750000000000000e+03
8.600000000000000000e+01 3.258599999999999909e+03
1.980000000000000000e+02 3.259349999999999909e+03
5.580000000000000000e+02 3.260400000000000091e+03
6.460000000000000000e+02 3.260550000000000182e+03
7.660000000000000000e+02 3.261700000000000273e+03
5.660000000000000000e+02 3.262000000000000000e+03
7.180000000000000000e+02 3.262599999999999909e+03
1.260000000000000000e+02 3.262900000000000091e+03
3.980000000000000000e+02 3.262849999999999909e+03
4.860000000000000000e+02 3.267200000000000273e+03
6.380000000000000000e+02 3.267599999999999909e+03
2.060000000000000000e+02 3.269000000000000000e+03
2.300000000000000000e+02 3.269099999999999909e+03
7.020000000000000000e+02 3.269150000000000091e+03
7.820000000000000000e+02 3.269250000000000000e+03
6.200000000000000000e+01 3.269900000000000091e+03
7.580000000000000000e+02 3.269900000000000091e+03
3.260000000000000000e+02 3.270650000000000091e+03
3.340000000000000000e+02 3.270700000000000273e+03
2.860000000000000000e+02 3.271200000000000273e+03
6.060000000000000000e+02 3.272900000000000091e+03
7.000000000000000000e+01 3.275700000000000273e+03
7.980000000000000000e+02 3.275900000000000091e+03
3.000000000000000000e+01 3.277050000000000182e+03
3.800000000000000000e+01 3.277050000000000182e+03
1.420000000000000000e+02 3.277349999999999909e+03
2.200000000000000000e+01 3.277700000000000273e+03
1.100000000000000000e+02 3.277700000000000273e+03
6.620000000000000000e+02 3.278200000000000273e+03
1.820000000000000000e+02 3.278400000000000091e+03
4.700000000000000000e+02 3.278500000000000000e+03
6.860000000000000000e+02 3.279550000000000182e+03
2.140000000000000000e+02 3.279750000000000000e+03
1.400000000000000000e+01 3.280150000000000091e+03
5.740000000000000000e+02 3.280250000000000000e+03
1.900000000000000000e+02 3.280400000000000091e+03
5.500000000000000000e+02 3.280400000000000091e+03
7.800000000000000000e+01 3.280500000000000000e+03
2.220000000000000000e+02 3.281150000000000091e+03
2.940000000000000000e+02 3.285950000000000273e+03
3.800000000000000000e+01 3.286650000000000091e+03
7.100000000000000000e+02 3.286700000000000273e+03
5.980000000000000000e+02 3.287000000000000000e+03
4.300000000000000000e+02 3.287349999999999909e+03
6.540000000000000000e+02 3.287349999999999909e+03
1.260000000000000000e+02 3.287950000000000273e+03
1.740000000000000000e+02 3.289900000000000091e+03
6.060000000000000000e+02 3.292099999999999909e+03
2.540000000000000000e+02 3.294300000000000182e+03
7.340000000000000000e+02 3.295650000000000091e+03
2.380000000000000000e+02 3.296250000000000000e+03
2.780000000000000000e+02 3.296250000000000000e+03
7.420000000000000000e+02 3.296450000000000273e+03
3.420000000000000000e+02 3.296700000000000273e+03
3.740000000000000000e+02 3.296950000000000273e+03
7.580000000000000000e+02 3.297099999999999909e+03
1.500000000000000000e+02 3.297200000000000273e+03
2.460000000000000000e+02 3.297200000000000273e+03
7.660000000000000000e+02 3.297200000000000273e+03
7.900000000000000000e+02 3.297300000000000182e+03
3.980000000000000000e+02 3.302099999999999909e+03
1.180000000000000000e+02 3.302599999999999909e+03
7.020000000000000000e+02 3.303150000000000091e+03
6.780000000000000000e+02 3.303450000000000273e+03
6.540000000000000000e+02 3.304000000000000000e+03
6.620000000000000000e+02 3.304599999999999909e+03
4.060000000000000000e+02 3.305599999999999909e+03
6.200000000000000000e+01 3.306200000000000273e+03
5.340000000000000000e+02 3.307150000000000091e+03
3.260000000000000000e+02 3.308099999999999909e+03
4.700000000000000000e+02 3.308750000000000000e+03
1.420000000000000000e+02 3.309250000000000000e+03
7.180000000000000000e+02 3.309700000000000273e+03
3.740000000000000000e+02 3.310450000000000273e+03
1.260000000000000000e+02 3.310800000000000182e+03
5.500000000000000000e+02 3.310950000000000273e+03
3.800000000000000000e+01 3.311950000000000273e+03
6.700000000000000000e+02 3.312500000000000000e+03
1.980000000000000000e+02 3.312800000000000182e+03
3.000000000000000000e+01 3.313800000000000182e+03
1.820000000000000000e+02 3.314550000000000182e+03
6.220000000000000000e+02 3.315300000000000182e+03
7.800000000000000000e+01 3.316000000000000000e+03
4.060000000000000000e+02 3.316300000000000182e+03
3.660000000000000000e+02 3.317550000000000182e+03
7.980000000000000000e+02 3.318950000000000273e+03
4.860000000000000000e+02 3.319500000000000000e+03
5.740000000000000000e+02 3.321500000000000000e+03
5.420000000000000000e+02 3.321800000000000182e+03
5.580000000000000000e+02 3.322050000000000182e+03
7.900000000000000000e+02 3.324849999999999909e+03
5.260000000000000000e+02 3.325200000000000273e+03
2.780000000000000000e+02 3.326099999999999909e+03
2.860000000000000000e+02 3.326150000000000091e+03
4.460000000000000000e+02 3.326900000000000091e+03
3.340000000000000000e+02 3.328599999999999909e+03
7.180000000000000000e+02 3.328849999999999909e+03
7.420000000000000000e+02 3.329550000000000182e+03
7.100000000000000000e+02 3.329800000000000182e+03
3.980000000000000000e+02 3.330400000000000091e+03
3.020000000000000000e+02 3.330849999999999909e+03
1.400000000000000000e+01 3.331000000000000000e+03
4.140000000000000000e+02 3.331750000000000000e+03
7.660000000000000000e+02 3.331750000000000000e+03
3.900000000000000000e+02 3.331950000000000273e+03
3.420000000000000000e+02 3.332800000000000182e+03
4.220000000000000000e+02 3.332800000000000182e+03
9.400000000000000000e+01 3.332849999999999909e+03
6.000000000000000000e+00 3.333099999999999909e+03
1.100000000000000000e+02 3.333349999999999909e+03
3.820000000000000000e+02 3.333450000000000273e+03
6.300000000000000000e+02 3.333599999999999909e+03
5.100000000000000000e+02 3.334150000000000091e+03
7.800000000000000000e+01 3.334349999999999909e+03
5.660000000000000000e+02 3.334450000000000273e+03
3.660000000000000000e+02 3.334849999999999909e+03
2.540000000000000000e+02 3.340050000000000182e+03
3.180000000000000000e+02 3.340250000000000000e+03
6.460000000000000000e+02 3.340400000000000091e+03
6.060000000000000000e+02 3.340599999999999909e+03
6.140000000000000000e+02 3.340650000000000091e+03
2.860000000000000000e+02 3.341050000000000182e+03
3.580000000000000000e+02 3.341150000000000091e+03
5.980000000000000000e+02 3.341599999999999909e+03
4.540000000000000000e+02 3.341650000000000091e+03
3.260000000000000000e+02 3.341800000000000182e+03
4.060000000000000000e+02 3.341800000000000182e+03
6.380000000000000000e+02 3.341750000000000000e+03
1.340000000000000000e+02 3.341849999999999909e+03
2.140000000000000000e+02 3.342050000000000182e+03
5.420000000000000000e+02 3.343000000000000000e+03
6.200000000000000000e+01 3.348300000000000182e+03
2.700000000000000000e+02 3.348500000000000000e+03
5.340000000000000000e+02 3.348450000000000273e+03
3.660000000000000000e+02 3.348750000000000000e+03
1.580000000000000000e+02 3.349800000000000182e+03
1.420000000000000000e+02 3.350400000000000091e+03
8.600000000000000000e+01 3.351250000000000000e+03
2.220000000000000000e+02 3.351450000000000273e+03
7.340000000000000000e+02 3.353550000000000182e+03
2.620000000000000000e+02 3.357450000000000273e+03
7.100000000000000000e+02 3.358700000000000273e+03
2.780000000000000000e+02 3.360050000000000182e+03
7.420000000000000000e+02 3.360099999999999909e+03
6.700000000000000000e+02 3.361349999999999909e+03
4.460000000000000000e+02 3.361849999999999909e+03
2.380000000000000000e+02 3.364300000000000182e+03
7.020000000000000000e+02 3.365650000000000091e+03
1.660000000000000000e+02 3.370250000000000000e+03
3.980000000000000000e+02 3.371750000000000000e+03
5.580000000000000000e+02 3.372500000000000000e+03
7.260000000000000000e+02 3.372450000000000273e+03
3.740000000000000000e+02 3.372650000000000091e+03
7.000000000000000000e+01 3.373849999999999909e+03
1.100000000000000000e+02 3.374900000000000091e+03
5.260000000000000000e+02 3.376250000000000000e+03
3.420000000000000000e+02 3.382900000000000091e+03
4.140000000000000000e+02 3.384000000000000000e+03
3.340000000000000000e+02 3.384200000000000273e+03
1.500000000000000000e+02 3.384400000000000091e+03
7.020000000000000000e+02 3.384800000000000182e+03
3.980000000000000000e+02 3.386550000000000182e+03
3.100000000000000000e+02 3.389750000000000000e+03
7.580000000000000000e+02 3.397849999999999909e+03
4.460000000000000000e+02 3.399150000000000091e+03
1.020000000000000000e+02 3.399349999999999909e+03
4.060000000000000000e+02 3.399450000000000273e+03
2.700000000000000000e+02 3.399700000000000273e+03
2.060000000000000000e+02 3.404550000000000182e+03
3.740000000000000000e+02 3.411349999999999909e+03
2.300000000000000000e+02 3.413050000000000182e+03
4.620000000000000000e+02 3.422599999999999909e+03
2.780000000000000000e+02 3.425349999999999909e+03
4.860000000000000000e+02 3.427200000000000273e+03
6.540000000000000000e+02 3.475500000000000000e+03
5.020000000000000000e+02 3.479400000000000091e+03
7.340000000000000000e+02 3.516150000000000091e+03
3.800000000000000000e+01 3.565750000000000000e+03
1.980000000000000000e+02 3.572150000000000091e+03
7.900000000000000000e+02 3.577200000000000273e+03
5.900000000000000000e+02 3.586650000000000091e+03
7.580000000000000000e+02 3.587050000000000182e+03
3.740000000000000000e+02 3.593950000000000273e+03
7.180000000000000000e+02 3.606150000000000091e+03
2.200000000000000000e+01 3.606400000000000091e+03
2.220000000000000000e+02 3.607099999999999909e+03
3.020000000000000000e+02 3.610550000000000182e+03
7.420000000000000000e+02 3.611200000000000273e+03
2.060000000000000000e+02 3.614150000000000091e+03
6.460000000000000000e+02 3.614349999999999909e+03
1.740000000000000000e+02 3.614500000000000000e+03
6.860000000000000000e+02 3.616349999999999909e+03
4.220000000000000000e+02 3.617099999999999909e+03
5.660000000000000000e+02 3.618700000000000273e+03
3.340000000000000000e+02 3.621000000000000000e+03
7.820000000000000000e+02 3.621550000000000182e+03
7.900000000000000000e+02 3.623450000000000273e+03
2.860000000000000000e+02 3.624500000000000000e+03
6.200000000000000000e+01 3.624750000000000000e+03
4.940000000000000000e+02 3.625300000000000182e+03
3.580000000000000000e+02 3.625500000000000000e+03
1.500000000000000000e+02 3.625550000000000182e+03
3.000000000000000000e+01 3.626000000000000000e+03
4.540000000000000000e+02 3.626300000000000182e+03
6.380000000000000000e+02 3.626500000000000000e+03
1.400000000000000000e+01 3.626550000000000182e+03
2.620000000000000000e+02 3.626550000000000182e+03
3.800000000000000000e+01 3.626650000000000091e+03
2.380000000000000000e+02 3.626750000000000000e+03
4.600000000000000000e+01 3.626900000000000091e+03
1.340000000000000000e+02 3.626950000000000273e+03
5.820000000000000000e+02 3.627000000000000000e+03
7.800000000000000000e+01 3.627050000000000182e+03
1.100000000000000000e+02 3.627099999999999909e+03
4.060000000000000000e+02 3.627050000000000182e+03
5.020000000000000000e+02 3.627050000000000182e+03
1.660000000000000000e+02 3.627150000000000091e+03
3.100000000000000000e+02 3.627150000000000091e+03
4.860000000000000000e+02 3.627200000000000273e+03
6.860000000000000000e+02 3.627200000000000273e+03
4.780000000000000000e+02 3.627250000000000000e+03
5.740000000000000000e+02 3.627250000000000000e+03
5.980000000000000000e+02 3.627250000000000000e+03
2.300000000000000000e+02 3.627400000000000091e+03
7.500000000000000000e+02 3.627450000000000273e+03
3.260000000000000000e+02 3.627599999999999909e+03
4.220000000000000000e+02 3.627599999999999909e+03
6.220000000000000000e+02 3.627599999999999909e+03
3.420000000000000000e+02 3.627650000000000091e+03
4.140000000000000000e+02 3.627750000000000000e+03
4.380000000000000000e+02 3.627800000000000182e+03
5.500000000000000000e+02 3.627750000000000000e+03
2.460000000000000000e+02 3.627849999999999909e+03
6.540000000000000000e+02 3.627849999999999909e+03
1.420000000000000000e+02 3.628050000000000182e+03
2.540000000000000000e+02 3.628050000000000182e+03
2.940000000000000000e+02 3.628099999999999909e+03
5.100000000000000000e+02 3.628050000000000182e+03
6.060000000000000000e+02 3.628099999999999909e+03
7.580000000000000000e+02 3.628050000000000182e+03
3.740000000000000000e+02 3.628150000000000091e+03
5.420000000000000000e+02 3.628200000000000273e+03
5.660000000000000000e+02 3.628200000000000273e+03
6.300000000000000000e+02 3.628150000000000091e+03
6.780000000000000000e+02 3.628200000000000273e+03
7.020000000000000000e+02 3.628150000000000091e+03
7.980000000000000000e+02 3.628150000000000091e+03
1.820000000000000000e+02 3.628300000000000182e+03
2.140000000000000000e+02 3.628300000000000182e+03
3.660000000000000000e+02 3.628300000000000182e+03
3.980000000000000000e+02 3.628300000000000182e+03
6.620000000000000000e+02 3.628250000000000000e+03
1.260000000000000000e+02 3.628349999999999909e+03
3.340000000000000000e+02 3.628400000000000091e+03
1.020000000000000000e+02 3.628500000000000000e+03
1.180000000000000000e+02 3.628450000000000273e+03
5.900000000000000000e+02 3.628500000000000000e+03
7.100000000000000000e+02 3.628450000000000273e+03
7.260000000000000000e+02 3.628500000000000000e+03
7.900000000000000000e+02 3.628450000000000273e+03
6.000000000000000000e+00 3.628550000000000182e+03
2.200000000000000000e+01 3.628550000000000182e+03
6.200000000000000000e+01 3.628599999999999909e+03
5.400000000000000000e+01 3.628700000000000273e+03
7.000000000000000000e+01 3.628700000000000273e+03
2.220000000000000000e+02 3.628650000000000091e+03
3.180000000000000000e+02 3.628700000000000273e+03
7.340000000000000000e+02 3.628650000000000091e+03
7.660000000000000000e+02 3.628650000000000091e+03
1.740000000000000000e+02 3.628800000000000182e+03
3.020000000000000000e+02 3.628800000000000182e+03
7.740000000000000000e+02 3.628750000000000000e+03
4.620000000000000000e+02 3.628900000000000091e+03
6.940000000000000000e+02 3.628849999999999909e+03
8.600000000000000000e+01 3.628950000000000273e+03
9.400000000000000000e+01 3.628950000000000273e+03
2.780000000000000000e+02 3.628950000000000273e+03
2.860000000000000000e+02 3.629000000000000000e+03
5.580000000000000000e+02 3.628950000000000273e+03
6.700000000000000000e+02 3.628950000000000273e+03
1.900000000000000000e+02 3.629099999999999909e+03
3.580000000000000000e+02 3.629099999999999909e+03
5.180000000000000000e+02 3.629050000000000182e+03
5.260000000000000000e+02 3.629050000000000182e+03
6.140000000000000000e+02 3.629099999999999909e+03
4.460000000000000000e+02 3.629150000000000091e+03
6.460000000000000000e+02 3.629150000000000091e+03
3.500000000000000000e+02 3.629300000000000182e+03
4.940000000000000000e+02 3.629250000000000000e+03
5.340000000000000000e+02 3.629349999999999909e+03
3.820000000000000000e+02 3.629450000000000273e+03
3.900000000000000000e+02 3.629450000000000273e+03
2.700000000000000000e+02 3.629599999999999909e+03
1.980000000000000000e+02 3.629700000000000273e+03
3.000000000000000000e+01 3.630000000000000000e+03
1.400000000000000000e+01 3.630050000000000182e+03
6.860000000000000000e+02 3.630900000000000091e+03
7.820000000000000000e+02 3.631500000000000000e+03
1.340000000000000000e+02 3.631650000000000091e+03
7.260000000000000000e+02 3.632300000000000182e+03
5.820000000000000000e+02 3.632849999999999909e+03
7.020000000000000000e+02 3.632900000000000091e+03
5.020000000000000000e+02 3.633599999999999909e+03
2.200000000000000000e+01 3.634300000000000182e+03
1.180000000000000000e+02 3.634400000000000091e+03
7.740000000000000000e+02 3.634450000000000273e+03
2.620000000000000000e+02 3.635550000000000182e+03
7.660000000000000000e+02 3.636950000000000273e+03
1.580000000000000000e+02 3.639250000000000000e+03
4.700000000000000000e+02 3.641050000000000182e+03
3.900000000000000000e+02 3.644450000000000273e+03
5.020000000000000000e+02 3.650050000000000182e+03
6.220000000000000000e+02 3.650599999999999909e+03
6.620000000000000000e+02 3.652550000000000182e+03
4.060000000000000000e+02 3.657950000000000273e+03
7.740000000000000000e+02 3.665849999999999909e+03
3.180000000000000000e+02 3.668849999999999909e+03
7.180000000000000000e+02 3.680650000000000091e+03
5.980000000000000000e+02 3.681300000000000182e+03
7.500000000000000000e+02 3.683300000000000182e+03
3.820000000000000000e+02 3.686550000000000182e+03
3.740000000000000000e+02 3.699650000000000091e+03
3.260000000000000000e+02 3.702250000000000000e+03
5.740000000000000000e+02 3.722250000000000000e+03
2.380000000000000000e+02 3.723500000000000000e+03
7.800000000000000000e+01 3.756450000000000273e+03
6.060000000000000000e+02 3.761599999999999909e+03
2.780000000000000000e+02 3.765150000000000091e+03
4.220000000000000000e+02 3.770150000000000091e+03
7.500000000000000000e+02 3.781750000000000000e+03
5.260000000000000000e+02 3.790000000000000000e+03
1.100000000000000000e+02 3.792150000000000091e+03
4.620000000000000000e+02 3.801800000000000182e+03
4.540000000000000000e+02 3.803500000000000000e+03
5.500000000000000000e+02 3.804300000000000182e+03
6.380000000000000000e+02 3.805550000000000182e+03
6.540000000000000000e+02 3.805599999999999909e+03
1.500000000000000000e+02 3.806849999999999909e+03
7.100000000000000000e+02 3.809900000000000091e+03
1.420000000000000000e+02 3.810800000000000182e+03
3.580000000000000000e+02 3.810800000000000182e+03
3.340000000000000000e+02 3.810950000000000273e+03
3.900000000000000000e+02 3.811000000000000000e+03
5.400000000000000000e+01 3.811050000000000182e+03
3.420000000000000000e+02 3.811099999999999909e+03
6.460000000000000000e+02 3.811500000000000000e+03
5.100000000000000000e+02 3.812000000000000000e+03
6.780000000000000000e+02 3.811950000000000273e+03
2.700000000000000000e+02 3.812150000000000091e+03
7.000000000000000000e+01 3.812700000000000273e+03
1.180000000000000000e+02 3.812750000000000000e+03
4.700000000000000000e+02 3.812849999999999909e+03
6.620000000000000000e+02 3.812900000000000091e+03
4.540000000000000000e+02 3.813099999999999909e+03
4.600000000000000000e+01 3.813250000000000000e+03
3.820000000000000000e+02 3.813500000000000000e+03
6.220000000000000000e+02 3.813599999999999909e+03
3.000000000000000000e+01 3.815050000000000182e+03
2.380000000000000000e+02 3.815150000000000091e+03
3.180000000000000000e+02 3.815150000000000091e+03
7.020000000000000000e+02 3.816150000000000091e+03
5.180000000000000000e+02 3.816300000000000182e+03
2.460000000000000000e+02 3.816450000000000273e+03
6.000000000000000000e+00 3.816550000000000182e+03
4.860000000000000000e+02 3.816750000000000000e+03
4.620000000000000000e+02 3.817050000000000182e+03
5.900000000000000000e+02 3.817099999999999909e+03
4.140000000000000000e+02 3.817300000000000182e+03
4.940000000000000000e+02 3.817900000000000091e+03
1.580000000000000000e+02 3.818650000000000091e+03
6.860000000000000000e+02 3.818700000000000273e+03
5.660000000000000000e+02 3.818750000000000000e+03
6.140000000000000000e+02 3.819349999999999909e+03
1.660000000000000000e+02 3.819700000000000273e+03
7.740000000000000000e+02 3.821400000000000091e+03
6.700000000000000000e+02 3.822400000000000091e+03
4.380000000000000000e+02 3.822550000000000182e+03
7.500000000000000000e+02 3.825300000000000182e+03
1.020000000000000000e+02 3.826599999999999909e+03
6.220000000000000000e+02 3.826849999999999909e+03
4.060000000000000000e+02 3.827599999999999909e+03
3.580000000000000000e+02 3.829200000000000273e+03
7.660000000000000000e+02 3.829349999999999909e+03
1.180000000000000000e+02 3.829500000000000000e+03
5.980000000000000000e+02 3.829700000000000273e+03
1.980000000000000000e+02 3.830150000000000091e+03
7.260000000000000000e+02 3.830450000000000273e+03
2.300000000000000000e+02 3.830700000000000273e+03
4.300000000000000000e+02 3.831400000000000091e+03
4.780000000000000000e+02 3.832450000000000273e+03
5.260000000000000000e+02 3.836900000000000091e+03
6.620000000000000000e+02 3.837400000000000091e+03
7.100000000000000000e+02 3.837349999999999909e+03
2.700000000000000000e+02 3.838599999999999909e+03
4.700000000000000000e+02 3.841000000000000000e+03
6.220000000000000000e+02 3.843250000000000000e+03
7.420000000000000000e+02 3.843650000000000091e+03
6.700000000000000000e+02 3.844000000000000000e+03
4.060000000000000000e+02 3.846650000000000091e+03
7.000000000000000000e+01 3.847450000000000273e+03
5.020000000000000000e+02 3.847650000000000091e+03
3.000000000000000000e+01 3.849000000000000000e+03
1.400000000000000000e+01 3.850050000000000182e+03
6.780000000000000000e+02 3.850250000000000000e+03
5.980000000000000000e+02 3.852050000000000182e+03
3.260000000000000000e+02 3.853050000000000182e+03
4.700000000000000000e+02 3.854050000000000182e+03
8.600000000000000000e+01 3.855000000000000000e+03
2.780000000000000000e+02 3.856550000000000182e+03
3.180000000000000000e+02 3.858300000000000182e+03
4.780000000000000000e+02 3.860800000000000182e+03
5.660000000000000000e+02 3.861349999999999909e+03
1.900000000000000000e+02 3.865000000000000000e+03
1.820000000000000000e+02 3.865500000000000000e+03
2.300000000000000000e+02 3.866950000000000273e+03
4.060000000000000000e+02 3.868800000000000182e+03
2.780000000000000000e+02 3.869900000000000091e+03
3.000000000000000000e+01 3.872000000000000000e+03
5.980000000000000000e+02 3.872500000000000000e+03
5.260000000000000000e+02 3.876849999999999909e+03
2.860000000000000000e+02 3.878099999999999909e+03
5.660000000000000000e+02 3.878900000000000091e+03
6.000000000000000000e+00 3.879000000000000000e+03
3.580000000000000000e+02 3.879750000000000000e+03
6.140000000000000000e+02 3.881450000000000273e+03
3.900000000000000000e+02 3.881800000000000182e+03
7.580000000000000000e+02 3.881849999999999909e+03
3.820000000000000000e+02 3.883900000000000091e+03
1.180000000000000000e+02 3.885050000000000182e+03
3.260000000000000000e+02 3.886300000000000182e+03
7.980000000000000000e+02 3.886400000000000091e+03
3.800000000000000000e+01 3.892450000000000273e+03
1.420000000000000000e+02 3.894300000000000182e+03
7.660000000000000000e+02 3.895599999999999909e+03
7.260000000000000000e+02 3.897700000000000273e+03
1.900000000000000000e+02 3.899750000000000000e+03
4.620000000000000000e+02 3.901400000000000091e+03
2.620000000000000000e+02 3.901700000000000273e+03
4.600000000000000000e+01 3.902200000000000273e+03
3.420000000000000000e+02 3.911050000000000182e+03
4.060000000000000000e+02 3.911349999999999909e+03
7.100000000000000000e+02 3.913250000000000000e+03
5.820000000000000000e+02 3.913599999999999909e+03
7.740000000000000000e+02 3.914700000000000273e+03
6.540000000000000000e+02 3.919200000000000273e+03
5.260000000000000000e+02 3.921849999999999909e+03
3.660000000000000000e+02 3.923750000000000000e+03
5.420000000000000000e+02 3.923849999999999909e+03
1.100000000000000000e+02 3.924599999999999909e+03
4.700000000000000000e+02 3.925400000000000091e+03
8.600000000000000000e+01 3.927200000000000273e+03
7.900000000000000000e+02 3.927500000000000000e+03
3.020000000000000000e+02 3.930099999999999909e+03
2.540000000000000000e+02 3.932500000000000000e+03
5.340000000000000000e+02 3.932500000000000000e+03
4.460000000000000000e+02 3.937700000000000273e+03
6.780000000000000000e+02 3.938400000000000091e+03
3.980000000000000000e+02 3.941700000000000273e+03
5.740000000000000000e+02 3.947450000000000273e+03
7.660000000000000000e+02 3.947550000000000182e+03
6.540000000000000000e+02 3.948150000000000091e+03
7.340000000000000000e+02 3.948800000000000182e+03
7.180000000000000000e+02 3.950750000000000000e+03
6.780000000000000000e+02 3.956599999999999909e+03
1.400000000000000000e+01 3.958300000000000182e+03
6.860000000000000000e+02 3.958500000000000000e+03
3.980000000000000000e+02 3.958750000000000000e+03
3.740000000000000000e+02 3.959250000000000000e+03
7.340000000000000000e+02 3.973400000000000091e+03
4.540000000000000000e+02 3.976500000000000000e+03
6.780000000000000000e+02 3.980000000000000000e+03
4.220000000000000000e+02 3.983400000000000091e+03
1.100000000000000000e+02 3.985349999999999909e+03
2.860000000000000000e+02 3.986500000000000000e+03
3.260000000000000000e+02 3.989200000000000273e+03
2.540000000000000000e+02 3.989849999999999909e+03
4.620000000000000000e+02 3.993450000000000273e+03
1.260000000000000000e+02 3.993750000000000000e+03
6.620000000000000000e+02 3.994099999999999909e+03
5.500000000000000000e+02 3.994550000000000182e+03
6.140000000000000000e+02 3.994700000000000273e+03
6.000000000000000000e+00 3.996500000000000000e+03
7.660000000000000000e+02 3.996950000000000273e+03
4.140000000000000000e+02 3.998300000000000182e+03
1.820000000000000000e+02 4.000500000000000000e+03
4.460000000000000000e+02 4.001750000000000000e+03
1.420000000000000000e+02 4.002800000000000182e+03
3.340000000000000000e+02 4.003200000000000273e+03
1.180000000000000000e+02 4.003250000000000000e+03
1.400000000000000000e+01 4.003400000000000091e+03
5.180000000000000000e+02 4.004150000000000091e+03
6.060000000000000000e+02 4.005349999999999909e+03
1.500000000000000000e+02 4.005900000000000091e+03
4.860000000000000000e+02 4.005900000000000091e+03
3.100000000000000000e+02 4.006050000000000182e+03
3.820000000000000000e+02 4.006349999999999909e+03
1.660000000000000000e+02 4.006700000000000273e+03
5.260000000000000000e+02 4.006650000000000091e+03
4.300000000000000000e+02 4.007050000000000182e+03
3.900000000000000000e+02 4.007349999999999909e+03
7.900000000000000000e+02 4.007500000000000000e+03
6.460000000000000000e+02 4.007700000000000273e+03
1.900000000000000000e+02 4.009200000000000273e+03
2.940000000000000000e+02 4.009250000000000000e+03
6.860000000000000000e+02 4.010200000000000273e+03
7.000000000000000000e+01 4.012349999999999909e+03
3.740000000000000000e+02 4.012849999999999909e+03
3.500000000000000000e+02 4.013599999999999909e+03
5.340000000000000000e+02 4.013800000000000182e+03
2.380000000000000000e+02 4.014150000000000091e+03
5.980000000000000000e+02 4.014150000000000091e+03
2.540000000000000000e+02 4.014650000000000091e+03
5.660000000000000000e+02 4.014700000000000273e+03
2.860000000000000000e+02 4.015349999999999909e+03
4.540000000000000000e+02 4.015900000000000091e+03
1.020000000000000000e+02 4.016000000000000000e+03
2.700000000000000000e+02 4.016700000000000273e+03
5.900000000000000000e+02 4.016750000000000000e+03
3.420000000000000000e+02 4.017200000000000273e+03
6.000000000000000000e+00 4.017950000000000273e+03
1.820000000000000000e+02 4.019450000000000273e+03
3.660000000000000000e+02 4.026450000000000273e+03
4.940000000000000000e+02 4.028800000000000182e+03
5.400000000000000000e+01 4.031900000000000091e+03
3.900000000000000000e+02 4.035550000000000182e+03
6.140000000000000000e+02 4.036150000000000091e+03
7.740000000000000000e+02 4.036650000000000091e+03
5.180000000000000000e+02 4.037700000000000273e+03
1.420000000000000000e+02 4.042050000000000182e+03
3.980000000000000000e+02 4.045849999999999909e+03
6.000000000000000000e+00 4.046599999999999909e+03
3.740000000000000000e+02 4.050300000000000182e+03
3.100000000000000000e+02 4.050400000000000091e+03
6.540000000000000000e+02 4.050349999999999909e+03
7.000000000000000000e+01 4.051400000000000091e+03
4.380000000000000000e+02 4.051349999999999909e+03
4.700000000000000000e+02 4.051950000000000273e+03
5.900000000000000000e+02 4.053349999999999909e+03
3.820000000000000000e+02 4.053450000000000273e+03
7.020000000000000000e+02 4.053950000000000273e+03
1.420000000000000000e+02 4.054050000000000182e+03
7.260000000000000000e+02 4.054300000000000182e+03
6.200000000000000000e+01 4.057750000000000000e+03
2.300000000000000000e+02 4.059000000000000000e+03
7.800000000000000000e+01 4.064599999999999909e+03
3.020000000000000000e+02 4.064900000000000091e+03
7.900000000000000000e+02 4.066599999999999909e+03
6.860000000000000000e+02 4.071550000000000182e+03
4.140000000000000000e+02 4.071800000000000182e+03
2.540000000000000000e+02 4.072300000000000182e+03
3.800000000000000000e+01 4.074250000000000000e+03
6.700000000000000000e+02 4.076150000000000091e+03
1.660000000000000000e+02 4.077700000000000273e+03
1.500000000000000000e+02 4.078700000000000273e+03
1.580000000000000000e+02 4.083950000000000273e+03
4.780000000000000000e+02 4.084599999999999909e+03
7.660000000000000000e+02 4.088950000000000273e+03
1.420000000000000000e+02 4.091599999999999909e+03
5.260000000000000000e+02 4.091750000000000000e+03
1.400000000000000000e+01 4.092400000000000091e+03
2.780000000000000000e+02 4.092900000000000091e+03
7.740000000000000000e+02 4.093849999999999909e+03
6.620000000000000000e+02 4.094599999999999909e+03
3.740000000000000000e+02 4.096850000000000364e+03
4.860000000000000000e+02 4.099149999999999636e+03
3.420000000000000000e+02 4.100250000000000000e+03
3.000000000000000000e+01 4.100699999999999818e+03
7.180000000000000000e+02 4.100800000000000182e+03
3.660000000000000000e+02 4.101199999999999818e+03
6.780000000000000000e+02 4.101300000000000182e+03
3.020000000000000000e+02 4.102649999999999636e+03
2.140000000000000000e+02 4.103550000000000182e+03
3.740000000000000000e+02 4.103600000000000364e+03
2.860000000000000000e+02 4.103750000000000000e+03
3.100000000000000000e+02 4.104500000000000000e+03
6.220000000000000000e+02 4.106850000000000364e+03
7.020000000000000000e+02 4.107600000000000364e+03
4.220000000000000000e+02 4.107949999999999818e+03
6.700000000000000000e+02 4.108050000000000182e+03
4.780000000000000000e+02 4.111199999999999818e+03
2.220000000000000000e+02 4.113800000000000182e+03
3.180000000000000000e+02 4.113899999999999636e+03
7.900000000000000000e+02 4.114550000000000182e+03
1.740000000000000000e+02 4.115500000000000000e+03
5.500000000000000000e+02 4.117000000000000000e+03
3.260000000000000000e+02 4.118850000000000364e+03
2.860000000000000000e+02 4.122550000000000182e+03
5.400000000000000000e+01 4.122800000000000182e+03
7.980000000000000000e+02 4.124500000000000000e+03
5.580000000000000000e+02 4.127449999999999818e+03
3.000000000000000000e+01 4.129800000000000182e+03
5.980000000000000000e+02 4.129750000000000000e+03
6.860000000000000000e+02 4.134899999999999636e+03
1.900000000000000000e+02 4.138550000000000182e+03
5.260000000000000000e+02 4.142649999999999636e+03
7.020000000000000000e+02 4.145800000000000182e+03
5.340000000000000000e+02 4.152149999999999636e+03
4.540000000000000000e+02 4.152550000000000182e+03
6.540000000000000000e+02 4.155300000000000182e+03
3.740000000000000000e+02 4.155399999999999636e+03
1.740000000000000000e+02 4.155500000000000000e+03
1.400000000000000000e+01 4.156199999999999818e+03
7.100000000000000000e+02 4.163949999999999818e+03
4.620000000000000000e+02 4.170149999999999636e+03
1.340000000000000000e+02 4.174100000000000364e+03
5.260000000000000000e+02 4.178850000000000364e+03
4.220000000000000000e+02 4.182649999999999636e+03
3.100000000000000000e+02 4.205199999999999818e+03
5.420000000000000000e+02 4.211050000000000182e+03
3.000000000000000000e+01 4.212500000000000000e+03
7.900000000000000000e+02 4.218000000000000000e+03
4.140000000000000000e+02 4.226850000000000364e+03
1.900000000000000000e+02 4.235949999999999818e+03
1.020000000000000000e+02 4.256300000000000182e+03
7.580000000000000000e+02 4.276949999999999818e+03
2.380000000000000000e+02 4.279199999999999818e+03
6.380000000000000000e+02 4.281600000000000364e+03
6.940000000000000000e+02 4.283800000000000182e+03
5.660000000000000000e+02 4.296850000000000364e+03
7.820000000000000000e+02 4.300100000000000364e+03
5.180000000000000000e+02 4.301949999999999818e+03
1.100000000000000000e+02 4.309649999999999636e+03
7.420000000000000000e+02 4.310350000000000364e+03
3.100000000000000000e+02 4.312699999999999818e+03
5.820000000000000000e+02 4.314300000000000182e+03
2.620000000000000000e+02 4.314449999999999818e+03
4.540000000000000000e+02 4.314649999999999636e+03
7.100000000000000000e+02 4.315300000000000182e+03
3.980000000000000000e+02 4.316399999999999636e+03
1.980000000000000000e+02 4.316550000000000182e+03
2.200000000000000000e+01 4.316899999999999636e+03
6.300000000000000000e+02 4.316949999999999818e+03
4.380000000000000000e+02 4.317350000000000364e+03
3.180000000000000000e+02 4.317449999999999818e+03
5.260000000000000000e+02 4.317449999999999818e+03
6.060000000000000000e+02 4.317449999999999818e+03
3.800000000000000000e+01 4.317600000000000364e+03
3.820000000000000000e+02 4.317649999999999636e+03
2.700000000000000000e+02 4.317800000000000182e+03
5.660000000000000000e+02 4.317899999999999636e+03
4.780000000000000000e+02 4.317949999999999818e+03
1.340000000000000000e+02 4.318050000000000182e+03
1.500000000000000000e+02 4.318199999999999818e+03
5.420000000000000000e+02 4.318600000000000364e+03
7.740000000000000000e+02 4.318600000000000364e+03
4.860000000000000000e+02 4.318699999999999818e+03
4.600000000000000000e+01 4.318949999999999818e+03
1.100000000000000000e+02 4.319000000000000000e+03
1.580000000000000000e+02 4.319050000000000182e+03
4.300000000000000000e+02 4.319100000000000364e+03
6.620000000000000000e+02 4.319100000000000364e+03
3.260000000000000000e+02 4.319199999999999818e+03
5.980000000000000000e+02 4.319199999999999818e+03
1.260000000000000000e+02 4.319250000000000000e+03
7.660000000000000000e+02 4.319250000000000000e+03
1.180000000000000000e+02 4.319399999999999636e+03
1.740000000000000000e+02 4.319399999999999636e+03
2.380000000000000000e+02 4.319350000000000364e+03
6.380000000000000000e+02 4.319350000000000364e+03
7.260000000000000000e+02 4.319350000000000364e+03
2.940000000000000000e+02 4.319449999999999818e+03
5.900000000000000000e+02 4.319449999999999818e+03
6.140000000000000000e+02 4.319500000000000000e+03
7.900000000000000000e+02 4.319449999999999818e+03
7.800000000000000000e+01 4.319550000000000182e+03
1.900000000000000000e+02 4.319600000000000364e+03
2.060000000000000000e+02 4.319550000000000182e+03
2.300000000000000000e+02 4.319600000000000364e+03
4.620000000000000000e+02 4.319550000000000182e+03
9.400000000000000000e+01 4.319699999999999818e+03
2.860000000000000000e+02 4.319699999999999818e+03
3.660000000000000000e+02 4.319699999999999818e+03
4.940000000000000000e+02 4.319699999999999818e+03
5.100000000000000000e+02 4.319649999999999636e+03
7.580000000000000000e+02 4.319649999999999636e+03
6.000000000000000000e+00 4.319750000000000000e+03
1.400000000000000000e+01 4.319800000000000182e+03
1.420000000000000000e+02 4.319800000000000182e+03
3.420000000000000000e+02 4.319750000000000000e+03
4.460000000000000000e+02 4.319800000000000182e+03
1.660000000000000000e+02 4.319850000000000364e+03
5.500000000000000000e+02 4.319850000000000364e+03
1.820000000000000000e+02 4.319949999999999818e+03
3.020000000000000000e+02 4.319949999999999818e+03
7.180000000000000000e+02 4.319949999999999818e+03
6.700000000000000000e+02 4.320050000000000182e+03
7.820000000000000000e+02 4.320100000000000364e+03
7.000000000000000000e+01 4.320149999999999636e+03
3.500000000000000000e+02 4.320149999999999636e+03
4.060000000000000000e+02 4.320149999999999636e+03
5.020000000000000000e+02 4.320199999999999818e+03
3.000000000000000000e+01 4.320300000000000182e+03
4.700000000000000000e+02 4.320250000000000000e+03
2.140000000000000000e+02 4.320350000000000364e+03
6.200000000000000000e+01 4.320449999999999818e+03
4.220000000000000000e+02 4.320449999999999818e+03
7.340000000000000000e+02 4.320500000000000000e+03
5.400000000000000000e+01 4.320600000000000364e+03
2.780000000000000000e+02 4.320600000000000364e+03
4.540000000000000000e+02 4.320600000000000364e+03
6.460000000000000000e+02 4.320550000000000182e+03
7.980000000000000000e+02 4.320600000000000364e+03
3.100000000000000000e+02 4.320649999999999636e+03
3.900000000000000000e+02 4.320699999999999818e+03
6.220000000000000000e+02 4.320800000000000182e+03
1.980000000000000000e+02 4.320899999999999636e+03
7.020000000000000000e+02 4.320899999999999636e+03
7.420000000000000000e+02 4.320899999999999636e+03
3.340000000000000000e+02 4.321100000000000364e+03
5.340000000000000000e+02 4.321100000000000364e+03
3.740000000000000000e+02 4.321199999999999818e+03
3.980000000000000000e+02 4.321199999999999818e+03
4.380000000000000000e+02 4.321149999999999636e+03
6.860000000000000000e+02 4.321199999999999818e+03
5.580000000000000000e+02 4.321300000000000182e+03
2.200000000000000000e+01 4.321350000000000364e+03
8.600000000000000000e+01 4.321350000000000364e+03
2.220000000000000000e+02 4.321350000000000364e+03
2.620000000000000000e+02 4.321350000000000364e+03
2.540000000000000000e+02 4.321449999999999818e+03
3.580000000000000000e+02 4.321449999999999818e+03
1.020000000000000000e+02 4.321550000000000182e+03
6.940000000000000000e+02 4.321550000000000182e+03
3.820000000000000000e+02 4.321649999999999636e+03
3.800000000000000000e+01 4.321800000000000182e+03
2.460000000000000000e+02 4.321750000000000000e+03
3.180000000000000000e+02 4.321750000000000000e+03
5.180000000000000000e+02 4.321750000000000000e+03
5.820000000000000000e+02 4.321899999999999636e+03
7.100000000000000000e+02 4.321899999999999636e+03
7.740000000000000000e+02 4.321850000000000364e+03
5.260000000000000000e+02 4.323949999999999818e+03
6.540000000000000000e+02 4.324850000000000364e+03
1.400000000000000000e+01 4.325300000000000182e+03
1.180000000000000000e+02 4.327050000000000182e+03
1.980000000000000000e+02 4.327449999999999818e+03
1.100000000000000000e+02 4.328550000000000182e+03
5.980000000000000000e+02 4.328600000000000364e+03
4.600000000000000000e+01 4.330500000000000000e+03
2.700000000000000000e+02 4.331550000000000182e+03
4.460000000000000000e+02 4.338750000000000000e+03
1.740000000000000000e+02 4.340100000000000364e+03
3.420000000000000000e+02 4.340100000000000364e+03
4.940000000000000000e+02 4.348000000000000000e+03
7.180000000000000000e+02 4.348600000000000364e+03
4.540000000000000000e+02 4.353899999999999636e+03
1.900000000000000000e+02 4.354050000000000182e+03
3.000000000000000000e+01 4.357699999999999818e+03
3.820000000000000000e+02 4.359449999999999818e+03
5.660000000000000000e+02 4.360199999999999818e+03
7.820000000000000000e+02 4.360449999999999818e+03
4.780000000000000000e+02 4.370500000000000000e+03
7.420000000000000000e+02 4.377100000000000364e+03
9.400000000000000000e+01 4.384000000000000000e+03
6.540000000000000000e+02 4.383949999999999818e+03
2.940000000000000000e+02 4.384650000000000546e+03
5.500000000000000000e+02 4.384699999999999818e+03
2.860000000000000000e+02 4.387600000000000364e+03
2.060000000000000000e+02 4.389199999999999818e+03
6.380000000000000000e+02 4.389199999999999818e+03
3.900000000000000000e+02 4.389900000000000546e+03
4.600000000000000000e+01 4.390199999999999818e+03
3.580000000000000000e+02 4.393300000000000182e+03
2.780000000000000000e+02 4.397400000000000546e+03
1.660000000000000000e+02 4.401250000000000000e+03
7.740000000000000000e+02 4.401800000000000182e+03
7.800000000000000000e+01 4.411699999999999818e+03
3.900000000000000000e+02 4.411850000000000364e+03
3.020000000000000000e+02 4.415199999999999818e+03
4.300000000000000000e+02 4.421250000000000000e+03
1.260000000000000000e+02 4.426800000000000182e+03
5.580000000000000000e+02 4.434500000000000000e+03
1.980000000000000000e+02 4.448400000000000546e+03
5.740000000000000000e+02 4.468350000000000364e+03
4.060000000000000000e+02 4.477300000000000182e+03
4.300000000000000000e+02 4.529500000000000000e+03
2.540000000000000000e+02 4.530650000000000546e+03
1.740000000000000000e+02 4.536100000000000364e+03
3.020000000000000000e+02 4.561550000000000182e+03
6.860000000000000000e+02 4.575650000000000546e+03
6.460000000000000000e+02 4.578300000000000182e+03
1.820000000000000000e+02 4.584550000000000182e+03
5.820000000000000000e+02 4.589449999999999818e+03
3.260000000000000000e+02 4.590750000000000000e+03
5.400000000000000000e+01 4.598300000000000182e+03
3.100000000000000000e+02 4.598949999999999818e+03
6.220000000000000000e+02 4.600100000000000364e+03
4.700000000000000000e+02 4.601449999999999818e+03
1.340000000000000000e+02 4.607000000000000000e+03
6.540000000000000000e+02 4.607150000000000546e+03
3.980000000000000000e+02 4.610300000000000182e+03
7.000000000000000000e+01 4.610350000000000364e+03
1.420000000000000000e+02 4.610350000000000364e+03
6.220000000000000000e+02 4.610550000000000182e+03
3.000000000000000000e+01 4.610650000000000546e+03
2.060000000000000000e+02 4.610800000000000182e+03
4.300000000000000000e+02 4.611000000000000000e+03
1.260000000000000000e+02 4.611800000000000182e+03
2.140000000000000000e+02 4.611900000000000546e+03
7.260000000000000000e+02 4.612250000000000000e+03
7.580000000000000000e+02 4.612500000000000000e+03
3.900000000000000000e+02 4.613000000000000000e+03
5.900000000000000000e+02 4.613100000000000364e+03
3.580000000000000000e+02 4.613150000000000546e+03
6.940000000000000000e+02 4.613250000000000000e+03
4.060000000000000000e+02 4.613400000000000546e+03
5.100000000000000000e+02 4.613400000000000546e+03
5.500000000000000000e+02 4.613400000000000546e+03
9.400000000000000000e+01 4.613500000000000000e+03
1.020000000000000000e+02 4.613550000000000182e+03
2.220000000000000000e+02 4.613600000000000364e+03
4.540000000000000000e+02 4.613600000000000364e+03
3.500000000000000000e+02 4.613699999999999818e+03
4.380000000000000000e+02 4.613699999999999818e+03
5.580000000000000000e+02 4.613699999999999818e+03
7.340000000000000000e+02 4.613699999999999818e+03
7.740000000000000000e+02 4.613699999999999818e+03
3.260000000000000000e+02 4.613800000000000182e+03
6.620000000000000000e+02 4.613750000000000000e+03
2.380000000000000000e+02 4.613900000000000546e+03
2.460000000000000000e+02 4.613900000000000546e+03
1.580000000000000000e+02 4.614000000000000000e+03
1.180000000000000000e+02 4.614050000000000182e+03
1.900000000000000000e+02 4.614100000000000364e+03
2.940000000000000000e+02 4.614050000000000182e+03
4.220000000000000000e+02 4.614100000000000364e+03
7.500000000000000000e+02 4.614050000000000182e+03
2.860000000000000000e+02 4.614199999999999818e+03
3.820000000000000000e+02 4.614199999999999818e+03
4.780000000000000000e+02 4.614199999999999818e+03
6.380000000000000000e+02 4.614199999999999818e+03
2.200000000000000000e+01 4.614400000000000546e+03
5.020000000000000000e+02 4.614400000000000546e+03
5.180000000000000000e+02 4.614400000000000546e+03
6.860000000000000000e+02 4.614400000000000546e+03
5.980000000000000000e+02 4.614449999999999818e+03
7.180000000000000000e+02 4.614500000000000000e+03
1.400000000000000000e+01 4.614600000000000364e+03
4.600000000000000000e+01 4.614600000000000364e+03
1.500000000000000000e+02 4.614600000000000364e+03
2.780000000000000000e+02 4.614550000000000182e+03
3.340000000000000000e+02 4.614550000000000182e+03
3.660000000000000000e+02 4.614550000000000182e+03
5.340000000000000000e+02 4.614600000000000364e+03
7.660000000000000000e+02 4.614550000000000182e+03
2.300000000000000000e+02 4.614699999999999818e+03
2.540000000000000000e+02 4.614650000000000546e+03
2.620000000000000000e+02 4.614650000000000546e+03
3.100000000000000000e+02 4.614650000000000546e+03
3.180000000000000000e+02 4.614650000000000546e+03
3.420000000000000000e+02 4.614699999999999818e+03
7.900000000000000000e+02 4.614699999999999818e+03
5.400000000000000000e+01 4.614800000000000182e+03
6.200000000000000000e+01 4.614750000000000000e+03
4.140000000000000000e+02 4.614750000000000000e+03
6.060000000000000000e+02 4.614750000000000000e+03
6.460000000000000000e+02 4.614800000000000182e+03
1.340000000000000000e+02 4.614900000000000546e+03
1.420000000000000000e+02 4.614900000000000546e+03
5.420000000000000000e+02 4.614900000000000546e+03
7.980000000000000000e+02 4.614900000000000546e+03
1.740000000000000000e+02 4.614949999999999818e+03
2.060000000000000000e+02 4.614949999999999818e+03
5.260000000000000000e+02 4.615000000000000000e+03
6.700000000000000000e+02 4.615000000000000000e+03
1.820000000000000000e+02 4.615050000000000182e+03
2.700000000000000000e+02 4.615100000000000364e+03
5.740000000000000000e+02 4.615100000000000364e+03
3.740000000000000000e+02 4.615150000000000546e+03
4.860000000000000000e+02 4.615150000000000546e+03
6.220000000000000000e+02 4.615150000000000546e+03
7.100000000000000000e+02 4.615150000000000546e+03
4.460000000000000000e+02 4.615250000000000000e+03
6.140000000000000000e+02 4.615250000000000000e+03
6.000000000000000000e+00 4.615400000000000546e+03
7.000000000000000000e+01 4.615350000000000364e+03
4.700000000000000000e+02 4.615350000000000364e+03
5.660000000000000000e+02 4.615400000000000546e+03
3.980000000000000000e+02 4.615550000000000182e+03
6.780000000000000000e+02 4.615550000000000182e+03
3.020000000000000000e+02 4.615699999999999818e+03
1.100000000000000000e+02 4.615750000000000000e+03
7.820000000000000000e+02 4.615949999999999818e+03
3.800000000000000000e+01 4.616050000000000182e+03
1.660000000000000000e+02 4.616250000000000000e+03
7.800000000000000000e+01 4.616600000000000364e+03
2.140000000000000000e+02 4.616550000000000182e+03
7.580000000000000000e+02 4.616550000000000182e+03
8.600000000000000000e+01 4.616699999999999818e+03
4.300000000000000000e+02 4.616800000000000182e+03
7.020000000000000000e+02 4.616800000000000182e+03
7.260000000000000000e+02 4.616900000000000546e+03
4.620000000000000000e+02 4.617300000000000182e+03
3.580000000000000000e+02 4.617500000000000000e+03
1.980000000000000000e+02 4.617699999999999818e+03
1.900000000000000000e+02 4.618150000000000546e+03
4.060000000000000000e+02 4.618199999999999818e+03
5.900000000000000000e+02 4.618250000000000000e+03
3.900000000000000000e+02 4.618800000000000182e+03
6.620000000000000000e+02 4.619800000000000182e+03
1.340000000000000000e+02 4.620199999999999818e+03
2.780000000000000000e+02 4.623650000000000546e+03
2.220000000000000000e+02 4.624199999999999818e+03
3.100000000000000000e+02 4.628449999999999818e+03
2.540000000000000000e+02 4.628900000000000546e+03
7.100000000000000000e+02 4.628850000000000364e+03
5.260000000000000000e+02 4.629500000000000000e+03
2.300000000000000000e+02 4.636350000000000364e+03
1.820000000000000000e+02 4.637800000000000182e+03
2.220000000000000000e+02 4.641050000000000182e+03
6.940000000000000000e+02 4.642350000000000364e+03
5.020000000000000000e+02 4.645800000000000182e+03
5.500000000000000000e+02 4.648100000000000364e+03
1.820000000000000000e+02 4.657100000000000364e+03
1.180000000000000000e+02 4.661150000000000546e+03
5.980000000000000000e+02 4.661400000000000546e+03
2.460000000000000000e+02 4.666600000000000364e+03
3.580000000000000000e+02 4.676550000000000182e+03
1.340000000000000000e+02 4.676699999999999818e+03
5.500000000000000000e+02 4.676750000000000000e+03
4.540000000000000000e+02 4.680750000000000000e+03
5.100000000000000000e+02 4.688550000000000182e+03
6.460000000000000000e+02 4.695150000000000546e+03
1.820000000000000000e+02 4.698250000000000000e+03
5.260000000000000000e+02 4.705050000000000182e+03
3.500000000000000000e+02 4.716100000000000364e+03
5.820000000000000000e+02 4.789750000000000000e+03
4.220000000000000000e+02 4.817650000000000546e+03
2.620000000000000000e+02 4.818500000000000000e+03
1.180000000000000000e+02 4.820150000000000546e+03
2.060000000000000000e+02 4.821800000000000182e+03
1.980000000000000000e+02 4.828000000000000000e+03
6.940000000000000000e+02 4.830500000000000000e+03
3.100000000000000000e+02 4.832199999999999818e+03
1.500000000000000000e+02 4.842100000000000364e+03
3.980000000000000000e+02 4.843550000000000182e+03
5.580000000000000000e+02 4.843949999999999818e+03
7.800000000000000000e+01 4.844400000000000546e+03
4.060000000000000000e+02 4.845699999999999818e+03
6.060000000000000000e+02 4.845900000000000546e+03
2.060000000000000000e+02 4.846600000000000364e+03
3.340000000000000000e+02 4.851750000000000000e+03
6.000000000000000000e+00 4.854050000000000182e+03
2.200000000000000000e+01 4.854350000000000364e+03
1.500000000000000000e+02 4.855250000000000000e+03
7.180000000000000000e+02 4.855250000000000000e+03
5.020000000000000000e+02 4.855400000000000546e+03
4.140000000000000000e+02 4.855500000000000000e+03
8.600000000000000000e+01 4.855600000000000364e+03
1.580000000000000000e+02 4.855600000000000364e+03
1.660000000000000000e+02 4.855750000000000000e+03
2.780000000000000000e+02 4.856050000000000182e+03
6.220000000000000000e+02 4.856199999999999818e+03
6.540000000000000000e+02 4.856300000000000182e+03
5.980000000000000000e+02 4.856500000000000000e+03
3.100000000000000000e+02 4.856650000000000546e+03
5.180000000000000000e+02 4.856699999999999818e+03
6.780000000000000000e+02 4.856650000000000546e+03
7.580000000000000000e+02 4.856750000000000000e+03
1.180000000000000000e+02 4.856850000000000364e+03
6.700000000000000000e+02 4.857000000000000000e+03
5.260000000000000000e+02 4.857050000000000182e+03
7.500000000000000000e+02 4.857100000000000364e+03
2.860000000000000000e+02 4.857350000000000364e+03
5.420000000000000000e+02 4.857550000000000182e+03
5.820000000000000000e+02 4.857550000000000182e+03
7.100000000000000000e+02 4.857800000000000182e+03
7.340000000000000000e+02 4.857750000000000000e+03
7.800000000000000000e+01 4.858300000000000182e+03
2.220000000000000000e+02 4.858300000000000182e+03
9.400000000000000000e+01 4.858400000000000546e+03
3.180000000000000000e+02 4.858400000000000546e+03
1.420000000000000000e+02 4.858500000000000000e+03
4.380000000000000000e+02 4.858449999999999818e+03
5.660000000000000000e+02 4.858500000000000000e+03
6.060000000000000000e+02 4.858449999999999818e+03
7.980000000000000000e+02 4.858449999999999818e+03
6.940000000000000000e+02 4.858550000000000182e+03
3.000000000000000000e+01 4.858800000000000182e+03
4.600000000000000000e+01 4.858750000000000000e+03
4.860000000000000000e+02 4.858750000000000000e+03
2.140000000000000000e+02 4.858900000000000546e+03
3.660000000000000000e+02 4.858900000000000546e+03
2.460000000000000000e+02 4.858949999999999818e+03
7.740000000000000000e+02 4.859000000000000000e+03
7.820000000000000000e+02 4.859000000000000000e+03
3.260000000000000000e+02 4.859100000000000364e+03
5.500000000000000000e+02 4.859050000000000182e+03
6.860000000000000000e+02 4.859050000000000182e+03
7.260000000000000000e+02 4.859100000000000364e+03
3.340000000000000000e+02 4.859199999999999818e+03
1.260000000000000000e+02 4.859350000000000364e+03
1.740000000000000000e+02 4.859400000000000546e+03
3.820000000000000000e+02 4.859400000000000546e+03
1.400000000000000000e+01 4.859449999999999818e+03
5.100000000000000000e+02 4.859449999999999818e+03
4.300000000000000000e+02 4.859600000000000364e+03
5.340000000000000000e+02 4.859600000000000364e+03
3.420000000000000000e+02 4.859699999999999818e+03
7.020000000000000000e+02 4.859900000000000546e+03
4.460000000000000000e+02 4.859949999999999818e+03
1.020000000000000000e+02 4.860150000000000546e+03
6.000000000000000000e+00 4.860400000000000546e+03
2.060000000000000000e+02 4.860350000000000364e+03
7.900000000000000000e+02 4.860350000000000364e+03
4.540000000000000000e+02 4.860500000000000000e+03
7.660000000000000000e+02 4.860449999999999818e+03
5.580000000000000000e+02 4.860600000000000364e+03
3.800000000000000000e+01 4.860650000000000546e+03
2.780000000000000000e+02 4.860699999999999818e+03
3.980000000000000000e+02 4.860699999999999818e+03
4.940000000000000000e+02 4.860650000000000546e+03
2.940000000000000000e+02 4.860750000000000000e+03
4.780000000000000000e+02 4.860900000000000546e+03
1.180000000000000000e+02 4.860949999999999818e+03
2.620000000000000000e+02 4.861000000000000000e+03
1.100000000000000000e+02 4.861050000000000182e+03
3.740000000000000000e+02 4.861100000000000364e+03
7.420000000000000000e+02 4.861050000000000182e+03
6.200000000000000000e+01 4.861199999999999818e+03
5.400000000000000000e+01 4.861250000000000000e+03
2.300000000000000000e+02 4.861449999999999818e+03
5.900000000000000000e+02 4.861500000000000000e+03
6.460000000000000000e+02 4.861449999999999818e+03
5.980000000000000000e+02 4.861850000000000364e+03
3.020000000000000000e+02 4.861949999999999818e+03
8.600000000000000000e+01 4.863500000000000000e+03
7.180000000000000000e+02 4.864449999999999818e+03
4.700000000000000000e+02 4.865400000000000546e+03
4.220000000000000000e+02 4.865600000000000364e+03
7.980000000000000000e+02 4.866400000000000546e+03
5.180000000000000000e+02 4.867449999999999818e+03
4.620000000000000000e+02 4.868000000000000000e+03
6.780000000000000000e+02 4.868900000000000546e+03
4.300000000000000000e+02 4.872550000000000182e+03
5.900000000000000000e+02 4.873150000000000546e+03
1.500000000000000000e+02 4.874550000000000182e+03
1.420000000000000000e+02 4.882900000000000546e+03
2.140000000000000000e+02 4.883250000000000000e+03
5.580000000000000000e+02 4.884300000000000182e+03
1.020000000000000000e+02 4.884449999999999818e+03
7.000000000000000000e+01 4.885500000000000000e+03
4.620000000000000000e+02 4.885600000000000364e+03
4.460000000000000000e+02 4.886100000000000364e+03
9.400000000000000000e+01 4.886600000000000364e+03
6.780000000000000000e+02 4.892350000000000364e+03
6.620000000000000000e+02 4.892800000000000182e+03
6.000000000000000000e+00 4.893050000000000182e+03
4.060000000000000000e+02 4.898050000000000182e+03
6.700000000000000000e+02 4.899150000000000546e+03
1.340000000000000000e+02 4.899949999999999818e+03
3.340000000000000000e+02 4.900699999999999818e+03
2.200000000000000000e+01 4.904900000000000546e+03
2.060000000000000000e+02 4.905150000000000546e+03
1.020000000000000000e+02 4.906750000000000000e+03
6.200000000000000000e+01 4.909050000000000182e+03
8.600000000000000000e+01 4.910550000000000182e+03
1.900000000000000000e+02 4.912050000000000182e+03
1.580000000000000000e+02 4.916650000000000546e+03
3.020000000000000000e+02 4.925900000000000546e+03
4.540000000000000000e+02 4.926449999999999818e+03
2.700000000000000000e+02 4.928750000000000000e+03
5.340000000000000000e+02 4.929350000000000364e+03
1.340000000000000000e+02 4.929850000000000364e+03
6.060000000000000000e+02 4.936150000000000546e+03
1.100000000000000000e+02 4.945000000000000000e+03
2.940000000000000000e+02 4.947449999999999818e+03
7.260000000000000000e+02 4.949350000000000364e+03
3.500000000000000000e+02 4.972750000000000000e+03
4.780000000000000000e+02 4.973150000000000546e+03
4.060000000000000000e+02 5.003000000000000000e+03
3.100000000000000000e+02 5.003350000000000364e+03
6.000000000000000000e+00 5.003500000000000000e+03
1.740000000000000000e+02 5.003850000000000364e+03
3.740000000000000000e+02 5.004300000000000182e+03
7.820000000000000000e+02 5.006750000000000000e+03
3.180000000000000000e+02 5.027250000000000000e+03
5.500000000000000000e+02 5.074000000000000000e+03
7.020000000000000000e+02 5.127350000000000364e+03
4.380000000000000000e+02 5.130350000000000364e+03
3.740000000000000000e+02 5.146500000000000000e+03
2.940000000000000000e+02 5.177000000000000000e+03
2.380000000000000000e+02 5.178050000000000182e+03
2.620000000000000000e+02 5.186100000000000364e+03
4.600000000000000000e+01 5.187350000000000364e+03
1.980000000000000000e+02 5.190699999999999818e+03
7.740000000000000000e+02 5.196750000000000000e+03
3.420000000000000000e+02 5.198199999999999818e+03
6.540000000000000000e+02 5.201900000000000546e+03
4.860000000000000000e+02 5.206449999999999818e+03
1.580000000000000000e+02 5.208400000000000546e+03
6.780000000000000000e+02 5.212600000000000364e+03
2.060000000000000000e+02 5.213350000000000364e+03
6.620000000000000000e+02 5.220350000000000364e+03
6.860000000000000000e+02 5.226100000000000364e+03
3.500000000000000000e+02 5.229800000000000182e+03
4.940000000000000000e+02 5.232699999999999818e+03
5.400000000000000000e+01 5.237800000000000182e+03
3.660000000000000000e+02 5.238050000000000182e+03
4.860000000000000000e+02 5.238400000000000546e+03
1.400000000000000000e+01 5.238500000000000000e+03
4.540000000000000000e+02 5.239300000000000182e+03
7.000000000000000000e+01 5.239650000000000546e+03
1.820000000000000000e+02 5.239800000000000182e+03
1.340000000000000000e+02 5.240350000000000364e+03
3.500000000000000000e+02 5.240400000000000546e+03
3.180000000000000000e+02 5.240650000000000546e+03
7.420000000000000000e+02 5.240699999999999818e+03
2.220000000000000000e+02 5.240750000000000000e+03
7.740000000000000000e+02 5.240750000000000000e+03
7.820000000000000000e+02 5.240800000000000182e+03
6.540000000000000000e+02 5.240850000000000364e+03
6.860000000000000000e+02 5.241050000000000182e+03
5.820000000000000000e+02 5.241350000000000364e+03
7.800000000000000000e+01 5.241449999999999818e+03
1.180000000000000000e+02 5.241449999999999818e+03
6.220000000000000000e+02 5.241600000000000364e+03
7.340000000000000000e+02 5.241650000000000546e+03
3.800000000000000000e+01 5.241800000000000182e+03
3.100000000000000000e+02 5.241750000000000000e+03
2.620000000000000000e+02 5.241850000000000364e+03
3.980000000000000000e+02 5.241900000000000546e+03
2.540000000000000000e+02 5.242100000000000364e+03
1.260000000000000000e+02 5.242150000000000546e+03
3.820000000000000000e+02 5.242150000000000546e+03
8.600000000000000000e+01 5.242250000000000000e+03
1.740000000000000000e+02 5.242300000000000182e+03
2.940000000000000000e+02 5.242300000000000182e+03
4.380000000000000000e+02 5.242300000000000182e+03
5.400000000000000000e+01 5.242400000000000546e+03
2.140000000000000000e+02 5.242350000000000364e+03
5.980000000000000000e+02 5.242400000000000546e+03
6.060000000000000000e+02 5.242350000000000364e+03
1.420000000000000000e+02 5.242500000000000000e+03
2.460000000000000000e+02 5.242600000000000364e+03
3.340000000000000000e+02 5.242550000000000182e+03
5.340000000000000000e+02 5.242600000000000364e+03
5.740000000000000000e+02 5.242550000000000182e+03
7.500000000000000000e+02 5.242550000000000182e+03
3.000000000000000000e+01 5.242650000000000546e+03
3.900000000000000000e+02 5.242699999999999818e+03
4.700000000000000000e+02 5.242699999999999818e+03
6.620000000000000000e+02 5.242650000000000546e+03
7.260000000000000000e+02 5.242699999999999818e+03
9.400000000000000000e+01 5.242750000000000000e+03
2.060000000000000000e+02 5.242750000000000000e+03
2.380000000000000000e+02 5.242750000000000000e+03
2.700000000000000000e+02 5.242750000000000000e+03
4.860000000000000000e+02 5.242900000000000546e+03
4.940000000000000000e+02 5.242900000000000546e+03
6.700000000000000000e+02 5.242900000000000546e+03
1.400000000000000000e+01 5.243000000000000000e+03
3.660000000000000000e+02 5.242949999999999818e+03
6.300000000000000000e+02 5.243000000000000000e+03
6.380000000000000000e+02 5.242949999999999818e+03
6.460000000000000000e+02 5.242949999999999818e+03
6.940000000000000000e+02 5.242949999999999818e+03
7.980000000000000000e+02 5.242949999999999818e+03
4.600000000000000000e+01 5.243050000000000182e+03
1.020000000000000000e+02 5.243100000000000364e+03
1.580000000000000000e+02 5.243100000000000364e+03
3.420000000000000000e+02 5.243050000000000182e+03
4.620000000000000000e+02 5.243050000000000182e+03
7.100000000000000000e+02 5.243100000000000364e+03
7.180000000000000000e+02 5.243100000000000364e+03
7.580000000000000000e+02 5.243050000000000182e+03
7.900000000000000000e+02 5.243100000000000364e+03
6.200000000000000000e+01 5.243199999999999818e+03
1.100000000000000000e+02 5.243150000000000546e+03
5.900000000000000000e+02 5.243150000000000546e+03
2.300000000000000000e+02 5.243250000000000000e+03
3.740000000000000000e+02 5.243300000000000182e+03
4.460000000000000000e+02 5.243250000000000000e+03
1.500000000000000000e+02 5.243350000000000364e+03
3.500000000000000000e+02 5.243350000000000364e+03
4.220000000000000000e+02 5.243400000000000546e+03
4.300000000000000000e+02 5.243350000000000364e+03
5.500000000000000000e+02 5.243350000000000364e+03
2.860000000000000000e+02 5.243500000000000000e+03
3.020000000000000000e+02 5.243449999999999818e+03
4.540000000000000000e+02 5.243500000000000000e+03
5.100000000000000000e+02 5.243449999999999818e+03
7.020000000000000000e+02 5.243449999999999818e+03
7.000000000000000000e+01 5.243600000000000364e+03
2.780000000000000000e+02 5.243600000000000364e+03
3.580000000000000000e+02 5.243550000000000182e+03
4.060000000000000000e+02 5.243600000000000364e+03
4.780000000000000000e+02 5.243600000000000364e+03
6.780000000000000000e+02 5.243550000000000182e+03
1.340000000000000000e+02 5.243650000000000546e+03
1.980000000000000000e+02 5.243650000000000546e+03
3.260000000000000000e+02 5.243699999999999818e+03
5.020000000000000000e+02 5.243650000000000546e+03
5.260000000000000000e+02 5.243650000000000546e+03
1.900000000000000000e+02 5.243800000000000182e+03
4.140000000000000000e+02 5.243750000000000000e+03
7.660000000000000000e+02 5.243750000000000000e+03
6.000000000000000000e+00 5.243850000000000364e+03
1.660000000000000000e+02 5.243900000000000546e+03
5.580000000000000000e+02 5.243850000000000364e+03
7.420000000000000000e+02 5.243900000000000546e+03
3.180000000000000000e+02 5.244000000000000000e+03
5.180000000000000000e+02 5.244100000000000364e+03
2.200000000000000000e+01 5.244199999999999818e+03
5.660000000000000000e+02 5.244199999999999818e+03
6.140000000000000000e+02 5.244199999999999818e+03
5.420000000000000000e+02 5.244300000000000182e+03
7.740000000000000000e+02 5.244250000000000000e+03
7.820000000000000000e+02 5.244350000000000364e+03
2.220000000000000000e+02 5.244449999999999818e+03
1.180000000000000000e+02 5.244650000000000546e+03
2.140000000000000000e+02 5.246550000000000182e+03
7.800000000000000000e+01 5.247000000000000000e+03
4.940000000000000000e+02 5.272150000000000546e+03
7.660000000000000000e+02 5.292150000000000546e+03
7.020000000000000000e+02 5.319850000000000364e+03
3.980000000000000000e+02 5.464900000000000546e+03
6.860000000000000000e+02 5.470100000000000364e+03
3.420000000000000000e+02 5.616100000000000364e+03
3.000000000000000000e+01 5.616550000000000182e+03
1.820000000000000000e+02 5.616850000000000364e+03
2.540000000000000000e+02 5.669850000000000364e+03
6.860000000000000000e+02 5.681050000000000182e+03
5.820000000000000000e+02 5.716100000000000364e+03
3.660000000000000000e+02 5.725750000000000000e+03
2.200000000000000000e+01 5.774600000000000364e+03
7.420000000000000000e+02 5.842050000000000182e+03
6.460000000000000000e+02 5.857100000000000364e+03
2.780000000000000000e+02 5.885350000000000364e+03
5.400000000000000000e+01 5.896100000000000364e+03
6.700000000000000000e+02 5.915750000000000000e+03
6.390000000000000000e+02 1.177000000000000028e+02
2.710000000000000000e+02 1.635000000000000000e+02
5.990000000000000000e+02 1.653000000000000114e+02
2.300000000000000000e+01 1.812500000000000000e+02
5.510000000000000000e+02 1.888000000000000114e+02
7.590000000000000000e+02 2.054500000000000171e+02
3.830000000000000000e+02 2.198000000000000114e+02
2.790000000000000000e+02 2.369000000000000057e+02
9.500000000000000000e+01 2.415999999999999943e+02
3.910000000000000000e+02 2.500999999999999943e+02
5.510000000000000000e+02 2.706999999999999886e+02
6.950000000000000000e+02 2.766999999999999886e+02
5.990000000000000000e+02 2.816500000000000341e+02
2.550000000000000000e+02 2.849000000000000341e+02
1.270000000000000000e+02 2.861999999999999886e+02
5.430000000000000000e+02 3.022500000000000000e+02
5.750000000000000000e+02 3.076999999999999886e+02
1.590000000000000000e+02 3.210500000000000114e+02
7.590000000000000000e+02 3.234000000000000341e+02
3.590000000000000000e+02 3.340000000000000000e+02
4.950000000000000000e+02 3.366999999999999886e+02
4.870000000000000000e+02 3.485500000000000114e+02
1.110000000000000000e+02 3.556999999999999886e+02
1.270000000000000000e+02 3.664000000000000341e+02
2.950000000000000000e+02 3.670500000000000114e+02
7.510000000000000000e+02 3.749499999999999886e+02
3.670000000000000000e+02 3.999499999999999886e+02
6.870000000000000000e+02 4.023500000000000227e+02
1.430000000000000000e+02 4.170500000000000114e+02
4.230000000000000000e+02 4.306999999999999886e+02
7.270000000000000000e+02 4.404000000000000341e+02
5.350000000000000000e+02 4.420500000000000114e+02
3.430000000000000000e+02 4.436000000000000227e+02
6.790000000000000000e+02 4.575000000000000000e+02
3.190000000000000000e+02 5.037500000000000000e+02
1.110000000000000000e+02 5.500500000000000682e+02
4.470000000000000000e+02 5.540500000000000682e+02
6.950000000000000000e+02 5.852000000000000455e+02
7.990000000000000000e+02 5.955500000000000682e+02
5.110000000000000000e+02 6.176499999999999773e+02
4.790000000000000000e+02 6.584500000000000455e+02
4.870000000000000000e+02 6.682000000000000455e+02
7.830000000000000000e+02 6.703000000000000682e+02
5.990000000000000000e+02 6.868000000000000682e+02
7.430000000000000000e+02 7.161000000000000227e+02
6.790000000000000000e+02 7.302000000000000455e+02
4.710000000000000000e+02 7.352500000000000000e+02
2.870000000000000000e+02 7.655000000000000000e+02
2.230000000000000000e+02 7.752000000000000455e+02
3.510000000000000000e+02 7.788999999999999773e+02
7.000000000000000000e+00 7.796000000000000227e+02
4.150000000000000000e+02 7.957000000000000455e+02
5.990000000000000000e+02 8.160500000000000682e+02
6.300000000000000000e+01 8.371499999999999773e+02
1.510000000000000000e+02 8.760500000000000682e+02
1.990000000000000000e+02 8.782500000000000000e+02
4.070000000000000000e+02 9.123500000000000227e+02
1.510000000000000000e+02 9.265000000000000000e+02
7.910000000000000000e+02 9.440000000000000000e+02
5.910000000000000000e+02 9.488500000000000227e+02
5.590000000000000000e+02 9.537500000000000000e+02
5.190000000000000000e+02 9.807500000000000000e+02
5.110000000000000000e+02 1.007450000000000045e+03
3.350000000000000000e+02 1.011700000000000045e+03
6.790000000000000000e+02 1.078450000000000045e+03
1.030000000000000000e+02 1.095549999999999955e+03
1.500000000000000000e+01 1.126700000000000045e+03
2.950000000000000000e+02 1.131900000000000091e+03
1.990000000000000000e+02 1.132750000000000000e+03
7.350000000000000000e+02 1.135500000000000000e+03
7.100000000000000000e+01 1.167049999999999955e+03
5.110000000000000000e+02 1.212350000000000136e+03
7.430000000000000000e+02 1.220299999999999955e+03
4.790000000000000000e+02 1.221600000000000136e+03
4.310000000000000000e+02 1.221850000000000136e+03
4.630000000000000000e+02 1.231549999999999955e+03
4.070000000000000000e+02 1.246450000000000045e+03
7.030000000000000000e+02 1.251100000000000136e+03
3.110000000000000000e+02 1.291700000000000045e+03
4.710000000000000000e+02 1.311200000000000045e+03
2.390000000000000000e+02 1.336549999999999955e+03
4.310000000000000000e+02 1.342350000000000136e+03
3.750000000000000000e+02 1.377700000000000045e+03
5.110000000000000000e+02 1.393549999999999955e+03
5.030000000000000000e+02 1.422700000000000045e+03
1.190000000000000000e+02 1.423000000000000000e+03
4.070000000000000000e+02 1.438700000000000045e+03
2.470000000000000000e+02 1.448250000000000000e+03
5.590000000000000000e+02 1.451350000000000136e+03
6.300000000000000000e+01 1.455799999999999955e+03
2.630000000000000000e+02 1.486700000000000045e+03
3.110000000000000000e+02 1.496700000000000045e+03
7.190000000000000000e+02 1.535100000000000136e+03
1.500000000000000000e+01 1.556600000000000136e+03
5.750000000000000000e+02 1.559700000000000045e+03
5.350000000000000000e+02 1.560200000000000045e+03
4.150000000000000000e+02 1.564400000000000091e+03
6.790000000000000000e+02 1.579049999999999955e+03
7.000000000000000000e+00 1.585950000000000045e+03
6.230000000000000000e+02 1.586700000000000045e+03
1.670000000000000000e+02 1.601549999999999955e+03
6.630000000000000000e+02 1.660150000000000091e+03
4.550000000000000000e+02 1.676299999999999955e+03
1.590000000000000000e+02 1.683600000000000136e+03
6.790000000000000000e+02 1.703950000000000045e+03
4.710000000000000000e+02 1.715350000000000136e+03
2.150000000000000000e+02 1.721799999999999955e+03
2.470000000000000000e+02 1.728150000000000091e+03
5.910000000000000000e+02 1.737700000000000045e+03
6.870000000000000000e+02 1.739150000000000091e+03
5.430000000000000000e+02 1.764000000000000000e+03
3.830000000000000000e+02 1.766049999999999955e+03
3.750000000000000000e+02 1.795350000000000136e+03
3.270000000000000000e+02 1.806350000000000136e+03
6.550000000000000000e+02 1.813000000000000000e+03
4.700000000000000000e+01 1.822100000000000136e+03
7.190000000000000000e+02 1.823299999999999955e+03
5.590000000000000000e+02 1.861400000000000091e+03
6.150000000000000000e+02 1.894950000000000045e+03
5.030000000000000000e+02 1.921400000000000091e+03
7.430000000000000000e+02 1.933750000000000000e+03
6.470000000000000000e+02 1.992250000000000000e+03
2.150000000000000000e+02 2.012000000000000000e+03
3.190000000000000000e+02 2.029200000000000045e+03
6.230000000000000000e+02 2.081849999999999909e+03
7.100000000000000000e+01 2.098300000000000182e+03
6.550000000000000000e+02 2.101900000000000091e+03
3.030000000000000000e+02 2.115050000000000182e+03
3.670000000000000000e+02 2.176699999999999818e+03
6.150000000000000000e+02 2.198400000000000091e+03
4.870000000000000000e+02 2.198500000000000000e+03
2.790000000000000000e+02 2.198650000000000091e+03
1.430000000000000000e+02 2.209250000000000000e+03
3.350000000000000000e+02 2.229599999999999909e+03
4.700000000000000000e+01 2.236400000000000091e+03
5.430000000000000000e+02 2.258599999999999909e+03
3.110000000000000000e+02 2.258800000000000182e+03
6.950000000000000000e+02 2.275200000000000273e+03
4.070000000000000000e+02 2.279849999999999909e+03
1.590000000000000000e+02 2.287200000000000273e+03
3.590000000000000000e+02 2.298750000000000000e+03
1.510000000000000000e+02 2.338700000000000273e+03
5.030000000000000000e+02 2.338849999999999909e+03
5.510000000000000000e+02 2.360000000000000000e+03
6.300000000000000000e+01 2.360349999999999909e+03
5.190000000000000000e+02 2.366900000000000091e+03
2.230000000000000000e+02 2.368150000000000091e+03
5.830000000000000000e+02 2.371800000000000182e+03
6.150000000000000000e+02 2.430500000000000000e+03
1.350000000000000000e+02 2.440000000000000000e+03
2.710000000000000000e+02 2.459550000000000182e+03
7.350000000000000000e+02 2.468800000000000182e+03
3.900000000000000000e+01 2.485050000000000182e+03
3.590000000000000000e+02 2.505200000000000273e+03
7.270000000000000000e+02 2.519650000000000091e+03
2.630000000000000000e+02 2.523500000000000000e+03
6.150000000000000000e+02 2.528050000000000182e+03
3.430000000000000000e+02 2.542349999999999909e+03
2.300000000000000000e+01 2.544349999999999909e+03
4.550000000000000000e+02 2.552900000000000091e+03
6.870000000000000000e+02 2.577950000000000273e+03
7.430000000000000000e+02 2.590450000000000273e+03
3.100000000000000000e+01 2.595550000000000182e+03
2.710000000000000000e+02 2.596450000000000273e+03
7.510000000000000000e+02 2.614550000000000182e+03
4.070000000000000000e+02 2.624900000000000091e+03
2.630000000000000000e+02 2.697200000000000273e+03
1.430000000000000000e+02 2.718599999999999909e+03
4.710000000000000000e+02 2.726950000000000273e+03
1.830000000000000000e+02 2.770950000000000273e+03
1.910000000000000000e+02 2.789400000000000091e+03
6.630000000000000000e+02 2.817500000000000000e+03
1.430000000000000000e+02 2.824849999999999909e+03
1.990000000000000000e+02 2.832800000000000182e+03
2.710000000000000000e+02 2.842849999999999909e+03
2.390000000000000000e+02 2.844700000000000273e+03
2.630000000000000000e+02 2.865349999999999909e+03
5.030000000000000000e+02 2.871950000000000273e+03
1.030000000000000000e+02 2.888250000000000000e+03
5.510000000000000000e+02 2.943950000000000273e+03
5.500000000000000000e+01 2.946800000000000182e+03
3.270000000000000000e+02 2.947650000000000091e+03
7.270000000000000000e+02 2.955250000000000000e+03
3.190000000000000000e+02 2.980500000000000000e+03
3.830000000000000000e+02 3.006200000000000273e+03
7.110000000000000000e+02 3.007750000000000000e+03
3.030000000000000000e+02 3.007849999999999909e+03
6.150000000000000000e+02 3.008000000000000000e+03
7.750000000000000000e+02 3.008099999999999909e+03
3.110000000000000000e+02 3.008300000000000182e+03
4.790000000000000000e+02 3.008300000000000182e+03
1.500000000000000000e+01 3.008349999999999909e+03
4.070000000000000000e+02 3.008400000000000091e+03
1.750000000000000000e+02 3.009050000000000182e+03
3.430000000000000000e+02 3.009349999999999909e+03
5.270000000000000000e+02 3.009599999999999909e+03
2.300000000000000000e+01 3.009750000000000000e+03
2.950000000000000000e+02 3.009849999999999909e+03
1.270000000000000000e+02 3.010349999999999909e+03
1.030000000000000000e+02 3.010450000000000273e+03
4.470000000000000000e+02 3.010450000000000273e+03
7.830000000000000000e+02 3.010450000000000273e+03
4.700000000000000000e+01 3.010599999999999909e+03
2.550000000000000000e+02 3.010950000000000273e+03
4.310000000000000000e+02 3.011150000000000091e+03
1.430000000000000000e+02 3.011450000000000273e+03
6.790000000000000000e+02 3.011500000000000000e+03
7.590000000000000000e+02 3.011800000000000182e+03
7.350000000000000000e+02 3.011849999999999909e+03
5.670000000000000000e+02 3.012550000000000182e+03
6.630000000000000000e+02 3.012900000000000091e+03
5.430000000000000000e+02 3.012950000000000273e+03
7.900000000000000000e+01 3.013400000000000091e+03
3.510000000000000000e+02 3.014200000000000273e+03
1.590000000000000000e+02 3.014500000000000000e+03
7.510000000000000000e+02 3.014550000000000182e+03
3.430000000000000000e+02 3.015050000000000182e+03
7.030000000000000000e+02 3.015099999999999909e+03
6.470000000000000000e+02 3.015250000000000000e+03
9.500000000000000000e+01 3.015650000000000091e+03
3.830000000000000000e+02 3.015950000000000273e+03
2.870000000000000000e+02 3.016150000000000091e+03
6.230000000000000000e+02 3.016500000000000000e+03
1.270000000000000000e+02 3.016599999999999909e+03
1.350000000000000000e+02 3.016750000000000000e+03
3.750000000000000000e+02 3.016750000000000000e+03
4.070000000000000000e+02 3.016800000000000182e+03
4.150000000000000000e+02 3.016800000000000182e+03
2.150000000000000000e+02 3.017050000000000182e+03
2.300000000000000000e+01 3.017200000000000273e+03
4.710000000000000000e+02 3.017200000000000273e+03
1.110000000000000000e+02 3.017450000000000273e+03
4.230000000000000000e+02 3.017500000000000000e+03
6.870000000000000000e+02 3.017450000000000273e+03
5.030000000000000000e+02 3.017599999999999909e+03
7.750000000000000000e+02 3.017650000000000091e+03
5.510000000000000000e+02 3.017800000000000182e+03
8.700000000000000000e+01 3.017900000000000091e+03
1.510000000000000000e+02 3.017900000000000091e+03
4.950000000000000000e+02 3.017849999999999909e+03
4.870000000000000000e+02 3.017950000000000273e+03
5.830000000000000000e+02 3.018099999999999909e+03
6.390000000000000000e+02 3.018099999999999909e+03
1.500000000000000000e+01 3.018250000000000000e+03
2.310000000000000000e+02 3.018250000000000000e+03
2.550000000000000000e+02 3.018400000000000091e+03
7.990000000000000000e+02 3.018500000000000000e+03
3.190000000000000000e+02 3.018700000000000273e+03
4.550000000000000000e+02 3.018650000000000091e+03
2.630000000000000000e+02 3.018750000000000000e+03
3.670000000000000000e+02 3.018750000000000000e+03
6.070000000000000000e+02 3.018800000000000182e+03
7.430000000000000000e+02 3.018750000000000000e+03
7.830000000000000000e+02 3.018750000000000000e+03
3.990000000000000000e+02 3.019099999999999909e+03
3.270000000000000000e+02 3.019150000000000091e+03
5.430000000000000000e+02 3.019250000000000000e+03
3.030000000000000000e+02 3.019450000000000273e+03
5.670000000000000000e+02 3.019450000000000273e+03
5.590000000000000000e+02 3.019599999999999909e+03
5.750000000000000000e+02 3.023300000000000182e+03
3.510000000000000000e+02 3.023950000000000273e+03
2.470000000000000000e+02 3.024349999999999909e+03
5.110000000000000000e+02 3.024800000000000182e+03
1.910000000000000000e+02 3.025500000000000000e+03
6.710000000000000000e+02 3.025650000000000091e+03
4.710000000000000000e+02 3.026000000000000000e+03
2.070000000000000000e+02 3.026099999999999909e+03
3.190000000000000000e+02 3.026150000000000091e+03
3.350000000000000000e+02 3.026150000000000091e+03
6.390000000000000000e+02 3.026200000000000273e+03
5.270000000000000000e+02 3.026400000000000091e+03
5.350000000000000000e+02 3.026349999999999909e+03
3.590000000000000000e+02 3.026450000000000273e+03
7.350000000000000000e+02 3.026550000000000182e+03
5.430000000000000000e+02 3.026900000000000091e+03
2.710000000000000000e+02 3.026950000000000273e+03
1.590000000000000000e+02 3.027050000000000182e+03
2.790000000000000000e+02 3.027050000000000182e+03
7.270000000000000000e+02 3.027150000000000091e+03
3.100000000000000000e+01 3.027700000000000273e+03
3.910000000000000000e+02 3.027849999999999909e+03
3.750000000000000000e+02 3.027950000000000273e+03
7.030000000000000000e+02 3.027950000000000273e+03
3.270000000000000000e+02 3.028099999999999909e+03
3.110000000000000000e+02 3.028300000000000182e+03
7.590000000000000000e+02 3.028500000000000000e+03
7.000000000000000000e+00 3.028550000000000182e+03
4.700000000000000000e+01 3.028599999999999909e+03
4.870000000000000000e+02 3.029050000000000182e+03
6.630000000000000000e+02 3.029650000000000091e+03
5.590000000000000000e+02 3.034599999999999909e+03
6.070000000000000000e+02 3.035099999999999909e+03
2.390000000000000000e+02 3.036349999999999909e+03
6.470000000000000000e+02 3.036349999999999909e+03
5.500000000000000000e+01 3.036599999999999909e+03
6.790000000000000000e+02 3.037050000000000182e+03
1.670000000000000000e+02 3.037150000000000091e+03
1.500000000000000000e+01 3.037700000000000273e+03
3.670000000000000000e+02 3.037849999999999909e+03
7.000000000000000000e+00 3.038000000000000000e+03
2.300000000000000000e+01 3.038000000000000000e+03
1.030000000000000000e+02 3.038300000000000182e+03
7.350000000000000000e+02 3.038250000000000000e+03
2.310000000000000000e+02 3.038599999999999909e+03
2.870000000000000000e+02 3.038650000000000091e+03
6.310000000000000000e+02 3.038700000000000273e+03
5.910000000000000000e+02 3.038849999999999909e+03
3.900000000000000000e+01 3.038950000000000273e+03
2.230000000000000000e+02 3.039050000000000182e+03
6.550000000000000000e+02 3.039099999999999909e+03
3.030000000000000000e+02 3.039200000000000273e+03
4.070000000000000000e+02 3.039200000000000273e+03
1.110000000000000000e+02 3.039700000000000273e+03
7.750000000000000000e+02 3.039849999999999909e+03
4.150000000000000000e+02 3.040050000000000182e+03
4.870000000000000000e+02 3.041950000000000273e+03
5.030000000000000000e+02 3.044750000000000000e+03
5.270000000000000000e+02 3.045400000000000091e+03
2.070000000000000000e+02 3.046800000000000182e+03
4.470000000000000000e+02 3.047400000000000091e+03
4.390000000000000000e+02 3.047750000000000000e+03
7.110000000000000000e+02 3.048950000000000273e+03
5.190000000000000000e+02 3.049200000000000273e+03
2.950000000000000000e+02 3.049400000000000091e+03
3.830000000000000000e+02 3.049550000000000182e+03
5.430000000000000000e+02 3.050000000000000000e+03
5.510000000000000000e+02 3.050200000000000273e+03
2.300000000000000000e+01 3.050250000000000000e+03
3.190000000000000000e+02 3.050400000000000091e+03
7.430000000000000000e+02 3.050400000000000091e+03
3.100000000000000000e+01 3.050550000000000182e+03
5.500000000000000000e+01 3.050950000000000273e+03
3.430000000000000000e+02 3.055550000000000182e+03
1.510000000000000000e+02 3.057400000000000091e+03
3.510000000000000000e+02 3.058000000000000000e+03
5.910000000000000000e+02 3.058250000000000000e+03
4.790000000000000000e+02 3.058750000000000000e+03
1.350000000000000000e+02 3.058900000000000091e+03
4.710000000000000000e+02 3.059200000000000273e+03
3.990000000000000000e+02 3.059400000000000091e+03
4.070000000000000000e+02 3.059349999999999909e+03
1.670000000000000000e+02 3.059650000000000091e+03
7.590000000000000000e+02 3.060099999999999909e+03
2.710000000000000000e+02 3.062250000000000000e+03
6.230000000000000000e+02 3.065050000000000182e+03
3.110000000000000000e+02 3.066349999999999909e+03
1.430000000000000000e+02 3.067000000000000000e+03
1.990000000000000000e+02 3.067800000000000182e+03
2.470000000000000000e+02 3.067750000000000000e+03
5.830000000000000000e+02 3.068450000000000273e+03
1.110000000000000000e+02 3.068599999999999909e+03
4.310000000000000000e+02 3.068650000000000091e+03
3.350000000000000000e+02 3.068750000000000000e+03
3.830000000000000000e+02 3.068800000000000182e+03
6.950000000000000000e+02 3.069050000000000182e+03
4.950000000000000000e+02 3.069550000000000182e+03
2.070000000000000000e+02 3.069750000000000000e+03
7.750000000000000000e+02 3.069849999999999909e+03
7.990000000000000000e+02 3.070150000000000091e+03
6.710000000000000000e+02 3.070500000000000000e+03
7.510000000000000000e+02 3.070800000000000182e+03
1.500000000000000000e+01 3.073950000000000273e+03
2.550000000000000000e+02 3.075800000000000182e+03
5.670000000000000000e+02 3.075900000000000091e+03
6.070000000000000000e+02 3.076000000000000000e+03
7.430000000000000000e+02 3.076349999999999909e+03
4.150000000000000000e+02 3.076550000000000182e+03
4.230000000000000000e+02 3.076599999999999909e+03
4.630000000000000000e+02 3.076750000000000000e+03
3.990000000000000000e+02 3.077650000000000091e+03
4.070000000000000000e+02 3.077849999999999909e+03
2.150000000000000000e+02 3.078050000000000182e+03
2.790000000000000000e+02 3.078200000000000273e+03
3.430000000000000000e+02 3.079300000000000182e+03
2.470000000000000000e+02 3.079450000000000273e+03
6.150000000000000000e+02 3.081500000000000000e+03
7.030000000000000000e+02 3.083050000000000182e+03
2.710000000000000000e+02 3.084099999999999909e+03
5.510000000000000000e+02 3.084400000000000091e+03
4.700000000000000000e+01 3.084550000000000182e+03
7.000000000000000000e+00 3.084849999999999909e+03
2.950000000000000000e+02 3.084950000000000273e+03
3.110000000000000000e+02 3.085300000000000182e+03
6.310000000000000000e+02 3.085450000000000273e+03
1.270000000000000000e+02 3.086200000000000273e+03
6.470000000000000000e+02 3.087700000000000273e+03
5.500000000000000000e+01 3.087900000000000091e+03
7.190000000000000000e+02 3.090500000000000000e+03
4.310000000000000000e+02 3.091500000000000000e+03
4.950000000000000000e+02 3.091650000000000091e+03
1.590000000000000000e+02 3.092200000000000273e+03
6.630000000000000000e+02 3.092200000000000273e+03
1.430000000000000000e+02 3.092550000000000182e+03
4.790000000000000000e+02 3.092550000000000182e+03
2.300000000000000000e+01 3.093700000000000273e+03
3.910000000000000000e+02 3.094150000000000091e+03
7.750000000000000000e+02 3.094300000000000182e+03
2.310000000000000000e+02 3.094400000000000091e+03
4.470000000000000000e+02 3.094800000000000182e+03
7.350000000000000000e+02 3.096050000000000182e+03
3.750000000000000000e+02 3.096950000000000273e+03
7.990000000000000000e+02 3.097800000000000182e+03
2.710000000000000000e+02 3.098250000000000000e+03
4.710000000000000000e+02 3.098400000000000091e+03
7.590000000000000000e+02 3.098400000000000091e+03
2.470000000000000000e+02 3.099000000000000000e+03
2.390000000000000000e+02 3.099050000000000182e+03
4.630000000000000000e+02 3.099550000000000182e+03
5.430000000000000000e+02 3.099750000000000000e+03
1.350000000000000000e+02 3.100650000000000091e+03
5.910000000000000000e+02 3.101000000000000000e+03
6.070000000000000000e+02 3.101150000000000091e+03
2.550000000000000000e+02 3.102099999999999909e+03
2.790000000000000000e+02 3.102500000000000000e+03
6.230000000000000000e+02 3.103000000000000000e+03
6.550000000000000000e+02 3.104400000000000091e+03
1.990000000000000000e+02 3.105050000000000182e+03
7.900000000000000000e+01 3.107800000000000182e+03
1.670000000000000000e+02 3.108000000000000000e+03
2.870000000000000000e+02 3.108500000000000000e+03
6.870000000000000000e+02 3.109000000000000000e+03
7.270000000000000000e+02 3.110200000000000273e+03
4.230000000000000000e+02 3.110450000000000273e+03
1.190000000000000000e+02 3.110599999999999909e+03
7.000000000000000000e+00 3.110750000000000000e+03
2.070000000000000000e+02 3.110900000000000091e+03
3.670000000000000000e+02 3.110900000000000091e+03
4.950000000000000000e+02 3.111150000000000091e+03
6.950000000000000000e+02 3.111150000000000091e+03
1.510000000000000000e+02 3.111250000000000000e+03
9.500000000000000000e+01 3.111400000000000091e+03
2.230000000000000000e+02 3.111400000000000091e+03
7.100000000000000000e+01 3.111500000000000000e+03
1.350000000000000000e+02 3.111450000000000273e+03
5.670000000000000000e+02 3.111550000000000182e+03
7.990000000000000000e+02 3.111900000000000091e+03
3.750000000000000000e+02 3.118349999999999909e+03
5.110000000000000000e+02 3.119700000000000273e+03
3.190000000000000000e+02 3.120349999999999909e+03
3.910000000000000000e+02 3.120599999999999909e+03
7.100000000000000000e+01 3.121300000000000182e+03
2.870000000000000000e+02 3.121650000000000091e+03
2.150000000000000000e+02 3.121750000000000000e+03
3.510000000000000000e+02 3.122000000000000000e+03
6.150000000000000000e+02 3.121950000000000273e+03
1.270000000000000000e+02 3.122099999999999909e+03
5.830000000000000000e+02 3.122150000000000091e+03
5.990000000000000000e+02 3.122150000000000091e+03
3.030000000000000000e+02 3.125349999999999909e+03
7.830000000000000000e+02 3.125849999999999909e+03
6.390000000000000000e+02 3.127800000000000182e+03
3.110000000000000000e+02 3.128400000000000091e+03
2.310000000000000000e+02 3.128650000000000091e+03
1.750000000000000000e+02 3.129700000000000273e+03
4.470000000000000000e+02 3.130000000000000000e+03
6.790000000000000000e+02 3.131950000000000273e+03
4.550000000000000000e+02 3.132500000000000000e+03
6.150000000000000000e+02 3.132700000000000273e+03
5.500000000000000000e+01 3.134300000000000182e+03
7.990000000000000000e+02 3.135250000000000000e+03
1.910000000000000000e+02 3.135750000000000000e+03
4.790000000000000000e+02 3.137599999999999909e+03
5.350000000000000000e+02 3.137900000000000091e+03
7.590000000000000000e+02 3.137849999999999909e+03
2.790000000000000000e+02 3.137950000000000273e+03
7.910000000000000000e+02 3.138500000000000000e+03
7.270000000000000000e+02 3.138550000000000182e+03
5.670000000000000000e+02 3.138849999999999909e+03
3.510000000000000000e+02 3.139150000000000091e+03
1.190000000000000000e+02 3.139300000000000182e+03
7.190000000000000000e+02 3.139349999999999909e+03
3.830000000000000000e+02 3.139900000000000091e+03
4.070000000000000000e+02 3.140000000000000000e+03
2.230000000000000000e+02 3.140050000000000182e+03
5.430000000000000000e+02 3.143950000000000273e+03
5.910000000000000000e+02 3.144250000000000000e+03
5.510000000000000000e+02 3.144800000000000182e+03
7.110000000000000000e+02 3.145349999999999909e+03
7.000000000000000000e+00 3.145750000000000000e+03
7.990000000000000000e+02 3.146000000000000000e+03
3.350000000000000000e+02 3.146900000000000091e+03
5.270000000000000000e+02 3.147500000000000000e+03
1.590000000000000000e+02 3.148800000000000182e+03
7.510000000000000000e+02 3.149000000000000000e+03
3.900000000000000000e+01 3.149349999999999909e+03
4.390000000000000000e+02 3.150150000000000091e+03
2.950000000000000000e+02 3.151400000000000091e+03
1.830000000000000000e+02 3.151700000000000273e+03
2.550000000000000000e+02 3.152150000000000091e+03
6.550000000000000000e+02 3.152400000000000091e+03
4.470000000000000000e+02 3.153000000000000000e+03
7.900000000000000000e+01 3.153349999999999909e+03
3.030000000000000000e+02 3.158650000000000091e+03
2.710000000000000000e+02 3.159950000000000273e+03
6.390000000000000000e+02 3.160099999999999909e+03
6.710000000000000000e+02 3.160150000000000091e+03
6.470000000000000000e+02 3.161050000000000182e+03
6.870000000000000000e+02 3.161500000000000000e+03
2.300000000000000000e+01 3.162150000000000091e+03
3.900000000000000000e+01 3.162900000000000091e+03
7.430000000000000000e+02 3.164450000000000273e+03
4.310000000000000000e+02 3.164900000000000091e+03
1.030000000000000000e+02 3.165650000000000091e+03
8.700000000000000000e+01 3.166450000000000273e+03
1.110000000000000000e+02 3.166750000000000000e+03
5.990000000000000000e+02 3.166750000000000000e+03
6.230000000000000000e+02 3.168250000000000000e+03
6.630000000000000000e+02 3.168400000000000091e+03
2.870000000000000000e+02 3.168950000000000273e+03
7.590000000000000000e+02 3.169750000000000000e+03
3.270000000000000000e+02 3.170000000000000000e+03
7.350000000000000000e+02 3.170250000000000000e+03
4.630000000000000000e+02 3.171800000000000182e+03
4.950000000000000000e+02 3.171950000000000273e+03
4.150000000000000000e+02 3.173099999999999909e+03
7.510000000000000000e+02 3.173700000000000273e+03
7.190000000000000000e+02 3.174099999999999909e+03
3.990000000000000000e+02 3.174349999999999909e+03
7.110000000000000000e+02 3.174849999999999909e+03
1.830000000000000000e+02 3.174950000000000273e+03
6.070000000000000000e+02 3.175750000000000000e+03
5.270000000000000000e+02 3.179150000000000091e+03
7.000000000000000000e+00 3.180750000000000000e+03
7.900000000000000000e+01 3.182650000000000091e+03
4.550000000000000000e+02 3.183200000000000273e+03
1.910000000000000000e+02 3.183250000000000000e+03
3.190000000000000000e+02 3.183250000000000000e+03
7.830000000000000000e+02 3.183750000000000000e+03
3.110000000000000000e+02 3.184500000000000000e+03
3.510000000000000000e+02 3.184800000000000182e+03
8.700000000000000000e+01 3.185450000000000273e+03
7.670000000000000000e+02 3.186550000000000182e+03
3.990000000000000000e+02 3.187750000000000000e+03
4.630000000000000000e+02 3.187800000000000182e+03
2.470000000000000000e+02 3.188800000000000182e+03
4.700000000000000000e+01 3.188900000000000091e+03
5.910000000000000000e+02 3.190400000000000091e+03
7.190000000000000000e+02 3.191599999999999909e+03
4.950000000000000000e+02 3.192099999999999909e+03
4.390000000000000000e+02 3.194200000000000273e+03
1.990000000000000000e+02 3.194250000000000000e+03
3.100000000000000000e+01 3.194450000000000273e+03
6.150000000000000000e+02 3.194550000000000182e+03
2.630000000000000000e+02 3.194849999999999909e+03
3.030000000000000000e+02 3.194900000000000091e+03
7.270000000000000000e+02 3.194900000000000091e+03
1.190000000000000000e+02 3.195000000000000000e+03
1.110000000000000000e+02 3.195400000000000091e+03
5.190000000000000000e+02 3.196700000000000273e+03
3.430000000000000000e+02 3.197050000000000182e+03
3.190000000000000000e+02 3.200400000000000091e+03
2.550000000000000000e+02 3.200900000000000091e+03
8.700000000000000000e+01 3.201000000000000000e+03
5.750000000000000000e+02 3.202000000000000000e+03
2.310000000000000000e+02 3.202349999999999909e+03
2.630000000000000000e+02 3.202599999999999909e+03
7.430000000000000000e+02 3.203150000000000091e+03
5.590000000000000000e+02 3.203550000000000182e+03
7.110000000000000000e+02 3.203599999999999909e+03
4.310000000000000000e+02 3.204050000000000182e+03
6.230000000000000000e+02 3.206000000000000000e+03
6.710000000000000000e+02 3.205950000000000273e+03
5.500000000000000000e+01 3.207099999999999909e+03
4.790000000000000000e+02 3.207900000000000091e+03
1.270000000000000000e+02 3.208150000000000091e+03
6.390000000000000000e+02 3.208849999999999909e+03
6.300000000000000000e+01 3.209200000000000273e+03
2.070000000000000000e+02 3.209300000000000182e+03
2.950000000000000000e+02 3.209849999999999909e+03
3.100000000000000000e+01 3.209950000000000273e+03
5.430000000000000000e+02 3.210050000000000182e+03
2.390000000000000000e+02 3.210599999999999909e+03
5.830000000000000000e+02 3.210700000000000273e+03
2.230000000000000000e+02 3.211849999999999909e+03
3.430000000000000000e+02 3.215099999999999909e+03
2.310000000000000000e+02 3.215750000000000000e+03
7.670000000000000000e+02 3.217900000000000091e+03
7.910000000000000000e+02 3.218000000000000000e+03
2.300000000000000000e+01 3.218200000000000273e+03
7.990000000000000000e+02 3.218400000000000091e+03
3.270000000000000000e+02 3.218550000000000182e+03
4.470000000000000000e+02 3.218900000000000091e+03
7.030000000000000000e+02 3.218900000000000091e+03
7.510000000000000000e+02 3.218849999999999909e+03
2.870000000000000000e+02 3.219050000000000182e+03
1.030000000000000000e+02 3.219599999999999909e+03
5.270000000000000000e+02 3.220000000000000000e+03
3.990000000000000000e+02 3.220099999999999909e+03
4.550000000000000000e+02 3.220150000000000091e+03
6.630000000000000000e+02 3.220800000000000182e+03
6.870000000000000000e+02 3.223950000000000273e+03
7.350000000000000000e+02 3.224099999999999909e+03
2.550000000000000000e+02 3.225750000000000000e+03
5.190000000000000000e+02 3.225800000000000182e+03
5.110000000000000000e+02 3.226849999999999909e+03
4.870000000000000000e+02 3.227400000000000091e+03
4.790000000000000000e+02 3.228900000000000091e+03
2.630000000000000000e+02 3.229650000000000091e+03
3.110000000000000000e+02 3.229950000000000273e+03
6.550000000000000000e+02 3.230750000000000000e+03
1.750000000000000000e+02 3.231750000000000000e+03
1.910000000000000000e+02 3.231800000000000182e+03
2.790000000000000000e+02 3.231750000000000000e+03
4.070000000000000000e+02 3.231900000000000091e+03
7.990000000000000000e+02 3.231950000000000273e+03
2.150000000000000000e+02 3.232300000000000182e+03
6.230000000000000000e+02 3.232400000000000091e+03
7.590000000000000000e+02 3.232849999999999909e+03
2.550000000000000000e+02 3.233150000000000091e+03
2.300000000000000000e+01 3.239099999999999909e+03
1.990000000000000000e+02 3.240000000000000000e+03
2.470000000000000000e+02 3.240050000000000182e+03
4.150000000000000000e+02 3.240250000000000000e+03
5.110000000000000000e+02 3.240450000000000273e+03
7.190000000000000000e+02 3.240500000000000000e+03
5.430000000000000000e+02 3.240700000000000273e+03
4.700000000000000000e+01 3.241050000000000182e+03
4.950000000000000000e+02 3.241300000000000182e+03
3.270000000000000000e+02 3.241650000000000091e+03
2.870000000000000000e+02 3.242050000000000182e+03
6.470000000000000000e+02 3.242099999999999909e+03
5.030000000000000000e+02 3.242599999999999909e+03
4.630000000000000000e+02 3.245800000000000182e+03
1.270000000000000000e+02 3.246750000000000000e+03
2.230000000000000000e+02 3.247000000000000000e+03
4.230000000000000000e+02 3.247900000000000091e+03
3.670000000000000000e+02 3.248400000000000091e+03
7.100000000000000000e+01 3.248750000000000000e+03
5.270000000000000000e+02 3.248750000000000000e+03
8.700000000000000000e+01 3.249050000000000182e+03
6.150000000000000000e+02 3.249700000000000273e+03
2.550000000000000000e+02 3.250050000000000182e+03
4.870000000000000000e+02 3.250250000000000000e+03
9.500000000000000000e+01 3.250849999999999909e+03
7.830000000000000000e+02 3.251000000000000000e+03
6.070000000000000000e+02 3.251650000000000091e+03
7.350000000000000000e+02 3.253200000000000273e+03
1.270000000000000000e+02 3.253400000000000091e+03
7.510000000000000000e+02 3.255000000000000000e+03
4.070000000000000000e+02 3.255250000000000000e+03
4.310000000000000000e+02 3.258000000000000000e+03
1.830000000000000000e+02 3.258349999999999909e+03
7.830000000000000000e+02 3.259000000000000000e+03
1.030000000000000000e+02 3.259250000000000000e+03
2.870000000000000000e+02 3.260900000000000091e+03
6.790000000000000000e+02 3.264200000000000273e+03
5.910000000000000000e+02 3.266300000000000182e+03
3.670000000000000000e+02 3.266900000000000091e+03
3.900000000000000000e+01 3.267450000000000273e+03
3.590000000000000000e+02 3.267849999999999909e+03
4.950000000000000000e+02 3.268300000000000182e+03
5.510000000000000000e+02 3.268400000000000091e+03
7.900000000000000000e+01 3.268650000000000091e+03
1.350000000000000000e+02 3.268700000000000273e+03
7.910000000000000000e+02 3.268900000000000091e+03
1.430000000000000000e+02 3.269200000000000273e+03
2.390000000000000000e+02 3.269300000000000182e+03
7.270000000000000000e+02 3.269500000000000000e+03
2.630000000000000000e+02 3.270050000000000182e+03
3.910000000000000000e+02 3.270599999999999909e+03
4.710000000000000000e+02 3.274200000000000273e+03
5.990000000000000000e+02 3.275250000000000000e+03
6.230000000000000000e+02 3.275300000000000182e+03
9.500000000000000000e+01 3.276500000000000000e+03
5.500000000000000000e+01 3.276650000000000091e+03
3.510000000000000000e+02 3.276800000000000182e+03
2.300000000000000000e+01 3.278300000000000182e+03
3.270000000000000000e+02 3.278700000000000273e+03
7.510000000000000000e+02 3.279200000000000273e+03
5.350000000000000000e+02 3.279300000000000182e+03
1.910000000000000000e+02 3.279450000000000273e+03
5.910000000000000000e+02 3.279500000000000000e+03
7.270000000000000000e+02 3.279500000000000000e+03
7.670000000000000000e+02 3.283250000000000000e+03
7.750000000000000000e+02 3.284250000000000000e+03
2.470000000000000000e+02 3.285550000000000182e+03
2.710000000000000000e+02 3.285800000000000182e+03
2.150000000000000000e+02 3.287500000000000000e+03
5.750000000000000000e+02 3.287700000000000273e+03
6.870000000000000000e+02 3.287849999999999909e+03
2.230000000000000000e+02 3.288050000000000182e+03
4.150000000000000000e+02 3.288400000000000091e+03
3.750000000000000000e+02 3.288800000000000182e+03
8.700000000000000000e+01 3.290900000000000091e+03
3.190000000000000000e+02 3.292800000000000182e+03
2.070000000000000000e+02 3.294849999999999909e+03
5.990000000000000000e+02 3.294900000000000091e+03
4.310000000000000000e+02 3.295099999999999909e+03
6.310000000000000000e+02 3.295150000000000091e+03
6.630000000000000000e+02 3.295349999999999909e+03
1.830000000000000000e+02 3.295849999999999909e+03
6.710000000000000000e+02 3.295900000000000091e+03
4.700000000000000000e+01 3.296250000000000000e+03
3.430000000000000000e+02 3.296400000000000091e+03
3.100000000000000000e+01 3.296550000000000182e+03
2.710000000000000000e+02 3.297200000000000273e+03
7.110000000000000000e+02 3.302400000000000091e+03
1.110000000000000000e+02 3.302650000000000091e+03
7.670000000000000000e+02 3.303200000000000273e+03
3.190000000000000000e+02 3.303400000000000091e+03
6.550000000000000000e+02 3.303650000000000091e+03
7.510000000000000000e+02 3.303650000000000091e+03
8.700000000000000000e+01 3.304650000000000091e+03
6.390000000000000000e+02 3.305849999999999909e+03
4.630000000000000000e+02 3.308300000000000182e+03
5.350000000000000000e+02 3.308700000000000273e+03
4.230000000000000000e+02 3.308750000000000000e+03
6.230000000000000000e+02 3.308849999999999909e+03
7.910000000000000000e+02 3.310750000000000000e+03
6.550000000000000000e+02 3.312200000000000273e+03
2.950000000000000000e+02 3.313750000000000000e+03
5.500000000000000000e+01 3.314300000000000182e+03
7.510000000000000000e+02 3.316000000000000000e+03
2.790000000000000000e+02 3.319500000000000000e+03
4.710000000000000000e+02 3.319550000000000182e+03
5.830000000000000000e+02 3.320000000000000000e+03
1.500000000000000000e+01 3.321000000000000000e+03
5.670000000000000000e+02 3.321300000000000182e+03
2.230000000000000000e+02 3.321349999999999909e+03
4.070000000000000000e+02 3.323800000000000182e+03
5.110000000000000000e+02 3.324050000000000182e+03
3.900000000000000000e+01 3.324450000000000273e+03
7.590000000000000000e+02 3.324750000000000000e+03
3.030000000000000000e+02 3.324950000000000273e+03
1.190000000000000000e+02 3.325200000000000273e+03
1.110000000000000000e+02 3.325550000000000182e+03
7.030000000000000000e+02 3.325950000000000273e+03
6.150000000000000000e+02 3.326200000000000273e+03
7.910000000000000000e+02 3.326150000000000091e+03
4.950000000000000000e+02 3.326300000000000182e+03
3.110000000000000000e+02 3.326500000000000000e+03
5.510000000000000000e+02 3.327000000000000000e+03
3.350000000000000000e+02 3.327250000000000000e+03
6.470000000000000000e+02 3.328349999999999909e+03
6.310000000000000000e+02 3.328450000000000273e+03
6.950000000000000000e+02 3.328750000000000000e+03
1.590000000000000000e+02 3.329650000000000091e+03
3.270000000000000000e+02 3.332800000000000182e+03
7.900000000000000000e+01 3.332849999999999909e+03
5.910000000000000000e+02 3.333050000000000182e+03
6.070000000000000000e+02 3.333050000000000182e+03
5.270000000000000000e+02 3.333599999999999909e+03
6.550000000000000000e+02 3.333750000000000000e+03
6.230000000000000000e+02 3.334000000000000000e+03
7.100000000000000000e+01 3.334050000000000182e+03
1.430000000000000000e+02 3.334099999999999909e+03
2.870000000000000000e+02 3.334150000000000091e+03
3.750000000000000000e+02 3.334200000000000273e+03
3.190000000000000000e+02 3.334349999999999909e+03
1.500000000000000000e+01 3.334450000000000273e+03
6.390000000000000000e+02 3.334500000000000000e+03
4.230000000000000000e+02 3.334650000000000091e+03
7.190000000000000000e+02 3.334750000000000000e+03
2.710000000000000000e+02 3.338300000000000182e+03
1.350000000000000000e+02 3.339849999999999909e+03
1.590000000000000000e+02 3.340849999999999909e+03
7.830000000000000000e+02 3.340900000000000091e+03
7.000000000000000000e+00 3.341800000000000182e+03
6.300000000000000000e+01 3.341900000000000091e+03
6.790000000000000000e+02 3.342000000000000000e+03
6.870000000000000000e+02 3.342200000000000273e+03
2.950000000000000000e+02 3.342300000000000182e+03
6.550000000000000000e+02 3.342349999999999909e+03
4.700000000000000000e+01 3.342650000000000091e+03
4.710000000000000000e+02 3.343349999999999909e+03
6.710000000000000000e+02 3.343750000000000000e+03
5.670000000000000000e+02 3.347200000000000273e+03
3.100000000000000000e+01 3.347450000000000273e+03
2.470000000000000000e+02 3.348400000000000091e+03
3.990000000000000000e+02 3.349500000000000000e+03
7.590000000000000000e+02 3.349750000000000000e+03
1.750000000000000000e+02 3.349900000000000091e+03
3.430000000000000000e+02 3.349849999999999909e+03
3.910000000000000000e+02 3.350400000000000091e+03
1.510000000000000000e+02 3.350599999999999909e+03
7.990000000000000000e+02 3.350550000000000182e+03
7.350000000000000000e+02 3.350950000000000273e+03
5.750000000000000000e+02 3.352500000000000000e+03
7.030000000000000000e+02 3.355150000000000091e+03
5.350000000000000000e+02 3.355300000000000182e+03
7.000000000000000000e+00 3.358950000000000273e+03
3.110000000000000000e+02 3.361750000000000000e+03
2.870000000000000000e+02 3.364099999999999909e+03
2.630000000000000000e+02 3.376500000000000000e+03
4.790000000000000000e+02 3.377250000000000000e+03
6.070000000000000000e+02 3.378300000000000182e+03
4.310000000000000000e+02 3.379650000000000091e+03
2.310000000000000000e+02 3.380599999999999909e+03
3.830000000000000000e+02 3.381900000000000091e+03
1.500000000000000000e+01 3.382150000000000091e+03
1.670000000000000000e+02 3.382650000000000091e+03
4.470000000000000000e+02 3.392700000000000273e+03
5.350000000000000000e+02 3.393650000000000091e+03
4.550000000000000000e+02 3.399800000000000182e+03
2.300000000000000000e+01 3.435050000000000182e+03
4.630000000000000000e+02 3.473950000000000273e+03
1.270000000000000000e+02 3.484200000000000273e+03
4.630000000000000000e+02 3.505300000000000182e+03
7.030000000000000000e+02 3.530050000000000182e+03
7.830000000000000000e+02 3.547150000000000091e+03
3.430000000000000000e+02 3.562450000000000273e+03
6.950000000000000000e+02 3.565500000000000000e+03
3.110000000000000000e+02 3.592700000000000273e+03
3.750000000000000000e+02 3.595450000000000273e+03
4.790000000000000000e+02 3.596750000000000000e+03
1.430000000000000000e+02 3.599050000000000182e+03
2.470000000000000000e+02 3.601000000000000000e+03
7.350000000000000000e+02 3.607400000000000091e+03
1.190000000000000000e+02 3.607950000000000273e+03
4.550000000000000000e+02 3.608349999999999909e+03
6.550000000000000000e+02 3.611950000000000273e+03
5.910000000000000000e+02 3.613250000000000000e+03
3.750000000000000000e+02 3.615849999999999909e+03
7.830000000000000000e+02 3.618300000000000182e+03
1.670000000000000000e+02 3.620450000000000273e+03
5.670000000000000000e+02 3.623050000000000182e+03
1.500000000000000000e+01 3.623599999999999909e+03
3.100000000000000000e+01 3.624849999999999909e+03
2.870000000000000000e+02 3.625200000000000273e+03
7.270000000000000000e+02 3.625300000000000182e+03
4.870000000000000000e+02 3.625400000000000091e+03
2.470000000000000000e+02 3.625650000000000091e+03
4.070000000000000000e+02 3.625650000000000091e+03
7.000000000000000000e+00 3.625750000000000000e+03
3.030000000000000000e+02 3.626000000000000000e+03
5.500000000000000000e+01 3.626250000000000000e+03
6.390000000000000000e+02 3.626500000000000000e+03
7.670000000000000000e+02 3.626800000000000182e+03
6.310000000000000000e+02 3.626900000000000091e+03
7.750000000000000000e+02 3.626900000000000091e+03
6.790000000000000000e+02 3.626950000000000273e+03
3.830000000000000000e+02 3.627099999999999909e+03
7.190000000000000000e+02 3.627250000000000000e+03
7.510000000000000000e+02 3.627250000000000000e+03
8.700000000000000000e+01 3.627500000000000000e+03
3.990000000000000000e+02 3.627599999999999909e+03
5.110000000000000000e+02 3.627550000000000182e+03
2.630000000000000000e+02 3.627700000000000273e+03
4.470000000000000000e+02 3.627700000000000273e+03
5.910000000000000000e+02 3.627700000000000273e+03
7.910000000000000000e+02 3.627700000000000273e+03
1.750000000000000000e+02 3.627750000000000000e+03
4.390000000000000000e+02 3.627750000000000000e+03
4.950000000000000000e+02 3.627750000000000000e+03
5.590000000000000000e+02 3.627750000000000000e+03
7.990000000000000000e+02 3.627750000000000000e+03
1.350000000000000000e+02 3.627900000000000091e+03
1.590000000000000000e+02 3.627900000000000091e+03
2.390000000000000000e+02 3.627900000000000091e+03
3.110000000000000000e+02 3.627900000000000091e+03
2.300000000000000000e+01 3.627950000000000273e+03
4.230000000000000000e+02 3.627950000000000273e+03
6.070000000000000000e+02 3.628000000000000000e+03
6.950000000000000000e+02 3.627950000000000273e+03
7.900000000000000000e+01 3.628099999999999909e+03
2.710000000000000000e+02 3.628050000000000182e+03
4.630000000000000000e+02 3.628099999999999909e+03
4.790000000000000000e+02 3.628099999999999909e+03
5.430000000000000000e+02 3.628099999999999909e+03
6.470000000000000000e+02 3.628099999999999909e+03
7.030000000000000000e+02 3.628050000000000182e+03
7.350000000000000000e+02 3.628099999999999909e+03
7.590000000000000000e+02 3.628050000000000182e+03
3.190000000000000000e+02 3.628200000000000273e+03
4.150000000000000000e+02 3.628200000000000273e+03
6.550000000000000000e+02 3.628150000000000091e+03
7.100000000000000000e+01 3.628300000000000182e+03
2.790000000000000000e+02 3.628250000000000000e+03
3.270000000000000000e+02 3.628300000000000182e+03
5.270000000000000000e+02 3.628300000000000182e+03
5.670000000000000000e+02 3.628250000000000000e+03
5.830000000000000000e+02 3.628250000000000000e+03
6.150000000000000000e+02 3.628300000000000182e+03
6.870000000000000000e+02 3.628250000000000000e+03
1.110000000000000000e+02 3.628349999999999909e+03
1.990000000000000000e+02 3.628349999999999909e+03
2.150000000000000000e+02 3.628400000000000091e+03
3.430000000000000000e+02 3.628400000000000091e+03
3.750000000000000000e+02 3.628400000000000091e+03
5.190000000000000000e+02 3.628400000000000091e+03
3.510000000000000000e+02 3.628450000000000273e+03
4.550000000000000000e+02 3.628450000000000273e+03
5.350000000000000000e+02 3.628450000000000273e+03
6.230000000000000000e+02 3.628450000000000273e+03
7.830000000000000000e+02 3.628500000000000000e+03
6.300000000000000000e+01 3.628550000000000182e+03
1.190000000000000000e+02 3.628550000000000182e+03
1.270000000000000000e+02 3.628599999999999909e+03
1.910000000000000000e+02 3.628599999999999909e+03
2.950000000000000000e+02 3.628550000000000182e+03
5.750000000000000000e+02 3.628599999999999909e+03
2.230000000000000000e+02 3.628700000000000273e+03
3.350000000000000000e+02 3.628700000000000273e+03
9.500000000000000000e+01 3.628800000000000182e+03
2.070000000000000000e+02 3.628800000000000182e+03
3.910000000000000000e+02 3.628800000000000182e+03
4.870000000000000000e+02 3.628800000000000182e+03
7.270000000000000000e+02 3.628800000000000182e+03
4.710000000000000000e+02 3.628849999999999909e+03
5.990000000000000000e+02 3.628900000000000091e+03
6.710000000000000000e+02 3.628900000000000091e+03
4.700000000000000000e+01 3.628950000000000273e+03
4.310000000000000000e+02 3.628950000000000273e+03
1.670000000000000000e+02 3.629050000000000182e+03
5.510000000000000000e+02 3.629050000000000182e+03
7.110000000000000000e+02 3.629099999999999909e+03
1.500000000000000000e+01 3.629200000000000273e+03
3.100000000000000000e+01 3.629300000000000182e+03
1.430000000000000000e+02 3.629300000000000182e+03
1.510000000000000000e+02 3.629300000000000182e+03
1.830000000000000000e+02 3.629300000000000182e+03
7.000000000000000000e+00 3.629450000000000273e+03
3.670000000000000000e+02 3.629550000000000182e+03
6.630000000000000000e+02 3.630400000000000091e+03
3.900000000000000000e+01 3.630450000000000273e+03
2.870000000000000000e+02 3.630800000000000182e+03
7.750000000000000000e+02 3.630800000000000182e+03
2.310000000000000000e+02 3.631300000000000182e+03
5.030000000000000000e+02 3.631550000000000182e+03
7.430000000000000000e+02 3.631800000000000182e+03
1.030000000000000000e+02 3.631950000000000273e+03
3.590000000000000000e+02 3.631950000000000273e+03
3.430000000000000000e+02 3.632849999999999909e+03
7.990000000000000000e+02 3.633550000000000182e+03
6.550000000000000000e+02 3.636500000000000000e+03
4.150000000000000000e+02 3.641150000000000091e+03
2.710000000000000000e+02 3.644950000000000273e+03
1.910000000000000000e+02 3.645650000000000091e+03
2.390000000000000000e+02 3.649349999999999909e+03
4.070000000000000000e+02 3.649599999999999909e+03
3.110000000000000000e+02 3.650150000000000091e+03
1.430000000000000000e+02 3.650250000000000000e+03
7.000000000000000000e+00 3.651950000000000273e+03
6.630000000000000000e+02 3.660000000000000000e+03
4.470000000000000000e+02 3.661050000000000182e+03
7.430000000000000000e+02 3.661750000000000000e+03
2.230000000000000000e+02 3.664400000000000091e+03
6.230000000000000000e+02 3.664500000000000000e+03
2.950000000000000000e+02 3.676849999999999909e+03
1.830000000000000000e+02 3.678599999999999909e+03
4.550000000000000000e+02 3.681650000000000091e+03
6.300000000000000000e+01 3.684650000000000091e+03
7.270000000000000000e+02 3.684800000000000182e+03
3.900000000000000000e+01 3.688349999999999909e+03
5.270000000000000000e+02 3.691000000000000000e+03
3.430000000000000000e+02 3.691150000000000091e+03
3.990000000000000000e+02 3.691300000000000182e+03
4.070000000000000000e+02 3.697700000000000273e+03
2.070000000000000000e+02 3.717550000000000182e+03
1.270000000000000000e+02 3.721450000000000273e+03
4.230000000000000000e+02 3.755900000000000091e+03
6.950000000000000000e+02 3.767450000000000273e+03
1.510000000000000000e+02 3.770000000000000000e+03
5.190000000000000000e+02 3.771500000000000000e+03
7.750000000000000000e+02 3.777200000000000273e+03
2.790000000000000000e+02 3.778250000000000000e+03
8.700000000000000000e+01 3.784050000000000182e+03
3.750000000000000000e+02 3.787200000000000273e+03
7.830000000000000000e+02 3.789750000000000000e+03
6.790000000000000000e+02 3.795250000000000000e+03
4.700000000000000000e+01 3.796050000000000182e+03
7.030000000000000000e+02 3.797250000000000000e+03
1.430000000000000000e+02 3.798750000000000000e+03
4.710000000000000000e+02 3.798750000000000000e+03
7.990000000000000000e+02 3.800950000000000273e+03
1.190000000000000000e+02 3.802200000000000273e+03
6.310000000000000000e+02 3.803349999999999909e+03
2.950000000000000000e+02 3.805650000000000091e+03
1.500000000000000000e+01 3.807750000000000000e+03
3.350000000000000000e+02 3.808750000000000000e+03
5.500000000000000000e+01 3.809099999999999909e+03
6.230000000000000000e+02 3.809500000000000000e+03
2.300000000000000000e+01 3.811000000000000000e+03
7.110000000000000000e+02 3.811750000000000000e+03
4.390000000000000000e+02 3.811849999999999909e+03
3.270000000000000000e+02 3.812349999999999909e+03
6.070000000000000000e+02 3.812349999999999909e+03
6.790000000000000000e+02 3.812950000000000273e+03
1.670000000000000000e+02 3.813700000000000273e+03
7.590000000000000000e+02 3.814050000000000182e+03
5.590000000000000000e+02 3.814900000000000091e+03
2.550000000000000000e+02 3.815300000000000182e+03
6.870000000000000000e+02 3.815300000000000182e+03
6.710000000000000000e+02 3.815900000000000091e+03
7.430000000000000000e+02 3.815849999999999909e+03
3.030000000000000000e+02 3.816400000000000091e+03
6.150000000000000000e+02 3.816849999999999909e+03
5.510000000000000000e+02 3.817250000000000000e+03
1.030000000000000000e+02 3.817550000000000182e+03
7.510000000000000000e+02 3.817650000000000091e+03
1.350000000000000000e+02 3.817849999999999909e+03
9.500000000000000000e+01 3.818800000000000182e+03
4.950000000000000000e+02 3.820200000000000273e+03
2.390000000000000000e+02 3.820450000000000273e+03
6.300000000000000000e+01 3.820900000000000091e+03
5.270000000000000000e+02 3.821099999999999909e+03
4.710000000000000000e+02 3.821599999999999909e+03
6.790000000000000000e+02 3.822849999999999909e+03
3.990000000000000000e+02 3.824750000000000000e+03
1.510000000000000000e+02 3.825000000000000000e+03
4.150000000000000000e+02 3.826300000000000182e+03
4.470000000000000000e+02 3.827200000000000273e+03
1.190000000000000000e+02 3.827300000000000182e+03
5.830000000000000000e+02 3.827450000000000273e+03
2.790000000000000000e+02 3.828500000000000000e+03
6.390000000000000000e+02 3.828849999999999909e+03
1.990000000000000000e+02 3.829349999999999909e+03
3.100000000000000000e+01 3.832050000000000182e+03
1.430000000000000000e+02 3.833849999999999909e+03
2.070000000000000000e+02 3.834650000000000091e+03
5.270000000000000000e+02 3.834650000000000091e+03
6.870000000000000000e+02 3.835750000000000000e+03
3.430000000000000000e+02 3.838200000000000273e+03
4.150000000000000000e+02 3.838450000000000273e+03
7.590000000000000000e+02 3.838450000000000273e+03
2.150000000000000000e+02 3.842800000000000182e+03
3.030000000000000000e+02 3.844400000000000091e+03
1.110000000000000000e+02 3.845700000000000273e+03
6.310000000000000000e+02 3.847400000000000091e+03
4.390000000000000000e+02 3.849000000000000000e+03
5.110000000000000000e+02 3.849000000000000000e+03
5.590000000000000000e+02 3.849050000000000182e+03
6.550000000000000000e+02 3.849050000000000182e+03
1.990000000000000000e+02 3.850550000000000182e+03
8.700000000000000000e+01 3.850700000000000273e+03
1.590000000000000000e+02 3.851250000000000000e+03
4.550000000000000000e+02 3.851750000000000000e+03
5.030000000000000000e+02 3.851900000000000091e+03
7.910000000000000000e+02 3.854650000000000091e+03
1.510000000000000000e+02 3.856550000000000182e+03
6.710000000000000000e+02 3.858150000000000091e+03
5.910000000000000000e+02 3.863650000000000091e+03
7.830000000000000000e+02 3.865250000000000000e+03
3.510000000000000000e+02 3.865900000000000091e+03
2.950000000000000000e+02 3.867550000000000182e+03
4.790000000000000000e+02 3.868349999999999909e+03
3.590000000000000000e+02 3.871250000000000000e+03
5.350000000000000000e+02 3.871450000000000273e+03
7.900000000000000000e+01 3.872050000000000182e+03
8.700000000000000000e+01 3.874099999999999909e+03
7.670000000000000000e+02 3.875599999999999909e+03
3.350000000000000000e+02 3.875650000000000091e+03
3.990000000000000000e+02 3.877800000000000182e+03
4.470000000000000000e+02 3.878750000000000000e+03
5.990000000000000000e+02 3.879099999999999909e+03
4.310000000000000000e+02 3.879150000000000091e+03
5.110000000000000000e+02 3.879300000000000182e+03
2.310000000000000000e+02 3.880250000000000000e+03
1.190000000000000000e+02 3.880500000000000000e+03
4.070000000000000000e+02 3.880500000000000000e+03
7.900000000000000000e+01 3.880650000000000091e+03
2.150000000000000000e+02 3.883450000000000273e+03
1.030000000000000000e+02 3.884599999999999909e+03
7.830000000000000000e+02 3.884700000000000273e+03
1.990000000000000000e+02 3.887900000000000091e+03
5.750000000000000000e+02 3.888400000000000091e+03
3.750000000000000000e+02 3.888500000000000000e+03
3.190000000000000000e+02 3.889349999999999909e+03
5.910000000000000000e+02 3.893900000000000091e+03
1.830000000000000000e+02 3.895000000000000000e+03
2.790000000000000000e+02 3.897500000000000000e+03
7.190000000000000000e+02 3.898950000000000273e+03
1.350000000000000000e+02 3.903200000000000273e+03
3.510000000000000000e+02 3.903349999999999909e+03
1.750000000000000000e+02 3.903700000000000273e+03
6.230000000000000000e+02 3.905750000000000000e+03
3.110000000000000000e+02 3.909950000000000273e+03
7.900000000000000000e+01 3.910500000000000000e+03
4.790000000000000000e+02 3.914800000000000182e+03
4.710000000000000000e+02 3.915849999999999909e+03
7.270000000000000000e+02 3.918750000000000000e+03
3.030000000000000000e+02 3.919500000000000000e+03
2.230000000000000000e+02 3.922250000000000000e+03
4.790000000000000000e+02 3.922950000000000273e+03
4.950000000000000000e+02 3.924900000000000091e+03
1.670000000000000000e+02 3.925099999999999909e+03
7.670000000000000000e+02 3.926050000000000182e+03
2.150000000000000000e+02 3.926150000000000091e+03
3.830000000000000000e+02 3.926349999999999909e+03
5.350000000000000000e+02 3.927250000000000000e+03
3.670000000000000000e+02 3.928150000000000091e+03
7.000000000000000000e+00 3.929300000000000182e+03
1.350000000000000000e+02 3.933849999999999909e+03
5.110000000000000000e+02 3.935849999999999909e+03
6.950000000000000000e+02 3.937050000000000182e+03
4.310000000000000000e+02 3.937750000000000000e+03
1.830000000000000000e+02 3.939250000000000000e+03
3.270000000000000000e+02 3.939500000000000000e+03
6.790000000000000000e+02 3.939849999999999909e+03
4.790000000000000000e+02 3.947400000000000091e+03
1.750000000000000000e+02 3.949650000000000091e+03
7.430000000000000000e+02 3.950250000000000000e+03
2.470000000000000000e+02 3.950450000000000273e+03
3.590000000000000000e+02 3.957250000000000000e+03
6.950000000000000000e+02 3.957450000000000273e+03
6.230000000000000000e+02 3.964000000000000000e+03
6.870000000000000000e+02 3.974650000000000091e+03
1.590000000000000000e+02 3.974849999999999909e+03
2.390000000000000000e+02 3.979750000000000000e+03
1.190000000000000000e+02 3.980300000000000182e+03
1.030000000000000000e+02 3.982700000000000273e+03
5.190000000000000000e+02 3.983300000000000182e+03
4.710000000000000000e+02 3.983750000000000000e+03
4.630000000000000000e+02 3.985950000000000273e+03
9.500000000000000000e+01 3.986050000000000182e+03
3.990000000000000000e+02 3.986050000000000182e+03
3.270000000000000000e+02 3.986349999999999909e+03
5.590000000000000000e+02 3.987550000000000182e+03
3.350000000000000000e+02 3.988650000000000091e+03
3.030000000000000000e+02 3.992349999999999909e+03
2.310000000000000000e+02 3.994550000000000182e+03
7.110000000000000000e+02 3.995500000000000000e+03
3.190000000000000000e+02 3.996700000000000273e+03
4.070000000000000000e+02 4.003900000000000091e+03
2.150000000000000000e+02 4.004000000000000000e+03
1.910000000000000000e+02 4.006150000000000091e+03
1.270000000000000000e+02 4.006800000000000182e+03
5.750000000000000000e+02 4.007800000000000182e+03
2.710000000000000000e+02 4.008000000000000000e+03
3.100000000000000000e+01 4.008099999999999909e+03
4.230000000000000000e+02 4.010300000000000182e+03
1.110000000000000000e+02 4.012400000000000091e+03
3.110000000000000000e+02 4.012450000000000273e+03
6.070000000000000000e+02 4.012599999999999909e+03
2.300000000000000000e+01 4.012700000000000273e+03
1.990000000000000000e+02 4.012900000000000091e+03
4.150000000000000000e+02 4.014349999999999909e+03
5.350000000000000000e+02 4.014750000000000000e+03
1.510000000000000000e+02 4.015599999999999909e+03
5.670000000000000000e+02 4.020250000000000000e+03
3.990000000000000000e+02 4.021900000000000091e+03
7.030000000000000000e+02 4.024400000000000091e+03
4.550000000000000000e+02 4.025400000000000091e+03
7.190000000000000000e+02 4.026300000000000182e+03
7.000000000000000000e+00 4.027349999999999909e+03
7.900000000000000000e+01 4.029400000000000091e+03
6.230000000000000000e+02 4.029900000000000091e+03
6.070000000000000000e+02 4.032099999999999909e+03
6.150000000000000000e+02 4.034650000000000091e+03
4.390000000000000000e+02 4.035099999999999909e+03
2.150000000000000000e+02 4.037450000000000273e+03
1.830000000000000000e+02 4.038650000000000091e+03
2.790000000000000000e+02 4.046300000000000182e+03
7.110000000000000000e+02 4.046450000000000273e+03
8.700000000000000000e+01 4.047800000000000182e+03
1.430000000000000000e+02 4.047950000000000273e+03
5.110000000000000000e+02 4.048400000000000091e+03
4.950000000000000000e+02 4.049250000000000000e+03
7.100000000000000000e+01 4.049400000000000091e+03
3.100000000000000000e+01 4.050500000000000000e+03
3.350000000000000000e+02 4.051750000000000000e+03
2.470000000000000000e+02 4.054500000000000000e+03
2.790000000000000000e+02 4.054550000000000182e+03
6.070000000000000000e+02 4.054650000000000091e+03
7.430000000000000000e+02 4.056700000000000273e+03
4.700000000000000000e+01 4.063650000000000091e+03
3.100000000000000000e+01 4.066150000000000091e+03
6.300000000000000000e+01 4.066900000000000091e+03
5.110000000000000000e+02 4.069650000000000091e+03
5.190000000000000000e+02 4.071300000000000182e+03
1.110000000000000000e+02 4.075800000000000182e+03
5.990000000000000000e+02 4.079250000000000000e+03
6.470000000000000000e+02 4.081099999999999909e+03
7.510000000000000000e+02 4.082250000000000000e+03
6.950000000000000000e+02 4.083050000000000182e+03
2.710000000000000000e+02 4.083400000000000091e+03
2.300000000000000000e+01 4.085450000000000273e+03
2.310000000000000000e+02 4.087500000000000000e+03
4.070000000000000000e+02 4.092150000000000091e+03
2.870000000000000000e+02 4.093099999999999909e+03
3.350000000000000000e+02 4.093550000000000182e+03
1.910000000000000000e+02 4.095050000000000182e+03
5.270000000000000000e+02 4.096149999999999636e+03
6.630000000000000000e+02 4.096300000000000182e+03
1.500000000000000000e+01 4.097000000000000000e+03
6.470000000000000000e+02 4.098850000000000364e+03
2.150000000000000000e+02 4.099149999999999636e+03
6.550000000000000000e+02 4.100649999999999636e+03
7.830000000000000000e+02 4.100699999999999818e+03
3.910000000000000000e+02 4.102050000000000182e+03
5.590000000000000000e+02 4.103149999999999636e+03
1.430000000000000000e+02 4.108750000000000000e+03
1.190000000000000000e+02 4.113550000000000182e+03
5.110000000000000000e+02 4.113699999999999818e+03
6.630000000000000000e+02 4.113699999999999818e+03
4.790000000000000000e+02 4.114750000000000000e+03
5.750000000000000000e+02 4.116899999999999636e+03
3.900000000000000000e+01 4.118350000000000364e+03
5.030000000000000000e+02 4.121100000000000364e+03
2.300000000000000000e+01 4.125500000000000000e+03
5.590000000000000000e+02 4.126500000000000000e+03
3.670000000000000000e+02 4.126600000000000364e+03
3.510000000000000000e+02 4.126850000000000364e+03
5.030000000000000000e+02 4.127199999999999818e+03
5.670000000000000000e+02 4.128399999999999636e+03
5.910000000000000000e+02 4.129250000000000000e+03
4.550000000000000000e+02 4.130850000000000364e+03
4.790000000000000000e+02 4.132149999999999636e+03
4.630000000000000000e+02 4.132899999999999636e+03
5.270000000000000000e+02 4.133699999999999818e+03
3.900000000000000000e+01 4.135600000000000364e+03
2.150000000000000000e+02 4.142300000000000182e+03
7.990000000000000000e+02 4.142550000000000182e+03
5.910000000000000000e+02 4.143199999999999818e+03
5.270000000000000000e+02 4.144699999999999818e+03
6.070000000000000000e+02 4.149000000000000000e+03
4.150000000000000000e+02 4.155350000000000364e+03
7.900000000000000000e+01 4.155750000000000000e+03
7.430000000000000000e+02 4.162000000000000000e+03
1.990000000000000000e+02 4.173199999999999818e+03
2.230000000000000000e+02 4.176350000000000364e+03
3.430000000000000000e+02 4.187100000000000364e+03
1.110000000000000000e+02 4.195500000000000000e+03
2.630000000000000000e+02 4.205149999999999636e+03
4.550000000000000000e+02 4.246649999999999636e+03
3.270000000000000000e+02 4.252399999999999636e+03
7.590000000000000000e+02 4.281149999999999636e+03
3.750000000000000000e+02 4.281250000000000000e+03
4.310000000000000000e+02 4.295949999999999818e+03
2.390000000000000000e+02 4.301350000000000364e+03
7.670000000000000000e+02 4.302300000000000182e+03
6.470000000000000000e+02 4.311350000000000364e+03
7.270000000000000000e+02 4.311899999999999636e+03
1.910000000000000000e+02 4.311949999999999818e+03
5.190000000000000000e+02 4.311949999999999818e+03
6.710000000000000000e+02 4.313100000000000364e+03
2.470000000000000000e+02 4.313649999999999636e+03
2.790000000000000000e+02 4.313949999999999818e+03
5.510000000000000000e+02 4.314100000000000364e+03
3.750000000000000000e+02 4.314800000000000182e+03
6.950000000000000000e+02 4.314750000000000000e+03
7.190000000000000000e+02 4.316800000000000182e+03
7.100000000000000000e+01 4.316899999999999636e+03
3.030000000000000000e+02 4.316949999999999818e+03
5.430000000000000000e+02 4.317000000000000000e+03
5.270000000000000000e+02 4.317050000000000182e+03
7.910000000000000000e+02 4.317300000000000182e+03
7.590000000000000000e+02 4.317449999999999818e+03
3.590000000000000000e+02 4.317750000000000000e+03
6.870000000000000000e+02 4.317949999999999818e+03
7.350000000000000000e+02 4.318000000000000000e+03
6.150000000000000000e+02 4.318199999999999818e+03
3.190000000000000000e+02 4.318350000000000364e+03
1.830000000000000000e+02 4.318550000000000182e+03
5.500000000000000000e+01 4.318649999999999636e+03
5.590000000000000000e+02 4.318699999999999818e+03
4.870000000000000000e+02 4.318750000000000000e+03
7.990000000000000000e+02 4.318899999999999636e+03
7.900000000000000000e+01 4.318949999999999818e+03
4.310000000000000000e+02 4.318949999999999818e+03
3.830000000000000000e+02 4.319100000000000364e+03
3.910000000000000000e+02 4.319199999999999818e+03
5.910000000000000000e+02 4.319149999999999636e+03
6.390000000000000000e+02 4.319399999999999636e+03
7.510000000000000000e+02 4.319399999999999636e+03
6.310000000000000000e+02 4.319449999999999818e+03
1.190000000000000000e+02 4.319550000000000182e+03
7.110000000000000000e+02 4.319550000000000182e+03
7.430000000000000000e+02 4.319699999999999818e+03
5.830000000000000000e+02 4.319750000000000000e+03
7.270000000000000000e+02 4.319800000000000182e+03
3.900000000000000000e+01 4.319899999999999636e+03
4.470000000000000000e+02 4.319899999999999636e+03
4.710000000000000000e+02 4.319850000000000364e+03
5.750000000000000000e+02 4.319899999999999636e+03
2.230000000000000000e+02 4.319949999999999818e+03
3.350000000000000000e+02 4.320000000000000000e+03
3.510000000000000000e+02 4.319949999999999818e+03
5.030000000000000000e+02 4.320000000000000000e+03
6.790000000000000000e+02 4.320000000000000000e+03
6.950000000000000000e+02 4.319949999999999818e+03
3.100000000000000000e+01 4.320050000000000182e+03
1.270000000000000000e+02 4.320050000000000182e+03
1.430000000000000000e+02 4.320100000000000364e+03
1.750000000000000000e+02 4.320100000000000364e+03
3.670000000000000000e+02 4.320100000000000364e+03
1.500000000000000000e+01 4.320199999999999818e+03
2.300000000000000000e+01 4.320149999999999636e+03
8.700000000000000000e+01 4.320199999999999818e+03
1.670000000000000000e+02 4.320149999999999636e+03
3.430000000000000000e+02 4.320149999999999636e+03
3.990000000000000000e+02 4.320199999999999818e+03
4.150000000000000000e+02 4.320250000000000000e+03
5.270000000000000000e+02 4.320399999999999636e+03
1.910000000000000000e+02 4.320500000000000000e+03
4.230000000000000000e+02 4.320449999999999818e+03
5.990000000000000000e+02 4.320449999999999818e+03
7.100000000000000000e+01 4.320600000000000364e+03
3.030000000000000000e+02 4.320550000000000182e+03
4.550000000000000000e+02 4.320600000000000364e+03
4.630000000000000000e+02 4.320600000000000364e+03
6.230000000000000000e+02 4.320600000000000364e+03
6.550000000000000000e+02 4.320550000000000182e+03
2.950000000000000000e+02 4.320649999999999636e+03
2.550000000000000000e+02 4.320750000000000000e+03
9.500000000000000000e+01 4.320850000000000364e+03
2.790000000000000000e+02 4.320899999999999636e+03
3.110000000000000000e+02 4.320850000000000364e+03
5.350000000000000000e+02 4.320899999999999636e+03
6.070000000000000000e+02 4.320899999999999636e+03
6.630000000000000000e+02 4.320850000000000364e+03
1.990000000000000000e+02 4.320949999999999818e+03
3.270000000000000000e+02 4.320949999999999818e+03
7.190000000000000000e+02 4.321000000000000000e+03
1.030000000000000000e+02 4.321050000000000182e+03
2.630000000000000000e+02 4.321100000000000364e+03
4.700000000000000000e+01 4.321199999999999818e+03
6.300000000000000000e+01 4.321149999999999636e+03
2.390000000000000000e+02 4.321199999999999818e+03
4.390000000000000000e+02 4.321149999999999636e+03
4.950000000000000000e+02 4.321149999999999636e+03
5.110000000000000000e+02 4.321149999999999636e+03
2.470000000000000000e+02 4.321250000000000000e+03
3.590000000000000000e+02 4.321250000000000000e+03
5.670000000000000000e+02 4.321250000000000000e+03
7.000000000000000000e+00 4.321399999999999636e+03
3.750000000000000000e+02 4.321350000000000364e+03
5.430000000000000000e+02 4.321500000000000000e+03
7.910000000000000000e+02 4.321500000000000000e+03
1.510000000000000000e+02 4.321550000000000182e+03
4.790000000000000000e+02 4.321600000000000364e+03
6.150000000000000000e+02 4.321600000000000364e+03
7.030000000000000000e+02 4.321550000000000182e+03
5.500000000000000000e+01 4.321649999999999636e+03
6.870000000000000000e+02 4.321649999999999636e+03
7.670000000000000000e+02 4.321649999999999636e+03
1.110000000000000000e+02 4.321750000000000000e+03
7.350000000000000000e+02 4.321800000000000182e+03
4.070000000000000000e+02 4.321850000000000364e+03
1.590000000000000000e+02 4.322050000000000182e+03
5.510000000000000000e+02 4.322050000000000182e+03
2.710000000000000000e+02 4.322199999999999818e+03
7.750000000000000000e+02 4.322399999999999636e+03
2.950000000000000000e+02 4.326949999999999818e+03
4.870000000000000000e+02 4.330699999999999818e+03
5.350000000000000000e+02 4.331500000000000000e+03
5.190000000000000000e+02 4.331699999999999818e+03
5.590000000000000000e+02 4.337500000000000000e+03
7.910000000000000000e+02 4.338000000000000000e+03
4.550000000000000000e+02 4.340750000000000000e+03
2.870000000000000000e+02 4.341600000000000364e+03
7.430000000000000000e+02 4.347399999999999636e+03
7.590000000000000000e+02 4.348000000000000000e+03
5.030000000000000000e+02 4.348100000000000364e+03
3.590000000000000000e+02 4.353100000000000364e+03
3.350000000000000000e+02 4.356050000000000182e+03
3.750000000000000000e+02 4.358899999999999636e+03
5.670000000000000000e+02 4.360949999999999818e+03
2.470000000000000000e+02 4.361100000000000364e+03
3.100000000000000000e+01 4.365750000000000000e+03
2.150000000000000000e+02 4.378449999999999818e+03
5.430000000000000000e+02 4.379250000000000000e+03
1.110000000000000000e+02 4.382100000000000364e+03
6.310000000000000000e+02 4.382150000000000546e+03
7.900000000000000000e+01 4.384900000000000546e+03
4.390000000000000000e+02 4.385750000000000000e+03
1.590000000000000000e+02 4.386699999999999818e+03
5.670000000000000000e+02 4.387600000000000364e+03
3.900000000000000000e+01 4.396500000000000000e+03
2.150000000000000000e+02 4.398250000000000000e+03
7.910000000000000000e+02 4.401100000000000364e+03
2.790000000000000000e+02 4.410800000000000182e+03
3.100000000000000000e+01 4.419850000000000364e+03
4.150000000000000000e+02 4.422050000000000182e+03
6.300000000000000000e+01 4.424600000000000364e+03
5.270000000000000000e+02 4.431350000000000364e+03
4.470000000000000000e+02 4.437449999999999818e+03
3.270000000000000000e+02 4.439600000000000364e+03
4.700000000000000000e+01 4.449750000000000000e+03
7.190000000000000000e+02 4.467550000000000182e+03
1.270000000000000000e+02 4.524800000000000182e+03
7.270000000000000000e+02 4.531449999999999818e+03
1.510000000000000000e+02 4.534000000000000000e+03
5.500000000000000000e+01 4.534100000000000364e+03
7.430000000000000000e+02 4.537600000000000364e+03
7.350000000000000000e+02 4.548949999999999818e+03
5.110000000000000000e+02 4.556000000000000000e+03
8.700000000000000000e+01 4.563300000000000182e+03
3.990000000000000000e+02 4.573699999999999818e+03
3.430000000000000000e+02 4.574850000000000364e+03
2.630000000000000000e+02 4.585250000000000000e+03
5.350000000000000000e+02 4.589600000000000364e+03
4.470000000000000000e+02 4.598400000000000546e+03
1.350000000000000000e+02 4.600100000000000364e+03
5.670000000000000000e+02 4.600750000000000000e+03
3.910000000000000000e+02 4.601949999999999818e+03
9.500000000000000000e+01 4.603449999999999818e+03
3.190000000000000000e+02 4.603750000000000000e+03
7.750000000000000000e+02 4.605750000000000000e+03
1.030000000000000000e+02 4.608900000000000546e+03
2.710000000000000000e+02 4.608850000000000364e+03
2.070000000000000000e+02 4.609850000000000364e+03
5.590000000000000000e+02 4.610000000000000000e+03
7.110000000000000000e+02 4.610199999999999818e+03
6.150000000000000000e+02 4.610949999999999818e+03
4.950000000000000000e+02 4.611199999999999818e+03
1.110000000000000000e+02 4.611600000000000364e+03
7.510000000000000000e+02 4.611900000000000546e+03
1.670000000000000000e+02 4.612000000000000000e+03
9.500000000000000000e+01 4.612150000000000546e+03
2.230000000000000000e+02 4.612199999999999818e+03
7.100000000000000000e+01 4.612600000000000364e+03
3.670000000000000000e+02 4.612650000000000546e+03
3.510000000000000000e+02 4.612900000000000546e+03
1.270000000000000000e+02 4.613050000000000182e+03
1.510000000000000000e+02 4.613050000000000182e+03
4.710000000000000000e+02 4.613400000000000546e+03
6.550000000000000000e+02 4.613400000000000546e+03
3.110000000000000000e+02 4.613500000000000000e+03
5.830000000000000000e+02 4.613500000000000000e+03
2.630000000000000000e+02 4.613600000000000364e+03
2.390000000000000000e+02 4.613750000000000000e+03
3.590000000000000000e+02 4.613800000000000182e+03
7.900000000000000000e+01 4.613900000000000546e+03
3.750000000000000000e+02 4.613850000000000364e+03
6.790000000000000000e+02 4.614000000000000000e+03
4.700000000000000000e+01 4.614100000000000364e+03
1.830000000000000000e+02 4.614050000000000182e+03
2.150000000000000000e+02 4.614100000000000364e+03
5.910000000000000000e+02 4.614100000000000364e+03
7.910000000000000000e+02 4.614100000000000364e+03
1.430000000000000000e+02 4.614199999999999818e+03
4.790000000000000000e+02 4.614199999999999818e+03
5.030000000000000000e+02 4.614150000000000546e+03
2.070000000000000000e+02 4.614300000000000182e+03
3.030000000000000000e+02 4.614250000000000000e+03
3.350000000000000000e+02 4.614300000000000182e+03
4.630000000000000000e+02 4.614250000000000000e+03
2.710000000000000000e+02 4.614400000000000546e+03
4.310000000000000000e+02 4.614350000000000364e+03
7.990000000000000000e+02 4.614400000000000546e+03
2.790000000000000000e+02 4.614500000000000000e+03
3.190000000000000000e+02 4.614449999999999818e+03
4.230000000000000000e+02 4.614500000000000000e+03
5.190000000000000000e+02 4.614500000000000000e+03
6.870000000000000000e+02 4.614449999999999818e+03
1.910000000000000000e+02 4.614550000000000182e+03
2.310000000000000000e+02 4.614600000000000364e+03
3.830000000000000000e+02 4.614600000000000364e+03
6.070000000000000000e+02 4.614600000000000364e+03
7.000000000000000000e+00 4.614699999999999818e+03
6.300000000000000000e+01 4.614699999999999818e+03
1.030000000000000000e+02 4.614650000000000546e+03
2.470000000000000000e+02 4.614699999999999818e+03
2.870000000000000000e+02 4.614650000000000546e+03
4.070000000000000000e+02 4.614699999999999818e+03
5.110000000000000000e+02 4.614699999999999818e+03
6.630000000000000000e+02 4.614699999999999818e+03
7.270000000000000000e+02 4.614699999999999818e+03
2.300000000000000000e+01 4.614750000000000000e+03
5.430000000000000000e+02 4.614800000000000182e+03
7.830000000000000000e+02 4.614750000000000000e+03
1.190000000000000000e+02 4.614900000000000546e+03
1.750000000000000000e+02 4.614900000000000546e+03
4.550000000000000000e+02 4.614850000000000364e+03
4.870000000000000000e+02 4.614850000000000364e+03
2.550000000000000000e+02 4.615000000000000000e+03
5.270000000000000000e+02 4.615000000000000000e+03
5.670000000000000000e+02 4.615000000000000000e+03
6.230000000000000000e+02 4.615000000000000000e+03
6.470000000000000000e+02 4.614949999999999818e+03
7.750000000000000000e+02 4.614949999999999818e+03
1.110000000000000000e+02 4.615050000000000182e+03
3.100000000000000000e+01 4.615199999999999818e+03
8.700000000000000000e+01 4.615150000000000546e+03
3.430000000000000000e+02 4.615150000000000546e+03
7.350000000000000000e+02 4.615199999999999818e+03
7.430000000000000000e+02 4.615199999999999818e+03
3.900000000000000000e+01 4.615250000000000000e+03
2.950000000000000000e+02 4.615300000000000182e+03
3.910000000000000000e+02 4.615250000000000000e+03
4.950000000000000000e+02 4.615250000000000000e+03
6.710000000000000000e+02 4.615250000000000000e+03
7.110000000000000000e+02 4.615250000000000000e+03
1.350000000000000000e+02 4.615350000000000364e+03
5.590000000000000000e+02 4.615400000000000546e+03
6.150000000000000000e+02 4.615449999999999818e+03
5.500000000000000000e+01 4.615550000000000182e+03
1.990000000000000000e+02 4.615600000000000364e+03
4.390000000000000000e+02 4.615600000000000364e+03
4.470000000000000000e+02 4.615550000000000182e+03
3.990000000000000000e+02 4.615650000000000546e+03
7.670000000000000000e+02 4.615699999999999818e+03
5.510000000000000000e+02 4.615800000000000182e+03
7.190000000000000000e+02 4.615800000000000182e+03
9.500000000000000000e+01 4.615900000000000546e+03
1.590000000000000000e+02 4.615850000000000364e+03
6.390000000000000000e+02 4.615900000000000546e+03
1.500000000000000000e+01 4.615949999999999818e+03
5.750000000000000000e+02 4.616199999999999818e+03
3.510000000000000000e+02 4.616350000000000364e+03
7.100000000000000000e+01 4.616550000000000182e+03
3.270000000000000000e+02 4.616699999999999818e+03
5.350000000000000000e+02 4.617100000000000364e+03
7.590000000000000000e+02 4.617550000000000182e+03
1.270000000000000000e+02 4.617650000000000546e+03
5.830000000000000000e+02 4.618350000000000364e+03
3.190000000000000000e+02 4.620550000000000182e+03
6.070000000000000000e+02 4.621600000000000364e+03
4.230000000000000000e+02 4.622699999999999818e+03
6.710000000000000000e+02 4.625150000000000546e+03
2.070000000000000000e+02 4.626800000000000182e+03
7.900000000000000000e+01 4.628750000000000000e+03
2.150000000000000000e+02 4.629800000000000182e+03
7.270000000000000000e+02 4.631199999999999818e+03
7.430000000000000000e+02 4.640300000000000182e+03
7.100000000000000000e+01 4.643300000000000182e+03
3.670000000000000000e+02 4.650800000000000182e+03
6.150000000000000000e+02 4.654150000000000546e+03
3.350000000000000000e+02 4.656250000000000000e+03
7.990000000000000000e+02 4.656650000000000546e+03
6.550000000000000000e+02 4.657500000000000000e+03
4.390000000000000000e+02 4.658600000000000364e+03
6.790000000000000000e+02 4.659300000000000182e+03
1.830000000000000000e+02 4.660500000000000000e+03
2.710000000000000000e+02 4.663000000000000000e+03
3.430000000000000000e+02 4.665199999999999818e+03
4.310000000000000000e+02 4.666100000000000364e+03
4.790000000000000000e+02 4.668650000000000546e+03
3.590000000000000000e+02 4.669050000000000182e+03
3.900000000000000000e+01 4.671650000000000546e+03
7.830000000000000000e+02 4.672199999999999818e+03
2.950000000000000000e+02 4.673050000000000182e+03
7.430000000000000000e+02 4.676400000000000546e+03
7.000000000000000000e+00 4.678500000000000000e+03
8.700000000000000000e+01 4.685949999999999818e+03
5.270000000000000000e+02 4.686300000000000182e+03
7.510000000000000000e+02 4.689900000000000546e+03
3.270000000000000000e+02 4.715699999999999818e+03
2.790000000000000000e+02 4.723449999999999818e+03
1.910000000000000000e+02 4.732850000000000364e+03
2.630000000000000000e+02 4.746350000000000364e+03
3.910000000000000000e+02 4.760050000000000182e+03
5.590000000000000000e+02 4.770850000000000364e+03
2.550000000000000000e+02 4.784300000000000182e+03
6.390000000000000000e+02 4.799699999999999818e+03
5.590000000000000000e+02 4.804800000000000182e+03
6.230000000000000000e+02 4.812949999999999818e+03
3.430000000000000000e+02 4.827850000000000364e+03
6.870000000000000000e+02 4.832400000000000546e+03
1.830000000000000000e+02 4.835300000000000182e+03
7.110000000000000000e+02 4.835850000000000364e+03
7.830000000000000000e+02 4.838949999999999818e+03
4.550000000000000000e+02 4.842400000000000546e+03
1.910000000000000000e+02 4.844000000000000000e+03
4.630000000000000000e+02 4.845550000000000182e+03
5.910000000000000000e+02 4.845650000000000546e+03
7.990000000000000000e+02 4.846449999999999818e+03
3.830000000000000000e+02 4.847500000000000000e+03
2.070000000000000000e+02 4.850100000000000364e+03
6.790000000000000000e+02 4.850050000000000182e+03
1.110000000000000000e+02 4.850650000000000546e+03
3.590000000000000000e+02 4.851500000000000000e+03
4.390000000000000000e+02 4.851850000000000364e+03
4.630000000000000000e+02 4.853250000000000000e+03
5.190000000000000000e+02 4.853500000000000000e+03
7.990000000000000000e+02 4.853699999999999818e+03
7.100000000000000000e+01 4.853949999999999818e+03
7.750000000000000000e+02 4.854300000000000182e+03
1.030000000000000000e+02 4.854650000000000546e+03
3.830000000000000000e+02 4.854800000000000182e+03
2.230000000000000000e+02 4.854949999999999818e+03
2.470000000000000000e+02 4.855699999999999818e+03
1.750000000000000000e+02 4.855750000000000000e+03
2.300000000000000000e+01 4.855850000000000364e+03
4.550000000000000000e+02 4.855949999999999818e+03
7.110000000000000000e+02 4.856199999999999818e+03
7.270000000000000000e+02 4.856300000000000182e+03
5.350000000000000000e+02 4.856600000000000364e+03
6.790000000000000000e+02 4.856600000000000364e+03
2.870000000000000000e+02 4.856949999999999818e+03
4.150000000000000000e+02 4.857000000000000000e+03
3.990000000000000000e+02 4.857050000000000182e+03
6.230000000000000000e+02 4.857100000000000364e+03
5.830000000000000000e+02 4.857150000000000546e+03
7.030000000000000000e+02 4.857250000000000000e+03
1.510000000000000000e+02 4.857350000000000364e+03
1.910000000000000000e+02 4.857350000000000364e+03
3.750000000000000000e+02 4.857350000000000364e+03
1.190000000000000000e+02 4.857500000000000000e+03
6.390000000000000000e+02 4.857500000000000000e+03
3.350000000000000000e+02 4.857699999999999818e+03
7.190000000000000000e+02 4.857750000000000000e+03
3.910000000000000000e+02 4.857850000000000364e+03
5.510000000000000000e+02 4.858000000000000000e+03
5.500000000000000000e+01 4.858100000000000364e+03
1.430000000000000000e+02 4.858050000000000182e+03
6.870000000000000000e+02 4.858150000000000546e+03
7.350000000000000000e+02 4.858199999999999818e+03
7.430000000000000000e+02 4.858150000000000546e+03
4.790000000000000000e+02 4.858250000000000000e+03
2.630000000000000000e+02 4.858449999999999818e+03
5.670000000000000000e+02 4.858449999999999818e+03
4.700000000000000000e+01 4.858600000000000364e+03
5.270000000000000000e+02 4.858650000000000546e+03
6.070000000000000000e+02 4.858650000000000546e+03
1.500000000000000000e+01 4.858800000000000182e+03
1.990000000000000000e+02 4.858750000000000000e+03
3.110000000000000000e+02 4.858800000000000182e+03
7.830000000000000000e+02 4.858850000000000364e+03
5.910000000000000000e+02 4.858949999999999818e+03
4.070000000000000000e+02 4.859100000000000364e+03
7.510000000000000000e+02 4.859050000000000182e+03
1.030000000000000000e+02 4.859150000000000546e+03
2.790000000000000000e+02 4.859150000000000546e+03
2.150000000000000000e+02 4.859350000000000364e+03
5.990000000000000000e+02 4.859400000000000546e+03
3.830000000000000000e+02 4.859500000000000000e+03
5.030000000000000000e+02 4.859600000000000364e+03
3.190000000000000000e+02 4.859650000000000546e+03
5.110000000000000000e+02 4.859750000000000000e+03
6.300000000000000000e+01 4.859900000000000546e+03
3.030000000000000000e+02 4.859900000000000546e+03
6.150000000000000000e+02 4.859850000000000364e+03
2.550000000000000000e+02 4.860000000000000000e+03
3.100000000000000000e+01 4.860300000000000182e+03
1.270000000000000000e+02 4.860300000000000182e+03
1.590000000000000000e+02 4.860250000000000000e+03
5.430000000000000000e+02 4.860250000000000000e+03
8.700000000000000000e+01 4.860449999999999818e+03
2.950000000000000000e+02 4.860500000000000000e+03
3.430000000000000000e+02 4.860550000000000182e+03
3.590000000000000000e+02 4.860550000000000182e+03
6.710000000000000000e+02 4.860550000000000182e+03
9.500000000000000000e+01 4.860699999999999818e+03
4.390000000000000000e+02 4.860750000000000000e+03
4.630000000000000000e+02 4.860750000000000000e+03
4.870000000000000000e+02 4.860750000000000000e+03
6.950000000000000000e+02 4.860850000000000364e+03
7.590000000000000000e+02 4.861100000000000364e+03
7.910000000000000000e+02 4.861050000000000182e+03
1.110000000000000000e+02 4.861150000000000546e+03
5.750000000000000000e+02 4.861150000000000546e+03
3.900000000000000000e+01 4.861300000000000182e+03
6.310000000000000000e+02 4.861300000000000182e+03
6.470000000000000000e+02 4.861400000000000546e+03
7.990000000000000000e+02 4.861350000000000364e+03
6.790000000000000000e+02 4.861449999999999818e+03
1.510000000000000000e+02 4.861550000000000182e+03
2.230000000000000000e+02 4.861900000000000546e+03
7.430000000000000000e+02 4.861900000000000546e+03
4.310000000000000000e+02 4.862600000000000364e+03
3.110000000000000000e+02 4.866000000000000000e+03
5.510000000000000000e+02 4.866550000000000182e+03
1.190000000000000000e+02 4.867750000000000000e+03
1.350000000000000000e+02 4.867800000000000182e+03
4.150000000000000000e+02 4.867850000000000364e+03
1.830000000000000000e+02 4.869900000000000546e+03
3.350000000000000000e+02 4.870000000000000000e+03
3.900000000000000000e+01 4.872449999999999818e+03
7.030000000000000000e+02 4.872650000000000546e+03
7.900000000000000000e+01 4.874400000000000546e+03
7.110000000000000000e+02 4.874750000000000000e+03
5.430000000000000000e+02 4.878400000000000546e+03
7.000000000000000000e+00 4.881250000000000000e+03
2.710000000000000000e+02 4.882300000000000182e+03
1.190000000000000000e+02 4.882449999999999818e+03
1.910000000000000000e+02 4.883150000000000546e+03
4.390000000000000000e+02 4.884350000000000364e+03
7.900000000000000000e+01 4.891199999999999818e+03
2.300000000000000000e+01 4.894949999999999818e+03
6.550000000000000000e+02 4.895800000000000182e+03
3.270000000000000000e+02 4.895850000000000364e+03
2.870000000000000000e+02 4.897400000000000546e+03
6.630000000000000000e+02 4.897800000000000182e+03
7.900000000000000000e+01 4.899050000000000182e+03
5.750000000000000000e+02 4.901250000000000000e+03
4.790000000000000000e+02 4.902650000000000546e+03
5.030000000000000000e+02 4.903199999999999818e+03
3.510000000000000000e+02 4.903600000000000364e+03
7.430000000000000000e+02 4.906100000000000364e+03
3.830000000000000000e+02 4.909449999999999818e+03
3.590000000000000000e+02 4.909949999999999818e+03
2.790000000000000000e+02 4.910949999999999818e+03
5.270000000000000000e+02 4.913100000000000364e+03
2.550000000000000000e+02 4.914199999999999818e+03
6.470000000000000000e+02 4.919400000000000546e+03
3.430000000000000000e+02 4.921500000000000000e+03
4.950000000000000000e+02 4.933050000000000182e+03
7.670000000000000000e+02 4.935250000000000000e+03
3.830000000000000000e+02 4.953400000000000546e+03
6.310000000000000000e+02 4.962300000000000182e+03
7.110000000000000000e+02 4.963199999999999818e+03
3.900000000000000000e+01 4.965850000000000364e+03
7.100000000000000000e+01 4.969800000000000182e+03
3.750000000000000000e+02 4.977350000000000364e+03
1.270000000000000000e+02 5.010250000000000000e+03
2.790000000000000000e+02 5.026850000000000364e+03
1.350000000000000000e+02 5.027699999999999818e+03
4.710000000000000000e+02 5.045550000000000182e+03
7.900000000000000000e+01 5.077050000000000182e+03
1.590000000000000000e+02 5.077150000000000546e+03
4.230000000000000000e+02 5.083050000000000182e+03
7.750000000000000000e+02 5.101199999999999818e+03
5.910000000000000000e+02 5.145050000000000182e+03
7.900000000000000000e+01 5.178500000000000000e+03
7.030000000000000000e+02 5.178699999999999818e+03
6.230000000000000000e+02 5.180300000000000182e+03
3.270000000000000000e+02 5.184050000000000182e+03
6.390000000000000000e+02 5.186050000000000182e+03
4.870000000000000000e+02 5.186949999999999818e+03
7.270000000000000000e+02 5.190750000000000000e+03
3.100000000000000000e+01 5.192300000000000182e+03
5.500000000000000000e+01 5.198600000000000364e+03
3.990000000000000000e+02 5.199150000000000546e+03
5.750000000000000000e+02 5.200699999999999818e+03
2.390000000000000000e+02 5.207650000000000546e+03
1.990000000000000000e+02 5.211800000000000182e+03
1.590000000000000000e+02 5.227750000000000000e+03
2.790000000000000000e+02 5.233350000000000364e+03
4.710000000000000000e+02 5.234300000000000182e+03
4.470000000000000000e+02 5.234949999999999818e+03
7.110000000000000000e+02 5.235050000000000182e+03
5.190000000000000000e+02 5.236850000000000364e+03
1.350000000000000000e+02 5.237100000000000364e+03
3.910000000000000000e+02 5.237300000000000182e+03
6.230000000000000000e+02 5.239000000000000000e+03
8.700000000000000000e+01 5.239250000000000000e+03
6.070000000000000000e+02 5.239250000000000000e+03
6.630000000000000000e+02 5.239300000000000182e+03
6.150000000000000000e+02 5.239750000000000000e+03
1.510000000000000000e+02 5.240350000000000364e+03
7.350000000000000000e+02 5.240400000000000546e+03
3.990000000000000000e+02 5.240449999999999818e+03
7.100000000000000000e+01 5.240699999999999818e+03
5.910000000000000000e+02 5.240800000000000182e+03
2.300000000000000000e+01 5.240949999999999818e+03
4.390000000000000000e+02 5.241000000000000000e+03
1.500000000000000000e+01 5.241449999999999818e+03
1.670000000000000000e+02 5.241500000000000000e+03
4.790000000000000000e+02 5.241550000000000182e+03
1.190000000000000000e+02 5.241699999999999818e+03
2.150000000000000000e+02 5.241699999999999818e+03
5.830000000000000000e+02 5.241650000000000546e+03
6.310000000000000000e+02 5.241650000000000546e+03
3.900000000000000000e+01 5.241750000000000000e+03
1.030000000000000000e+02 5.241850000000000364e+03
3.190000000000000000e+02 5.242000000000000000e+03
3.430000000000000000e+02 5.242000000000000000e+03
3.100000000000000000e+01 5.242050000000000182e+03
2.550000000000000000e+02 5.242100000000000364e+03
4.310000000000000000e+02 5.242050000000000182e+03
6.950000000000000000e+02 5.242050000000000182e+03
1.590000000000000000e+02 5.242199999999999818e+03
2.310000000000000000e+02 5.242150000000000546e+03
3.590000000000000000e+02 5.242150000000000546e+03
5.590000000000000000e+02 5.242199999999999818e+03
3.270000000000000000e+02 5.242250000000000000e+03
7.830000000000000000e+02 5.242300000000000182e+03
4.230000000000000000e+02 5.242350000000000364e+03
4.950000000000000000e+02 5.242350000000000364e+03
5.430000000000000000e+02 5.242400000000000546e+03
1.830000000000000000e+02 5.242500000000000000e+03
2.630000000000000000e+02 5.242449999999999818e+03
7.030000000000000000e+02 5.242449999999999818e+03
4.700000000000000000e+01 5.242600000000000364e+03
2.950000000000000000e+02 5.242550000000000182e+03
6.300000000000000000e+01 5.242699999999999818e+03
2.470000000000000000e+02 5.242699999999999818e+03
4.630000000000000000e+02 5.242650000000000546e+03
5.510000000000000000e+02 5.242699999999999818e+03
7.590000000000000000e+02 5.242650000000000546e+03
1.350000000000000000e+02 5.242800000000000182e+03
1.910000000000000000e+02 5.242800000000000182e+03
1.990000000000000000e+02 5.242800000000000182e+03
3.510000000000000000e+02 5.242800000000000182e+03
5.670000000000000000e+02 5.242800000000000182e+03
6.710000000000000000e+02 5.242750000000000000e+03
6.790000000000000000e+02 5.242750000000000000e+03
6.870000000000000000e+02 5.242800000000000182e+03
7.110000000000000000e+02 5.242800000000000182e+03
2.790000000000000000e+02 5.242900000000000546e+03
4.150000000000000000e+02 5.242850000000000364e+03
5.030000000000000000e+02 5.242850000000000364e+03
5.110000000000000000e+02 5.242850000000000364e+03
7.510000000000000000e+02 5.242900000000000546e+03
7.990000000000000000e+02 5.242900000000000546e+03
1.110000000000000000e+02 5.242949999999999818e+03
3.030000000000000000e+02 5.243000000000000000e+03
3.750000000000000000e+02 5.242949999999999818e+03
4.550000000000000000e+02 5.242949999999999818e+03
5.990000000000000000e+02 5.242949999999999818e+03
7.190000000000000000e+02 5.242949999999999818e+03
7.270000000000000000e+02 5.243050000000000182e+03
9.500000000000000000e+01 5.243150000000000546e+03
1.430000000000000000e+02 5.243150000000000546e+03
3.350000000000000000e+02 5.243199999999999818e+03
7.910000000000000000e+02 5.243199999999999818e+03
2.070000000000000000e+02 5.243300000000000182e+03
2.710000000000000000e+02 5.243300000000000182e+03
3.670000000000000000e+02 5.243250000000000000e+03
4.470000000000000000e+02 5.243250000000000000e+03
4.870000000000000000e+02 5.243250000000000000e+03
6.230000000000000000e+02 5.243300000000000182e+03
6.470000000000000000e+02 5.243250000000000000e+03
7.430000000000000000e+02 5.243300000000000182e+03
8.700000000000000000e+01 5.243400000000000546e+03
5.750000000000000000e+02 5.243400000000000546e+03
6.390000000000000000e+02 5.243350000000000364e+03
5.500000000000000000e+01 5.243500000000000000e+03
5.270000000000000000e+02 5.243449999999999818e+03
6.550000000000000000e+02 5.243500000000000000e+03
7.670000000000000000e+02 5.243449999999999818e+03
7.000000000000000000e+00 5.243600000000000364e+03
2.870000000000000000e+02 5.243600000000000364e+03
3.110000000000000000e+02 5.243600000000000364e+03
3.830000000000000000e+02 5.243550000000000182e+03
3.910000000000000000e+02 5.243600000000000364e+03
7.750000000000000000e+02 5.243550000000000182e+03
1.270000000000000000e+02 5.243699999999999818e+03
6.070000000000000000e+02 5.243650000000000546e+03
6.630000000000000000e+02 5.243650000000000546e+03
2.390000000000000000e+02 5.243750000000000000e+03
5.190000000000000000e+02 5.243750000000000000e+03
1.510000000000000000e+02 5.243850000000000364e+03
7.900000000000000000e+01 5.244100000000000364e+03
3.990000000000000000e+02 5.244050000000000182e+03
4.070000000000000000e+02 5.244150000000000546e+03
2.300000000000000000e+01 5.244400000000000546e+03
1.750000000000000000e+02 5.244350000000000364e+03
1.500000000000000000e+01 5.244699999999999818e+03
1.670000000000000000e+02 5.245000000000000000e+03
2.230000000000000000e+02 5.245800000000000182e+03
5.910000000000000000e+02 5.248600000000000364e+03
4.390000000000000000e+02 5.249000000000000000e+03
2.070000000000000000e+02 5.249550000000000182e+03
3.110000000000000000e+02 5.249900000000000546e+03
7.110000000000000000e+02 5.250000000000000000e+03
7.910000000000000000e+02 5.249949999999999818e+03
5.670000000000000000e+02 5.260150000000000546e+03
3.830000000000000000e+02 5.260300000000000182e+03
5.350000000000000000e+02 5.268550000000000182e+03
1.510000000000000000e+02 5.271199999999999818e+03
6.870000000000000000e+02 5.294800000000000182e+03
3.900000000000000000e+01 5.298750000000000000e+03
5.030000000000000000e+02 5.299250000000000000e+03
3.590000000000000000e+02 5.306600000000000364e+03
5.510000000000000000e+02 5.327699999999999818e+03
3.350000000000000000e+02 5.348350000000000364e+03
2.310000000000000000e+02 5.387949999999999818e+03
4.950000000000000000e+02 5.461650000000000546e+03
1.110000000000000000e+02 5.513550000000000182e+03
6.630000000000000000e+02 5.546400000000000546e+03
1.670000000000000000e+02 5.569449999999999818e+03
5.500000000000000000e+01 5.575100000000000364e+03
4.390000000000000000e+02 5.652800000000000182e+03
8.700000000000000000e+01 5.664949999999999818e+03
2.390000000000000000e+02 5.790350000000000364e+03
2.470000000000000000e+02 5.886300000000000182e+03
4.790000000000000000e+02 5.938550000000000182e+03
4.790000000000000000e+02 5.968850000000000364e+03
3.670000000000000000e+02 5.996550000000000182e+03
