1.048000000000000000e+03 1.057500000000000000e+02
9.600000000000000000e+02 1.142999999999999972e+02
1.432000000000000000e+03 2.130500000000000114e+02
1.280000000000000000e+03 2.160000000000000000e+02
1.480000000000000000e+03 2.242000000000000171e+02
1.096000000000000000e+03 2.500500000000000114e+02
1.408000000000000000e+03 2.525000000000000000e+02
1.312000000000000000e+03 2.588500000000000227e+02
1.104000000000000000e+03 2.701499999999999773e+02
9.760000000000000000e+02 2.718999999999999773e+02
1.192000000000000000e+03 2.728500000000000227e+02
1.304000000000000000e+03 2.916999999999999886e+02
1.264000000000000000e+03 3.611999999999999886e+02
8.960000000000000000e+02 3.742500000000000000e+02
1.600000000000000000e+03 4.304499999999999886e+02
8.800000000000000000e+02 4.646999999999999886e+02
1.184000000000000000e+03 4.921000000000000227e+02
1.408000000000000000e+03 4.948500000000000227e+02
1.584000000000000000e+03 5.114499999999999886e+02
8.800000000000000000e+02 5.122999999999999545e+02
1.528000000000000000e+03 5.162999999999999545e+02
9.360000000000000000e+02 5.232999999999999545e+02
1.336000000000000000e+03 5.520500000000000682e+02
1.368000000000000000e+03 5.582000000000000455e+02
1.136000000000000000e+03 5.730500000000000682e+02
8.560000000000000000e+02 5.954500000000000455e+02
1.280000000000000000e+03 5.962000000000000455e+02
1.168000000000000000e+03 5.968500000000000227e+02
1.136000000000000000e+03 6.120000000000000000e+02
9.760000000000000000e+02 6.213999999999999773e+02
1.192000000000000000e+03 6.473000000000000682e+02
1.200000000000000000e+03 6.503999999999999773e+02
9.680000000000000000e+02 6.541000000000000227e+02
1.264000000000000000e+03 6.743500000000000227e+02
1.056000000000000000e+03 6.793999999999999773e+02
8.480000000000000000e+02 6.855500000000000682e+02
9.760000000000000000e+02 6.903999999999999773e+02
1.096000000000000000e+03 6.998000000000000682e+02
1.120000000000000000e+03 7.061499999999999773e+02
1.264000000000000000e+03 7.173000000000000682e+02
1.592000000000000000e+03 7.180500000000000682e+02
1.296000000000000000e+03 7.184500000000000455e+02
9.840000000000000000e+02 7.347500000000000000e+02
1.560000000000000000e+03 7.448500000000000227e+02
1.392000000000000000e+03 8.015500000000000682e+02
8.240000000000000000e+02 8.250500000000000682e+02
1.344000000000000000e+03 8.323999999999999773e+02
1.144000000000000000e+03 8.432000000000000455e+02
1.496000000000000000e+03 8.474500000000000455e+02
1.424000000000000000e+03 8.557000000000000455e+02
9.040000000000000000e+02 8.677000000000000455e+02
1.040000000000000000e+03 8.824500000000000455e+02
1.568000000000000000e+03 9.081499999999999773e+02
1.232000000000000000e+03 9.263999999999999773e+02
1.112000000000000000e+03 9.708000000000000682e+02
1.120000000000000000e+03 9.812000000000000455e+02
1.304000000000000000e+03 9.823999999999999773e+02
1.528000000000000000e+03 1.027650000000000091e+03
9.920000000000000000e+02 1.035049999999999955e+03
1.168000000000000000e+03 1.051299999999999955e+03
8.160000000000000000e+02 1.068900000000000091e+03
1.176000000000000000e+03 1.072799999999999955e+03
1.112000000000000000e+03 1.076799999999999955e+03
9.840000000000000000e+02 1.087700000000000045e+03
8.640000000000000000e+02 1.088349999999999909e+03
1.144000000000000000e+03 1.141200000000000045e+03
1.264000000000000000e+03 1.146400000000000091e+03
1.064000000000000000e+03 1.152049999999999955e+03
1.336000000000000000e+03 1.155500000000000000e+03
1.008000000000000000e+03 1.157299999999999955e+03
1.280000000000000000e+03 1.160700000000000045e+03
1.320000000000000000e+03 1.161900000000000091e+03
9.040000000000000000e+02 1.224000000000000000e+03
9.840000000000000000e+02 1.259049999999999955e+03
9.360000000000000000e+02 1.263500000000000000e+03
1.480000000000000000e+03 1.269650000000000091e+03
1.112000000000000000e+03 1.270900000000000091e+03
1.528000000000000000e+03 1.275250000000000000e+03
8.800000000000000000e+02 1.313799999999999955e+03
1.464000000000000000e+03 1.340950000000000045e+03
1.344000000000000000e+03 1.371250000000000000e+03
1.520000000000000000e+03 1.376600000000000136e+03
1.368000000000000000e+03 1.388799999999999955e+03
1.264000000000000000e+03 1.391049999999999955e+03
1.496000000000000000e+03 1.433400000000000091e+03
9.440000000000000000e+02 1.436549999999999955e+03
1.312000000000000000e+03 1.475150000000000091e+03
8.160000000000000000e+02 1.502350000000000136e+03
1.248000000000000000e+03 1.511750000000000000e+03
1.016000000000000000e+03 1.515900000000000091e+03
1.528000000000000000e+03 1.522700000000000045e+03
1.336000000000000000e+03 1.546100000000000136e+03
1.360000000000000000e+03 1.546750000000000000e+03
1.232000000000000000e+03 1.555500000000000000e+03
1.104000000000000000e+03 1.560299999999999955e+03
1.360000000000000000e+03 1.578049999999999955e+03
1.504000000000000000e+03 1.585650000000000091e+03
1.448000000000000000e+03 1.623350000000000136e+03
9.680000000000000000e+02 1.638799999999999955e+03
1.128000000000000000e+03 1.673049999999999955e+03
1.448000000000000000e+03 1.677049999999999955e+03
1.376000000000000000e+03 1.712500000000000000e+03
1.216000000000000000e+03 1.780400000000000091e+03
1.056000000000000000e+03 1.790650000000000091e+03
1.544000000000000000e+03 1.818900000000000091e+03
8.320000000000000000e+02 1.846700000000000045e+03
1.200000000000000000e+03 1.936299999999999955e+03
1.296000000000000000e+03 1.957350000000000136e+03
1.408000000000000000e+03 1.961900000000000091e+03
1.432000000000000000e+03 2.001799999999999955e+03
1.424000000000000000e+03 2.014600000000000136e+03
1.096000000000000000e+03 2.016000000000000000e+03
1.392000000000000000e+03 2.016100000000000136e+03
1.320000000000000000e+03 2.017950000000000045e+03
1.464000000000000000e+03 2.025400000000000091e+03
1.088000000000000000e+03 2.026700000000000045e+03
1.416000000000000000e+03 2.053849999999999909e+03
1.424000000000000000e+03 2.068199999999999818e+03
1.184000000000000000e+03 2.137500000000000000e+03
1.384000000000000000e+03 2.172550000000000182e+03
1.392000000000000000e+03 2.187200000000000273e+03
1.536000000000000000e+03 2.197000000000000000e+03
1.312000000000000000e+03 2.243650000000000091e+03
1.512000000000000000e+03 2.273550000000000182e+03
1.392000000000000000e+03 2.291500000000000000e+03
1.472000000000000000e+03 2.293800000000000182e+03
1.136000000000000000e+03 2.300900000000000091e+03
1.280000000000000000e+03 2.316700000000000273e+03
1.392000000000000000e+03 2.354700000000000273e+03
1.584000000000000000e+03 2.366099999999999909e+03
1.176000000000000000e+03 2.378599999999999909e+03
1.184000000000000000e+03 2.391599999999999909e+03
1.016000000000000000e+03 2.397849999999999909e+03
1.184000000000000000e+03 2.427500000000000000e+03
1.136000000000000000e+03 2.435950000000000273e+03
1.232000000000000000e+03 2.452500000000000000e+03
1.144000000000000000e+03 2.453200000000000273e+03
1.192000000000000000e+03 2.475300000000000182e+03
1.216000000000000000e+03 2.480950000000000273e+03
1.008000000000000000e+03 2.502500000000000000e+03
9.200000000000000000e+02 2.508650000000000091e+03
8.080000000000000000e+02 2.519400000000000091e+03
9.840000000000000000e+02 2.519950000000000273e+03
1.072000000000000000e+03 2.531099999999999909e+03
1.400000000000000000e+03 2.541200000000000273e+03
1.544000000000000000e+03 2.569250000000000000e+03
9.600000000000000000e+02 2.575800000000000182e+03
1.176000000000000000e+03 2.577300000000000182e+03
1.088000000000000000e+03 2.579849999999999909e+03
1.344000000000000000e+03 2.594650000000000091e+03
1.480000000000000000e+03 2.598200000000000273e+03
9.600000000000000000e+02 2.604849999999999909e+03
9.280000000000000000e+02 2.616099999999999909e+03
8.880000000000000000e+02 2.618550000000000182e+03
1.304000000000000000e+03 2.637750000000000000e+03
1.160000000000000000e+03 2.640400000000000091e+03
1.088000000000000000e+03 2.705150000000000091e+03
1.152000000000000000e+03 2.728050000000000182e+03
1.456000000000000000e+03 2.744800000000000182e+03
1.576000000000000000e+03 2.754849999999999909e+03
1.032000000000000000e+03 2.792500000000000000e+03
1.152000000000000000e+03 2.794200000000000273e+03
1.568000000000000000e+03 2.794800000000000182e+03
8.720000000000000000e+02 2.823950000000000273e+03
9.360000000000000000e+02 2.866950000000000273e+03
1.216000000000000000e+03 2.925800000000000182e+03
1.408000000000000000e+03 2.930849999999999909e+03
1.080000000000000000e+03 2.947650000000000091e+03
1.104000000000000000e+03 2.951099999999999909e+03
9.760000000000000000e+02 2.969200000000000273e+03
8.320000000000000000e+02 2.969349999999999909e+03
1.256000000000000000e+03 2.974099999999999909e+03
1.176000000000000000e+03 2.986300000000000182e+03
1.248000000000000000e+03 3.431800000000000182e+03
8.240000000000000000e+02 3.459349999999999909e+03
1.256000000000000000e+03 3.499700000000000273e+03
1.528000000000000000e+03 3.528849999999999909e+03
1.552000000000000000e+03 3.532599999999999909e+03
1.200000000000000000e+03 3.538450000000000273e+03
1.088000000000000000e+03 3.545099999999999909e+03
1.240000000000000000e+03 3.548000000000000000e+03
1.072000000000000000e+03 3.555700000000000273e+03
1.128000000000000000e+03 3.574950000000000273e+03
9.920000000000000000e+02 3.591800000000000182e+03
1.176000000000000000e+03 3.596500000000000000e+03
9.360000000000000000e+02 3.597050000000000182e+03
1.440000000000000000e+03 3.597050000000000182e+03
1.312000000000000000e+03 3.597300000000000182e+03
1.256000000000000000e+03 3.616450000000000273e+03
1.296000000000000000e+03 3.624050000000000182e+03
1.176000000000000000e+03 3.713200000000000273e+03
9.680000000000000000e+02 3.741400000000000091e+03
1.040000000000000000e+03 3.752500000000000000e+03
9.680000000000000000e+02 3.759500000000000000e+03
1.440000000000000000e+03 3.775400000000000091e+03
1.336000000000000000e+03 3.804349999999999909e+03
1.296000000000000000e+03 3.807650000000000091e+03
1.160000000000000000e+03 3.812000000000000000e+03
1.472000000000000000e+03 3.825900000000000091e+03
1.416000000000000000e+03 3.836550000000000182e+03
8.400000000000000000e+02 3.856150000000000091e+03
1.024000000000000000e+03 3.875349999999999909e+03
1.144000000000000000e+03 3.883300000000000182e+03
1.256000000000000000e+03 3.896150000000000091e+03
1.392000000000000000e+03 3.896950000000000273e+03
9.520000000000000000e+02 3.902849999999999909e+03
1.160000000000000000e+03 3.910200000000000273e+03
9.200000000000000000e+02 3.922750000000000000e+03
1.064000000000000000e+03 3.931599999999999909e+03
9.360000000000000000e+02 3.935550000000000182e+03
1.048000000000000000e+03 3.982000000000000000e+03
1.400000000000000000e+03 3.983800000000000182e+03
1.096000000000000000e+03 3.984050000000000182e+03
1.064000000000000000e+03 3.985200000000000273e+03
9.280000000000000000e+02 3.987849999999999909e+03
1.576000000000000000e+03 3.991200000000000273e+03
8.800000000000000000e+02 4.005099999999999909e+03
1.096000000000000000e+03 4.021450000000000273e+03
1.312000000000000000e+03 4.086800000000000182e+03
1.208000000000000000e+03 4.090050000000000182e+03
1.424000000000000000e+03 4.099949999999999818e+03
9.280000000000000000e+02 4.129899999999999636e+03
9.360000000000000000e+02 4.159899999999999636e+03
1.432000000000000000e+03 4.194300000000000182e+03
1.520000000000000000e+03 4.195899999999999636e+03
1.176000000000000000e+03 4.196899999999999636e+03
1.568000000000000000e+03 4.199600000000000364e+03
1.504000000000000000e+03 4.211699999999999818e+03
1.304000000000000000e+03 4.213000000000000000e+03
1.200000000000000000e+03 4.223149999999999636e+03
1.184000000000000000e+03 4.288500000000000000e+03
1.008000000000000000e+03 4.332850000000000364e+03
9.600000000000000000e+02 4.346899999999999636e+03
8.960000000000000000e+02 4.362149999999999636e+03
1.072000000000000000e+03 4.369250000000000000e+03
8.560000000000000000e+02 4.447250000000000000e+03
8.080000000000000000e+02 4.464699999999999818e+03
1.152000000000000000e+03 4.496100000000000364e+03
1.320000000000000000e+03 4.506050000000000182e+03
1.376000000000000000e+03 4.532550000000000182e+03
8.960000000000000000e+02 4.542850000000000364e+03
1.344000000000000000e+03 4.549050000000000182e+03
8.400000000000000000e+02 4.553500000000000000e+03
1.112000000000000000e+03 4.626150000000000546e+03
1.192000000000000000e+03 4.641949999999999818e+03
1.320000000000000000e+03 4.648900000000000546e+03
1.384000000000000000e+03 4.801400000000000546e+03
1.320000000000000000e+03 4.811400000000000546e+03
9.040000000000000000e+02 4.839199999999999818e+03
9.440000000000000000e+02 4.859000000000000000e+03
1.088000000000000000e+03 4.860750000000000000e+03
9.360000000000000000e+02 4.861800000000000182e+03
1.184000000000000000e+03 4.870650000000000546e+03
8.880000000000000000e+02 4.881400000000000546e+03
1.040000000000000000e+03 4.885400000000000546e+03
1.376000000000000000e+03 4.912800000000000182e+03
8.880000000000000000e+02 5.050900000000000546e+03
1.376000000000000000e+03 5.052600000000000364e+03
1.320000000000000000e+03 5.089150000000000546e+03
9.440000000000000000e+02 5.102949999999999818e+03
1.400000000000000000e+03 5.127650000000000546e+03
1.312000000000000000e+03 5.162800000000000182e+03
8.560000000000000000e+02 5.188150000000000546e+03
8.160000000000000000e+02 5.188300000000000182e+03
1.520000000000000000e+03 5.189550000000000182e+03
8.320000000000000000e+02 5.214650000000000546e+03
1.072000000000000000e+03 5.223600000000000364e+03
8.640000000000000000e+02 5.264500000000000000e+03
1.152000000000000000e+03 5.265000000000000000e+03
1.592000000000000000e+03 5.403400000000000546e+03
1.376000000000000000e+03 5.505300000000000182e+03
1.512000000000000000e+03 5.513699999999999818e+03
1.560000000000000000e+03 5.515400000000000546e+03
9.680000000000000000e+02 5.605449999999999818e+03
9.200000000000000000e+02 5.614300000000000182e+03
1.112000000000000000e+03 5.753850000000000364e+03
1.312000000000000000e+03 5.795900000000000546e+03
1.256000000000000000e+03 5.799650000000000546e+03
9.360000000000000000e+02 5.835400000000000546e+03
1.352000000000000000e+03 5.847050000000000182e+03
1.584000000000000000e+03 5.847949999999999818e+03
1.097000000000000000e+03 1.012500000000000000e+02
9.850000000000000000e+02 1.137999999999999972e+02
1.041000000000000000e+03 1.527500000000000000e+02
1.017000000000000000e+03 1.807500000000000000e+02
1.473000000000000000e+03 2.065999999999999943e+02
1.361000000000000000e+03 2.883000000000000114e+02
9.050000000000000000e+02 2.913000000000000114e+02
1.241000000000000000e+03 2.953000000000000114e+02
9.050000000000000000e+02 3.089499999999999886e+02
1.553000000000000000e+03 3.181000000000000227e+02
8.010000000000000000e+02 3.219499999999999886e+02
1.481000000000000000e+03 3.601500000000000341e+02
1.273000000000000000e+03 3.865500000000000114e+02
1.409000000000000000e+03 4.009499999999999886e+02
1.161000000000000000e+03 4.123500000000000227e+02
9.130000000000000000e+02 4.143500000000000227e+02
1.065000000000000000e+03 4.460500000000000114e+02
8.090000000000000000e+02 4.576000000000000227e+02
1.321000000000000000e+03 4.804000000000000341e+02
1.265000000000000000e+03 4.805000000000000000e+02
1.057000000000000000e+03 5.038500000000000227e+02
1.169000000000000000e+03 5.240499999999999545e+02
1.249000000000000000e+03 5.477000000000000455e+02
1.201000000000000000e+03 5.490500000000000682e+02
8.250000000000000000e+02 5.523000000000000682e+02
8.410000000000000000e+02 5.627000000000000455e+02
1.241000000000000000e+03 5.653999999999999773e+02
1.009000000000000000e+03 5.693000000000000682e+02
8.170000000000000000e+02 6.020500000000000682e+02
1.569000000000000000e+03 6.148000000000000682e+02
1.289000000000000000e+03 6.378000000000000682e+02
1.313000000000000000e+03 6.397500000000000000e+02
1.073000000000000000e+03 6.766000000000000227e+02
8.330000000000000000e+02 6.912500000000000000e+02
1.273000000000000000e+03 7.098999999999999773e+02
1.289000000000000000e+03 7.135000000000000000e+02
1.585000000000000000e+03 7.313000000000000682e+02
1.529000000000000000e+03 7.456000000000000227e+02
9.290000000000000000e+02 7.491499999999999773e+02
8.010000000000000000e+02 7.652500000000000000e+02
8.090000000000000000e+02 7.753500000000000227e+02
8.490000000000000000e+02 7.763999999999999773e+02
1.025000000000000000e+03 7.870000000000000000e+02
1.417000000000000000e+03 8.375500000000000682e+02
8.730000000000000000e+02 8.579500000000000455e+02
1.185000000000000000e+03 8.611000000000000227e+02
9.530000000000000000e+02 8.865000000000000000e+02
1.233000000000000000e+03 8.899500000000000455e+02
1.465000000000000000e+03 9.521000000000000227e+02
1.265000000000000000e+03 9.587000000000000455e+02
1.193000000000000000e+03 1.003149999999999977e+03
1.361000000000000000e+03 1.053750000000000000e+03
1.001000000000000000e+03 1.054549999999999955e+03
8.010000000000000000e+02 1.055000000000000000e+03
1.497000000000000000e+03 1.058400000000000091e+03
1.177000000000000000e+03 1.069549999999999955e+03
1.361000000000000000e+03 1.095450000000000045e+03
8.570000000000000000e+02 1.101700000000000045e+03
9.050000000000000000e+02 1.102700000000000045e+03
1.449000000000000000e+03 1.146100000000000136e+03
1.129000000000000000e+03 1.167850000000000136e+03
1.233000000000000000e+03 1.193950000000000045e+03
1.569000000000000000e+03 1.210350000000000136e+03
9.930000000000000000e+02 1.222700000000000045e+03
8.970000000000000000e+02 1.232400000000000091e+03
1.041000000000000000e+03 1.246500000000000000e+03
1.193000000000000000e+03 1.251049999999999955e+03
9.930000000000000000e+02 1.283350000000000136e+03
1.449000000000000000e+03 1.292100000000000136e+03
1.073000000000000000e+03 1.340700000000000045e+03
1.009000000000000000e+03 1.367200000000000045e+03
8.570000000000000000e+02 1.374500000000000000e+03
8.330000000000000000e+02 1.394150000000000091e+03
9.210000000000000000e+02 1.435400000000000091e+03
1.273000000000000000e+03 1.447799999999999955e+03
1.577000000000000000e+03 1.453850000000000136e+03
1.265000000000000000e+03 1.459400000000000091e+03
8.810000000000000000e+02 1.471450000000000045e+03
1.265000000000000000e+03 1.482900000000000091e+03
1.457000000000000000e+03 1.484600000000000136e+03
1.345000000000000000e+03 1.498850000000000136e+03
1.297000000000000000e+03 1.499299999999999955e+03
1.257000000000000000e+03 1.525549999999999955e+03
1.433000000000000000e+03 1.543650000000000091e+03
1.585000000000000000e+03 1.544299999999999955e+03
8.410000000000000000e+02 1.565299999999999955e+03
1.089000000000000000e+03 1.567600000000000136e+03
1.593000000000000000e+03 1.567850000000000136e+03
1.129000000000000000e+03 1.602549999999999955e+03
1.537000000000000000e+03 1.604850000000000136e+03
1.201000000000000000e+03 1.605000000000000000e+03
1.313000000000000000e+03 1.607049999999999955e+03
1.281000000000000000e+03 1.647350000000000136e+03
1.001000000000000000e+03 1.648299999999999955e+03
8.970000000000000000e+02 1.672700000000000045e+03
8.170000000000000000e+02 1.697200000000000045e+03
1.057000000000000000e+03 1.781900000000000091e+03
1.401000000000000000e+03 1.785850000000000136e+03
1.345000000000000000e+03 1.816350000000000136e+03
1.353000000000000000e+03 1.839350000000000136e+03
1.201000000000000000e+03 1.848450000000000045e+03
1.233000000000000000e+03 1.865100000000000136e+03
1.129000000000000000e+03 1.874450000000000045e+03
1.329000000000000000e+03 1.876700000000000045e+03
1.017000000000000000e+03 1.922450000000000045e+03
1.089000000000000000e+03 1.932450000000000045e+03
1.481000000000000000e+03 1.954900000000000091e+03
1.577000000000000000e+03 1.958100000000000136e+03
1.385000000000000000e+03 1.972150000000000091e+03
8.250000000000000000e+02 1.973450000000000045e+03
1.353000000000000000e+03 1.990350000000000136e+03
1.065000000000000000e+03 2.019549999999999955e+03
1.425000000000000000e+03 2.066900000000000091e+03
1.089000000000000000e+03 2.072099999999999909e+03
1.361000000000000000e+03 2.090800000000000182e+03
8.410000000000000000e+02 2.099199999999999818e+03
8.570000000000000000e+02 2.108599999999999909e+03
8.490000000000000000e+02 2.109150000000000091e+03
1.481000000000000000e+03 2.113750000000000000e+03
9.130000000000000000e+02 2.117800000000000182e+03
1.553000000000000000e+03 2.133150000000000091e+03
1.457000000000000000e+03 2.134000000000000000e+03
1.393000000000000000e+03 2.147900000000000091e+03
1.433000000000000000e+03 2.152099999999999909e+03
1.345000000000000000e+03 2.167900000000000091e+03
1.201000000000000000e+03 2.174650000000000091e+03
1.049000000000000000e+03 2.180949999999999818e+03
1.593000000000000000e+03 2.189750000000000000e+03
1.065000000000000000e+03 2.193300000000000182e+03
1.401000000000000000e+03 2.196750000000000000e+03
1.225000000000000000e+03 2.207599999999999909e+03
1.001000000000000000e+03 2.234200000000000273e+03
1.249000000000000000e+03 2.267700000000000273e+03
9.930000000000000000e+02 2.273150000000000091e+03
1.337000000000000000e+03 2.313900000000000091e+03
9.450000000000000000e+02 2.384250000000000000e+03
8.090000000000000000e+02 2.403000000000000000e+03
1.553000000000000000e+03 2.408050000000000182e+03
1.089000000000000000e+03 2.430099999999999909e+03
1.393000000000000000e+03 2.452900000000000091e+03
1.537000000000000000e+03 2.456550000000000182e+03
8.170000000000000000e+02 2.474900000000000091e+03
9.850000000000000000e+02 2.478550000000000182e+03
9.050000000000000000e+02 2.481550000000000182e+03
1.065000000000000000e+03 2.491950000000000273e+03
1.313000000000000000e+03 2.496950000000000273e+03
1.249000000000000000e+03 2.498550000000000182e+03
1.153000000000000000e+03 2.511450000000000273e+03
8.650000000000000000e+02 2.512750000000000000e+03
1.097000000000000000e+03 2.520050000000000182e+03
8.650000000000000000e+02 2.524450000000000273e+03
1.121000000000000000e+03 2.538700000000000273e+03
1.577000000000000000e+03 2.568700000000000273e+03
8.010000000000000000e+02 2.582400000000000091e+03
1.209000000000000000e+03 2.583700000000000273e+03
1.385000000000000000e+03 2.593900000000000091e+03
9.130000000000000000e+02 2.608700000000000273e+03
1.233000000000000000e+03 2.612849999999999909e+03
1.433000000000000000e+03 2.633200000000000273e+03
9.770000000000000000e+02 2.634599999999999909e+03
1.473000000000000000e+03 2.643250000000000000e+03
1.289000000000000000e+03 2.647450000000000273e+03
1.169000000000000000e+03 2.648750000000000000e+03
1.513000000000000000e+03 2.671099999999999909e+03
1.441000000000000000e+03 2.680950000000000273e+03
1.553000000000000000e+03 2.694250000000000000e+03
1.001000000000000000e+03 2.730200000000000273e+03
1.593000000000000000e+03 2.735849999999999909e+03
1.217000000000000000e+03 2.745599999999999909e+03
1.553000000000000000e+03 2.750650000000000091e+03
1.041000000000000000e+03 2.767099999999999909e+03
1.585000000000000000e+03 2.795800000000000182e+03
1.457000000000000000e+03 2.804099999999999909e+03
1.225000000000000000e+03 2.810800000000000182e+03
8.970000000000000000e+02 2.811700000000000273e+03
9.770000000000000000e+02 2.812000000000000000e+03
1.185000000000000000e+03 2.814150000000000091e+03
1.577000000000000000e+03 2.816150000000000091e+03
1.169000000000000000e+03 2.816300000000000182e+03
1.321000000000000000e+03 2.820500000000000000e+03
1.217000000000000000e+03 2.821300000000000182e+03
1.545000000000000000e+03 2.821400000000000091e+03
9.610000000000000000e+02 2.832849999999999909e+03
1.489000000000000000e+03 2.849050000000000182e+03
1.313000000000000000e+03 2.855650000000000091e+03
1.273000000000000000e+03 2.862150000000000091e+03
1.249000000000000000e+03 2.884500000000000000e+03
1.369000000000000000e+03 2.894200000000000273e+03
1.145000000000000000e+03 2.904800000000000182e+03
1.521000000000000000e+03 2.905800000000000182e+03
1.329000000000000000e+03 2.943250000000000000e+03
1.225000000000000000e+03 2.955849999999999909e+03
8.570000000000000000e+02 2.962700000000000273e+03
1.025000000000000000e+03 2.968849999999999909e+03
1.361000000000000000e+03 2.975550000000000182e+03
1.113000000000000000e+03 3.380650000000000091e+03
1.329000000000000000e+03 3.419800000000000182e+03
1.337000000000000000e+03 3.512650000000000091e+03
1.321000000000000000e+03 3.514700000000000273e+03
1.289000000000000000e+03 3.537050000000000182e+03
1.249000000000000000e+03 3.562150000000000091e+03
1.545000000000000000e+03 3.564800000000000182e+03
1.273000000000000000e+03 3.573349999999999909e+03
1.465000000000000000e+03 3.573500000000000000e+03
1.153000000000000000e+03 3.577550000000000182e+03
1.521000000000000000e+03 3.597599999999999909e+03
8.410000000000000000e+02 3.720050000000000182e+03
1.249000000000000000e+03 3.813500000000000000e+03
9.690000000000000000e+02 3.835849999999999909e+03
1.337000000000000000e+03 3.859700000000000273e+03
1.305000000000000000e+03 3.861500000000000000e+03
1.201000000000000000e+03 3.862400000000000091e+03
1.321000000000000000e+03 3.884050000000000182e+03
9.530000000000000000e+02 3.891000000000000000e+03
1.401000000000000000e+03 3.903800000000000182e+03
9.050000000000000000e+02 3.941000000000000000e+03
1.305000000000000000e+03 3.947050000000000182e+03
9.930000000000000000e+02 3.957050000000000182e+03
1.113000000000000000e+03 3.968349999999999909e+03
1.545000000000000000e+03 3.982599999999999909e+03
1.137000000000000000e+03 4.013700000000000273e+03
1.073000000000000000e+03 4.096699999999999818e+03
8.730000000000000000e+02 4.103350000000000364e+03
1.081000000000000000e+03 4.113449999999999818e+03
1.161000000000000000e+03 4.139300000000000182e+03
1.513000000000000000e+03 4.148649999999999636e+03
1.049000000000000000e+03 4.151350000000000364e+03
1.121000000000000000e+03 4.165949999999999818e+03
1.465000000000000000e+03 4.182300000000000182e+03
1.201000000000000000e+03 4.187949999999999818e+03
1.017000000000000000e+03 4.188100000000000364e+03
1.409000000000000000e+03 4.189850000000000364e+03
9.850000000000000000e+02 4.195949999999999818e+03
1.177000000000000000e+03 4.209100000000000364e+03
1.145000000000000000e+03 4.213500000000000000e+03
1.393000000000000000e+03 4.215250000000000000e+03
9.130000000000000000e+02 4.219000000000000000e+03
1.353000000000000000e+03 4.237500000000000000e+03
1.113000000000000000e+03 4.239899999999999636e+03
9.930000000000000000e+02 4.242500000000000000e+03
1.329000000000000000e+03 4.264699999999999818e+03
9.370000000000000000e+02 4.270750000000000000e+03
8.890000000000000000e+02 4.285800000000000182e+03
8.890000000000000000e+02 4.308399999999999636e+03
1.369000000000000000e+03 4.309600000000000364e+03
8.570000000000000000e+02 4.351699999999999818e+03
1.177000000000000000e+03 4.352300000000000182e+03
1.073000000000000000e+03 4.465550000000000182e+03
1.329000000000000000e+03 4.497300000000000182e+03
1.505000000000000000e+03 4.508050000000000182e+03
1.081000000000000000e+03 4.508800000000000182e+03
1.457000000000000000e+03 4.529300000000000182e+03
1.553000000000000000e+03 4.549350000000000364e+03
1.593000000000000000e+03 4.555699999999999818e+03
1.513000000000000000e+03 4.608100000000000364e+03
9.210000000000000000e+02 4.609850000000000364e+03
1.129000000000000000e+03 4.633550000000000182e+03
1.153000000000000000e+03 4.641800000000000182e+03
1.377000000000000000e+03 4.644250000000000000e+03
1.497000000000000000e+03 4.759300000000000182e+03
1.009000000000000000e+03 4.771699999999999818e+03
1.337000000000000000e+03 4.805000000000000000e+03
1.505000000000000000e+03 4.847150000000000546e+03
8.010000000000000000e+02 4.852350000000000364e+03
1.121000000000000000e+03 4.889850000000000364e+03
1.057000000000000000e+03 4.925900000000000546e+03
1.457000000000000000e+03 5.009699999999999818e+03
1.113000000000000000e+03 5.090600000000000364e+03
1.449000000000000000e+03 5.097100000000000364e+03
1.345000000000000000e+03 5.107550000000000182e+03
1.561000000000000000e+03 5.154250000000000000e+03
1.209000000000000000e+03 5.166400000000000546e+03
8.330000000000000000e+02 5.174600000000000364e+03
1.353000000000000000e+03 5.185300000000000182e+03
9.450000000000000000e+02 5.186550000000000182e+03
1.057000000000000000e+03 5.186850000000000364e+03
1.305000000000000000e+03 5.224500000000000000e+03
1.113000000000000000e+03 5.243850000000000364e+03
9.930000000000000000e+02 5.354900000000000546e+03
8.810000000000000000e+02 5.386699999999999818e+03
1.489000000000000000e+03 5.405449999999999818e+03
1.585000000000000000e+03 5.513350000000000364e+03
1.017000000000000000e+03 5.554449999999999818e+03
8.810000000000000000e+02 5.701300000000000182e+03
1.001000000000000000e+03 5.743650000000000546e+03
1.513000000000000000e+03 5.889550000000000182e+03
1.506000000000000000e+03 1.310000000000000000e+02
9.780000000000000000e+02 1.563000000000000114e+02
1.074000000000000000e+03 1.648499999999999943e+02
1.122000000000000000e+03 1.884000000000000057e+02
1.074000000000000000e+03 1.944500000000000171e+02
1.522000000000000000e+03 1.975500000000000114e+02
1.282000000000000000e+03 2.000000000000000000e+02
8.820000000000000000e+02 2.115999999999999943e+02
1.354000000000000000e+03 2.183000000000000114e+02
1.186000000000000000e+03 2.225999999999999943e+02
1.394000000000000000e+03 2.402500000000000000e+02
8.420000000000000000e+02 2.557000000000000171e+02
1.578000000000000000e+03 2.587500000000000000e+02
9.700000000000000000e+02 2.710500000000000114e+02
1.146000000000000000e+03 2.736500000000000341e+02
8.820000000000000000e+02 2.745000000000000000e+02
1.570000000000000000e+03 2.802500000000000000e+02
1.330000000000000000e+03 2.907500000000000000e+02
9.540000000000000000e+02 2.982500000000000000e+02
1.546000000000000000e+03 3.021999999999999886e+02
8.740000000000000000e+02 3.228500000000000227e+02
9.780000000000000000e+02 3.439000000000000341e+02
1.010000000000000000e+03 3.603500000000000227e+02
8.980000000000000000e+02 3.608500000000000227e+02
1.058000000000000000e+03 3.699499999999999886e+02
1.274000000000000000e+03 3.759499999999999886e+02
1.314000000000000000e+03 3.988500000000000227e+02
8.900000000000000000e+02 4.501500000000000341e+02
1.122000000000000000e+03 4.561999999999999886e+02
1.442000000000000000e+03 4.681500000000000341e+02
1.426000000000000000e+03 4.901000000000000227e+02
1.298000000000000000e+03 5.523999999999999773e+02
9.780000000000000000e+02 5.676000000000000227e+02
1.130000000000000000e+03 5.768500000000000227e+02
1.434000000000000000e+03 5.980500000000000682e+02
1.522000000000000000e+03 6.151499999999999773e+02
8.740000000000000000e+02 6.211499999999999773e+02
1.090000000000000000e+03 6.223999999999999773e+02
8.420000000000000000e+02 6.286499999999999773e+02
9.700000000000000000e+02 6.372500000000000000e+02
1.562000000000000000e+03 6.532500000000000000e+02
9.620000000000000000e+02 6.776499999999999773e+02
1.402000000000000000e+03 6.838999999999999773e+02
1.434000000000000000e+03 6.938999999999999773e+02
1.386000000000000000e+03 7.058500000000000227e+02
1.202000000000000000e+03 7.159500000000000455e+02
9.940000000000000000e+02 7.398000000000000682e+02
8.500000000000000000e+02 7.733000000000000682e+02
8.580000000000000000e+02 7.738999999999999773e+02
8.340000000000000000e+02 7.822000000000000455e+02
1.226000000000000000e+03 7.938500000000000227e+02
9.540000000000000000e+02 8.043000000000000682e+02
1.146000000000000000e+03 8.238000000000000682e+02
1.298000000000000000e+03 8.241000000000000227e+02
1.122000000000000000e+03 8.246000000000000227e+02
1.322000000000000000e+03 8.263999999999999773e+02
1.186000000000000000e+03 8.310500000000000682e+02
1.418000000000000000e+03 8.322500000000000000e+02
1.426000000000000000e+03 8.517500000000000000e+02
1.202000000000000000e+03 8.805000000000000000e+02
1.026000000000000000e+03 8.927000000000000455e+02
1.242000000000000000e+03 8.958500000000000227e+02
1.410000000000000000e+03 9.038999999999999773e+02
1.450000000000000000e+03 9.711499999999999773e+02
1.570000000000000000e+03 9.737500000000000000e+02
9.380000000000000000e+02 1.025000000000000000e+03
1.162000000000000000e+03 1.075900000000000091e+03
1.482000000000000000e+03 1.088299999999999955e+03
1.474000000000000000e+03 1.091150000000000091e+03
1.026000000000000000e+03 1.097600000000000136e+03
1.146000000000000000e+03 1.133200000000000045e+03
1.290000000000000000e+03 1.134600000000000136e+03
1.394000000000000000e+03 1.137700000000000045e+03
9.140000000000000000e+02 1.144500000000000000e+03
1.050000000000000000e+03 1.187900000000000091e+03
1.210000000000000000e+03 1.192700000000000045e+03
1.546000000000000000e+03 1.202150000000000091e+03
1.538000000000000000e+03 1.206299999999999955e+03
8.980000000000000000e+02 1.220950000000000045e+03
1.202000000000000000e+03 1.222250000000000000e+03
1.066000000000000000e+03 1.236700000000000045e+03
1.370000000000000000e+03 1.298600000000000136e+03
1.466000000000000000e+03 1.314400000000000091e+03
1.410000000000000000e+03 1.360900000000000091e+03
1.154000000000000000e+03 1.409900000000000091e+03
1.338000000000000000e+03 1.421950000000000045e+03
8.660000000000000000e+02 1.463500000000000000e+03
1.186000000000000000e+03 1.511700000000000045e+03
1.442000000000000000e+03 1.515299999999999955e+03
1.018000000000000000e+03 1.521900000000000091e+03
1.594000000000000000e+03 1.530549999999999955e+03
8.020000000000000000e+02 1.560100000000000136e+03
1.346000000000000000e+03 1.576549999999999955e+03
9.540000000000000000e+02 1.600950000000000045e+03
9.860000000000000000e+02 1.606750000000000000e+03
1.266000000000000000e+03 1.608650000000000091e+03
1.298000000000000000e+03 1.613450000000000045e+03
1.146000000000000000e+03 1.618650000000000091e+03
1.594000000000000000e+03 1.630299999999999955e+03
1.218000000000000000e+03 1.630700000000000045e+03
9.780000000000000000e+02 1.654200000000000045e+03
1.250000000000000000e+03 1.680950000000000045e+03
1.202000000000000000e+03 1.712500000000000000e+03
1.554000000000000000e+03 1.729450000000000045e+03
1.290000000000000000e+03 1.733299999999999955e+03
9.700000000000000000e+02 1.769350000000000136e+03
1.362000000000000000e+03 1.779200000000000045e+03
1.042000000000000000e+03 1.784500000000000000e+03
1.138000000000000000e+03 1.792400000000000091e+03
9.780000000000000000e+02 1.815500000000000000e+03
1.090000000000000000e+03 1.850450000000000045e+03
8.180000000000000000e+02 1.867100000000000136e+03
1.026000000000000000e+03 1.885049999999999955e+03
1.282000000000000000e+03 1.902299999999999955e+03
1.594000000000000000e+03 1.933450000000000045e+03
9.460000000000000000e+02 1.941750000000000000e+03
8.420000000000000000e+02 1.943250000000000000e+03
1.562000000000000000e+03 1.943600000000000136e+03
1.546000000000000000e+03 1.943900000000000091e+03
1.106000000000000000e+03 1.951450000000000045e+03
9.540000000000000000e+02 1.953600000000000136e+03
1.410000000000000000e+03 1.957250000000000000e+03
1.362000000000000000e+03 1.966250000000000000e+03
1.410000000000000000e+03 1.983049999999999955e+03
1.058000000000000000e+03 1.996450000000000045e+03
1.466000000000000000e+03 1.996600000000000136e+03
1.010000000000000000e+03 2.007100000000000136e+03
9.380000000000000000e+02 2.026500000000000000e+03
1.194000000000000000e+03 2.056199999999999818e+03
1.562000000000000000e+03 2.082000000000000000e+03
1.018000000000000000e+03 2.100750000000000000e+03
8.980000000000000000e+02 2.147650000000000091e+03
1.010000000000000000e+03 2.162699999999999818e+03
1.178000000000000000e+03 2.165650000000000091e+03
1.130000000000000000e+03 2.188099999999999909e+03
1.578000000000000000e+03 2.210400000000000091e+03
1.274000000000000000e+03 2.217200000000000273e+03
8.500000000000000000e+02 2.243950000000000273e+03
1.178000000000000000e+03 2.253700000000000273e+03
1.466000000000000000e+03 2.279250000000000000e+03
9.460000000000000000e+02 2.312200000000000273e+03
1.562000000000000000e+03 2.318500000000000000e+03
1.514000000000000000e+03 2.346150000000000091e+03
1.506000000000000000e+03 2.363300000000000182e+03
1.250000000000000000e+03 2.392750000000000000e+03
9.300000000000000000e+02 2.395700000000000273e+03
1.106000000000000000e+03 2.464900000000000091e+03
1.394000000000000000e+03 2.473500000000000000e+03
1.402000000000000000e+03 2.477349999999999909e+03
1.362000000000000000e+03 2.481349999999999909e+03
1.242000000000000000e+03 2.496400000000000091e+03
1.506000000000000000e+03 2.501400000000000091e+03
1.034000000000000000e+03 2.502000000000000000e+03
1.450000000000000000e+03 2.510650000000000091e+03
8.340000000000000000e+02 2.518150000000000091e+03
1.170000000000000000e+03 2.523150000000000091e+03
1.202000000000000000e+03 2.542200000000000273e+03
1.250000000000000000e+03 2.563200000000000273e+03
1.530000000000000000e+03 2.584200000000000273e+03
1.242000000000000000e+03 2.634900000000000091e+03
1.442000000000000000e+03 2.654200000000000273e+03
1.506000000000000000e+03 2.657000000000000000e+03
1.162000000000000000e+03 2.664800000000000182e+03
1.546000000000000000e+03 2.666500000000000000e+03
1.098000000000000000e+03 2.682099999999999909e+03
1.034000000000000000e+03 2.705150000000000091e+03
1.122000000000000000e+03 2.707700000000000273e+03
1.106000000000000000e+03 2.716250000000000000e+03
9.540000000000000000e+02 2.721700000000000273e+03
8.740000000000000000e+02 2.751599999999999909e+03
1.210000000000000000e+03 2.762250000000000000e+03
1.450000000000000000e+03 2.770800000000000182e+03
1.226000000000000000e+03 2.772550000000000182e+03
1.418000000000000000e+03 2.772849999999999909e+03
1.258000000000000000e+03 2.776599999999999909e+03
1.098000000000000000e+03 2.779700000000000273e+03
9.860000000000000000e+02 2.780950000000000273e+03
9.780000000000000000e+02 2.781349999999999909e+03
1.282000000000000000e+03 2.790250000000000000e+03
1.210000000000000000e+03 2.802050000000000182e+03
1.394000000000000000e+03 2.836900000000000091e+03
8.020000000000000000e+02 2.838050000000000182e+03
9.940000000000000000e+02 2.841599999999999909e+03
1.330000000000000000e+03 2.865300000000000182e+03
8.180000000000000000e+02 2.866650000000000091e+03
1.426000000000000000e+03 2.889650000000000091e+03
1.570000000000000000e+03 2.892050000000000182e+03
1.106000000000000000e+03 2.898000000000000000e+03
1.090000000000000000e+03 2.925050000000000182e+03
1.026000000000000000e+03 2.925800000000000182e+03
1.594000000000000000e+03 2.929550000000000182e+03
1.194000000000000000e+03 2.938150000000000091e+03
1.554000000000000000e+03 2.948250000000000000e+03
9.860000000000000000e+02 2.970900000000000091e+03
1.282000000000000000e+03 2.994599999999999909e+03
1.210000000000000000e+03 2.997750000000000000e+03
1.562000000000000000e+03 3.000099999999999909e+03
1.058000000000000000e+03 3.007849999999999909e+03
8.660000000000000000e+02 3.008150000000000091e+03
1.378000000000000000e+03 3.390650000000000091e+03
1.570000000000000000e+03 3.472450000000000273e+03
1.322000000000000000e+03 3.477250000000000000e+03
1.282000000000000000e+03 3.486800000000000182e+03
9.300000000000000000e+02 3.505250000000000000e+03
1.026000000000000000e+03 3.575150000000000091e+03
1.194000000000000000e+03 3.577200000000000273e+03
8.660000000000000000e+02 3.578849999999999909e+03
1.522000000000000000e+03 3.595000000000000000e+03
8.500000000000000000e+02 3.596050000000000182e+03
1.154000000000000000e+03 3.598000000000000000e+03
1.466000000000000000e+03 3.609050000000000182e+03
1.314000000000000000e+03 3.614800000000000182e+03
8.580000000000000000e+02 3.720500000000000000e+03
9.220000000000000000e+02 3.757800000000000182e+03
8.900000000000000000e+02 3.779450000000000273e+03
9.700000000000000000e+02 3.802050000000000182e+03
1.178000000000000000e+03 3.832099999999999909e+03
1.562000000000000000e+03 3.832550000000000182e+03
1.418000000000000000e+03 3.882300000000000182e+03
1.010000000000000000e+03 3.885250000000000000e+03
9.300000000000000000e+02 3.885849999999999909e+03
9.860000000000000000e+02 3.889900000000000091e+03
1.546000000000000000e+03 3.901950000000000273e+03
1.434000000000000000e+03 3.921050000000000182e+03
1.202000000000000000e+03 3.947800000000000182e+03
1.434000000000000000e+03 3.960150000000000091e+03
8.100000000000000000e+02 3.990700000000000273e+03
8.420000000000000000e+02 4.003500000000000000e+03
9.140000000000000000e+02 4.019700000000000273e+03
1.330000000000000000e+03 4.088950000000000273e+03
1.594000000000000000e+03 4.124750000000000000e+03
1.194000000000000000e+03 4.131800000000000182e+03
1.354000000000000000e+03 4.131949999999999818e+03
1.466000000000000000e+03 4.152149999999999636e+03
1.482000000000000000e+03 4.181800000000000182e+03
1.386000000000000000e+03 4.219899999999999636e+03
1.162000000000000000e+03 4.226800000000000182e+03
1.122000000000000000e+03 4.264050000000000182e+03
8.020000000000000000e+02 4.277350000000000364e+03
8.340000000000000000e+02 4.300399999999999636e+03
1.250000000000000000e+03 4.307899999999999636e+03
8.580000000000000000e+02 4.360149999999999636e+03
8.340000000000000000e+02 4.377550000000000182e+03
1.154000000000000000e+03 4.473250000000000000e+03
1.434000000000000000e+03 4.481550000000000182e+03
1.130000000000000000e+03 4.506900000000000546e+03
9.060000000000000000e+02 4.520600000000000364e+03
1.402000000000000000e+03 4.529850000000000364e+03
1.034000000000000000e+03 4.563900000000000546e+03
1.426000000000000000e+03 4.579449999999999818e+03
1.234000000000000000e+03 4.590600000000000364e+03
1.234000000000000000e+03 4.658550000000000182e+03
9.620000000000000000e+02 4.661300000000000182e+03
1.026000000000000000e+03 4.812650000000000546e+03
1.138000000000000000e+03 4.834500000000000000e+03
8.820000000000000000e+02 4.871199999999999818e+03
9.860000000000000000e+02 4.872500000000000000e+03
1.370000000000000000e+03 4.880199999999999818e+03
1.042000000000000000e+03 4.904350000000000364e+03
9.220000000000000000e+02 4.906650000000000546e+03
1.314000000000000000e+03 4.908300000000000182e+03
1.034000000000000000e+03 4.917850000000000364e+03
1.514000000000000000e+03 5.033800000000000182e+03
8.740000000000000000e+02 5.061650000000000546e+03
1.450000000000000000e+03 5.093050000000000182e+03
1.418000000000000000e+03 5.102900000000000546e+03
1.450000000000000000e+03 5.105550000000000182e+03
8.100000000000000000e+02 5.122949999999999818e+03
1.194000000000000000e+03 5.126800000000000182e+03
1.354000000000000000e+03 5.140600000000000364e+03
1.386000000000000000e+03 5.255949999999999818e+03
1.218000000000000000e+03 5.344000000000000000e+03
1.338000000000000000e+03 5.383850000000000364e+03
1.082000000000000000e+03 5.392150000000000546e+03
1.338000000000000000e+03 5.447550000000000182e+03
1.562000000000000000e+03 5.482150000000000546e+03
1.274000000000000000e+03 5.545300000000000182e+03
1.346000000000000000e+03 5.566650000000000546e+03
8.580000000000000000e+02 5.702449999999999818e+03
1.594000000000000000e+03 5.709600000000000364e+03
1.410000000000000000e+03 5.757800000000000182e+03
8.740000000000000000e+02 5.798000000000000000e+03
1.554000000000000000e+03 5.846600000000000364e+03
1.018000000000000000e+03 5.852900000000000546e+03
1.538000000000000000e+03 5.933400000000000546e+03
1.130000000000000000e+03 5.933699999999999818e+03
1.210000000000000000e+03 5.967199999999999818e+03
9.230000000000000000e+02 1.002000000000000028e+02
1.019000000000000000e+03 1.251500000000000057e+02
1.243000000000000000e+03 1.461500000000000057e+02
1.235000000000000000e+03 1.804000000000000057e+02
1.363000000000000000e+03 1.882000000000000171e+02
1.403000000000000000e+03 1.958499999999999943e+02
1.451000000000000000e+03 2.275999999999999943e+02
1.571000000000000000e+03 2.307500000000000000e+02
1.107000000000000000e+03 2.333000000000000114e+02
1.355000000000000000e+03 2.428000000000000114e+02
8.270000000000000000e+02 2.433000000000000114e+02
1.387000000000000000e+03 2.443000000000000114e+02
8.030000000000000000e+02 2.610000000000000000e+02
8.430000000000000000e+02 2.946000000000000227e+02
8.670000000000000000e+02 2.956999999999999886e+02
8.270000000000000000e+02 3.071500000000000341e+02
1.507000000000000000e+03 3.311000000000000227e+02
1.483000000000000000e+03 3.445000000000000000e+02
1.259000000000000000e+03 3.716500000000000341e+02
9.070000000000000000e+02 3.762500000000000000e+02
1.131000000000000000e+03 4.081000000000000227e+02
9.630000000000000000e+02 4.126000000000000227e+02
1.035000000000000000e+03 4.129499999999999886e+02
1.123000000000000000e+03 4.738500000000000227e+02
1.299000000000000000e+03 5.030000000000000000e+02
9.630000000000000000e+02 5.497000000000000455e+02
1.467000000000000000e+03 5.587000000000000455e+02
1.347000000000000000e+03 5.646000000000000227e+02
1.371000000000000000e+03 5.659500000000000455e+02
1.227000000000000000e+03 5.667500000000000000e+02
9.790000000000000000e+02 6.112500000000000000e+02
1.571000000000000000e+03 6.148999999999999773e+02
9.390000000000000000e+02 6.559500000000000455e+02
1.051000000000000000e+03 6.590500000000000682e+02
8.830000000000000000e+02 6.606000000000000227e+02
1.211000000000000000e+03 6.652000000000000455e+02
8.030000000000000000e+02 6.727000000000000455e+02
1.483000000000000000e+03 6.790500000000000682e+02
1.443000000000000000e+03 6.798000000000000682e+02
1.483000000000000000e+03 7.035500000000000682e+02
1.275000000000000000e+03 7.151000000000000227e+02
1.539000000000000000e+03 7.286499999999999773e+02
9.550000000000000000e+02 7.431000000000000227e+02
9.630000000000000000e+02 7.438999999999999773e+02
1.115000000000000000e+03 7.746000000000000227e+02
1.227000000000000000e+03 7.890000000000000000e+02
1.379000000000000000e+03 8.504500000000000455e+02
1.155000000000000000e+03 9.043000000000000682e+02
1.523000000000000000e+03 9.201000000000000227e+02
1.323000000000000000e+03 9.757500000000000000e+02
1.107000000000000000e+03 9.905000000000000000e+02
1.283000000000000000e+03 1.002600000000000023e+03
9.070000000000000000e+02 1.021050000000000068e+03
1.339000000000000000e+03 1.073599999999999909e+03
1.379000000000000000e+03 1.078099999999999909e+03
1.555000000000000000e+03 1.082549999999999955e+03
1.195000000000000000e+03 1.083349999999999909e+03
8.670000000000000000e+02 1.110000000000000000e+03
1.515000000000000000e+03 1.156150000000000091e+03
1.483000000000000000e+03 1.186400000000000091e+03
9.790000000000000000e+02 1.197200000000000045e+03
1.491000000000000000e+03 1.200450000000000045e+03
9.070000000000000000e+02 1.206250000000000000e+03
1.587000000000000000e+03 1.207950000000000045e+03
1.579000000000000000e+03 1.212000000000000000e+03
1.531000000000000000e+03 1.218049999999999955e+03
1.563000000000000000e+03 1.225150000000000091e+03
1.187000000000000000e+03 1.231549999999999955e+03
8.510000000000000000e+02 1.236100000000000136e+03
1.587000000000000000e+03 1.264900000000000091e+03
1.323000000000000000e+03 1.268700000000000045e+03
1.211000000000000000e+03 1.300250000000000000e+03
1.251000000000000000e+03 1.314000000000000000e+03
9.630000000000000000e+02 1.345000000000000000e+03
1.475000000000000000e+03 1.351049999999999955e+03
1.227000000000000000e+03 1.368950000000000045e+03
1.363000000000000000e+03 1.369950000000000045e+03
8.430000000000000000e+02 1.398000000000000000e+03
1.027000000000000000e+03 1.399250000000000000e+03
1.035000000000000000e+03 1.409450000000000045e+03
1.515000000000000000e+03 1.418400000000000091e+03
1.475000000000000000e+03 1.421250000000000000e+03
1.507000000000000000e+03 1.437600000000000136e+03
1.075000000000000000e+03 1.449799999999999955e+03
8.590000000000000000e+02 1.462100000000000136e+03
1.539000000000000000e+03 1.470400000000000091e+03
1.443000000000000000e+03 1.471250000000000000e+03
9.950000000000000000e+02 1.473450000000000045e+03
1.107000000000000000e+03 1.476200000000000045e+03
1.411000000000000000e+03 1.476549999999999955e+03
9.070000000000000000e+02 1.481950000000000045e+03
1.379000000000000000e+03 1.490850000000000136e+03
9.790000000000000000e+02 1.527950000000000045e+03
1.235000000000000000e+03 1.531350000000000136e+03
1.091000000000000000e+03 1.553700000000000045e+03
1.051000000000000000e+03 1.558150000000000091e+03
1.203000000000000000e+03 1.587299999999999955e+03
1.507000000000000000e+03 1.597000000000000000e+03
1.027000000000000000e+03 1.610600000000000136e+03
1.587000000000000000e+03 1.612450000000000045e+03
8.590000000000000000e+02 1.619100000000000136e+03
1.243000000000000000e+03 1.630049999999999955e+03
1.371000000000000000e+03 1.653150000000000091e+03
8.510000000000000000e+02 1.669750000000000000e+03
1.131000000000000000e+03 1.682900000000000091e+03
9.790000000000000000e+02 1.707299999999999955e+03
1.203000000000000000e+03 1.753000000000000000e+03
9.230000000000000000e+02 1.753950000000000045e+03
1.387000000000000000e+03 1.759799999999999955e+03
1.251000000000000000e+03 1.774000000000000000e+03
1.259000000000000000e+03 1.793750000000000000e+03
1.243000000000000000e+03 1.799100000000000136e+03
8.190000000000000000e+02 1.841450000000000045e+03
1.499000000000000000e+03 1.848400000000000091e+03
1.043000000000000000e+03 1.848549999999999955e+03
1.531000000000000000e+03 1.851650000000000091e+03
9.470000000000000000e+02 1.854549999999999955e+03
9.070000000000000000e+02 1.875500000000000000e+03
1.187000000000000000e+03 1.886900000000000091e+03
8.750000000000000000e+02 1.888500000000000000e+03
1.507000000000000000e+03 1.927400000000000091e+03
1.563000000000000000e+03 1.934000000000000000e+03
1.203000000000000000e+03 1.935049999999999955e+03
1.355000000000000000e+03 1.958000000000000000e+03
1.003000000000000000e+03 1.971150000000000091e+03
1.235000000000000000e+03 1.985799999999999955e+03
1.283000000000000000e+03 1.994750000000000000e+03
8.430000000000000000e+02 1.996600000000000136e+03
8.270000000000000000e+02 1.999500000000000000e+03
1.187000000000000000e+03 2.002950000000000045e+03
1.387000000000000000e+03 2.009600000000000136e+03
1.107000000000000000e+03 2.019600000000000136e+03
9.390000000000000000e+02 2.024799999999999955e+03
8.110000000000000000e+02 2.028950000000000045e+03
9.150000000000000000e+02 2.029600000000000136e+03
1.051000000000000000e+03 2.062449999999999818e+03
1.459000000000000000e+03 2.067300000000000182e+03
9.230000000000000000e+02 2.080599999999999909e+03
1.403000000000000000e+03 2.124050000000000182e+03
1.083000000000000000e+03 2.131599999999999909e+03
9.470000000000000000e+02 2.155400000000000091e+03
8.110000000000000000e+02 2.209650000000000091e+03
8.830000000000000000e+02 2.276650000000000091e+03
1.075000000000000000e+03 2.278450000000000273e+03
9.950000000000000000e+02 2.301349999999999909e+03
1.267000000000000000e+03 2.301349999999999909e+03
1.075000000000000000e+03 2.304250000000000000e+03
1.059000000000000000e+03 2.311200000000000273e+03
1.171000000000000000e+03 2.327349999999999909e+03
8.270000000000000000e+02 2.332150000000000091e+03
1.523000000000000000e+03 2.366099999999999909e+03
9.310000000000000000e+02 2.384099999999999909e+03
8.990000000000000000e+02 2.415200000000000273e+03
1.179000000000000000e+03 2.436000000000000000e+03
1.091000000000000000e+03 2.436300000000000182e+03
1.011000000000000000e+03 2.443849999999999909e+03
1.483000000000000000e+03 2.469450000000000273e+03
8.750000000000000000e+02 2.484900000000000091e+03
1.035000000000000000e+03 2.485000000000000000e+03
8.430000000000000000e+02 2.485599999999999909e+03
1.587000000000000000e+03 2.491450000000000273e+03
1.387000000000000000e+03 2.504200000000000273e+03
1.003000000000000000e+03 2.507400000000000091e+03
1.179000000000000000e+03 2.515000000000000000e+03
8.110000000000000000e+02 2.517500000000000000e+03
1.235000000000000000e+03 2.519500000000000000e+03
9.950000000000000000e+02 2.522800000000000182e+03
1.563000000000000000e+03 2.523450000000000273e+03
8.270000000000000000e+02 2.524200000000000273e+03
1.531000000000000000e+03 2.531950000000000273e+03
1.163000000000000000e+03 2.538300000000000182e+03
1.491000000000000000e+03 2.556500000000000000e+03
1.123000000000000000e+03 2.583050000000000182e+03
1.435000000000000000e+03 2.588700000000000273e+03
9.710000000000000000e+02 2.592200000000000273e+03
1.043000000000000000e+03 2.606400000000000091e+03
8.990000000000000000e+02 2.619450000000000273e+03
1.243000000000000000e+03 2.628800000000000182e+03
1.211000000000000000e+03 2.638150000000000091e+03
1.331000000000000000e+03 2.662900000000000091e+03
1.443000000000000000e+03 2.665950000000000273e+03
1.523000000000000000e+03 2.682349999999999909e+03
1.027000000000000000e+03 2.702700000000000273e+03
1.171000000000000000e+03 2.715950000000000273e+03
1.083000000000000000e+03 2.719800000000000182e+03
1.323000000000000000e+03 2.779450000000000273e+03
1.563000000000000000e+03 2.823050000000000182e+03
9.310000000000000000e+02 2.830150000000000091e+03
1.331000000000000000e+03 2.848050000000000182e+03
9.870000000000000000e+02 2.877050000000000182e+03
1.507000000000000000e+03 2.891200000000000273e+03
8.270000000000000000e+02 2.891950000000000273e+03
1.267000000000000000e+03 2.896500000000000000e+03
1.131000000000000000e+03 2.903200000000000273e+03
1.483000000000000000e+03 2.910349999999999909e+03
8.590000000000000000e+02 2.910450000000000273e+03
8.110000000000000000e+02 2.940050000000000182e+03
1.043000000000000000e+03 2.949150000000000091e+03
1.035000000000000000e+03 2.951700000000000273e+03
1.387000000000000000e+03 2.956950000000000273e+03
1.531000000000000000e+03 2.964400000000000091e+03
1.299000000000000000e+03 2.974349999999999909e+03
1.267000000000000000e+03 2.985450000000000273e+03
8.270000000000000000e+02 3.436599999999999909e+03
9.630000000000000000e+02 3.456599999999999909e+03
1.291000000000000000e+03 3.459200000000000273e+03
9.950000000000000000e+02 3.476700000000000273e+03
8.270000000000000000e+02 3.504050000000000182e+03
9.630000000000000000e+02 3.507700000000000273e+03
1.323000000000000000e+03 3.524849999999999909e+03
1.019000000000000000e+03 3.526099999999999909e+03
9.550000000000000000e+02 3.527849999999999909e+03
1.011000000000000000e+03 3.530700000000000273e+03
1.491000000000000000e+03 3.532200000000000273e+03
8.430000000000000000e+02 3.543050000000000182e+03
9.710000000000000000e+02 3.549650000000000091e+03
1.483000000000000000e+03 3.549800000000000182e+03
8.670000000000000000e+02 3.552500000000000000e+03
8.350000000000000000e+02 3.554750000000000000e+03
1.363000000000000000e+03 3.557050000000000182e+03
1.475000000000000000e+03 3.561950000000000273e+03
1.251000000000000000e+03 3.565250000000000000e+03
9.310000000000000000e+02 3.573500000000000000e+03
1.587000000000000000e+03 3.593900000000000091e+03
1.099000000000000000e+03 3.595750000000000000e+03
1.155000000000000000e+03 3.598000000000000000e+03
1.267000000000000000e+03 3.705200000000000273e+03
1.131000000000000000e+03 3.713550000000000182e+03
9.150000000000000000e+02 3.801750000000000000e+03
1.467000000000000000e+03 3.834700000000000273e+03
1.203000000000000000e+03 3.855000000000000000e+03
1.507000000000000000e+03 3.855950000000000273e+03
1.107000000000000000e+03 3.871700000000000273e+03
1.307000000000000000e+03 3.883750000000000000e+03
8.990000000000000000e+02 3.885150000000000091e+03
1.171000000000000000e+03 3.887000000000000000e+03
8.590000000000000000e+02 3.894750000000000000e+03
1.139000000000000000e+03 3.903900000000000091e+03
1.579000000000000000e+03 3.921250000000000000e+03
1.051000000000000000e+03 3.937300000000000182e+03
1.011000000000000000e+03 3.942900000000000091e+03
1.379000000000000000e+03 3.956150000000000091e+03
1.387000000000000000e+03 3.963200000000000273e+03
1.483000000000000000e+03 3.965300000000000182e+03
1.467000000000000000e+03 3.983000000000000000e+03
9.390000000000000000e+02 3.999349999999999909e+03
1.523000000000000000e+03 4.006200000000000273e+03
1.467000000000000000e+03 4.012900000000000091e+03
1.307000000000000000e+03 4.023050000000000182e+03
8.030000000000000000e+02 4.133300000000000182e+03
8.350000000000000000e+02 4.150199999999999818e+03
8.990000000000000000e+02 4.166850000000000364e+03
1.315000000000000000e+03 4.167350000000000364e+03
1.523000000000000000e+03 4.168300000000000182e+03
1.011000000000000000e+03 4.177750000000000000e+03
1.531000000000000000e+03 4.180100000000000364e+03
1.003000000000000000e+03 4.198100000000000364e+03
1.523000000000000000e+03 4.198050000000000182e+03
1.307000000000000000e+03 4.202800000000000182e+03
1.491000000000000000e+03 4.211500000000000000e+03
1.171000000000000000e+03 4.229949999999999818e+03
8.990000000000000000e+02 4.231449999999999818e+03
1.083000000000000000e+03 4.242550000000000182e+03
1.051000000000000000e+03 4.243699999999999818e+03
1.083000000000000000e+03 4.253850000000000364e+03
1.323000000000000000e+03 4.319600000000000364e+03
1.235000000000000000e+03 4.335199999999999818e+03
1.339000000000000000e+03 4.347899999999999636e+03
1.523000000000000000e+03 4.357949999999999818e+03
9.230000000000000000e+02 4.500199999999999818e+03
1.227000000000000000e+03 4.514250000000000000e+03
1.387000000000000000e+03 4.518550000000000182e+03
9.390000000000000000e+02 4.528949999999999818e+03
1.267000000000000000e+03 4.532750000000000000e+03
8.990000000000000000e+02 4.578800000000000182e+03
1.115000000000000000e+03 4.580449999999999818e+03
1.107000000000000000e+03 4.645500000000000000e+03
1.347000000000000000e+03 4.766500000000000000e+03
1.059000000000000000e+03 4.771250000000000000e+03
1.187000000000000000e+03 4.782350000000000364e+03
8.910000000000000000e+02 4.822100000000000364e+03
8.350000000000000000e+02 4.823199999999999818e+03
1.091000000000000000e+03 4.840250000000000000e+03
8.590000000000000000e+02 4.851050000000000182e+03
1.035000000000000000e+03 4.851750000000000000e+03
8.270000000000000000e+02 4.859100000000000364e+03
1.507000000000000000e+03 4.874350000000000364e+03
1.107000000000000000e+03 4.891800000000000182e+03
9.950000000000000000e+02 4.918550000000000182e+03
1.475000000000000000e+03 5.056300000000000182e+03
1.107000000000000000e+03 5.090550000000000182e+03
8.270000000000000000e+02 5.103100000000000364e+03
1.243000000000000000e+03 5.108350000000000364e+03
1.595000000000000000e+03 5.148449999999999818e+03
8.990000000000000000e+02 5.168300000000000182e+03
1.379000000000000000e+03 5.214500000000000000e+03
8.750000000000000000e+02 5.308150000000000546e+03
1.555000000000000000e+03 5.340199999999999818e+03
1.211000000000000000e+03 5.359449999999999818e+03
1.251000000000000000e+03 5.437699999999999818e+03
1.163000000000000000e+03 5.705000000000000000e+03
1.003000000000000000e+03 5.851949999999999818e+03
1.308000000000000000e+03 1.056500000000000057e+02
8.440000000000000000e+02 1.232500000000000000e+02
9.080000000000000000e+02 1.343499999999999943e+02
1.220000000000000000e+03 1.395999999999999943e+02
1.508000000000000000e+03 1.684500000000000171e+02
1.236000000000000000e+03 1.690999999999999943e+02
9.720000000000000000e+02 2.317500000000000000e+02
1.372000000000000000e+03 2.318499999999999943e+02
9.400000000000000000e+02 2.833000000000000114e+02
1.484000000000000000e+03 2.890000000000000000e+02
1.108000000000000000e+03 2.930000000000000000e+02
1.428000000000000000e+03 2.955500000000000114e+02
8.440000000000000000e+02 2.998000000000000114e+02
9.320000000000000000e+02 3.103000000000000114e+02
1.460000000000000000e+03 3.295000000000000000e+02
9.080000000000000000e+02 3.462500000000000000e+02
1.348000000000000000e+03 3.533000000000000114e+02
1.284000000000000000e+03 3.569499999999999886e+02
1.468000000000000000e+03 3.585500000000000114e+02
1.588000000000000000e+03 3.596500000000000341e+02
1.116000000000000000e+03 3.749000000000000341e+02
1.564000000000000000e+03 3.816500000000000341e+02
1.276000000000000000e+03 3.860000000000000000e+02
1.348000000000000000e+03 4.063000000000000114e+02
1.292000000000000000e+03 4.317500000000000000e+02
1.404000000000000000e+03 4.787500000000000000e+02
1.116000000000000000e+03 5.092500000000000000e+02
1.108000000000000000e+03 5.181000000000000227e+02
9.400000000000000000e+02 5.197500000000000000e+02
1.492000000000000000e+03 5.642500000000000000e+02
9.720000000000000000e+02 5.823000000000000682e+02
8.280000000000000000e+02 5.967500000000000000e+02
1.116000000000000000e+03 5.983500000000000227e+02
9.560000000000000000e+02 6.053999999999999773e+02
1.564000000000000000e+03 6.288999999999999773e+02
8.520000000000000000e+02 6.656499999999999773e+02
1.564000000000000000e+03 7.163000000000000682e+02
1.436000000000000000e+03 7.252000000000000455e+02
1.084000000000000000e+03 7.455500000000000682e+02
1.548000000000000000e+03 7.566000000000000227e+02
1.580000000000000000e+03 7.571000000000000227e+02
1.100000000000000000e+03 7.601499999999999773e+02
1.500000000000000000e+03 7.948000000000000682e+02
1.556000000000000000e+03 8.090000000000000000e+02
1.460000000000000000e+03 8.135500000000000682e+02
8.120000000000000000e+02 8.418000000000000682e+02
1.268000000000000000e+03 8.990500000000000682e+02
8.360000000000000000e+02 9.134500000000000455e+02
1.564000000000000000e+03 9.477000000000000455e+02
8.600000000000000000e+02 9.555500000000000682e+02
1.268000000000000000e+03 9.587500000000000000e+02
1.044000000000000000e+03 9.681499999999999773e+02
1.540000000000000000e+03 9.685500000000000682e+02
8.440000000000000000e+02 9.751499999999999773e+02
1.076000000000000000e+03 1.028200000000000045e+03
8.600000000000000000e+02 1.030549999999999955e+03
1.492000000000000000e+03 1.048650000000000091e+03
9.000000000000000000e+02 1.053799999999999955e+03
1.588000000000000000e+03 1.073000000000000000e+03
1.372000000000000000e+03 1.092549999999999955e+03
9.800000000000000000e+02 1.102150000000000091e+03
1.484000000000000000e+03 1.159049999999999955e+03
1.116000000000000000e+03 1.162950000000000045e+03
8.920000000000000000e+02 1.168600000000000136e+03
1.508000000000000000e+03 1.171200000000000045e+03
1.564000000000000000e+03 1.187500000000000000e+03
1.508000000000000000e+03 1.191600000000000136e+03
1.556000000000000000e+03 1.199200000000000045e+03
1.396000000000000000e+03 1.205350000000000136e+03
8.040000000000000000e+02 1.218950000000000045e+03
1.268000000000000000e+03 1.232600000000000136e+03
1.540000000000000000e+03 1.243900000000000091e+03
1.012000000000000000e+03 1.284900000000000091e+03
1.380000000000000000e+03 1.294850000000000136e+03
1.396000000000000000e+03 1.311350000000000136e+03
1.364000000000000000e+03 1.313400000000000091e+03
1.516000000000000000e+03 1.324200000000000045e+03
9.640000000000000000e+02 1.334950000000000045e+03
1.316000000000000000e+03 1.335950000000000045e+03
1.036000000000000000e+03 1.353299999999999955e+03
1.132000000000000000e+03 1.355750000000000000e+03
1.196000000000000000e+03 1.373700000000000045e+03
1.068000000000000000e+03 1.378299999999999955e+03
1.516000000000000000e+03 1.395600000000000136e+03
1.468000000000000000e+03 1.402549999999999955e+03
1.012000000000000000e+03 1.409600000000000136e+03
1.572000000000000000e+03 1.419750000000000000e+03
1.148000000000000000e+03 1.421950000000000045e+03
9.320000000000000000e+02 1.425850000000000136e+03
1.300000000000000000e+03 1.435350000000000136e+03
1.100000000000000000e+03 1.438400000000000091e+03
1.084000000000000000e+03 1.479350000000000136e+03
1.452000000000000000e+03 1.482150000000000091e+03
1.068000000000000000e+03 1.484250000000000000e+03
1.340000000000000000e+03 1.485299999999999955e+03
1.396000000000000000e+03 1.490299999999999955e+03
9.320000000000000000e+02 1.491150000000000091e+03
1.564000000000000000e+03 1.512950000000000045e+03
1.068000000000000000e+03 1.556200000000000045e+03
1.292000000000000000e+03 1.587250000000000000e+03
9.720000000000000000e+02 1.607950000000000045e+03
1.188000000000000000e+03 1.610549999999999955e+03
9.640000000000000000e+02 1.681200000000000045e+03
9.800000000000000000e+02 1.708900000000000091e+03
1.012000000000000000e+03 1.792400000000000091e+03
1.356000000000000000e+03 1.804250000000000000e+03
1.412000000000000000e+03 1.833400000000000091e+03
9.480000000000000000e+02 1.840750000000000000e+03
1.044000000000000000e+03 1.855100000000000136e+03
1.172000000000000000e+03 1.859799999999999955e+03
1.068000000000000000e+03 1.888250000000000000e+03
1.156000000000000000e+03 1.959299999999999955e+03
1.596000000000000000e+03 1.968250000000000000e+03
1.220000000000000000e+03 1.973100000000000136e+03
1.196000000000000000e+03 1.976450000000000045e+03
1.020000000000000000e+03 1.978600000000000136e+03
1.036000000000000000e+03 1.988700000000000045e+03
1.364000000000000000e+03 1.996250000000000000e+03
8.200000000000000000e+02 2.001450000000000045e+03
1.508000000000000000e+03 2.004600000000000136e+03
1.460000000000000000e+03 2.006500000000000000e+03
1.108000000000000000e+03 2.008549999999999955e+03
9.560000000000000000e+02 2.010450000000000045e+03
9.240000000000000000e+02 2.015100000000000136e+03
1.580000000000000000e+03 2.059050000000000182e+03
1.100000000000000000e+03 2.060849999999999909e+03
1.452000000000000000e+03 2.096849999999999909e+03
1.404000000000000000e+03 2.108650000000000091e+03
1.012000000000000000e+03 2.138050000000000182e+03
1.580000000000000000e+03 2.201000000000000000e+03
1.516000000000000000e+03 2.209700000000000273e+03
1.412000000000000000e+03 2.220700000000000273e+03
1.068000000000000000e+03 2.265400000000000091e+03
9.720000000000000000e+02 2.289750000000000000e+03
1.348000000000000000e+03 2.364550000000000182e+03
1.268000000000000000e+03 2.416950000000000273e+03
1.188000000000000000e+03 2.425349999999999909e+03
1.036000000000000000e+03 2.460650000000000091e+03
1.076000000000000000e+03 2.483150000000000091e+03
1.580000000000000000e+03 2.486250000000000000e+03
1.300000000000000000e+03 2.490450000000000273e+03
1.108000000000000000e+03 2.495800000000000182e+03
1.444000000000000000e+03 2.509150000000000091e+03
1.220000000000000000e+03 2.509950000000000273e+03
8.200000000000000000e+02 2.510150000000000091e+03
1.044000000000000000e+03 2.512450000000000273e+03
1.396000000000000000e+03 2.512950000000000273e+03
1.420000000000000000e+03 2.520349999999999909e+03
1.436000000000000000e+03 2.524300000000000182e+03
9.800000000000000000e+02 2.529849999999999909e+03
9.480000000000000000e+02 2.530099999999999909e+03
8.040000000000000000e+02 2.552750000000000000e+03
1.564000000000000000e+03 2.570450000000000273e+03
1.412000000000000000e+03 2.576099999999999909e+03
1.596000000000000000e+03 2.586900000000000091e+03
1.564000000000000000e+03 2.596450000000000273e+03
1.452000000000000000e+03 2.611849999999999909e+03
1.116000000000000000e+03 2.650050000000000182e+03
1.340000000000000000e+03 2.657099999999999909e+03
1.244000000000000000e+03 2.670450000000000273e+03
1.308000000000000000e+03 2.677849999999999909e+03
1.348000000000000000e+03 2.680500000000000000e+03
1.252000000000000000e+03 2.688099999999999909e+03
9.480000000000000000e+02 2.718300000000000182e+03
1.548000000000000000e+03 2.721800000000000182e+03
1.044000000000000000e+03 2.764500000000000000e+03
1.428000000000000000e+03 2.775300000000000182e+03
1.556000000000000000e+03 2.787300000000000182e+03
1.140000000000000000e+03 2.819750000000000000e+03
1.588000000000000000e+03 2.826400000000000091e+03
8.440000000000000000e+02 2.826650000000000091e+03
1.380000000000000000e+03 2.860300000000000182e+03
1.092000000000000000e+03 2.878599999999999909e+03
9.720000000000000000e+02 2.924750000000000000e+03
1.228000000000000000e+03 2.931050000000000182e+03
9.880000000000000000e+02 2.940650000000000091e+03
1.596000000000000000e+03 2.947450000000000273e+03
9.640000000000000000e+02 2.958849999999999909e+03
1.036000000000000000e+03 2.971000000000000000e+03
1.284000000000000000e+03 2.974599999999999909e+03
1.028000000000000000e+03 2.981700000000000273e+03
1.044000000000000000e+03 2.992900000000000091e+03
1.444000000000000000e+03 2.998300000000000182e+03
1.292000000000000000e+03 2.998900000000000091e+03
9.960000000000000000e+02 3.004700000000000273e+03
1.068000000000000000e+03 3.006400000000000091e+03
1.492000000000000000e+03 3.424400000000000091e+03
9.960000000000000000e+02 3.425599999999999909e+03
8.680000000000000000e+02 3.467550000000000182e+03
1.340000000000000000e+03 3.489150000000000091e+03
1.116000000000000000e+03 3.543450000000000273e+03
1.188000000000000000e+03 3.562700000000000273e+03
8.520000000000000000e+02 3.565000000000000000e+03
1.020000000000000000e+03 3.565750000000000000e+03
8.840000000000000000e+02 3.594700000000000273e+03
1.204000000000000000e+03 3.601700000000000273e+03
1.404000000000000000e+03 3.700400000000000091e+03
1.396000000000000000e+03 3.724099999999999909e+03
1.028000000000000000e+03 3.745599999999999909e+03
9.320000000000000000e+02 3.748250000000000000e+03
1.548000000000000000e+03 3.748950000000000273e+03
1.244000000000000000e+03 3.754950000000000273e+03
1.196000000000000000e+03 3.772250000000000000e+03
1.100000000000000000e+03 3.776349999999999909e+03
1.540000000000000000e+03 3.785250000000000000e+03
1.324000000000000000e+03 3.824849999999999909e+03
1.548000000000000000e+03 3.831200000000000273e+03
1.084000000000000000e+03 3.835400000000000091e+03
1.292000000000000000e+03 3.845550000000000182e+03
1.100000000000000000e+03 3.852250000000000000e+03
1.076000000000000000e+03 3.861849999999999909e+03
1.564000000000000000e+03 3.874200000000000273e+03
1.036000000000000000e+03 3.885849999999999909e+03
1.332000000000000000e+03 3.920349999999999909e+03
1.004000000000000000e+03 3.939700000000000273e+03
9.880000000000000000e+02 3.941200000000000273e+03
1.196000000000000000e+03 3.951700000000000273e+03
9.640000000000000000e+02 3.955250000000000000e+03
1.084000000000000000e+03 3.964650000000000091e+03
9.480000000000000000e+02 3.981099999999999909e+03
1.356000000000000000e+03 3.982099999999999909e+03
1.340000000000000000e+03 3.982550000000000182e+03
1.556000000000000000e+03 3.982950000000000273e+03
1.164000000000000000e+03 3.984300000000000182e+03
1.460000000000000000e+03 3.990349999999999909e+03
1.492000000000000000e+03 3.997250000000000000e+03
8.600000000000000000e+02 4.004150000000000091e+03
1.460000000000000000e+03 4.015500000000000000e+03
1.292000000000000000e+03 4.088300000000000182e+03
1.492000000000000000e+03 4.097399999999999636e+03
1.212000000000000000e+03 4.133750000000000000e+03
9.000000000000000000e+02 4.154850000000000364e+03
1.116000000000000000e+03 4.156449999999999818e+03
1.076000000000000000e+03 4.165800000000000182e+03
1.172000000000000000e+03 4.168550000000000182e+03
1.396000000000000000e+03 4.169199999999999818e+03
1.348000000000000000e+03 4.196699999999999818e+03
1.332000000000000000e+03 4.209199999999999818e+03
1.268000000000000000e+03 4.212600000000000364e+03
1.380000000000000000e+03 4.227250000000000000e+03
1.244000000000000000e+03 4.258649999999999636e+03
1.076000000000000000e+03 4.296800000000000182e+03
9.640000000000000000e+02 4.304699999999999818e+03
1.236000000000000000e+03 4.308500000000000000e+03
9.800000000000000000e+02 4.322050000000000182e+03
8.040000000000000000e+02 4.333000000000000000e+03
1.092000000000000000e+03 4.334550000000000182e+03
1.068000000000000000e+03 4.348850000000000364e+03
1.476000000000000000e+03 4.369050000000000182e+03
1.180000000000000000e+03 4.451050000000000182e+03
1.388000000000000000e+03 4.460350000000000364e+03
9.800000000000000000e+02 4.484449999999999818e+03
1.380000000000000000e+03 4.505750000000000000e+03
8.440000000000000000e+02 4.520300000000000182e+03
1.548000000000000000e+03 4.521650000000000546e+03
1.340000000000000000e+03 4.523600000000000364e+03
1.460000000000000000e+03 4.540050000000000182e+03
8.040000000000000000e+02 4.563199999999999818e+03
1.332000000000000000e+03 4.611949999999999818e+03
1.052000000000000000e+03 4.621900000000000546e+03
9.960000000000000000e+02 4.644500000000000000e+03
1.556000000000000000e+03 4.646650000000000546e+03
9.720000000000000000e+02 4.657800000000000182e+03
1.540000000000000000e+03 4.752949999999999818e+03
8.520000000000000000e+02 4.835850000000000364e+03
1.132000000000000000e+03 4.839150000000000546e+03
1.580000000000000000e+03 4.839949999999999818e+03
1.204000000000000000e+03 4.852850000000000364e+03
9.480000000000000000e+02 4.886600000000000364e+03
1.012000000000000000e+03 4.889449999999999818e+03
1.396000000000000000e+03 4.906350000000000364e+03
1.444000000000000000e+03 4.906800000000000182e+03
1.028000000000000000e+03 4.951550000000000182e+03
8.120000000000000000e+02 5.093250000000000000e+03
1.556000000000000000e+03 5.096250000000000000e+03
1.220000000000000000e+03 5.104850000000000364e+03
1.196000000000000000e+03 5.137900000000000546e+03
1.324000000000000000e+03 5.145250000000000000e+03
8.920000000000000000e+02 5.149800000000000182e+03
9.320000000000000000e+02 5.156400000000000546e+03
1.164000000000000000e+03 5.161199999999999818e+03
1.452000000000000000e+03 5.184199999999999818e+03
1.460000000000000000e+03 5.290550000000000182e+03
1.276000000000000000e+03 5.294949999999999818e+03
1.100000000000000000e+03 5.350199999999999818e+03
1.164000000000000000e+03 5.362550000000000182e+03
8.680000000000000000e+02 5.386199999999999818e+03
1.308000000000000000e+03 5.394550000000000182e+03
1.284000000000000000e+03 5.402050000000000182e+03
1.420000000000000000e+03 5.450250000000000000e+03
1.260000000000000000e+03 5.450900000000000546e+03
1.452000000000000000e+03 5.521000000000000000e+03
8.760000000000000000e+02 5.684050000000000182e+03
1.332000000000000000e+03 5.837350000000000364e+03
1.404000000000000000e+03 5.935800000000000182e+03
8.930000000000000000e+02 1.024500000000000028e+02
1.053000000000000000e+03 1.052999999999999972e+02
1.469000000000000000e+03 1.280500000000000114e+02
8.690000000000000000e+02 1.343000000000000114e+02
8.290000000000000000e+02 1.580000000000000000e+02
1.213000000000000000e+03 1.651500000000000057e+02
1.245000000000000000e+03 1.783499999999999943e+02
1.157000000000000000e+03 1.893000000000000114e+02
1.197000000000000000e+03 2.195000000000000000e+02
1.517000000000000000e+03 2.365999999999999943e+02
1.317000000000000000e+03 2.409000000000000057e+02
1.189000000000000000e+03 2.410999999999999943e+02
1.077000000000000000e+03 2.453499999999999943e+02
8.930000000000000000e+02 2.545500000000000114e+02
1.253000000000000000e+03 2.661999999999999886e+02
1.549000000000000000e+03 2.703000000000000114e+02
9.970000000000000000e+02 2.939499999999999886e+02
1.221000000000000000e+03 3.071000000000000227e+02
8.610000000000000000e+02 3.460500000000000114e+02
1.133000000000000000e+03 3.611000000000000227e+02
1.533000000000000000e+03 3.628000000000000114e+02
1.037000000000000000e+03 3.678000000000000114e+02
8.130000000000000000e+02 3.711999999999999886e+02
1.341000000000000000e+03 3.791999999999999886e+02
1.125000000000000000e+03 3.792500000000000000e+02
1.109000000000000000e+03 3.881500000000000341e+02
1.381000000000000000e+03 4.380500000000000114e+02
1.389000000000000000e+03 4.426999999999999886e+02
1.477000000000000000e+03 4.435500000000000114e+02
1.141000000000000000e+03 4.555500000000000114e+02
1.549000000000000000e+03 4.639000000000000341e+02
1.365000000000000000e+03 4.881999999999999886e+02
1.277000000000000000e+03 4.918000000000000114e+02
1.389000000000000000e+03 4.924499999999999886e+02
1.357000000000000000e+03 5.053000000000000114e+02
9.970000000000000000e+02 5.166000000000000227e+02
1.077000000000000000e+03 5.461499999999999773e+02
1.285000000000000000e+03 5.650000000000000000e+02
1.149000000000000000e+03 5.818500000000000227e+02
1.437000000000000000e+03 5.825000000000000000e+02
1.189000000000000000e+03 6.085500000000000682e+02
9.170000000000000000e+02 6.290500000000000682e+02
1.501000000000000000e+03 6.626000000000000227e+02
1.029000000000000000e+03 6.761499999999999773e+02
9.170000000000000000e+02 6.921000000000000227e+02
1.437000000000000000e+03 6.927000000000000455e+02
1.101000000000000000e+03 6.928000000000000682e+02
1.021000000000000000e+03 6.942500000000000000e+02
1.549000000000000000e+03 6.951000000000000227e+02
8.290000000000000000e+02 6.998999999999999773e+02
1.085000000000000000e+03 7.032000000000000455e+02
8.770000000000000000e+02 7.165000000000000000e+02
1.341000000000000000e+03 7.815500000000000682e+02
1.269000000000000000e+03 7.892000000000000455e+02
1.397000000000000000e+03 8.172500000000000000e+02
1.037000000000000000e+03 8.273999999999999773e+02
1.597000000000000000e+03 8.486000000000000227e+02
1.421000000000000000e+03 8.971499999999999773e+02
1.213000000000000000e+03 9.031000000000000227e+02
1.453000000000000000e+03 9.229500000000000455e+02
1.445000000000000000e+03 9.251000000000000227e+02
1.589000000000000000e+03 9.339500000000000455e+02
1.165000000000000000e+03 9.498000000000000682e+02
1.557000000000000000e+03 9.515500000000000682e+02
1.269000000000000000e+03 9.540500000000000682e+02
1.325000000000000000e+03 9.675500000000000682e+02
1.317000000000000000e+03 9.867500000000000000e+02
9.090000000000000000e+02 9.918000000000000682e+02
1.581000000000000000e+03 1.043400000000000091e+03
1.221000000000000000e+03 1.044700000000000045e+03
9.010000000000000000e+02 1.051150000000000091e+03
1.085000000000000000e+03 1.057250000000000000e+03
1.285000000000000000e+03 1.083849999999999909e+03
1.541000000000000000e+03 1.084599999999999909e+03
9.650000000000000000e+02 1.085900000000000091e+03
1.525000000000000000e+03 1.086900000000000091e+03
1.477000000000000000e+03 1.088400000000000091e+03
9.970000000000000000e+02 1.159600000000000136e+03
9.810000000000000000e+02 1.180049999999999955e+03
1.037000000000000000e+03 1.204799999999999955e+03
8.210000000000000000e+02 1.237799999999999955e+03
1.277000000000000000e+03 1.280549999999999955e+03
9.890000000000000000e+02 1.282100000000000136e+03
8.530000000000000000e+02 1.294549999999999955e+03
9.010000000000000000e+02 1.309799999999999955e+03
1.413000000000000000e+03 1.321900000000000091e+03
1.541000000000000000e+03 1.329000000000000000e+03
9.010000000000000000e+02 1.352400000000000091e+03
8.130000000000000000e+02 1.356000000000000000e+03
1.517000000000000000e+03 1.371850000000000136e+03
9.090000000000000000e+02 1.374200000000000045e+03
1.181000000000000000e+03 1.382350000000000136e+03
1.285000000000000000e+03 1.383500000000000000e+03
1.021000000000000000e+03 1.410000000000000000e+03
1.085000000000000000e+03 1.421250000000000000e+03
8.930000000000000000e+02 1.450350000000000136e+03
1.437000000000000000e+03 1.483450000000000045e+03
1.189000000000000000e+03 1.484750000000000000e+03
1.021000000000000000e+03 1.489600000000000136e+03
1.301000000000000000e+03 1.492299999999999955e+03
1.157000000000000000e+03 1.494150000000000091e+03
9.250000000000000000e+02 1.495299999999999955e+03
1.541000000000000000e+03 1.502200000000000045e+03
1.229000000000000000e+03 1.511299999999999955e+03
1.309000000000000000e+03 1.533000000000000000e+03
1.517000000000000000e+03 1.544250000000000000e+03
1.429000000000000000e+03 1.556350000000000136e+03
9.170000000000000000e+02 1.560250000000000000e+03
1.501000000000000000e+03 1.566200000000000045e+03
9.490000000000000000e+02 1.566750000000000000e+03
1.533000000000000000e+03 1.572150000000000091e+03
1.581000000000000000e+03 1.584600000000000136e+03
1.429000000000000000e+03 1.587049999999999955e+03
9.570000000000000000e+02 1.598200000000000045e+03
1.069000000000000000e+03 1.612650000000000091e+03
1.333000000000000000e+03 1.617150000000000091e+03
1.205000000000000000e+03 1.625450000000000045e+03
9.250000000000000000e+02 1.676100000000000136e+03
1.101000000000000000e+03 1.676600000000000136e+03
9.090000000000000000e+02 1.691200000000000045e+03
8.690000000000000000e+02 1.696200000000000045e+03
1.477000000000000000e+03 1.697150000000000091e+03
1.421000000000000000e+03 1.720450000000000045e+03
1.365000000000000000e+03 1.730950000000000045e+03
1.533000000000000000e+03 1.768600000000000136e+03
1.421000000000000000e+03 1.800200000000000045e+03
1.061000000000000000e+03 1.815049999999999955e+03
1.109000000000000000e+03 1.866000000000000000e+03
1.125000000000000000e+03 1.873150000000000091e+03
1.533000000000000000e+03 1.874450000000000045e+03
1.573000000000000000e+03 1.899250000000000000e+03
1.437000000000000000e+03 1.938500000000000000e+03
1.013000000000000000e+03 1.944100000000000136e+03
1.421000000000000000e+03 1.990450000000000045e+03
9.090000000000000000e+02 1.997299999999999955e+03
1.157000000000000000e+03 1.999250000000000000e+03
9.010000000000000000e+02 2.016200000000000045e+03
1.261000000000000000e+03 2.037750000000000000e+03
1.317000000000000000e+03 2.058099999999999909e+03
1.237000000000000000e+03 2.075400000000000091e+03
1.557000000000000000e+03 2.112599999999999909e+03
1.341000000000000000e+03 2.135400000000000091e+03
1.221000000000000000e+03 2.135699999999999818e+03
1.269000000000000000e+03 2.142550000000000182e+03
9.810000000000000000e+02 2.147849999999999909e+03
1.557000000000000000e+03 2.151599999999999909e+03
8.530000000000000000e+02 2.154199999999999818e+03
8.450000000000000000e+02 2.161250000000000000e+03
1.461000000000000000e+03 2.170000000000000000e+03
1.373000000000000000e+03 2.170849999999999909e+03
1.589000000000000000e+03 2.185900000000000091e+03
9.570000000000000000e+02 2.187800000000000182e+03
1.357000000000000000e+03 2.193500000000000000e+03
1.549000000000000000e+03 2.213050000000000182e+03
1.037000000000000000e+03 2.223300000000000182e+03
1.237000000000000000e+03 2.223550000000000182e+03
9.730000000000000000e+02 2.234300000000000182e+03
9.810000000000000000e+02 2.237800000000000182e+03
1.557000000000000000e+03 2.276800000000000182e+03
9.810000000000000000e+02 2.296550000000000182e+03
1.101000000000000000e+03 2.305450000000000273e+03
1.149000000000000000e+03 2.319900000000000091e+03
8.770000000000000000e+02 2.340650000000000091e+03
1.365000000000000000e+03 2.340650000000000091e+03
1.165000000000000000e+03 2.368550000000000182e+03
1.397000000000000000e+03 2.393500000000000000e+03
1.437000000000000000e+03 2.395349999999999909e+03
1.109000000000000000e+03 2.406200000000000273e+03
9.170000000000000000e+02 2.428150000000000091e+03
1.149000000000000000e+03 2.429500000000000000e+03
1.365000000000000000e+03 2.431200000000000273e+03
1.317000000000000000e+03 2.452500000000000000e+03
1.277000000000000000e+03 2.453000000000000000e+03
1.549000000000000000e+03 2.464849999999999909e+03
8.050000000000000000e+02 2.465200000000000273e+03
1.541000000000000000e+03 2.485800000000000182e+03
1.453000000000000000e+03 2.507500000000000000e+03
1.541000000000000000e+03 2.518150000000000091e+03
9.330000000000000000e+02 2.524800000000000182e+03
1.341000000000000000e+03 2.564300000000000182e+03
1.181000000000000000e+03 2.571800000000000182e+03
9.090000000000000000e+02 2.589700000000000273e+03
1.253000000000000000e+03 2.600950000000000273e+03
1.501000000000000000e+03 2.610750000000000000e+03
8.050000000000000000e+02 2.611000000000000000e+03
1.269000000000000000e+03 2.614599999999999909e+03
1.221000000000000000e+03 2.626200000000000273e+03
8.690000000000000000e+02 2.635500000000000000e+03
1.421000000000000000e+03 2.643650000000000091e+03
1.557000000000000000e+03 2.665849999999999909e+03
9.410000000000000000e+02 2.670700000000000273e+03
1.213000000000000000e+03 2.682300000000000182e+03
1.525000000000000000e+03 2.694200000000000273e+03
8.210000000000000000e+02 2.704800000000000182e+03
9.250000000000000000e+02 2.707250000000000000e+03
1.189000000000000000e+03 2.765950000000000273e+03
1.037000000000000000e+03 2.768900000000000091e+03
1.213000000000000000e+03 2.769800000000000182e+03
1.557000000000000000e+03 2.775900000000000091e+03
1.085000000000000000e+03 2.779700000000000273e+03
1.461000000000000000e+03 2.780200000000000273e+03
1.173000000000000000e+03 2.781750000000000000e+03
1.469000000000000000e+03 2.796200000000000273e+03
1.013000000000000000e+03 2.804150000000000091e+03
8.530000000000000000e+02 2.814550000000000182e+03
1.189000000000000000e+03 2.838599999999999909e+03
8.050000000000000000e+02 2.839099999999999909e+03
1.141000000000000000e+03 2.848250000000000000e+03
8.850000000000000000e+02 2.849450000000000273e+03
1.301000000000000000e+03 2.849650000000000091e+03
1.181000000000000000e+03 2.866000000000000000e+03
1.509000000000000000e+03 2.870950000000000273e+03
1.405000000000000000e+03 2.893300000000000182e+03
1.405000000000000000e+03 2.958849999999999909e+03
1.053000000000000000e+03 2.986250000000000000e+03
1.061000000000000000e+03 2.986750000000000000e+03
1.453000000000000000e+03 2.999400000000000091e+03
1.205000000000000000e+03 3.415599999999999909e+03
1.213000000000000000e+03 3.457750000000000000e+03
8.210000000000000000e+02 3.475500000000000000e+03
1.453000000000000000e+03 3.481050000000000182e+03
9.490000000000000000e+02 3.496099999999999909e+03
1.189000000000000000e+03 3.516400000000000091e+03
1.125000000000000000e+03 3.543300000000000182e+03
1.277000000000000000e+03 3.548500000000000000e+03
1.453000000000000000e+03 3.549250000000000000e+03
1.365000000000000000e+03 3.553599999999999909e+03
8.690000000000000000e+02 3.555650000000000091e+03
9.170000000000000000e+02 3.563150000000000091e+03
1.229000000000000000e+03 3.563599999999999909e+03
1.573000000000000000e+03 3.564950000000000273e+03
1.389000000000000000e+03 3.565550000000000182e+03
8.610000000000000000e+02 3.566349999999999909e+03
1.005000000000000000e+03 3.567050000000000182e+03
9.170000000000000000e+02 3.589000000000000000e+03
1.077000000000000000e+03 3.602950000000000273e+03
1.421000000000000000e+03 3.619200000000000273e+03
1.277000000000000000e+03 3.700599999999999909e+03
1.213000000000000000e+03 3.766150000000000091e+03
1.493000000000000000e+03 3.767150000000000091e+03
1.341000000000000000e+03 3.782250000000000000e+03
8.370000000000000000e+02 3.782349999999999909e+03
1.221000000000000000e+03 3.803700000000000273e+03
1.149000000000000000e+03 3.812250000000000000e+03
1.245000000000000000e+03 3.813500000000000000e+03
1.149000000000000000e+03 3.824500000000000000e+03
9.570000000000000000e+02 3.861500000000000000e+03
1.333000000000000000e+03 3.873400000000000091e+03
9.970000000000000000e+02 3.897200000000000273e+03
9.490000000000000000e+02 3.903300000000000182e+03
1.509000000000000000e+03 3.907500000000000000e+03
1.317000000000000000e+03 3.933750000000000000e+03
1.485000000000000000e+03 3.964349999999999909e+03
1.413000000000000000e+03 3.965800000000000182e+03
8.450000000000000000e+02 3.981400000000000091e+03
1.077000000000000000e+03 4.003300000000000182e+03
1.301000000000000000e+03 4.092300000000000182e+03
1.205000000000000000e+03 4.110649999999999636e+03
9.090000000000000000e+02 4.137000000000000000e+03
1.421000000000000000e+03 4.139500000000000000e+03
1.053000000000000000e+03 4.156100000000000364e+03
1.021000000000000000e+03 4.180649999999999636e+03
1.349000000000000000e+03 4.196800000000000182e+03
1.101000000000000000e+03 4.211550000000000182e+03
1.589000000000000000e+03 4.215699999999999818e+03
1.093000000000000000e+03 4.228149999999999636e+03
8.850000000000000000e+02 4.230600000000000364e+03
1.453000000000000000e+03 4.298250000000000000e+03
1.389000000000000000e+03 4.306250000000000000e+03
1.261000000000000000e+03 4.337000000000000000e+03
1.485000000000000000e+03 4.337750000000000000e+03
1.445000000000000000e+03 4.362000000000000000e+03
1.549000000000000000e+03 4.372000000000000000e+03
1.077000000000000000e+03 4.497000000000000000e+03
8.130000000000000000e+02 4.574750000000000000e+03
1.397000000000000000e+03 4.762500000000000000e+03
1.101000000000000000e+03 4.794350000000000364e+03
1.525000000000000000e+03 4.798699999999999818e+03
1.485000000000000000e+03 4.801100000000000364e+03
1.165000000000000000e+03 4.845350000000000364e+03
1.149000000000000000e+03 4.856699999999999818e+03
1.309000000000000000e+03 4.872150000000000546e+03
1.061000000000000000e+03 4.881650000000000546e+03
1.157000000000000000e+03 4.918600000000000364e+03
1.541000000000000000e+03 5.057550000000000182e+03
1.029000000000000000e+03 5.070600000000000364e+03
1.117000000000000000e+03 5.090199999999999818e+03
1.445000000000000000e+03 5.096500000000000000e+03
1.429000000000000000e+03 5.096900000000000546e+03
1.069000000000000000e+03 5.097850000000000364e+03
9.170000000000000000e+02 5.109350000000000364e+03
1.301000000000000000e+03 5.109449999999999818e+03
8.930000000000000000e+02 5.111300000000000182e+03
1.461000000000000000e+03 5.112100000000000364e+03
1.037000000000000000e+03 5.118050000000000182e+03
1.101000000000000000e+03 5.144100000000000364e+03
1.413000000000000000e+03 5.165449999999999818e+03
1.429000000000000000e+03 5.270100000000000364e+03
1.261000000000000000e+03 5.367250000000000000e+03
1.141000000000000000e+03 5.376949999999999818e+03
9.170000000000000000e+02 5.462199999999999818e+03
1.509000000000000000e+03 5.499350000000000364e+03
1.493000000000000000e+03 5.541949999999999818e+03
1.389000000000000000e+03 5.544150000000000546e+03
1.149000000000000000e+03 5.679050000000000182e+03
1.301000000000000000e+03 5.683050000000000182e+03
8.930000000000000000e+02 5.707250000000000000e+03
1.533000000000000000e+03 5.722850000000000364e+03
1.317000000000000000e+03 5.775250000000000000e+03
1.205000000000000000e+03 5.792800000000000182e+03
1.181000000000000000e+03 5.864199999999999818e+03
1.293000000000000000e+03 5.907350000000000364e+03
1.037000000000000000e+03 5.936150000000000546e+03
1.357000000000000000e+03 5.990500000000000000e+03
1.310000000000000000e+03 2.015500000000000114e+02
9.820000000000000000e+02 2.114000000000000057e+02
1.366000000000000000e+03 2.115500000000000114e+02
1.294000000000000000e+03 2.423499999999999943e+02
1.174000000000000000e+03 2.553499999999999943e+02
1.574000000000000000e+03 2.606000000000000227e+02
1.574000000000000000e+03 2.884000000000000341e+02
1.190000000000000000e+03 2.922500000000000000e+02
1.158000000000000000e+03 3.008500000000000227e+02
1.038000000000000000e+03 3.103500000000000227e+02
8.700000000000000000e+02 3.296500000000000341e+02
1.470000000000000000e+03 3.443000000000000114e+02
9.740000000000000000e+02 3.710000000000000000e+02
1.206000000000000000e+03 3.756999999999999886e+02
1.502000000000000000e+03 3.991000000000000227e+02
8.460000000000000000e+02 4.226000000000000227e+02
1.382000000000000000e+03 4.315000000000000000e+02
1.110000000000000000e+03 4.560500000000000114e+02
1.566000000000000000e+03 4.614499999999999886e+02
9.980000000000000000e+02 4.804499999999999886e+02
1.422000000000000000e+03 4.885000000000000000e+02
1.582000000000000000e+03 4.955000000000000000e+02
1.158000000000000000e+03 4.957500000000000000e+02
8.780000000000000000e+02 5.182999999999999545e+02
1.310000000000000000e+03 5.203999999999999773e+02
1.086000000000000000e+03 5.207999999999999545e+02
1.590000000000000000e+03 5.325000000000000000e+02
1.414000000000000000e+03 5.525500000000000682e+02
1.494000000000000000e+03 6.136000000000000227e+02
1.574000000000000000e+03 6.243000000000000682e+02
1.318000000000000000e+03 6.265500000000000682e+02
1.190000000000000000e+03 6.286499999999999773e+02
8.780000000000000000e+02 6.492500000000000000e+02
8.540000000000000000e+02 6.526499999999999773e+02
1.334000000000000000e+03 6.538500000000000227e+02
1.534000000000000000e+03 6.788000000000000682e+02
1.222000000000000000e+03 6.893500000000000227e+02
1.006000000000000000e+03 6.918000000000000682e+02
1.190000000000000000e+03 6.981499999999999773e+02
9.420000000000000000e+02 7.170500000000000682e+02
1.422000000000000000e+03 7.443500000000000227e+02
1.350000000000000000e+03 7.586499999999999773e+02
9.260000000000000000e+02 7.768999999999999773e+02
1.526000000000000000e+03 7.906499999999999773e+02
8.860000000000000000e+02 8.049500000000000455e+02
8.380000000000000000e+02 8.220000000000000000e+02
1.142000000000000000e+03 8.314500000000000455e+02
8.460000000000000000e+02 8.344500000000000455e+02
1.414000000000000000e+03 8.521000000000000227e+02
1.542000000000000000e+03 8.523500000000000227e+02
1.438000000000000000e+03 8.655500000000000682e+02
1.038000000000000000e+03 8.833999999999999773e+02
1.294000000000000000e+03 9.024500000000000455e+02
1.366000000000000000e+03 9.148999999999999773e+02
1.150000000000000000e+03 9.257000000000000455e+02
9.500000000000000000e+02 9.443999999999999773e+02
1.438000000000000000e+03 9.512500000000000000e+02
1.550000000000000000e+03 1.002750000000000000e+03
1.574000000000000000e+03 1.016350000000000023e+03
1.054000000000000000e+03 1.051750000000000000e+03
1.070000000000000000e+03 1.058299999999999955e+03
1.406000000000000000e+03 1.068950000000000045e+03
1.342000000000000000e+03 1.092150000000000091e+03
9.500000000000000000e+02 1.098549999999999955e+03
1.038000000000000000e+03 1.141549999999999955e+03
1.214000000000000000e+03 1.154549999999999955e+03
1.494000000000000000e+03 1.155750000000000000e+03
1.358000000000000000e+03 1.161450000000000045e+03
1.462000000000000000e+03 1.162600000000000136e+03
1.174000000000000000e+03 1.184200000000000045e+03
1.374000000000000000e+03 1.184850000000000136e+03
1.502000000000000000e+03 1.192400000000000091e+03
9.260000000000000000e+02 1.195000000000000000e+03
8.780000000000000000e+02 1.206450000000000045e+03
1.510000000000000000e+03 1.222650000000000091e+03
1.590000000000000000e+03 1.255549999999999955e+03
1.246000000000000000e+03 1.299600000000000136e+03
8.860000000000000000e+02 1.299850000000000136e+03
1.166000000000000000e+03 1.341150000000000091e+03
1.462000000000000000e+03 1.373049999999999955e+03
1.358000000000000000e+03 1.387100000000000136e+03
1.598000000000000000e+03 1.450450000000000045e+03
1.110000000000000000e+03 1.462799999999999955e+03
8.300000000000000000e+02 1.480250000000000000e+03
8.140000000000000000e+02 1.486200000000000045e+03
8.220000000000000000e+02 1.493600000000000136e+03
1.502000000000000000e+03 1.510000000000000000e+03
9.580000000000000000e+02 1.535150000000000091e+03
8.220000000000000000e+02 1.538150000000000091e+03
1.598000000000000000e+03 1.541450000000000045e+03
8.620000000000000000e+02 1.545150000000000091e+03
1.462000000000000000e+03 1.577049999999999955e+03
8.460000000000000000e+02 1.584500000000000000e+03
1.510000000000000000e+03 1.595350000000000136e+03
1.342000000000000000e+03 1.604250000000000000e+03
1.582000000000000000e+03 1.604400000000000091e+03
1.518000000000000000e+03 1.611100000000000136e+03
8.140000000000000000e+02 1.615000000000000000e+03
1.350000000000000000e+03 1.617799999999999955e+03
9.420000000000000000e+02 1.621350000000000136e+03
1.398000000000000000e+03 1.643799999999999955e+03
1.238000000000000000e+03 1.644650000000000091e+03
9.420000000000000000e+02 1.645549999999999955e+03
1.174000000000000000e+03 1.662350000000000136e+03
1.590000000000000000e+03 1.675700000000000045e+03
1.110000000000000000e+03 1.683600000000000136e+03
1.510000000000000000e+03 1.688450000000000045e+03
1.526000000000000000e+03 1.690650000000000091e+03
1.254000000000000000e+03 1.742500000000000000e+03
9.020000000000000000e+02 1.791600000000000136e+03
1.182000000000000000e+03 1.797200000000000045e+03
1.566000000000000000e+03 1.813900000000000091e+03
1.478000000000000000e+03 1.825400000000000091e+03
1.190000000000000000e+03 1.832150000000000091e+03
8.460000000000000000e+02 1.834299999999999955e+03
1.462000000000000000e+03 1.840750000000000000e+03
1.022000000000000000e+03 1.851000000000000000e+03
1.566000000000000000e+03 1.852350000000000136e+03
1.534000000000000000e+03 1.863450000000000045e+03
1.478000000000000000e+03 1.866799999999999955e+03
1.494000000000000000e+03 1.869400000000000091e+03
9.500000000000000000e+02 1.886250000000000000e+03
1.198000000000000000e+03 1.937100000000000136e+03
1.382000000000000000e+03 1.956000000000000000e+03
1.582000000000000000e+03 1.958049999999999955e+03
8.780000000000000000e+02 1.967299999999999955e+03
1.214000000000000000e+03 1.969950000000000045e+03
9.340000000000000000e+02 1.972650000000000091e+03
9.820000000000000000e+02 2.006400000000000091e+03
1.566000000000000000e+03 2.013700000000000045e+03
1.070000000000000000e+03 2.026350000000000136e+03
1.254000000000000000e+03 2.067849999999999909e+03
1.046000000000000000e+03 2.120099999999999909e+03
9.180000000000000000e+02 2.155199999999999818e+03
8.780000000000000000e+02 2.156199999999999818e+03
1.310000000000000000e+03 2.172550000000000182e+03
1.438000000000000000e+03 2.196050000000000182e+03
9.100000000000000000e+02 2.209500000000000000e+03
8.620000000000000000e+02 2.215050000000000182e+03
1.446000000000000000e+03 2.222400000000000091e+03
8.860000000000000000e+02 2.224800000000000182e+03
9.180000000000000000e+02 2.229099999999999909e+03
1.382000000000000000e+03 2.293150000000000091e+03
1.270000000000000000e+03 2.293750000000000000e+03
1.270000000000000000e+03 2.383349999999999909e+03
1.542000000000000000e+03 2.387349999999999909e+03
1.110000000000000000e+03 2.392650000000000091e+03
1.478000000000000000e+03 2.403349999999999909e+03
1.182000000000000000e+03 2.436650000000000091e+03
1.222000000000000000e+03 2.438900000000000091e+03
1.574000000000000000e+03 2.470250000000000000e+03
1.198000000000000000e+03 2.479250000000000000e+03
1.062000000000000000e+03 2.483599999999999909e+03
1.534000000000000000e+03 2.502950000000000273e+03
1.342000000000000000e+03 2.503200000000000273e+03
1.094000000000000000e+03 2.507250000000000000e+03
1.198000000000000000e+03 2.510599999999999909e+03
1.574000000000000000e+03 2.511349999999999909e+03
1.126000000000000000e+03 2.521150000000000091e+03
9.340000000000000000e+02 2.569849999999999909e+03
9.180000000000000000e+02 2.597450000000000273e+03
1.270000000000000000e+03 2.605750000000000000e+03
9.420000000000000000e+02 2.634500000000000000e+03
8.460000000000000000e+02 2.651900000000000091e+03
9.660000000000000000e+02 2.680800000000000182e+03
9.820000000000000000e+02 2.693400000000000091e+03
1.278000000000000000e+03 2.715500000000000000e+03
1.270000000000000000e+03 2.739599999999999909e+03
1.254000000000000000e+03 2.762950000000000273e+03
8.860000000000000000e+02 2.778450000000000273e+03
1.134000000000000000e+03 2.802050000000000182e+03
9.260000000000000000e+02 2.815700000000000273e+03
9.660000000000000000e+02 2.816849999999999909e+03
1.038000000000000000e+03 2.833050000000000182e+03
1.174000000000000000e+03 2.835300000000000182e+03
1.422000000000000000e+03 2.843550000000000182e+03
1.590000000000000000e+03 2.870300000000000182e+03
8.060000000000000000e+02 2.876099999999999909e+03
8.620000000000000000e+02 2.891800000000000182e+03
1.310000000000000000e+03 2.937550000000000182e+03
9.660000000000000000e+02 2.944200000000000273e+03
9.980000000000000000e+02 2.956900000000000091e+03
1.550000000000000000e+03 2.968349999999999909e+03
1.078000000000000000e+03 2.983250000000000000e+03
1.142000000000000000e+03 2.985000000000000000e+03
1.190000000000000000e+03 2.998450000000000273e+03
1.254000000000000000e+03 3.425800000000000182e+03
1.190000000000000000e+03 3.457900000000000091e+03
1.062000000000000000e+03 3.514900000000000091e+03
1.126000000000000000e+03 3.516200000000000273e+03
1.262000000000000000e+03 3.527450000000000273e+03
8.060000000000000000e+02 3.552150000000000091e+03
1.086000000000000000e+03 3.563150000000000091e+03
8.540000000000000000e+02 3.571000000000000000e+03
1.446000000000000000e+03 3.573200000000000273e+03
1.414000000000000000e+03 3.588349999999999909e+03
9.660000000000000000e+02 3.589099999999999909e+03
1.446000000000000000e+03 3.600950000000000273e+03
8.460000000000000000e+02 3.602849999999999909e+03
1.030000000000000000e+03 3.733250000000000000e+03
1.046000000000000000e+03 3.744099999999999909e+03
1.406000000000000000e+03 3.759450000000000273e+03
1.430000000000000000e+03 3.769800000000000182e+03
1.478000000000000000e+03 3.771599999999999909e+03
1.046000000000000000e+03 3.812599999999999909e+03
1.518000000000000000e+03 3.834400000000000091e+03
1.510000000000000000e+03 3.836650000000000091e+03
1.230000000000000000e+03 3.843650000000000091e+03
1.294000000000000000e+03 3.855500000000000000e+03
1.046000000000000000e+03 3.873400000000000091e+03
1.270000000000000000e+03 3.881050000000000182e+03
1.278000000000000000e+03 3.882500000000000000e+03
1.454000000000000000e+03 3.883900000000000091e+03
1.302000000000000000e+03 3.905200000000000273e+03
1.318000000000000000e+03 3.911349999999999909e+03
1.334000000000000000e+03 3.917050000000000182e+03
1.350000000000000000e+03 3.931650000000000091e+03
1.454000000000000000e+03 3.931650000000000091e+03
8.700000000000000000e+02 3.955250000000000000e+03
1.430000000000000000e+03 3.966750000000000000e+03
1.430000000000000000e+03 3.977849999999999909e+03
1.438000000000000000e+03 3.980050000000000182e+03
1.382000000000000000e+03 3.982950000000000273e+03
9.980000000000000000e+02 3.983599999999999909e+03
9.660000000000000000e+02 4.002450000000000273e+03
1.086000000000000000e+03 4.088349999999999909e+03
1.550000000000000000e+03 4.129300000000000182e+03
1.334000000000000000e+03 4.150000000000000000e+03
9.820000000000000000e+02 4.165750000000000000e+03
1.190000000000000000e+03 4.183149999999999636e+03
1.510000000000000000e+03 4.188250000000000000e+03
1.086000000000000000e+03 4.197250000000000000e+03
9.580000000000000000e+02 4.200000000000000000e+03
8.780000000000000000e+02 4.215399999999999636e+03
1.310000000000000000e+03 4.251899999999999636e+03
1.134000000000000000e+03 4.264100000000000364e+03
1.230000000000000000e+03 4.310649999999999636e+03
1.006000000000000000e+03 4.332449999999999818e+03
1.438000000000000000e+03 4.338800000000000182e+03
1.326000000000000000e+03 4.345649999999999636e+03
1.462000000000000000e+03 4.374750000000000000e+03
1.142000000000000000e+03 4.472100000000000364e+03
1.438000000000000000e+03 4.483199999999999818e+03
1.334000000000000000e+03 4.483850000000000364e+03
1.526000000000000000e+03 4.492650000000000546e+03
1.054000000000000000e+03 4.497250000000000000e+03
1.326000000000000000e+03 4.555750000000000000e+03
1.446000000000000000e+03 4.560150000000000546e+03
1.030000000000000000e+03 4.577199999999999818e+03
1.206000000000000000e+03 4.578699999999999818e+03
1.014000000000000000e+03 4.590900000000000546e+03
1.150000000000000000e+03 4.624850000000000364e+03
1.270000000000000000e+03 4.630600000000000364e+03
1.390000000000000000e+03 4.634750000000000000e+03
1.190000000000000000e+03 4.640750000000000000e+03
1.534000000000000000e+03 4.645199999999999818e+03
1.574000000000000000e+03 4.662750000000000000e+03
1.246000000000000000e+03 4.775800000000000182e+03
1.374000000000000000e+03 4.782600000000000364e+03
1.342000000000000000e+03 4.792699999999999818e+03
1.590000000000000000e+03 4.792750000000000000e+03
8.220000000000000000e+02 4.792949999999999818e+03
1.038000000000000000e+03 4.801050000000000182e+03
1.502000000000000000e+03 4.804500000000000000e+03
8.460000000000000000e+02 4.826800000000000182e+03
1.246000000000000000e+03 4.851199999999999818e+03
9.660000000000000000e+02 4.862600000000000364e+03
1.550000000000000000e+03 4.881600000000000364e+03
9.420000000000000000e+02 4.890500000000000000e+03
1.446000000000000000e+03 4.891800000000000182e+03
8.940000000000000000e+02 4.896100000000000364e+03
1.142000000000000000e+03 4.907750000000000000e+03
9.020000000000000000e+02 4.908600000000000364e+03
1.022000000000000000e+03 5.051500000000000000e+03
1.462000000000000000e+03 5.056100000000000364e+03
1.590000000000000000e+03 5.070550000000000182e+03
1.470000000000000000e+03 5.071900000000000546e+03
1.142000000000000000e+03 5.083800000000000182e+03
1.190000000000000000e+03 5.089350000000000364e+03
1.222000000000000000e+03 5.132199999999999818e+03
1.342000000000000000e+03 5.133550000000000182e+03
9.260000000000000000e+02 5.133699999999999818e+03
1.310000000000000000e+03 5.141750000000000000e+03
1.526000000000000000e+03 5.184699999999999818e+03
1.542000000000000000e+03 5.188400000000000546e+03
1.134000000000000000e+03 5.188750000000000000e+03
1.382000000000000000e+03 5.192100000000000364e+03
1.070000000000000000e+03 5.206800000000000182e+03
1.070000000000000000e+03 5.266449999999999818e+03
1.574000000000000000e+03 5.342800000000000182e+03
1.502000000000000000e+03 5.382949999999999818e+03
8.940000000000000000e+02 5.388350000000000364e+03
9.900000000000000000e+02 5.399400000000000546e+03
1.598000000000000000e+03 5.517400000000000546e+03
8.220000000000000000e+02 5.522400000000000546e+03
1.310000000000000000e+03 5.690699999999999818e+03
1.182000000000000000e+03 5.697350000000000364e+03
1.558000000000000000e+03 5.703650000000000546e+03
9.820000000000000000e+02 5.741250000000000000e+03
8.700000000000000000e+02 5.782500000000000000e+03
9.580000000000000000e+02 5.786949999999999818e+03
1.342000000000000000e+03 5.835850000000000364e+03
9.980000000000000000e+02 5.909050000000000182e+03
1.166000000000000000e+03 5.939600000000000364e+03
1.423000000000000000e+03 1.067500000000000000e+02
1.127000000000000000e+03 1.153500000000000085e+02
1.183000000000000000e+03 1.170499999999999972e+02
8.950000000000000000e+02 1.293000000000000114e+02
1.375000000000000000e+03 1.378000000000000114e+02
1.007000000000000000e+03 1.510500000000000114e+02
1.303000000000000000e+03 1.755000000000000000e+02
1.239000000000000000e+03 1.797500000000000000e+02
1.143000000000000000e+03 2.033000000000000114e+02
1.239000000000000000e+03 2.097000000000000171e+02
9.510000000000000000e+02 2.196500000000000057e+02
1.183000000000000000e+03 2.220000000000000000e+02
1.167000000000000000e+03 2.278000000000000114e+02
9.430000000000000000e+02 2.318499999999999943e+02
1.239000000000000000e+03 2.328499999999999943e+02
1.295000000000000000e+03 2.563000000000000114e+02
1.511000000000000000e+03 2.563500000000000227e+02
8.870000000000000000e+02 2.566000000000000227e+02
1.327000000000000000e+03 2.571999999999999886e+02
1.143000000000000000e+03 2.681999999999999886e+02
9.110000000000000000e+02 2.737500000000000000e+02
8.790000000000000000e+02 2.775500000000000114e+02
9.750000000000000000e+02 3.007500000000000000e+02
1.159000000000000000e+03 3.234499999999999886e+02
1.391000000000000000e+03 3.471000000000000227e+02
1.423000000000000000e+03 3.711999999999999886e+02
1.311000000000000000e+03 4.127500000000000000e+02
9.990000000000000000e+02 4.362500000000000000e+02
1.487000000000000000e+03 4.801000000000000227e+02
9.750000000000000000e+02 4.886999999999999886e+02
1.135000000000000000e+03 5.067500000000000000e+02
1.535000000000000000e+03 5.367999999999999545e+02
1.247000000000000000e+03 5.462000000000000455e+02
1.103000000000000000e+03 5.706000000000000227e+02
8.310000000000000000e+02 6.035000000000000000e+02
8.390000000000000000e+02 6.037500000000000000e+02
1.199000000000000000e+03 6.091000000000000227e+02
8.230000000000000000e+02 6.417000000000000455e+02
1.063000000000000000e+03 6.423500000000000227e+02
1.471000000000000000e+03 6.502500000000000000e+02
1.391000000000000000e+03 6.520000000000000000e+02
8.950000000000000000e+02 6.555500000000000682e+02
1.151000000000000000e+03 6.614500000000000455e+02
1.159000000000000000e+03 6.717000000000000455e+02
1.327000000000000000e+03 6.838500000000000227e+02
1.103000000000000000e+03 7.033999999999999773e+02
8.390000000000000000e+02 7.150000000000000000e+02
8.070000000000000000e+02 7.172500000000000000e+02
1.519000000000000000e+03 7.273500000000000227e+02
1.167000000000000000e+03 7.756000000000000227e+02
8.630000000000000000e+02 7.810000000000000000e+02
8.150000000000000000e+02 8.197500000000000000e+02
1.407000000000000000e+03 8.341000000000000227e+02
1.591000000000000000e+03 8.516000000000000227e+02
1.455000000000000000e+03 8.657000000000000455e+02
1.239000000000000000e+03 8.729500000000000455e+02
1.279000000000000000e+03 8.761000000000000227e+02
1.071000000000000000e+03 8.983999999999999773e+02
9.750000000000000000e+02 9.018999999999999773e+02
9.510000000000000000e+02 9.121499999999999773e+02
1.087000000000000000e+03 9.145500000000000682e+02
1.271000000000000000e+03 9.236499999999999773e+02
9.270000000000000000e+02 9.248999999999999773e+02
1.471000000000000000e+03 9.493999999999999773e+02
1.367000000000000000e+03 9.793000000000000682e+02
1.127000000000000000e+03 9.866000000000000227e+02
9.990000000000000000e+02 1.048549999999999955e+03
1.535000000000000000e+03 1.059950000000000045e+03
1.207000000000000000e+03 1.088950000000000045e+03
9.190000000000000000e+02 1.089750000000000000e+03
1.159000000000000000e+03 1.098200000000000045e+03
1.407000000000000000e+03 1.113250000000000000e+03
1.183000000000000000e+03 1.187350000000000136e+03
8.630000000000000000e+02 1.199299999999999955e+03
1.055000000000000000e+03 1.206900000000000091e+03
9.190000000000000000e+02 1.235049999999999955e+03
1.215000000000000000e+03 1.263700000000000045e+03
1.391000000000000000e+03 1.279799999999999955e+03
1.111000000000000000e+03 1.284549999999999955e+03
1.151000000000000000e+03 1.284950000000000045e+03
1.319000000000000000e+03 1.296750000000000000e+03
1.375000000000000000e+03 1.309200000000000045e+03
1.175000000000000000e+03 1.327750000000000000e+03
1.407000000000000000e+03 1.376900000000000091e+03
9.510000000000000000e+02 1.409950000000000045e+03
1.175000000000000000e+03 1.414650000000000091e+03
1.447000000000000000e+03 1.429600000000000136e+03
1.039000000000000000e+03 1.432750000000000000e+03
1.535000000000000000e+03 1.434500000000000000e+03
1.391000000000000000e+03 1.451299999999999955e+03
1.119000000000000000e+03 1.452900000000000091e+03
1.111000000000000000e+03 1.482049999999999955e+03
1.431000000000000000e+03 1.494299999999999955e+03
1.311000000000000000e+03 1.497049999999999955e+03
9.030000000000000000e+02 1.523549999999999955e+03
9.510000000000000000e+02 1.524799999999999955e+03
1.367000000000000000e+03 1.528500000000000000e+03
8.310000000000000000e+02 1.557549999999999955e+03
1.463000000000000000e+03 1.559049999999999955e+03
1.191000000000000000e+03 1.578049999999999955e+03
1.135000000000000000e+03 1.596299999999999955e+03
8.630000000000000000e+02 1.597750000000000000e+03
8.790000000000000000e+02 1.601549999999999955e+03
1.319000000000000000e+03 1.608250000000000000e+03
8.870000000000000000e+02 1.628250000000000000e+03
1.407000000000000000e+03 1.687000000000000000e+03
8.630000000000000000e+02 1.690049999999999955e+03
1.247000000000000000e+03 1.708299999999999955e+03
1.159000000000000000e+03 1.720250000000000000e+03
9.030000000000000000e+02 1.763549999999999955e+03
1.583000000000000000e+03 1.774200000000000045e+03
1.383000000000000000e+03 1.809950000000000045e+03
1.031000000000000000e+03 1.826950000000000045e+03
9.670000000000000000e+02 1.876549999999999955e+03
1.031000000000000000e+03 1.903200000000000045e+03
8.070000000000000000e+02 1.910549999999999955e+03
1.535000000000000000e+03 1.929549999999999955e+03
1.023000000000000000e+03 1.943400000000000091e+03
1.135000000000000000e+03 1.947350000000000136e+03
1.167000000000000000e+03 1.959400000000000091e+03
1.431000000000000000e+03 1.974000000000000000e+03
9.350000000000000000e+02 1.990850000000000136e+03
1.159000000000000000e+03 2.002799999999999955e+03
8.870000000000000000e+02 2.003900000000000091e+03
1.199000000000000000e+03 2.006900000000000091e+03
1.087000000000000000e+03 2.011150000000000091e+03
1.575000000000000000e+03 2.015549999999999955e+03
1.391000000000000000e+03 2.017850000000000136e+03
8.070000000000000000e+02 2.019549999999999955e+03
1.287000000000000000e+03 2.036450000000000045e+03
1.359000000000000000e+03 2.039450000000000045e+03
1.071000000000000000e+03 2.053199999999999818e+03
8.950000000000000000e+02 2.055650000000000091e+03
1.407000000000000000e+03 2.059199999999999818e+03
9.110000000000000000e+02 2.073199999999999818e+03
9.430000000000000000e+02 2.111250000000000000e+03
1.295000000000000000e+03 2.115650000000000091e+03
1.047000000000000000e+03 2.119099999999999909e+03
1.583000000000000000e+03 2.127900000000000091e+03
1.119000000000000000e+03 2.134449999999999818e+03
1.263000000000000000e+03 2.146900000000000091e+03
9.110000000000000000e+02 2.150150000000000091e+03
1.511000000000000000e+03 2.152250000000000000e+03
1.135000000000000000e+03 2.154849999999999909e+03
1.191000000000000000e+03 2.169599999999999909e+03
1.311000000000000000e+03 2.171449999999999818e+03
1.351000000000000000e+03 2.173699999999999818e+03
8.870000000000000000e+02 2.185200000000000273e+03
9.430000000000000000e+02 2.189650000000000091e+03
1.343000000000000000e+03 2.221200000000000273e+03
1.095000000000000000e+03 2.233800000000000182e+03
9.350000000000000000e+02 2.236650000000000091e+03
1.359000000000000000e+03 2.236650000000000091e+03
9.510000000000000000e+02 2.236849999999999909e+03
9.590000000000000000e+02 2.277250000000000000e+03
1.071000000000000000e+03 2.290050000000000182e+03
1.167000000000000000e+03 2.335800000000000182e+03
1.511000000000000000e+03 2.361450000000000273e+03
1.239000000000000000e+03 2.382599999999999909e+03
1.511000000000000000e+03 2.401099999999999909e+03
1.199000000000000000e+03 2.407200000000000273e+03
1.311000000000000000e+03 2.413349999999999909e+03
1.279000000000000000e+03 2.436550000000000182e+03
1.591000000000000000e+03 2.438200000000000273e+03
8.950000000000000000e+02 2.449800000000000182e+03
1.399000000000000000e+03 2.454800000000000182e+03
9.110000000000000000e+02 2.456150000000000091e+03
1.527000000000000000e+03 2.463900000000000091e+03
1.023000000000000000e+03 2.476599999999999909e+03
9.830000000000000000e+02 2.481250000000000000e+03
8.390000000000000000e+02 2.482200000000000273e+03
9.270000000000000000e+02 2.493650000000000091e+03
1.487000000000000000e+03 2.494099999999999909e+03
1.135000000000000000e+03 2.495550000000000182e+03
1.239000000000000000e+03 2.503900000000000091e+03
9.430000000000000000e+02 2.506700000000000273e+03
1.079000000000000000e+03 2.519099999999999909e+03
1.407000000000000000e+03 2.522700000000000273e+03
1.455000000000000000e+03 2.525000000000000000e+03
1.183000000000000000e+03 2.553400000000000091e+03
9.910000000000000000e+02 2.566849999999999909e+03
9.030000000000000000e+02 2.570650000000000091e+03
1.191000000000000000e+03 2.579599999999999909e+03
1.151000000000000000e+03 2.614349999999999909e+03
1.287000000000000000e+03 2.629050000000000182e+03
1.135000000000000000e+03 2.651150000000000091e+03
1.415000000000000000e+03 2.658300000000000182e+03
1.183000000000000000e+03 2.659400000000000091e+03
1.247000000000000000e+03 2.660250000000000000e+03
1.175000000000000000e+03 2.661599999999999909e+03
1.031000000000000000e+03 2.691150000000000091e+03
9.350000000000000000e+02 2.703349999999999909e+03
1.575000000000000000e+03 2.712650000000000091e+03
1.007000000000000000e+03 2.740200000000000273e+03
1.167000000000000000e+03 2.748000000000000000e+03
1.535000000000000000e+03 2.752150000000000091e+03
1.279000000000000000e+03 2.752650000000000091e+03
1.583000000000000000e+03 2.757300000000000182e+03
1.455000000000000000e+03 2.763950000000000273e+03
9.590000000000000000e+02 2.775150000000000091e+03
1.023000000000000000e+03 2.778200000000000273e+03
1.311000000000000000e+03 2.798450000000000273e+03
8.230000000000000000e+02 2.818650000000000091e+03
1.079000000000000000e+03 2.833950000000000273e+03
1.359000000000000000e+03 2.837099999999999909e+03
1.111000000000000000e+03 2.885300000000000182e+03
9.670000000000000000e+02 2.892849999999999909e+03
1.511000000000000000e+03 2.904849999999999909e+03
1.271000000000000000e+03 2.920050000000000182e+03
1.263000000000000000e+03 2.923000000000000000e+03
1.199000000000000000e+03 2.938200000000000273e+03
8.310000000000000000e+02 2.958300000000000182e+03
1.535000000000000000e+03 2.967650000000000091e+03
9.670000000000000000e+02 2.972700000000000273e+03
1.271000000000000000e+03 2.974300000000000182e+03
8.550000000000000000e+02 2.976700000000000273e+03
9.030000000000000000e+02 2.978750000000000000e+03
1.391000000000000000e+03 3.438849999999999909e+03
1.111000000000000000e+03 3.459650000000000091e+03
9.990000000000000000e+02 3.470450000000000273e+03
9.110000000000000000e+02 3.481349999999999909e+03
1.543000000000000000e+03 3.506050000000000182e+03
1.575000000000000000e+03 3.517150000000000091e+03
1.463000000000000000e+03 3.524950000000000273e+03
9.510000000000000000e+02 3.532150000000000091e+03
1.135000000000000000e+03 3.556700000000000273e+03
1.431000000000000000e+03 3.556900000000000091e+03
9.910000000000000000e+02 3.584000000000000000e+03
8.470000000000000000e+02 3.584450000000000273e+03
1.119000000000000000e+03 3.584650000000000091e+03
1.519000000000000000e+03 3.596500000000000000e+03
1.487000000000000000e+03 3.624950000000000273e+03
1.447000000000000000e+03 3.726050000000000182e+03
1.055000000000000000e+03 3.737150000000000091e+03
1.495000000000000000e+03 3.746400000000000091e+03
1.143000000000000000e+03 3.777849999999999909e+03
9.110000000000000000e+02 3.817050000000000182e+03
1.223000000000000000e+03 3.826750000000000000e+03
1.023000000000000000e+03 3.826900000000000091e+03
1.215000000000000000e+03 3.843450000000000273e+03
1.367000000000000000e+03 3.854150000000000091e+03
1.231000000000000000e+03 3.875150000000000091e+03
1.591000000000000000e+03 3.885349999999999909e+03
1.423000000000000000e+03 3.910500000000000000e+03
1.159000000000000000e+03 3.927750000000000000e+03
8.790000000000000000e+02 3.933000000000000000e+03
1.543000000000000000e+03 3.936000000000000000e+03
1.519000000000000000e+03 3.945900000000000091e+03
8.710000000000000000e+02 3.961000000000000000e+03
1.415000000000000000e+03 4.134649999999999636e+03
9.670000000000000000e+02 4.137000000000000000e+03
1.023000000000000000e+03 4.139949999999999818e+03
9.350000000000000000e+02 4.148600000000000364e+03
1.583000000000000000e+03 4.152850000000000364e+03
1.207000000000000000e+03 4.155850000000000364e+03
1.167000000000000000e+03 4.157199999999999818e+03
1.095000000000000000e+03 4.160750000000000000e+03
1.183000000000000000e+03 4.163850000000000364e+03
1.127000000000000000e+03 4.199399999999999636e+03
1.375000000000000000e+03 4.202850000000000364e+03
1.431000000000000000e+03 4.204199999999999818e+03
9.590000000000000000e+02 4.230800000000000182e+03
9.750000000000000000e+02 4.241750000000000000e+03
9.910000000000000000e+02 4.275750000000000000e+03
9.750000000000000000e+02 4.282899999999999636e+03
1.159000000000000000e+03 4.284800000000000182e+03
1.495000000000000000e+03 4.295899999999999636e+03
1.351000000000000000e+03 4.343750000000000000e+03
1.583000000000000000e+03 4.508400000000000546e+03
1.535000000000000000e+03 4.530400000000000546e+03
1.351000000000000000e+03 4.540650000000000546e+03
1.343000000000000000e+03 4.564650000000000546e+03
1.119000000000000000e+03 4.577199999999999818e+03
8.150000000000000000e+02 4.578800000000000182e+03
1.031000000000000000e+03 4.579250000000000000e+03
9.030000000000000000e+02 4.595199999999999818e+03
1.455000000000000000e+03 4.596449999999999818e+03
1.151000000000000000e+03 4.598600000000000364e+03
1.255000000000000000e+03 4.616900000000000546e+03
1.599000000000000000e+03 4.617750000000000000e+03
1.039000000000000000e+03 4.749100000000000364e+03
1.327000000000000000e+03 4.771350000000000364e+03
8.230000000000000000e+02 4.782449999999999818e+03
1.087000000000000000e+03 4.795250000000000000e+03
1.183000000000000000e+03 4.800949999999999818e+03
1.239000000000000000e+03 4.810050000000000182e+03
1.479000000000000000e+03 4.836949999999999818e+03
1.367000000000000000e+03 4.860400000000000546e+03
1.311000000000000000e+03 4.864449999999999818e+03
8.710000000000000000e+02 4.895949999999999818e+03
1.007000000000000000e+03 4.904699999999999818e+03
1.047000000000000000e+03 4.909800000000000182e+03
8.230000000000000000e+02 4.914900000000000546e+03
1.463000000000000000e+03 4.945300000000000182e+03
1.087000000000000000e+03 5.057600000000000364e+03
1.519000000000000000e+03 5.062900000000000546e+03
1.111000000000000000e+03 5.072449999999999818e+03
1.151000000000000000e+03 5.087050000000000182e+03
1.495000000000000000e+03 5.100199999999999818e+03
1.351000000000000000e+03 5.102800000000000182e+03
8.230000000000000000e+02 5.106250000000000000e+03
1.495000000000000000e+03 5.121650000000000546e+03
1.471000000000000000e+03 5.177949999999999818e+03
8.470000000000000000e+02 5.189449999999999818e+03
1.007000000000000000e+03 5.198250000000000000e+03
8.150000000000000000e+02 5.226650000000000546e+03
1.263000000000000000e+03 5.279800000000000182e+03
1.063000000000000000e+03 5.289900000000000546e+03
1.239000000000000000e+03 5.292400000000000546e+03
1.503000000000000000e+03 5.313550000000000182e+03
8.470000000000000000e+02 5.344150000000000546e+03
1.415000000000000000e+03 5.383800000000000182e+03
1.263000000000000000e+03 5.387850000000000364e+03
1.167000000000000000e+03 5.399500000000000000e+03
8.150000000000000000e+02 5.463449999999999818e+03
1.223000000000000000e+03 5.478449999999999818e+03
9.670000000000000000e+02 5.595199999999999818e+03
1.159000000000000000e+03 5.671050000000000182e+03
1.535000000000000000e+03 5.779850000000000364e+03
8.470000000000000000e+02 5.811350000000000364e+03
8.870000000000000000e+02 5.957800000000000182e+03
1.207000000000000000e+03 5.995800000000000182e+03
