1.600000000000000000e+02 1.061000000000000085e+02
6.400000000000000000e+01 1.298499999999999943e+02
2.720000000000000000e+02 1.330000000000000000e+02
7.040000000000000000e+02 1.392000000000000171e+02
3.760000000000000000e+02 1.397000000000000171e+02
6.880000000000000000e+02 1.503000000000000114e+02
2.400000000000000000e+02 1.508000000000000114e+02
4.480000000000000000e+02 1.896500000000000057e+02
5.040000000000000000e+02 1.905000000000000000e+02
8.000000000000000000e+00 2.430999999999999943e+02
3.760000000000000000e+02 3.603000000000000114e+02
7.760000000000000000e+02 3.693000000000000114e+02
1.040000000000000000e+02 3.941999999999999886e+02
7.440000000000000000e+02 4.180000000000000000e+02
5.760000000000000000e+02 4.329000000000000341e+02
5.120000000000000000e+02 4.420000000000000000e+02
2.400000000000000000e+01 4.564499999999999886e+02
4.480000000000000000e+02 4.616500000000000341e+02
1.840000000000000000e+02 4.617500000000000000e+02
2.240000000000000000e+02 4.625000000000000000e+02
4.480000000000000000e+02 4.824000000000000341e+02
1.760000000000000000e+02 5.170000000000000000e+02
6.400000000000000000e+01 6.288999999999999773e+02
7.200000000000000000e+02 6.867000000000000455e+02
3.600000000000000000e+02 7.020500000000000682e+02
7.040000000000000000e+02 7.152500000000000000e+02
7.760000000000000000e+02 7.296000000000000227e+02
7.200000000000000000e+02 7.437000000000000455e+02
2.240000000000000000e+02 7.459500000000000455e+02
3.760000000000000000e+02 8.494500000000000455e+02
2.960000000000000000e+02 8.503500000000000227e+02
1.280000000000000000e+02 8.505000000000000000e+02
4.800000000000000000e+01 8.527000000000000455e+02
6.320000000000000000e+02 8.673999999999999773e+02
8.800000000000000000e+01 8.842000000000000455e+02
7.440000000000000000e+02 8.895500000000000682e+02
5.680000000000000000e+02 8.915500000000000682e+02
4.080000000000000000e+02 9.102500000000000000e+02
5.600000000000000000e+01 9.114500000000000455e+02
8.000000000000000000e+01 9.240000000000000000e+02
6.080000000000000000e+02 9.373500000000000227e+02
6.320000000000000000e+02 9.387000000000000455e+02
3.440000000000000000e+02 9.396499999999999773e+02
3.680000000000000000e+02 9.573999999999999773e+02
1.200000000000000000e+02 1.010000000000000000e+03
1.920000000000000000e+02 1.014550000000000068e+03
4.160000000000000000e+02 1.019399999999999977e+03
7.440000000000000000e+02 1.032250000000000000e+03
1.440000000000000000e+02 1.054450000000000045e+03
5.040000000000000000e+02 1.059750000000000000e+03
5.760000000000000000e+02 1.072200000000000045e+03
5.440000000000000000e+02 1.073150000000000091e+03
4.320000000000000000e+02 1.074349999999999909e+03
3.280000000000000000e+02 1.108799999999999955e+03
2.320000000000000000e+02 1.125200000000000045e+03
6.880000000000000000e+02 1.128200000000000045e+03
9.600000000000000000e+01 1.160700000000000045e+03
7.280000000000000000e+02 1.205750000000000000e+03
2.560000000000000000e+02 1.241299999999999955e+03
8.000000000000000000e+01 1.256250000000000000e+03
6.560000000000000000e+02 1.284400000000000091e+03
7.680000000000000000e+02 1.332750000000000000e+03
1.920000000000000000e+02 1.334400000000000091e+03
4.800000000000000000e+02 1.342950000000000045e+03
6.960000000000000000e+02 1.370700000000000045e+03
7.120000000000000000e+02 1.373900000000000091e+03
5.440000000000000000e+02 1.377100000000000136e+03
6.720000000000000000e+02 1.380900000000000091e+03
2.640000000000000000e+02 1.384350000000000136e+03
7.120000000000000000e+02 1.387100000000000136e+03
5.840000000000000000e+02 1.413250000000000000e+03
4.640000000000000000e+02 1.434250000000000000e+03
4.560000000000000000e+02 1.452100000000000136e+03
7.040000000000000000e+02 1.482750000000000000e+03
4.320000000000000000e+02 1.490900000000000091e+03
4.400000000000000000e+02 1.500150000000000091e+03
6.880000000000000000e+02 1.528600000000000136e+03
4.960000000000000000e+02 1.562750000000000000e+03
4.800000000000000000e+02 1.576650000000000091e+03
7.520000000000000000e+02 1.605350000000000136e+03
1.920000000000000000e+02 1.613200000000000045e+03
6.960000000000000000e+02 1.622799999999999955e+03
4.640000000000000000e+02 1.629650000000000091e+03
2.000000000000000000e+02 1.630650000000000091e+03
2.560000000000000000e+02 1.635250000000000000e+03
4.240000000000000000e+02 1.648600000000000136e+03
5.600000000000000000e+01 1.663950000000000045e+03
3.920000000000000000e+02 1.692700000000000045e+03
1.760000000000000000e+02 1.697850000000000136e+03
4.000000000000000000e+01 1.698650000000000091e+03
1.600000000000000000e+02 1.711500000000000000e+03
4.480000000000000000e+02 1.714650000000000091e+03
1.440000000000000000e+02 1.719950000000000045e+03
4.000000000000000000e+02 1.727700000000000045e+03
6.720000000000000000e+02 1.738900000000000091e+03
5.280000000000000000e+02 1.752150000000000091e+03
2.720000000000000000e+02 1.766000000000000000e+03
5.600000000000000000e+02 1.769799999999999955e+03
4.560000000000000000e+02 1.771600000000000136e+03
3.120000000000000000e+02 1.778600000000000136e+03
3.680000000000000000e+02 1.780700000000000045e+03
5.200000000000000000e+02 1.813600000000000136e+03
4.480000000000000000e+02 1.826549999999999955e+03
2.880000000000000000e+02 1.844799999999999955e+03
1.360000000000000000e+02 1.847400000000000091e+03
3.280000000000000000e+02 1.847600000000000136e+03
7.040000000000000000e+02 1.897900000000000091e+03
2.400000000000000000e+02 1.911250000000000000e+03
4.320000000000000000e+02 1.922850000000000136e+03
7.840000000000000000e+02 1.926500000000000000e+03
2.800000000000000000e+02 1.935500000000000000e+03
7.200000000000000000e+02 1.938500000000000000e+03
1.760000000000000000e+02 1.959900000000000091e+03
2.160000000000000000e+02 1.991600000000000136e+03
3.600000000000000000e+02 1.997250000000000000e+03
9.600000000000000000e+01 2.009549999999999955e+03
9.600000000000000000e+01 2.059500000000000000e+03
4.400000000000000000e+02 2.070250000000000000e+03
5.920000000000000000e+02 2.078550000000000182e+03
1.520000000000000000e+02 2.081750000000000000e+03
2.560000000000000000e+02 2.092250000000000000e+03
5.440000000000000000e+02 2.139449999999999818e+03
3.600000000000000000e+02 2.155849999999999909e+03
5.520000000000000000e+02 2.156150000000000091e+03
5.440000000000000000e+02 2.156750000000000000e+03
1.840000000000000000e+02 2.221300000000000182e+03
4.000000000000000000e+02 2.221849999999999909e+03
7.840000000000000000e+02 2.266900000000000091e+03
2.640000000000000000e+02 2.276450000000000273e+03
1.760000000000000000e+02 2.308099999999999909e+03
1.600000000000000000e+01 2.308550000000000182e+03
7.120000000000000000e+02 2.310400000000000091e+03
7.200000000000000000e+01 2.328849999999999909e+03
4.560000000000000000e+02 2.332400000000000091e+03
3.760000000000000000e+02 2.332800000000000182e+03
2.240000000000000000e+02 2.337750000000000000e+03
4.240000000000000000e+02 2.385650000000000091e+03
4.000000000000000000e+01 2.399300000000000182e+03
1.600000000000000000e+01 2.407550000000000182e+03
7.520000000000000000e+02 2.461700000000000273e+03
4.560000000000000000e+02 2.474150000000000091e+03
5.840000000000000000e+02 2.552200000000000273e+03
6.320000000000000000e+02 2.569349999999999909e+03
7.520000000000000000e+02 2.592099999999999909e+03
7.440000000000000000e+02 2.616000000000000000e+03
3.600000000000000000e+02 2.616849999999999909e+03
5.120000000000000000e+02 2.634800000000000182e+03
3.600000000000000000e+02 2.651849999999999909e+03
5.520000000000000000e+02 2.663500000000000000e+03
1.600000000000000000e+02 2.707050000000000182e+03
2.880000000000000000e+02 2.763050000000000182e+03
5.200000000000000000e+02 2.767849999999999909e+03
1.040000000000000000e+02 2.774900000000000091e+03
5.600000000000000000e+01 2.776150000000000091e+03
3.440000000000000000e+02 2.776150000000000091e+03
1.280000000000000000e+02 2.804200000000000273e+03
1.200000000000000000e+02 2.837250000000000000e+03
2.400000000000000000e+02 2.893000000000000000e+03
6.000000000000000000e+02 2.915050000000000182e+03
3.760000000000000000e+02 2.916550000000000182e+03
6.080000000000000000e+02 2.925550000000000182e+03
3.760000000000000000e+02 2.973050000000000182e+03
9.600000000000000000e+01 3.003200000000000273e+03
7.360000000000000000e+02 3.004400000000000091e+03
1.280000000000000000e+02 3.004550000000000182e+03
2.080000000000000000e+02 3.006450000000000273e+03
7.520000000000000000e+02 3.007200000000000273e+03
6.320000000000000000e+02 3.007250000000000000e+03
6.400000000000000000e+02 3.007300000000000182e+03
1.200000000000000000e+02 3.007400000000000091e+03
4.480000000000000000e+02 3.007650000000000091e+03
3.920000000000000000e+02 3.008599999999999909e+03
3.120000000000000000e+02 3.009250000000000000e+03
5.120000000000000000e+02 3.010150000000000091e+03
1.360000000000000000e+02 3.010599999999999909e+03
1.760000000000000000e+02 3.010599999999999909e+03
7.920000000000000000e+02 3.010800000000000182e+03
8.000000000000000000e+02 3.010900000000000091e+03
5.440000000000000000e+02 3.011150000000000091e+03
6.000000000000000000e+02 3.011150000000000091e+03
5.600000000000000000e+02 3.011349999999999909e+03
8.000000000000000000e+00 3.011599999999999909e+03
2.320000000000000000e+02 3.011550000000000182e+03
4.720000000000000000e+02 3.011700000000000273e+03
4.160000000000000000e+02 3.011800000000000182e+03
1.440000000000000000e+02 3.011849999999999909e+03
4.800000000000000000e+01 3.011950000000000273e+03
3.200000000000000000e+01 3.012050000000000182e+03
7.200000000000000000e+01 3.012250000000000000e+03
6.720000000000000000e+02 3.012750000000000000e+03
8.800000000000000000e+01 3.013200000000000273e+03
3.600000000000000000e+02 3.013300000000000182e+03
7.840000000000000000e+02 3.013300000000000182e+03
2.880000000000000000e+02 3.013450000000000273e+03
3.280000000000000000e+02 3.013500000000000000e+03
2.240000000000000000e+02 3.013900000000000091e+03
5.840000000000000000e+02 3.014200000000000273e+03
1.520000000000000000e+02 3.015099999999999909e+03
7.280000000000000000e+02 3.015599999999999909e+03
1.200000000000000000e+02 3.015750000000000000e+03
6.960000000000000000e+02 3.015849999999999909e+03
4.000000000000000000e+01 3.015950000000000273e+03
3.040000000000000000e+02 3.017000000000000000e+03
2.400000000000000000e+01 3.017200000000000273e+03
1.680000000000000000e+02 3.017700000000000273e+03
4.240000000000000000e+02 3.017650000000000091e+03
6.080000000000000000e+02 3.018400000000000091e+03
7.200000000000000000e+02 3.018349999999999909e+03
7.600000000000000000e+02 3.018349999999999909e+03
2.800000000000000000e+02 3.018650000000000091e+03
2.400000000000000000e+02 3.018900000000000091e+03
5.520000000000000000e+02 3.018849999999999909e+03
3.680000000000000000e+02 3.018950000000000273e+03
5.120000000000000000e+02 3.019150000000000091e+03
5.280000000000000000e+02 3.019200000000000273e+03
4.880000000000000000e+02 3.019300000000000182e+03
5.920000000000000000e+02 3.019250000000000000e+03
1.600000000000000000e+02 3.019349999999999909e+03
4.320000000000000000e+02 3.019599999999999909e+03
2.080000000000000000e+02 3.019750000000000000e+03
4.160000000000000000e+02 3.020050000000000182e+03
2.240000000000000000e+02 3.020200000000000273e+03
3.360000000000000000e+02 3.020150000000000091e+03
2.320000000000000000e+02 3.020300000000000182e+03
2.720000000000000000e+02 3.020250000000000000e+03
3.120000000000000000e+02 3.020300000000000182e+03
2.960000000000000000e+02 3.020500000000000000e+03
4.800000000000000000e+02 3.020700000000000273e+03
6.800000000000000000e+02 3.020700000000000273e+03
7.680000000000000000e+02 3.020849999999999909e+03
8.000000000000000000e+01 3.021150000000000091e+03
1.760000000000000000e+02 3.021200000000000273e+03
6.960000000000000000e+02 3.021300000000000182e+03
1.920000000000000000e+02 3.021450000000000273e+03
1.280000000000000000e+02 3.021550000000000182e+03
2.000000000000000000e+02 3.021650000000000091e+03
7.920000000000000000e+02 3.021800000000000182e+03
5.840000000000000000e+02 3.022200000000000273e+03
4.640000000000000000e+02 3.022349999999999909e+03
3.200000000000000000e+01 3.022800000000000182e+03
6.320000000000000000e+02 3.023050000000000182e+03
7.440000000000000000e+02 3.024250000000000000e+03
7.200000000000000000e+01 3.024450000000000273e+03
3.280000000000000000e+02 3.025500000000000000e+03
3.520000000000000000e+02 3.027400000000000091e+03
1.920000000000000000e+02 3.027750000000000000e+03
5.360000000000000000e+02 3.028000000000000000e+03
3.200000000000000000e+02 3.028650000000000091e+03
8.000000000000000000e+00 3.028800000000000182e+03
6.240000000000000000e+02 3.029000000000000000e+03
6.560000000000000000e+02 3.028950000000000273e+03
5.440000000000000000e+02 3.029200000000000273e+03
3.040000000000000000e+02 3.029250000000000000e+03
1.200000000000000000e+02 3.029650000000000091e+03
7.120000000000000000e+02 3.029750000000000000e+03
7.760000000000000000e+02 3.029950000000000273e+03
5.520000000000000000e+02 3.030099999999999909e+03
6.000000000000000000e+02 3.030050000000000182e+03
4.000000000000000000e+01 3.030150000000000091e+03
6.400000000000000000e+02 3.030250000000000000e+03
2.000000000000000000e+02 3.030500000000000000e+03
1.280000000000000000e+02 3.030650000000000091e+03
6.800000000000000000e+02 3.030750000000000000e+03
3.760000000000000000e+02 3.030849999999999909e+03
4.960000000000000000e+02 3.031000000000000000e+03
5.040000000000000000e+02 3.030950000000000273e+03
7.040000000000000000e+02 3.031150000000000091e+03
7.280000000000000000e+02 3.031150000000000091e+03
1.760000000000000000e+02 3.031250000000000000e+03
6.480000000000000000e+02 3.031250000000000000e+03
1.600000000000000000e+01 3.031349999999999909e+03
6.400000000000000000e+01 3.038400000000000091e+03
7.440000000000000000e+02 3.038450000000000273e+03
6.320000000000000000e+02 3.038550000000000182e+03
2.720000000000000000e+02 3.038800000000000182e+03
8.000000000000000000e+02 3.038750000000000000e+03
5.760000000000000000e+02 3.039349999999999909e+03
7.360000000000000000e+02 3.039700000000000273e+03
1.680000000000000000e+02 3.039849999999999909e+03
3.680000000000000000e+02 3.039950000000000273e+03
9.600000000000000000e+01 3.040050000000000182e+03
1.600000000000000000e+01 3.040349999999999909e+03
1.360000000000000000e+02 3.040550000000000182e+03
4.720000000000000000e+02 3.040650000000000091e+03
2.800000000000000000e+02 3.041500000000000000e+03
6.240000000000000000e+02 3.041500000000000000e+03
7.840000000000000000e+02 3.041599999999999909e+03
4.640000000000000000e+02 3.042050000000000182e+03
1.440000000000000000e+02 3.042349999999999909e+03
2.960000000000000000e+02 3.042500000000000000e+03
1.920000000000000000e+02 3.043250000000000000e+03
6.080000000000000000e+02 3.043250000000000000e+03
7.600000000000000000e+02 3.046200000000000273e+03
4.320000000000000000e+02 3.046650000000000091e+03
3.840000000000000000e+02 3.047099999999999909e+03
2.320000000000000000e+02 3.047950000000000273e+03
8.000000000000000000e+01 3.048550000000000182e+03
4.240000000000000000e+02 3.049250000000000000e+03
2.080000000000000000e+02 3.049400000000000091e+03
4.400000000000000000e+02 3.050400000000000091e+03
4.480000000000000000e+02 3.050550000000000182e+03
3.200000000000000000e+02 3.050950000000000273e+03
6.560000000000000000e+02 3.051099999999999909e+03
7.920000000000000000e+02 3.051050000000000182e+03
3.920000000000000000e+02 3.051450000000000273e+03
6.880000000000000000e+02 3.051550000000000182e+03
8.000000000000000000e+00 3.051650000000000091e+03
6.480000000000000000e+02 3.051700000000000273e+03
1.520000000000000000e+02 3.051800000000000182e+03
8.800000000000000000e+01 3.052000000000000000e+03
4.880000000000000000e+02 3.052099999999999909e+03
4.000000000000000000e+01 3.052200000000000273e+03
7.200000000000000000e+02 3.052200000000000273e+03
2.960000000000000000e+02 3.052400000000000091e+03
5.120000000000000000e+02 3.052750000000000000e+03
5.600000000000000000e+02 3.052750000000000000e+03
1.600000000000000000e+02 3.052900000000000091e+03
2.480000000000000000e+02 3.052900000000000091e+03
3.600000000000000000e+02 3.053349999999999909e+03
7.520000000000000000e+02 3.056750000000000000e+03
3.760000000000000000e+02 3.060150000000000091e+03
6.000000000000000000e+02 3.061250000000000000e+03
7.680000000000000000e+02 3.061599999999999909e+03
2.720000000000000000e+02 3.061650000000000091e+03
1.200000000000000000e+02 3.061900000000000091e+03
2.400000000000000000e+02 3.062349999999999909e+03
1.040000000000000000e+02 3.062599999999999909e+03
6.240000000000000000e+02 3.062599999999999909e+03
5.600000000000000000e+01 3.062650000000000091e+03
6.800000000000000000e+02 3.062650000000000091e+03
1.600000000000000000e+02 3.062900000000000091e+03
3.600000000000000000e+02 3.062950000000000273e+03
6.400000000000000000e+01 3.063200000000000273e+03
4.720000000000000000e+02 3.063150000000000091e+03
3.200000000000000000e+01 3.063400000000000091e+03
2.240000000000000000e+02 3.063450000000000273e+03
1.840000000000000000e+02 3.063700000000000273e+03
8.000000000000000000e+01 3.069000000000000000e+03
5.520000000000000000e+02 3.069500000000000000e+03
2.480000000000000000e+02 3.070800000000000182e+03
7.040000000000000000e+02 3.071150000000000091e+03
3.760000000000000000e+02 3.071250000000000000e+03
7.600000000000000000e+02 3.071450000000000273e+03
6.880000000000000000e+02 3.072000000000000000e+03
2.080000000000000000e+02 3.072099999999999909e+03
4.800000000000000000e+02 3.072599999999999909e+03
5.360000000000000000e+02 3.072900000000000091e+03
1.600000000000000000e+02 3.073050000000000182e+03
4.080000000000000000e+02 3.073900000000000091e+03
4.320000000000000000e+02 3.075550000000000182e+03
6.080000000000000000e+02 3.076200000000000273e+03
6.400000000000000000e+01 3.076650000000000091e+03
9.600000000000000000e+01 3.081450000000000273e+03
4.480000000000000000e+02 3.081700000000000273e+03
2.000000000000000000e+02 3.081750000000000000e+03
7.120000000000000000e+02 3.082000000000000000e+03
3.840000000000000000e+02 3.082200000000000273e+03
5.360000000000000000e+02 3.082200000000000273e+03
7.760000000000000000e+02 3.082450000000000273e+03
1.680000000000000000e+02 3.083000000000000000e+03
2.640000000000000000e+02 3.083000000000000000e+03
3.440000000000000000e+02 3.083099999999999909e+03
1.280000000000000000e+02 3.083599999999999909e+03
2.320000000000000000e+02 3.083599999999999909e+03
1.920000000000000000e+02 3.083750000000000000e+03
6.560000000000000000e+02 3.083800000000000182e+03
3.520000000000000000e+02 3.083950000000000273e+03
4.880000000000000000e+02 3.084150000000000091e+03
7.600000000000000000e+02 3.084150000000000091e+03
1.600000000000000000e+01 3.084450000000000273e+03
5.440000000000000000e+02 3.084599999999999909e+03
6.480000000000000000e+02 3.084750000000000000e+03
5.120000000000000000e+02 3.091800000000000182e+03
3.200000000000000000e+01 3.092250000000000000e+03
7.200000000000000000e+01 3.092800000000000182e+03
1.440000000000000000e+02 3.092849999999999909e+03
5.760000000000000000e+02 3.092950000000000273e+03
6.960000000000000000e+02 3.093000000000000000e+03
8.800000000000000000e+01 3.093099999999999909e+03
7.600000000000000000e+02 3.093150000000000091e+03
4.320000000000000000e+02 3.093599999999999909e+03
7.440000000000000000e+02 3.094400000000000091e+03
2.880000000000000000e+02 3.094650000000000091e+03
1.360000000000000000e+02 3.095000000000000000e+03
7.280000000000000000e+02 3.095150000000000091e+03
3.280000000000000000e+02 3.095700000000000273e+03
2.400000000000000000e+02 3.096550000000000182e+03
7.840000000000000000e+02 3.097400000000000091e+03
3.200000000000000000e+02 3.099900000000000091e+03
2.400000000000000000e+01 3.100300000000000182e+03
2.720000000000000000e+02 3.101450000000000273e+03
4.640000000000000000e+02 3.101950000000000273e+03
5.600000000000000000e+01 3.102050000000000182e+03
7.200000000000000000e+02 3.102800000000000182e+03
2.000000000000000000e+02 3.103300000000000182e+03
7.520000000000000000e+02 3.104400000000000091e+03
7.120000000000000000e+02 3.104450000000000273e+03
7.360000000000000000e+02 3.105250000000000000e+03
3.040000000000000000e+02 3.105450000000000273e+03
4.480000000000000000e+02 3.105550000000000182e+03
9.600000000000000000e+01 3.106099999999999909e+03
5.760000000000000000e+02 3.107450000000000273e+03
6.240000000000000000e+02 3.107900000000000091e+03
4.800000000000000000e+01 3.108650000000000091e+03
6.000000000000000000e+02 3.108650000000000091e+03
4.160000000000000000e+02 3.112650000000000091e+03
8.000000000000000000e+00 3.112800000000000182e+03
6.560000000000000000e+02 3.114000000000000000e+03
2.320000000000000000e+02 3.115750000000000000e+03
5.680000000000000000e+02 3.116099999999999909e+03
4.960000000000000000e+02 3.116900000000000091e+03
6.400000000000000000e+01 3.117000000000000000e+03
2.400000000000000000e+01 3.117050000000000182e+03
7.200000000000000000e+02 3.117250000000000000e+03
3.200000000000000000e+01 3.117400000000000091e+03
6.640000000000000000e+02 3.117349999999999909e+03
3.440000000000000000e+02 3.117450000000000273e+03
2.480000000000000000e+02 3.117900000000000091e+03
3.280000000000000000e+02 3.118099999999999909e+03
8.000000000000000000e+01 3.118250000000000000e+03
1.840000000000000000e+02 3.118450000000000273e+03
7.920000000000000000e+02 3.118599999999999909e+03
3.680000000000000000e+02 3.118800000000000182e+03
4.080000000000000000e+02 3.122000000000000000e+03
4.000000000000000000e+01 3.125000000000000000e+03
2.080000000000000000e+02 3.125200000000000273e+03
3.360000000000000000e+02 3.125950000000000273e+03
7.760000000000000000e+02 3.126150000000000091e+03
1.200000000000000000e+02 3.126250000000000000e+03
1.280000000000000000e+02 3.126400000000000091e+03
2.160000000000000000e+02 3.127050000000000182e+03
5.200000000000000000e+02 3.127300000000000182e+03
1.040000000000000000e+02 3.127500000000000000e+03
3.920000000000000000e+02 3.127550000000000182e+03
6.240000000000000000e+02 3.127550000000000182e+03
3.040000000000000000e+02 3.128000000000000000e+03
2.800000000000000000e+02 3.128099999999999909e+03
6.720000000000000000e+02 3.128550000000000182e+03
3.120000000000000000e+02 3.135050000000000182e+03
7.920000000000000000e+02 3.136700000000000273e+03
2.240000000000000000e+02 3.137650000000000091e+03
1.760000000000000000e+02 3.138099999999999909e+03
6.560000000000000000e+02 3.139400000000000091e+03
7.600000000000000000e+02 3.142150000000000091e+03
4.480000000000000000e+02 3.142250000000000000e+03
2.640000000000000000e+02 3.143050000000000182e+03
1.520000000000000000e+02 3.143200000000000273e+03
3.840000000000000000e+02 3.143349999999999909e+03
7.360000000000000000e+02 3.143650000000000091e+03
4.160000000000000000e+02 3.143950000000000273e+03
5.600000000000000000e+01 3.144700000000000273e+03
1.360000000000000000e+02 3.145000000000000000e+03
7.920000000000000000e+02 3.145000000000000000e+03
2.960000000000000000e+02 3.145050000000000182e+03
4.800000000000000000e+01 3.146250000000000000e+03
3.040000000000000000e+02 3.146700000000000273e+03
3.600000000000000000e+02 3.147250000000000000e+03
5.040000000000000000e+02 3.149800000000000182e+03
4.240000000000000000e+02 3.150349999999999909e+03
2.000000000000000000e+02 3.150849999999999909e+03
7.520000000000000000e+02 3.151400000000000091e+03
2.320000000000000000e+02 3.151700000000000273e+03
1.600000000000000000e+02 3.152000000000000000e+03
6.640000000000000000e+02 3.152099999999999909e+03
6.320000000000000000e+02 3.152599999999999909e+03
6.480000000000000000e+02 3.152599999999999909e+03
4.000000000000000000e+02 3.153150000000000091e+03
6.880000000000000000e+02 3.153349999999999909e+03
5.120000000000000000e+02 3.153900000000000091e+03
3.680000000000000000e+02 3.153950000000000273e+03
4.960000000000000000e+02 3.154250000000000000e+03
6.400000000000000000e+01 3.154349999999999909e+03
3.920000000000000000e+02 3.154550000000000182e+03
5.920000000000000000e+02 3.155450000000000273e+03
4.080000000000000000e+02 3.159800000000000182e+03
3.520000000000000000e+02 3.162050000000000182e+03
7.200000000000000000e+02 3.162200000000000273e+03
4.720000000000000000e+02 3.162250000000000000e+03
5.360000000000000000e+02 3.162300000000000182e+03
4.160000000000000000e+02 3.162500000000000000e+03
7.280000000000000000e+02 3.162900000000000091e+03
1.520000000000000000e+02 3.163349999999999909e+03
1.680000000000000000e+02 3.163349999999999909e+03
3.760000000000000000e+02 3.163349999999999909e+03
5.280000000000000000e+02 3.164000000000000000e+03
2.400000000000000000e+01 3.164300000000000182e+03
3.600000000000000000e+02 3.166000000000000000e+03
5.120000000000000000e+02 3.170300000000000182e+03
5.920000000000000000e+02 3.170950000000000273e+03
2.400000000000000000e+02 3.171849999999999909e+03
3.200000000000000000e+02 3.172250000000000000e+03
3.600000000000000000e+02 3.172800000000000182e+03
3.840000000000000000e+02 3.172800000000000182e+03
6.240000000000000000e+02 3.172800000000000182e+03
3.040000000000000000e+02 3.172950000000000273e+03
2.560000000000000000e+02 3.173099999999999909e+03
7.600000000000000000e+02 3.173450000000000273e+03
6.160000000000000000e+02 3.173599999999999909e+03
7.440000000000000000e+02 3.173550000000000182e+03
3.440000000000000000e+02 3.173650000000000091e+03
2.720000000000000000e+02 3.173849999999999909e+03
1.600000000000000000e+02 3.174050000000000182e+03
1.840000000000000000e+02 3.174150000000000091e+03
3.280000000000000000e+02 3.175349999999999909e+03
7.920000000000000000e+02 3.177349999999999909e+03
2.080000000000000000e+02 3.177900000000000091e+03
6.720000000000000000e+02 3.179700000000000273e+03
6.400000000000000000e+01 3.180400000000000091e+03
6.480000000000000000e+02 3.180900000000000091e+03
2.400000000000000000e+01 3.181250000000000000e+03
7.680000000000000000e+02 3.181300000000000182e+03
1.280000000000000000e+02 3.181550000000000182e+03
1.600000000000000000e+01 3.181700000000000273e+03
5.760000000000000000e+02 3.182349999999999909e+03
5.520000000000000000e+02 3.182800000000000182e+03
4.000000000000000000e+01 3.183099999999999909e+03
6.960000000000000000e+02 3.183099999999999909e+03
5.600000000000000000e+02 3.183349999999999909e+03
6.880000000000000000e+02 3.183400000000000091e+03
2.160000000000000000e+02 3.183750000000000000e+03
7.040000000000000000e+02 3.183800000000000182e+03
6.640000000000000000e+02 3.184450000000000273e+03
4.560000000000000000e+02 3.185750000000000000e+03
6.160000000000000000e+02 3.188800000000000182e+03
7.520000000000000000e+02 3.190150000000000091e+03
7.120000000000000000e+02 3.191050000000000182e+03
5.840000000000000000e+02 3.191300000000000182e+03
6.240000000000000000e+02 3.191450000000000273e+03
4.880000000000000000e+02 3.192250000000000000e+03
2.400000000000000000e+02 3.192500000000000000e+03
3.120000000000000000e+02 3.192900000000000091e+03
1.120000000000000000e+02 3.193250000000000000e+03
1.680000000000000000e+02 3.193300000000000182e+03
5.040000000000000000e+02 3.193700000000000273e+03
1.360000000000000000e+02 3.194000000000000000e+03
7.200000000000000000e+02 3.193950000000000273e+03
5.920000000000000000e+02 3.194400000000000091e+03
4.160000000000000000e+02 3.194550000000000182e+03
3.680000000000000000e+02 3.195250000000000000e+03
5.680000000000000000e+02 3.195800000000000182e+03
1.200000000000000000e+02 3.198050000000000182e+03
6.320000000000000000e+02 3.199500000000000000e+03
8.800000000000000000e+01 3.199750000000000000e+03
4.640000000000000000e+02 3.200099999999999909e+03
2.960000000000000000e+02 3.200550000000000182e+03
5.280000000000000000e+02 3.200700000000000273e+03
7.760000000000000000e+02 3.201150000000000091e+03
5.040000000000000000e+02 3.201849999999999909e+03
5.200000000000000000e+02 3.202450000000000273e+03
6.080000000000000000e+02 3.202950000000000273e+03
5.920000000000000000e+02 3.205200000000000273e+03
5.440000000000000000e+02 3.205400000000000091e+03
1.760000000000000000e+02 3.206450000000000273e+03
8.000000000000000000e+00 3.206599999999999909e+03
4.400000000000000000e+02 3.206800000000000182e+03
4.160000000000000000e+02 3.207000000000000000e+03
7.840000000000000000e+02 3.207500000000000000e+03
8.000000000000000000e+02 3.208400000000000091e+03
5.600000000000000000e+02 3.208599999999999909e+03
2.720000000000000000e+02 3.209200000000000273e+03
4.800000000000000000e+02 3.210050000000000182e+03
2.880000000000000000e+02 3.210800000000000182e+03
6.160000000000000000e+02 3.213700000000000273e+03
1.040000000000000000e+02 3.217349999999999909e+03
6.400000000000000000e+01 3.217849999999999909e+03
3.040000000000000000e+02 3.218200000000000273e+03
1.840000000000000000e+02 3.218450000000000273e+03
7.760000000000000000e+02 3.218550000000000182e+03
7.440000000000000000e+02 3.218800000000000182e+03
2.240000000000000000e+02 3.221400000000000091e+03
6.480000000000000000e+02 3.221450000000000273e+03
6.800000000000000000e+02 3.221849999999999909e+03
2.560000000000000000e+02 3.222400000000000091e+03
6.080000000000000000e+02 3.222599999999999909e+03
6.320000000000000000e+02 3.222750000000000000e+03
4.640000000000000000e+02 3.223300000000000182e+03
2.400000000000000000e+02 3.223349999999999909e+03
7.600000000000000000e+02 3.223650000000000091e+03
4.800000000000000000e+01 3.223900000000000091e+03
4.880000000000000000e+02 3.227050000000000182e+03
2.080000000000000000e+02 3.227650000000000091e+03
6.560000000000000000e+02 3.228000000000000000e+03
4.320000000000000000e+02 3.230250000000000000e+03
3.920000000000000000e+02 3.230800000000000182e+03
1.600000000000000000e+02 3.230950000000000273e+03
9.600000000000000000e+01 3.231400000000000091e+03
2.160000000000000000e+02 3.232550000000000182e+03
6.960000000000000000e+02 3.235849999999999909e+03
5.760000000000000000e+02 3.236450000000000273e+03
1.840000000000000000e+02 3.236900000000000091e+03
2.400000000000000000e+01 3.237200000000000273e+03
1.040000000000000000e+02 3.237300000000000182e+03
5.440000000000000000e+02 3.237599999999999909e+03
7.760000000000000000e+02 3.237599999999999909e+03
4.080000000000000000e+02 3.238000000000000000e+03
4.400000000000000000e+02 3.238099999999999909e+03
4.000000000000000000e+01 3.238349999999999909e+03
2.560000000000000000e+02 3.238349999999999909e+03
7.280000000000000000e+02 3.239800000000000182e+03
3.920000000000000000e+02 3.242349999999999909e+03
2.160000000000000000e+02 3.242450000000000273e+03
5.280000000000000000e+02 3.243849999999999909e+03
6.240000000000000000e+02 3.244400000000000091e+03
3.200000000000000000e+02 3.245599999999999909e+03
1.920000000000000000e+02 3.245650000000000091e+03
4.640000000000000000e+02 3.245750000000000000e+03
6.320000000000000000e+02 3.245849999999999909e+03
8.000000000000000000e+00 3.246150000000000091e+03
2.640000000000000000e+02 3.246250000000000000e+03
1.120000000000000000e+02 3.247450000000000273e+03
3.680000000000000000e+02 3.249200000000000273e+03
3.120000000000000000e+02 3.250400000000000091e+03
2.720000000000000000e+02 3.251099999999999909e+03
2.320000000000000000e+02 3.253099999999999909e+03
7.840000000000000000e+02 3.253450000000000273e+03
6.480000000000000000e+02 3.254700000000000273e+03
1.520000000000000000e+02 3.255150000000000091e+03
5.600000000000000000e+01 3.255349999999999909e+03
1.760000000000000000e+02 3.255349999999999909e+03
2.560000000000000000e+02 3.255700000000000273e+03
6.640000000000000000e+02 3.255950000000000273e+03
7.440000000000000000e+02 3.256200000000000273e+03
8.000000000000000000e+01 3.256400000000000091e+03
1.600000000000000000e+02 3.256450000000000273e+03
3.280000000000000000e+02 3.256800000000000182e+03
5.920000000000000000e+02 3.256900000000000091e+03
9.600000000000000000e+01 3.257400000000000091e+03
4.320000000000000000e+02 3.258300000000000182e+03
1.600000000000000000e+01 3.258450000000000273e+03
6.720000000000000000e+02 3.258500000000000000e+03
2.480000000000000000e+02 3.258700000000000273e+03
4.720000000000000000e+02 3.259599999999999909e+03
3.840000000000000000e+02 3.260150000000000091e+03
2.400000000000000000e+02 3.260900000000000091e+03
3.440000000000000000e+02 3.261000000000000000e+03
8.800000000000000000e+01 3.264000000000000000e+03
4.080000000000000000e+02 3.264750000000000000e+03
1.680000000000000000e+02 3.265200000000000273e+03
7.600000000000000000e+02 3.265700000000000273e+03
3.040000000000000000e+02 3.266200000000000273e+03
3.520000000000000000e+02 3.266150000000000091e+03
5.520000000000000000e+02 3.266200000000000273e+03
5.200000000000000000e+02 3.266450000000000273e+03
2.400000000000000000e+01 3.266650000000000091e+03
7.120000000000000000e+02 3.270700000000000273e+03
5.040000000000000000e+02 3.271349999999999909e+03
4.640000000000000000e+02 3.272300000000000182e+03
3.120000000000000000e+02 3.274550000000000182e+03
6.080000000000000000e+02 3.274950000000000273e+03
2.400000000000000000e+01 3.275200000000000273e+03
2.640000000000000000e+02 3.275599999999999909e+03
7.680000000000000000e+02 3.275950000000000273e+03
2.160000000000000000e+02 3.276250000000000000e+03
6.480000000000000000e+02 3.276349999999999909e+03
9.600000000000000000e+01 3.277349999999999909e+03
2.800000000000000000e+02 3.277849999999999909e+03
4.800000000000000000e+02 3.277849999999999909e+03
7.040000000000000000e+02 3.281250000000000000e+03
7.840000000000000000e+02 3.282400000000000091e+03
2.960000000000000000e+02 3.283849999999999909e+03
4.880000000000000000e+02 3.284450000000000273e+03
8.800000000000000000e+01 3.284700000000000273e+03
5.840000000000000000e+02 3.285150000000000091e+03
1.600000000000000000e+02 3.285250000000000000e+03
3.520000000000000000e+02 3.285349999999999909e+03
6.640000000000000000e+02 3.285400000000000091e+03
1.200000000000000000e+02 3.285700000000000273e+03
1.600000000000000000e+01 3.285849999999999909e+03
2.320000000000000000e+02 3.286000000000000000e+03
5.600000000000000000e+02 3.286050000000000182e+03
4.080000000000000000e+02 3.286150000000000091e+03
5.040000000000000000e+02 3.286200000000000273e+03
2.000000000000000000e+02 3.286250000000000000e+03
5.440000000000000000e+02 3.291450000000000273e+03
7.680000000000000000e+02 3.294099999999999909e+03
7.200000000000000000e+02 3.294450000000000273e+03
6.560000000000000000e+02 3.295250000000000000e+03
2.160000000000000000e+02 3.296000000000000000e+03
7.520000000000000000e+02 3.296250000000000000e+03
2.800000000000000000e+02 3.296900000000000091e+03
1.360000000000000000e+02 3.297200000000000273e+03
7.760000000000000000e+02 3.297150000000000091e+03
5.600000000000000000e+01 3.297599999999999909e+03
2.880000000000000000e+02 3.297650000000000091e+03
1.280000000000000000e+02 3.297800000000000182e+03
6.000000000000000000e+02 3.299400000000000091e+03
4.720000000000000000e+02 3.300300000000000182e+03
7.200000000000000000e+01 3.300599999999999909e+03
6.160000000000000000e+02 3.300650000000000091e+03
3.920000000000000000e+02 3.301150000000000091e+03
1.600000000000000000e+02 3.304000000000000000e+03
2.400000000000000000e+02 3.304050000000000182e+03
3.360000000000000000e+02 3.305400000000000091e+03
6.400000000000000000e+02 3.306150000000000091e+03
8.000000000000000000e+01 3.307099999999999909e+03
2.640000000000000000e+02 3.307700000000000273e+03
4.240000000000000000e+02 3.309000000000000000e+03
2.320000000000000000e+02 3.309099999999999909e+03
4.800000000000000000e+02 3.311099999999999909e+03
7.040000000000000000e+02 3.311099999999999909e+03
6.240000000000000000e+02 3.311150000000000091e+03
7.680000000000000000e+02 3.312050000000000182e+03
7.280000000000000000e+02 3.312900000000000091e+03
4.880000000000000000e+02 3.313000000000000000e+03
2.880000000000000000e+02 3.314950000000000273e+03
1.760000000000000000e+02 3.315900000000000091e+03
1.920000000000000000e+02 3.317500000000000000e+03
4.000000000000000000e+02 3.317950000000000273e+03
4.640000000000000000e+02 3.318050000000000182e+03
4.560000000000000000e+02 3.319150000000000091e+03
3.280000000000000000e+02 3.319349999999999909e+03
7.120000000000000000e+02 3.319400000000000091e+03
4.400000000000000000e+02 3.319700000000000273e+03
7.360000000000000000e+02 3.320099999999999909e+03
2.400000000000000000e+01 3.320800000000000182e+03
1.120000000000000000e+02 3.321700000000000273e+03
5.200000000000000000e+02 3.322599999999999909e+03
1.280000000000000000e+02 3.323650000000000091e+03
2.640000000000000000e+02 3.324099999999999909e+03
4.480000000000000000e+02 3.324150000000000091e+03
9.600000000000000000e+01 3.324250000000000000e+03
3.040000000000000000e+02 3.326250000000000000e+03
7.440000000000000000e+02 3.326400000000000091e+03
8.000000000000000000e+00 3.326700000000000273e+03
5.040000000000000000e+02 3.326800000000000182e+03
3.520000000000000000e+02 3.327400000000000091e+03
6.480000000000000000e+02 3.329099999999999909e+03
1.440000000000000000e+02 3.331550000000000182e+03
2.480000000000000000e+02 3.333050000000000182e+03
5.840000000000000000e+02 3.334700000000000273e+03
5.600000000000000000e+02 3.335000000000000000e+03
6.320000000000000000e+02 3.334950000000000273e+03
2.560000000000000000e+02 3.335050000000000182e+03
6.240000000000000000e+02 3.335099999999999909e+03
1.520000000000000000e+02 3.335700000000000273e+03
2.800000000000000000e+02 3.335650000000000091e+03
2.960000000000000000e+02 3.335700000000000273e+03
4.400000000000000000e+02 3.336050000000000182e+03
6.080000000000000000e+02 3.336200000000000273e+03
6.880000000000000000e+02 3.336300000000000182e+03
4.320000000000000000e+02 3.336400000000000091e+03
1.840000000000000000e+02 3.336550000000000182e+03
4.800000000000000000e+02 3.336800000000000182e+03
1.360000000000000000e+02 3.337849999999999909e+03
7.760000000000000000e+02 3.340950000000000273e+03
5.440000000000000000e+02 3.341300000000000182e+03
5.760000000000000000e+02 3.342599999999999909e+03
4.800000000000000000e+01 3.342750000000000000e+03
7.600000000000000000e+02 3.342849999999999909e+03
2.080000000000000000e+02 3.343450000000000273e+03
7.920000000000000000e+02 3.343900000000000091e+03
5.280000000000000000e+02 3.346849999999999909e+03
2.000000000000000000e+02 3.348000000000000000e+03
4.640000000000000000e+02 3.348500000000000000e+03
5.040000000000000000e+02 3.348450000000000273e+03
7.120000000000000000e+02 3.348500000000000000e+03
1.600000000000000000e+01 3.348650000000000091e+03
4.480000000000000000e+02 3.348800000000000182e+03
7.360000000000000000e+02 3.349349999999999909e+03
9.600000000000000000e+01 3.349650000000000091e+03
7.440000000000000000e+02 3.350450000000000273e+03
2.720000000000000000e+02 3.350650000000000091e+03
6.000000000000000000e+02 3.360250000000000000e+03
4.720000000000000000e+02 3.363550000000000182e+03
6.400000000000000000e+02 3.365700000000000273e+03
1.040000000000000000e+02 3.367099999999999909e+03
7.280000000000000000e+02 3.370150000000000091e+03
5.360000000000000000e+02 3.373200000000000273e+03
5.440000000000000000e+02 3.373450000000000273e+03
5.680000000000000000e+02 3.374099999999999909e+03
4.720000000000000000e+02 3.374650000000000091e+03
8.800000000000000000e+01 3.375599999999999909e+03
2.560000000000000000e+02 3.376900000000000091e+03
1.280000000000000000e+02 3.377000000000000000e+03
4.800000000000000000e+02 3.377050000000000182e+03
2.000000000000000000e+02 3.378050000000000182e+03
4.960000000000000000e+02 3.382599999999999909e+03
2.080000000000000000e+02 3.385349999999999909e+03
7.520000000000000000e+02 3.387300000000000182e+03
4.000000000000000000e+02 3.399300000000000182e+03
4.400000000000000000e+02 3.403000000000000000e+03
4.960000000000000000e+02 3.404700000000000273e+03
1.200000000000000000e+02 3.408900000000000091e+03
5.280000000000000000e+02 3.417750000000000000e+03
4.800000000000000000e+01 3.446400000000000091e+03
3.520000000000000000e+02 3.447300000000000182e+03
4.480000000000000000e+02 3.449349999999999909e+03
1.920000000000000000e+02 3.487750000000000000e+03
4.800000000000000000e+02 3.490500000000000000e+03
7.680000000000000000e+02 3.497099999999999909e+03
6.960000000000000000e+02 3.526400000000000091e+03
4.800000000000000000e+01 3.553750000000000000e+03
2.160000000000000000e+02 3.560300000000000182e+03
3.600000000000000000e+02 3.562900000000000091e+03
4.960000000000000000e+02 3.596250000000000000e+03
4.800000000000000000e+01 3.603050000000000182e+03
1.280000000000000000e+02 3.614250000000000000e+03
6.160000000000000000e+02 3.616349999999999909e+03
8.000000000000000000e+02 3.617950000000000273e+03
6.560000000000000000e+02 3.620000000000000000e+03
7.520000000000000000e+02 3.621300000000000182e+03
1.520000000000000000e+02 3.621750000000000000e+03
7.440000000000000000e+02 3.623800000000000182e+03
4.720000000000000000e+02 3.624099999999999909e+03
1.840000000000000000e+02 3.625150000000000091e+03
5.840000000000000000e+02 3.625650000000000091e+03
7.200000000000000000e+01 3.631550000000000182e+03
4.480000000000000000e+02 3.632400000000000091e+03
6.640000000000000000e+02 3.632500000000000000e+03
3.600000000000000000e+02 3.632550000000000182e+03
5.200000000000000000e+02 3.633349999999999909e+03
5.760000000000000000e+02 3.633849999999999909e+03
8.800000000000000000e+01 3.634250000000000000e+03
6.320000000000000000e+02 3.635300000000000182e+03
6.560000000000000000e+02 3.635400000000000091e+03
7.760000000000000000e+02 3.635550000000000182e+03
7.920000000000000000e+02 3.635800000000000182e+03
6.240000000000000000e+02 3.636000000000000000e+03
6.400000000000000000e+02 3.636000000000000000e+03
5.360000000000000000e+02 3.636050000000000182e+03
4.640000000000000000e+02 3.636150000000000091e+03
3.760000000000000000e+02 3.636599999999999909e+03
1.040000000000000000e+02 3.636700000000000273e+03
2.560000000000000000e+02 3.636800000000000182e+03
7.200000000000000000e+02 3.636849999999999909e+03
3.200000000000000000e+01 3.637050000000000182e+03
1.600000000000000000e+02 3.637050000000000182e+03
4.000000000000000000e+02 3.637099999999999909e+03
7.600000000000000000e+02 3.637099999999999909e+03
5.600000000000000000e+02 3.637300000000000182e+03
8.000000000000000000e+02 3.637300000000000182e+03
2.240000000000000000e+02 3.637349999999999909e+03
1.680000000000000000e+02 3.637450000000000273e+03
1.920000000000000000e+02 3.637450000000000273e+03
9.600000000000000000e+01 3.637599999999999909e+03
3.440000000000000000e+02 3.637599999999999909e+03
5.440000000000000000e+02 3.637599999999999909e+03
6.160000000000000000e+02 3.637550000000000182e+03
6.400000000000000000e+01 3.637800000000000182e+03
4.240000000000000000e+02 3.637750000000000000e+03
4.960000000000000000e+02 3.637750000000000000e+03
7.360000000000000000e+02 3.637750000000000000e+03
5.600000000000000000e+01 3.637900000000000091e+03
1.440000000000000000e+02 3.637849999999999909e+03
2.480000000000000000e+02 3.637849999999999909e+03
3.120000000000000000e+02 3.637900000000000091e+03
7.680000000000000000e+02 3.637900000000000091e+03
4.800000000000000000e+02 3.637950000000000273e+03
6.080000000000000000e+02 3.637950000000000273e+03
7.520000000000000000e+02 3.638000000000000000e+03
3.920000000000000000e+02 3.638050000000000182e+03
4.160000000000000000e+02 3.638099999999999909e+03
1.760000000000000000e+02 3.638150000000000091e+03
3.360000000000000000e+02 3.638200000000000273e+03
4.560000000000000000e+02 3.638150000000000091e+03
5.040000000000000000e+02 3.638200000000000273e+03
5.280000000000000000e+02 3.638200000000000273e+03
6.640000000000000000e+02 3.638200000000000273e+03
7.840000000000000000e+02 3.638200000000000273e+03
8.000000000000000000e+00 3.638250000000000000e+03
4.800000000000000000e+01 3.638349999999999909e+03
2.400000000000000000e+02 3.638400000000000091e+03
4.320000000000000000e+02 3.638400000000000091e+03
6.000000000000000000e+02 3.638349999999999909e+03
7.280000000000000000e+02 3.638349999999999909e+03
2.080000000000000000e+02 3.638500000000000000e+03
6.960000000000000000e+02 3.638450000000000273e+03
1.280000000000000000e+02 3.638550000000000182e+03
1.360000000000000000e+02 3.638599999999999909e+03
3.200000000000000000e+02 3.638599999999999909e+03
4.080000000000000000e+02 3.638599999999999909e+03
5.120000000000000000e+02 3.638599999999999909e+03
7.440000000000000000e+02 3.638550000000000182e+03
1.600000000000000000e+01 3.638700000000000273e+03
2.400000000000000000e+01 3.638650000000000091e+03
3.040000000000000000e+02 3.638650000000000091e+03
7.120000000000000000e+02 3.638650000000000091e+03
4.000000000000000000e+01 3.638750000000000000e+03
1.120000000000000000e+02 3.638800000000000182e+03
2.160000000000000000e+02 3.638800000000000182e+03
4.880000000000000000e+02 3.638800000000000182e+03
5.200000000000000000e+02 3.638750000000000000e+03
1.200000000000000000e+02 3.638900000000000091e+03
2.720000000000000000e+02 3.638849999999999909e+03
3.280000000000000000e+02 3.639099999999999909e+03
5.520000000000000000e+02 3.639150000000000091e+03
6.560000000000000000e+02 3.639150000000000091e+03
1.840000000000000000e+02 3.639250000000000000e+03
2.320000000000000000e+02 3.639300000000000182e+03
5.920000000000000000e+02 3.639250000000000000e+03
7.040000000000000000e+02 3.639250000000000000e+03
2.000000000000000000e+02 3.639349999999999909e+03
4.400000000000000000e+02 3.639349999999999909e+03
5.680000000000000000e+02 3.639400000000000091e+03
6.240000000000000000e+02 3.639349999999999909e+03
8.000000000000000000e+01 3.639500000000000000e+03
2.640000000000000000e+02 3.639450000000000273e+03
3.520000000000000000e+02 3.639500000000000000e+03
4.480000000000000000e+02 3.639500000000000000e+03
8.800000000000000000e+01 3.639599999999999909e+03
1.520000000000000000e+02 3.639599999999999909e+03
6.720000000000000000e+02 3.639599999999999909e+03
5.360000000000000000e+02 3.639700000000000273e+03
6.400000000000000000e+02 3.639650000000000091e+03
5.840000000000000000e+02 3.639800000000000182e+03
6.320000000000000000e+02 3.639900000000000091e+03
6.880000000000000000e+02 3.639849999999999909e+03
7.760000000000000000e+02 3.639849999999999909e+03
3.680000000000000000e+02 3.639950000000000273e+03
2.800000000000000000e+02 3.640200000000000273e+03
4.640000000000000000e+02 3.640150000000000091e+03
6.480000000000000000e+02 3.640300000000000182e+03
3.600000000000000000e+02 3.640349999999999909e+03
3.200000000000000000e+01 3.643150000000000091e+03
2.880000000000000000e+02 3.643650000000000091e+03
7.840000000000000000e+02 3.644450000000000273e+03
4.960000000000000000e+02 3.646300000000000182e+03
3.920000000000000000e+02 3.646400000000000091e+03
1.360000000000000000e+02 3.646950000000000273e+03
1.760000000000000000e+02 3.648700000000000273e+03
2.800000000000000000e+02 3.652099999999999909e+03
3.520000000000000000e+02 3.652500000000000000e+03
5.600000000000000000e+01 3.653250000000000000e+03
4.720000000000000000e+02 3.654200000000000273e+03
4.000000000000000000e+02 3.659400000000000091e+03
7.200000000000000000e+01 3.665950000000000273e+03
5.200000000000000000e+02 3.667500000000000000e+03
6.000000000000000000e+02 3.673900000000000091e+03
5.600000000000000000e+02 3.685500000000000000e+03
7.920000000000000000e+02 3.686750000000000000e+03
1.040000000000000000e+02 3.689500000000000000e+03
7.760000000000000000e+02 3.690349999999999909e+03
7.280000000000000000e+02 3.694349999999999909e+03
5.760000000000000000e+02 3.694650000000000091e+03
5.520000000000000000e+02 3.695050000000000182e+03
6.240000000000000000e+02 3.700400000000000091e+03
6.800000000000000000e+02 3.700450000000000273e+03
2.000000000000000000e+02 3.703150000000000091e+03
3.680000000000000000e+02 3.710300000000000182e+03
6.720000000000000000e+02 3.714300000000000182e+03
7.840000000000000000e+02 3.720550000000000182e+03
1.680000000000000000e+02 3.722000000000000000e+03
8.000000000000000000e+01 3.733849999999999909e+03
3.760000000000000000e+02 3.738750000000000000e+03
2.640000000000000000e+02 3.738950000000000273e+03
2.400000000000000000e+01 3.739900000000000091e+03
5.600000000000000000e+01 3.746099999999999909e+03
5.440000000000000000e+02 3.804650000000000091e+03
4.400000000000000000e+02 3.849000000000000000e+03
2.000000000000000000e+02 3.861700000000000273e+03
7.680000000000000000e+02 3.896150000000000091e+03
4.480000000000000000e+02 3.903550000000000182e+03
3.120000000000000000e+02 3.916500000000000000e+03
1.200000000000000000e+02 3.919099999999999909e+03
8.000000000000000000e+02 3.930450000000000273e+03
8.000000000000000000e+01 3.937400000000000091e+03
5.680000000000000000e+02 3.949800000000000182e+03
3.440000000000000000e+02 3.965050000000000182e+03
4.000000000000000000e+02 3.965349999999999909e+03
2.560000000000000000e+02 3.967200000000000273e+03
5.360000000000000000e+02 3.978450000000000273e+03
6.400000000000000000e+01 3.988200000000000273e+03
7.200000000000000000e+01 3.988900000000000091e+03
4.080000000000000000e+02 3.992250000000000000e+03
8.000000000000000000e+02 3.992250000000000000e+03
1.360000000000000000e+02 4.002000000000000000e+03
7.120000000000000000e+02 4.004700000000000273e+03
1.440000000000000000e+02 4.005050000000000182e+03
2.000000000000000000e+02 4.008099999999999909e+03
4.000000000000000000e+01 4.013349999999999909e+03
6.880000000000000000e+02 4.013450000000000273e+03
3.680000000000000000e+02 4.014150000000000091e+03
1.440000000000000000e+02 4.017250000000000000e+03
3.840000000000000000e+02 4.021650000000000091e+03
6.240000000000000000e+02 4.022099999999999909e+03
3.200000000000000000e+01 4.022200000000000273e+03
7.280000000000000000e+02 4.022650000000000091e+03
1.520000000000000000e+02 4.022849999999999909e+03
2.960000000000000000e+02 4.023050000000000182e+03
4.080000000000000000e+02 4.023300000000000182e+03
4.960000000000000000e+02 4.023300000000000182e+03
6.800000000000000000e+02 4.023550000000000182e+03
5.600000000000000000e+01 4.023800000000000182e+03
2.560000000000000000e+02 4.023800000000000182e+03
5.360000000000000000e+02 4.023750000000000000e+03
5.760000000000000000e+02 4.023800000000000182e+03
6.560000000000000000e+02 4.024000000000000000e+03
7.200000000000000000e+02 4.024000000000000000e+03
4.000000000000000000e+02 4.024050000000000182e+03
8.000000000000000000e+00 4.024150000000000091e+03
4.800000000000000000e+01 4.024200000000000273e+03
3.600000000000000000e+02 4.024200000000000273e+03
3.360000000000000000e+02 4.024250000000000000e+03
6.960000000000000000e+02 4.024250000000000000e+03
3.040000000000000000e+02 4.024400000000000091e+03
7.840000000000000000e+02 4.024349999999999909e+03
6.400000000000000000e+01 4.024500000000000000e+03
1.280000000000000000e+02 4.024450000000000273e+03
4.880000000000000000e+02 4.024500000000000000e+03
2.000000000000000000e+02 4.024599999999999909e+03
3.920000000000000000e+02 4.024599999999999909e+03
4.720000000000000000e+02 4.024650000000000091e+03
1.680000000000000000e+02 4.024750000000000000e+03
3.440000000000000000e+02 4.024800000000000182e+03
1.440000000000000000e+02 4.024849999999999909e+03
1.760000000000000000e+02 4.024900000000000091e+03
4.320000000000000000e+02 4.024900000000000091e+03
5.920000000000000000e+02 4.024900000000000091e+03
6.320000000000000000e+02 4.024849999999999909e+03
1.600000000000000000e+02 4.025000000000000000e+03
6.400000000000000000e+02 4.024950000000000273e+03
6.640000000000000000e+02 4.025000000000000000e+03
7.760000000000000000e+02 4.024950000000000273e+03
9.600000000000000000e+01 4.025050000000000182e+03
3.760000000000000000e+02 4.025050000000000182e+03
5.040000000000000000e+02 4.025050000000000182e+03
5.680000000000000000e+02 4.025050000000000182e+03
5.840000000000000000e+02 4.025099999999999909e+03
6.480000000000000000e+02 4.025050000000000182e+03
2.400000000000000000e+01 4.025200000000000273e+03
4.000000000000000000e+01 4.025200000000000273e+03
2.640000000000000000e+02 4.025200000000000273e+03
3.120000000000000000e+02 4.025150000000000091e+03
5.520000000000000000e+02 4.025200000000000273e+03
6.000000000000000000e+02 4.025150000000000091e+03
7.360000000000000000e+02 4.025150000000000091e+03
7.600000000000000000e+02 4.025200000000000273e+03
7.680000000000000000e+02 4.025150000000000091e+03
8.000000000000000000e+01 4.025250000000000000e+03
8.800000000000000000e+01 4.025300000000000182e+03
1.120000000000000000e+02 4.025250000000000000e+03
2.320000000000000000e+02 4.025300000000000182e+03
2.480000000000000000e+02 4.025250000000000000e+03
2.800000000000000000e+02 4.025300000000000182e+03
5.440000000000000000e+02 4.025250000000000000e+03
7.040000000000000000e+02 4.025250000000000000e+03
1.360000000000000000e+02 4.025349999999999909e+03
2.240000000000000000e+02 4.025400000000000091e+03
2.400000000000000000e+02 4.025349999999999909e+03
4.480000000000000000e+02 4.025349999999999909e+03
4.800000000000000000e+02 4.025349999999999909e+03
6.720000000000000000e+02 4.025349999999999909e+03
6.880000000000000000e+02 4.025400000000000091e+03
7.120000000000000000e+02 4.025500000000000000e+03
1.840000000000000000e+02 4.025599999999999909e+03
3.280000000000000000e+02 4.025550000000000182e+03
3.520000000000000000e+02 4.025599999999999909e+03
3.840000000000000000e+02 4.025550000000000182e+03
8.000000000000000000e+02 4.025599999999999909e+03
1.200000000000000000e+02 4.025650000000000091e+03
3.680000000000000000e+02 4.025700000000000273e+03
4.400000000000000000e+02 4.025650000000000091e+03
4.560000000000000000e+02 4.025700000000000273e+03
5.280000000000000000e+02 4.025700000000000273e+03
6.240000000000000000e+02 4.025700000000000273e+03
7.920000000000000000e+02 4.025650000000000091e+03
1.600000000000000000e+01 4.025800000000000182e+03
2.080000000000000000e+02 4.025750000000000000e+03
2.720000000000000000e+02 4.025750000000000000e+03
3.200000000000000000e+02 4.025750000000000000e+03
4.640000000000000000e+02 4.025800000000000182e+03
5.120000000000000000e+02 4.025750000000000000e+03
7.280000000000000000e+02 4.025750000000000000e+03
2.880000000000000000e+02 4.025849999999999909e+03
4.240000000000000000e+02 4.025849999999999909e+03
6.160000000000000000e+02 4.025900000000000091e+03
7.520000000000000000e+02 4.025950000000000273e+03
1.920000000000000000e+02 4.026050000000000182e+03
5.600000000000000000e+02 4.026050000000000182e+03
3.200000000000000000e+01 4.026150000000000091e+03
7.200000000000000000e+01 4.026200000000000273e+03
2.960000000000000000e+02 4.026200000000000273e+03
2.160000000000000000e+02 4.026300000000000182e+03
5.200000000000000000e+02 4.026300000000000182e+03
6.080000000000000000e+02 4.026400000000000091e+03
7.440000000000000000e+02 4.026349999999999909e+03
1.040000000000000000e+02 4.026450000000000273e+03
1.520000000000000000e+02 4.026450000000000273e+03
4.080000000000000000e+02 4.026650000000000091e+03
5.360000000000000000e+02 4.027300000000000182e+03
7.840000000000000000e+02 4.027550000000000182e+03
4.160000000000000000e+02 4.028550000000000182e+03
1.280000000000000000e+02 4.028650000000000091e+03
1.760000000000000000e+02 4.029450000000000273e+03
7.680000000000000000e+02 4.029599999999999909e+03
4.960000000000000000e+02 4.029750000000000000e+03
3.760000000000000000e+02 4.029900000000000091e+03
6.400000000000000000e+02 4.030050000000000182e+03
6.560000000000000000e+02 4.030150000000000091e+03
5.600000000000000000e+01 4.030300000000000182e+03
5.040000000000000000e+02 4.030300000000000182e+03
4.800000000000000000e+01 4.030550000000000182e+03
2.560000000000000000e+02 4.030700000000000273e+03
3.840000000000000000e+02 4.030950000000000273e+03
4.400000000000000000e+02 4.030950000000000273e+03
1.440000000000000000e+02 4.031400000000000091e+03
4.640000000000000000e+02 4.031450000000000273e+03
6.000000000000000000e+02 4.040750000000000000e+03
5.520000000000000000e+02 4.043250000000000000e+03
7.440000000000000000e+02 4.043900000000000091e+03
3.200000000000000000e+01 4.044250000000000000e+03
4.080000000000000000e+02 4.045099999999999909e+03
2.560000000000000000e+02 4.054950000000000273e+03
5.360000000000000000e+02 4.055450000000000273e+03
4.560000000000000000e+02 4.059550000000000182e+03
6.640000000000000000e+02 4.062650000000000091e+03
6.880000000000000000e+02 4.064099999999999909e+03
6.400000000000000000e+01 4.065099999999999909e+03
8.800000000000000000e+01 4.067250000000000000e+03
6.240000000000000000e+02 4.069650000000000091e+03
2.400000000000000000e+01 4.071700000000000273e+03
4.640000000000000000e+02 4.073800000000000182e+03
7.280000000000000000e+02 4.088700000000000273e+03
7.600000000000000000e+02 4.093400000000000091e+03
6.400000000000000000e+02 4.096649999999999636e+03
1.600000000000000000e+02 4.097699999999999818e+03
5.600000000000000000e+01 4.111899999999999636e+03
9.600000000000000000e+01 4.112550000000000182e+03
1.680000000000000000e+02 4.124750000000000000e+03
2.080000000000000000e+02 4.125000000000000000e+03
2.400000000000000000e+02 4.141000000000000000e+03
6.960000000000000000e+02 4.163399999999999636e+03
1.360000000000000000e+02 4.231899999999999636e+03
4.960000000000000000e+02 4.251149999999999636e+03
7.520000000000000000e+02 4.252699999999999818e+03
1.360000000000000000e+02 4.258500000000000000e+03
2.480000000000000000e+02 4.258949999999999818e+03
1.280000000000000000e+02 4.310100000000000364e+03
4.800000000000000000e+01 4.314000000000000000e+03
1.120000000000000000e+02 4.314050000000000182e+03
2.000000000000000000e+02 4.321000000000000000e+03
1.600000000000000000e+01 4.324699999999999818e+03
7.760000000000000000e+02 4.335600000000000364e+03
6.640000000000000000e+02 4.336100000000000364e+03
3.680000000000000000e+02 4.340050000000000182e+03
6.880000000000000000e+02 4.341050000000000182e+03
2.800000000000000000e+02 4.344350000000000364e+03
4.560000000000000000e+02 4.353199999999999818e+03
3.440000000000000000e+02 4.369800000000000182e+03
3.760000000000000000e+02 4.371850000000000364e+03
2.400000000000000000e+02 4.373449999999999818e+03
4.720000000000000000e+02 4.379250000000000000e+03
7.200000000000000000e+02 4.379900000000000546e+03
2.160000000000000000e+02 4.381750000000000000e+03
2.480000000000000000e+02 4.381850000000000364e+03
1.600000000000000000e+01 4.382500000000000000e+03
4.800000000000000000e+01 4.382699999999999818e+03
8.000000000000000000e+02 4.383300000000000182e+03
5.760000000000000000e+02 4.383350000000000364e+03
6.080000000000000000e+02 4.383949999999999818e+03
4.960000000000000000e+02 4.384250000000000000e+03
7.520000000000000000e+02 4.384699999999999818e+03
2.560000000000000000e+02 4.384800000000000182e+03
6.800000000000000000e+02 4.384850000000000364e+03
1.120000000000000000e+02 4.385100000000000364e+03
5.680000000000000000e+02 4.385400000000000546e+03
1.760000000000000000e+02 4.385550000000000182e+03
1.680000000000000000e+02 4.385900000000000546e+03
8.800000000000000000e+01 4.386000000000000000e+03
2.080000000000000000e+02 4.385949999999999818e+03
4.080000000000000000e+02 4.386000000000000000e+03
1.920000000000000000e+02 4.386199999999999818e+03
5.200000000000000000e+02 4.386199999999999818e+03
2.320000000000000000e+02 4.386300000000000182e+03
4.400000000000000000e+02 4.386250000000000000e+03
5.600000000000000000e+02 4.386350000000000364e+03
3.120000000000000000e+02 4.386500000000000000e+03
7.280000000000000000e+02 4.386500000000000000e+03
2.240000000000000000e+02 4.386550000000000182e+03
3.680000000000000000e+02 4.386550000000000182e+03
6.320000000000000000e+02 4.386600000000000364e+03
5.440000000000000000e+02 4.386650000000000546e+03
7.600000000000000000e+02 4.386699999999999818e+03
7.840000000000000000e+02 4.386650000000000546e+03
2.400000000000000000e+01 4.386800000000000182e+03
2.640000000000000000e+02 4.386800000000000182e+03
4.480000000000000000e+02 4.386800000000000182e+03
4.640000000000000000e+02 4.386800000000000182e+03
4.880000000000000000e+02 4.386800000000000182e+03
6.000000000000000000e+02 4.386750000000000000e+03
4.000000000000000000e+01 4.386900000000000546e+03
5.600000000000000000e+01 4.386900000000000546e+03
1.040000000000000000e+02 4.386900000000000546e+03
4.320000000000000000e+02 4.386900000000000546e+03
6.960000000000000000e+02 4.386850000000000364e+03
1.600000000000000000e+02 4.387000000000000000e+03
5.040000000000000000e+02 4.387000000000000000e+03
6.480000000000000000e+02 4.386949999999999818e+03
3.200000000000000000e+01 4.387050000000000182e+03
1.840000000000000000e+02 4.387050000000000182e+03
3.520000000000000000e+02 4.387050000000000182e+03
4.720000000000000000e+02 4.387100000000000364e+03
6.720000000000000000e+02 4.387100000000000364e+03
2.800000000000000000e+02 4.387150000000000546e+03
2.960000000000000000e+02 4.387150000000000546e+03
8.000000000000000000e+00 4.387250000000000000e+03
4.000000000000000000e+02 4.387300000000000182e+03
4.560000000000000000e+02 4.387300000000000182e+03
5.520000000000000000e+02 4.387300000000000182e+03
7.760000000000000000e+02 4.387300000000000182e+03
1.600000000000000000e+01 4.387400000000000546e+03
6.400000000000000000e+01 4.387400000000000546e+03
1.280000000000000000e+02 4.387350000000000364e+03
3.360000000000000000e+02 4.387400000000000546e+03
3.440000000000000000e+02 4.387400000000000546e+03
3.920000000000000000e+02 4.387350000000000364e+03
4.160000000000000000e+02 4.387350000000000364e+03
4.240000000000000000e+02 4.387400000000000546e+03
6.160000000000000000e+02 4.387400000000000546e+03
7.680000000000000000e+02 4.387400000000000546e+03
1.440000000000000000e+02 4.387449999999999818e+03
2.880000000000000000e+02 4.387500000000000000e+03
6.880000000000000000e+02 4.387449999999999818e+03
7.040000000000000000e+02 4.387449999999999818e+03
1.200000000000000000e+02 4.387550000000000182e+03
2.400000000000000000e+02 4.387550000000000182e+03
3.280000000000000000e+02 4.387550000000000182e+03
3.840000000000000000e+02 4.387600000000000364e+03
7.360000000000000000e+02 4.387550000000000182e+03
4.800000000000000000e+01 4.387650000000000546e+03
9.600000000000000000e+01 4.387650000000000546e+03
3.600000000000000000e+02 4.387699999999999818e+03
5.280000000000000000e+02 4.387650000000000546e+03
5.760000000000000000e+02 4.387699999999999818e+03
6.240000000000000000e+02 4.387699999999999818e+03
7.440000000000000000e+02 4.387699999999999818e+03
2.160000000000000000e+02 4.387800000000000182e+03
2.480000000000000000e+02 4.387800000000000182e+03
3.040000000000000000e+02 4.387750000000000000e+03
3.200000000000000000e+02 4.387800000000000182e+03
4.800000000000000000e+02 4.387800000000000182e+03
5.360000000000000000e+02 4.387750000000000000e+03
6.080000000000000000e+02 4.387800000000000182e+03
7.920000000000000000e+02 4.387800000000000182e+03
8.000000000000000000e+02 4.387800000000000182e+03
1.520000000000000000e+02 4.387850000000000364e+03
2.560000000000000000e+02 4.387900000000000546e+03
2.720000000000000000e+02 4.387900000000000546e+03
5.920000000000000000e+02 4.387850000000000364e+03
6.400000000000000000e+02 4.387900000000000546e+03
6.640000000000000000e+02 4.387900000000000546e+03
7.120000000000000000e+02 4.387850000000000364e+03
7.520000000000000000e+02 4.387900000000000546e+03
2.000000000000000000e+02 4.387949999999999818e+03
5.120000000000000000e+02 4.387949999999999818e+03
7.200000000000000000e+01 4.388050000000000182e+03
1.360000000000000000e+02 4.388050000000000182e+03
3.760000000000000000e+02 4.388100000000000364e+03
5.840000000000000000e+02 4.388100000000000364e+03
6.800000000000000000e+02 4.388050000000000182e+03
6.560000000000000000e+02 4.388199999999999818e+03
7.200000000000000000e+02 4.388150000000000546e+03
5.680000000000000000e+02 4.388650000000000546e+03
7.440000000000000000e+02 4.394900000000000546e+03
1.040000000000000000e+02 4.394949999999999818e+03
8.000000000000000000e+01 4.395050000000000182e+03
2.560000000000000000e+02 4.396250000000000000e+03
1.920000000000000000e+02 4.396900000000000546e+03
7.200000000000000000e+01 4.397150000000000546e+03
3.840000000000000000e+02 4.397350000000000364e+03
1.760000000000000000e+02 4.397800000000000182e+03
4.640000000000000000e+02 4.397750000000000000e+03
8.800000000000000000e+01 4.397850000000000364e+03
2.400000000000000000e+01 4.398100000000000364e+03
2.720000000000000000e+02 4.398600000000000364e+03
7.360000000000000000e+02 4.399199999999999818e+03
5.120000000000000000e+02 4.399300000000000182e+03
2.480000000000000000e+02 4.413699999999999818e+03
4.160000000000000000e+02 4.414500000000000000e+03
2.880000000000000000e+02 4.417550000000000182e+03
5.840000000000000000e+02 4.418650000000000546e+03
2.800000000000000000e+02 4.427400000000000546e+03
5.200000000000000000e+02 4.438650000000000546e+03
7.200000000000000000e+02 4.439900000000000546e+03
6.800000000000000000e+02 4.448650000000000546e+03
4.960000000000000000e+02 4.460400000000000546e+03
6.640000000000000000e+02 4.466400000000000546e+03
2.400000000000000000e+02 4.476699999999999818e+03
6.480000000000000000e+02 4.483500000000000000e+03
6.400000000000000000e+02 4.484350000000000364e+03
3.680000000000000000e+02 4.500000000000000000e+03
4.800000000000000000e+01 4.507199999999999818e+03
4.880000000000000000e+02 4.509949999999999818e+03
4.640000000000000000e+02 4.517150000000000546e+03
6.000000000000000000e+02 4.519949999999999818e+03
5.600000000000000000e+02 4.529750000000000000e+03
5.840000000000000000e+02 4.531199999999999818e+03
5.600000000000000000e+01 4.579250000000000000e+03
6.480000000000000000e+02 4.598699999999999818e+03
2.160000000000000000e+02 4.599449999999999818e+03
1.360000000000000000e+02 4.605300000000000182e+03
1.840000000000000000e+02 4.607250000000000000e+03
7.040000000000000000e+02 4.623300000000000182e+03
4.880000000000000000e+02 4.626100000000000364e+03
2.480000000000000000e+02 4.627949999999999818e+03
4.000000000000000000e+02 4.631350000000000364e+03
5.040000000000000000e+02 4.639400000000000546e+03
1.280000000000000000e+02 4.640699999999999818e+03
2.720000000000000000e+02 4.640850000000000364e+03
4.080000000000000000e+02 4.648850000000000364e+03
8.000000000000000000e+01 4.651000000000000000e+03
4.880000000000000000e+02 4.658699999999999818e+03
4.560000000000000000e+02 4.660449999999999818e+03
2.560000000000000000e+02 4.660800000000000182e+03
1.840000000000000000e+02 4.661550000000000182e+03
2.160000000000000000e+02 4.667350000000000364e+03
3.200000000000000000e+02 4.668949999999999818e+03
7.680000000000000000e+02 4.669400000000000546e+03
4.720000000000000000e+02 4.671400000000000546e+03
5.520000000000000000e+02 4.671699999999999818e+03
1.600000000000000000e+02 4.671900000000000546e+03
4.000000000000000000e+01 4.672150000000000546e+03
1.520000000000000000e+02 4.672449999999999818e+03
7.120000000000000000e+02 4.672750000000000000e+03
7.040000000000000000e+02 4.673100000000000364e+03
7.360000000000000000e+02 4.673150000000000546e+03
6.400000000000000000e+01 4.673250000000000000e+03
1.280000000000000000e+02 4.673300000000000182e+03
7.280000000000000000e+02 4.673250000000000000e+03
7.840000000000000000e+02 4.673300000000000182e+03
4.480000000000000000e+02 4.673400000000000546e+03
1.200000000000000000e+02 4.673800000000000182e+03
2.880000000000000000e+02 4.673800000000000182e+03
7.200000000000000000e+01 4.673900000000000546e+03
2.400000000000000000e+02 4.674250000000000000e+03
1.600000000000000000e+01 4.674400000000000546e+03
8.000000000000000000e+02 4.674400000000000546e+03
6.560000000000000000e+02 4.674449999999999818e+03
1.120000000000000000e+02 4.674550000000000182e+03
3.920000000000000000e+02 4.674949999999999818e+03
3.040000000000000000e+02 4.675100000000000364e+03
2.480000000000000000e+02 4.675199999999999818e+03
2.800000000000000000e+02 4.675199999999999818e+03
3.520000000000000000e+02 4.675199999999999818e+03
4.640000000000000000e+02 4.675350000000000364e+03
7.200000000000000000e+02 4.675350000000000364e+03
8.800000000000000000e+01 4.675449999999999818e+03
5.200000000000000000e+02 4.675500000000000000e+03
6.000000000000000000e+02 4.675449999999999818e+03
2.720000000000000000e+02 4.675550000000000182e+03
3.200000000000000000e+01 4.675800000000000182e+03
8.000000000000000000e+01 4.675800000000000182e+03
2.560000000000000000e+02 4.675800000000000182e+03
3.280000000000000000e+02 4.675800000000000182e+03
6.400000000000000000e+02 4.675750000000000000e+03
6.480000000000000000e+02 4.675750000000000000e+03
7.600000000000000000e+02 4.675750000000000000e+03
3.360000000000000000e+02 4.675850000000000364e+03
4.000000000000000000e+02 4.675850000000000364e+03
6.880000000000000000e+02 4.675900000000000546e+03
3.440000000000000000e+02 4.675949999999999818e+03
6.160000000000000000e+02 4.676000000000000000e+03
3.200000000000000000e+02 4.676100000000000364e+03
4.240000000000000000e+02 4.676050000000000182e+03
5.760000000000000000e+02 4.676100000000000364e+03
6.320000000000000000e+02 4.676199999999999818e+03
4.320000000000000000e+02 4.676300000000000182e+03
5.120000000000000000e+02 4.676300000000000182e+03
4.800000000000000000e+01 4.676350000000000364e+03
6.960000000000000000e+02 4.676350000000000364e+03
1.840000000000000000e+02 4.676449999999999818e+03
5.840000000000000000e+02 4.676500000000000000e+03
7.920000000000000000e+02 4.676500000000000000e+03
1.360000000000000000e+02 4.676550000000000182e+03
1.600000000000000000e+02 4.676550000000000182e+03
2.320000000000000000e+02 4.676600000000000364e+03
2.960000000000000000e+02 4.676600000000000364e+03
4.560000000000000000e+02 4.676600000000000364e+03
6.080000000000000000e+02 4.676550000000000182e+03
2.000000000000000000e+02 4.676699999999999818e+03
2.640000000000000000e+02 4.676699999999999818e+03
4.080000000000000000e+02 4.676699999999999818e+03
5.280000000000000000e+02 4.676699999999999818e+03
6.640000000000000000e+02 4.676699999999999818e+03
7.760000000000000000e+02 4.676650000000000546e+03
4.000000000000000000e+01 4.676750000000000000e+03
1.440000000000000000e+02 4.676800000000000182e+03
1.920000000000000000e+02 4.676750000000000000e+03
2.080000000000000000e+02 4.676800000000000182e+03
3.680000000000000000e+02 4.676750000000000000e+03
3.840000000000000000e+02 4.676800000000000182e+03
4.160000000000000000e+02 4.676800000000000182e+03
4.800000000000000000e+02 4.676750000000000000e+03
4.880000000000000000e+02 4.676750000000000000e+03
5.520000000000000000e+02 4.676750000000000000e+03
8.000000000000000000e+00 4.676900000000000546e+03
9.600000000000000000e+01 4.676850000000000364e+03
1.680000000000000000e+02 4.676850000000000364e+03
7.840000000000000000e+02 4.676900000000000546e+03
2.160000000000000000e+02 4.676949999999999818e+03
4.960000000000000000e+02 4.676949999999999818e+03
5.040000000000000000e+02 4.676949999999999818e+03
6.400000000000000000e+01 4.677100000000000364e+03
1.760000000000000000e+02 4.677050000000000182e+03
2.240000000000000000e+02 4.677050000000000182e+03
3.120000000000000000e+02 4.677100000000000364e+03
5.360000000000000000e+02 4.677050000000000182e+03
2.400000000000000000e+01 4.677150000000000546e+03
5.920000000000000000e+02 4.677150000000000546e+03
7.680000000000000000e+02 4.677150000000000546e+03
3.600000000000000000e+02 4.677300000000000182e+03
3.760000000000000000e+02 4.677300000000000182e+03
6.240000000000000000e+02 4.677250000000000000e+03
7.280000000000000000e+02 4.677300000000000182e+03
4.400000000000000000e+02 4.683600000000000364e+03
7.440000000000000000e+02 4.686350000000000364e+03
1.200000000000000000e+02 4.688199999999999818e+03
5.760000000000000000e+02 4.688800000000000182e+03
6.720000000000000000e+02 4.689500000000000000e+03
2.400000000000000000e+02 4.692250000000000000e+03
2.640000000000000000e+02 4.693199999999999818e+03
1.040000000000000000e+02 4.698100000000000364e+03
5.840000000000000000e+02 4.701449999999999818e+03
6.800000000000000000e+02 4.702050000000000182e+03
2.000000000000000000e+02 4.702250000000000000e+03
8.000000000000000000e+00 4.702850000000000364e+03
2.160000000000000000e+02 4.704000000000000000e+03
4.320000000000000000e+02 4.704800000000000182e+03
2.320000000000000000e+02 4.705199999999999818e+03
1.120000000000000000e+02 4.709199999999999818e+03
3.680000000000000000e+02 4.710050000000000182e+03
1.200000000000000000e+02 4.710300000000000182e+03
3.840000000000000000e+02 4.710949999999999818e+03
7.680000000000000000e+02 4.711350000000000364e+03
4.720000000000000000e+02 4.719650000000000546e+03
6.160000000000000000e+02 4.722600000000000364e+03
7.200000000000000000e+01 4.726350000000000364e+03
3.440000000000000000e+02 4.726550000000000182e+03
4.480000000000000000e+02 4.729150000000000546e+03
2.080000000000000000e+02 4.729400000000000546e+03
7.920000000000000000e+02 4.730400000000000546e+03
3.360000000000000000e+02 4.731150000000000546e+03
7.680000000000000000e+02 4.731449999999999818e+03
6.720000000000000000e+02 4.732050000000000182e+03
1.520000000000000000e+02 4.732199999999999818e+03
4.160000000000000000e+02 4.732500000000000000e+03
1.120000000000000000e+02 4.734050000000000182e+03
2.480000000000000000e+02 4.737350000000000364e+03
5.600000000000000000e+01 4.737750000000000000e+03
3.600000000000000000e+02 4.740500000000000000e+03
3.200000000000000000e+01 4.740550000000000182e+03
3.280000000000000000e+02 4.750449999999999818e+03
4.800000000000000000e+02 4.751699999999999818e+03
1.040000000000000000e+02 4.752000000000000000e+03
5.440000000000000000e+02 4.752250000000000000e+03
3.840000000000000000e+02 4.754900000000000546e+03
6.480000000000000000e+02 4.768750000000000000e+03
1.840000000000000000e+02 4.772350000000000364e+03
8.000000000000000000e+01 4.784150000000000546e+03
8.000000000000000000e+01 4.795000000000000000e+03
2.880000000000000000e+02 4.802000000000000000e+03
4.480000000000000000e+02 4.802500000000000000e+03
7.600000000000000000e+02 4.803400000000000546e+03
3.280000000000000000e+02 4.804900000000000546e+03
6.080000000000000000e+02 4.859300000000000182e+03
5.600000000000000000e+02 4.863150000000000546e+03
4.480000000000000000e+02 4.868500000000000000e+03
6.960000000000000000e+02 4.871400000000000546e+03
1.280000000000000000e+02 4.894550000000000182e+03
7.040000000000000000e+02 4.905949999999999818e+03
6.880000000000000000e+02 4.909300000000000182e+03
6.720000000000000000e+02 4.917900000000000546e+03
1.040000000000000000e+02 4.927699999999999818e+03
7.520000000000000000e+02 4.928949999999999818e+03
7.200000000000000000e+02 4.944449999999999818e+03
5.840000000000000000e+02 4.944600000000000364e+03
6.000000000000000000e+02 4.945800000000000182e+03
8.800000000000000000e+01 4.947650000000000546e+03
3.760000000000000000e+02 4.947699999999999818e+03
1.200000000000000000e+02 4.948100000000000364e+03
2.080000000000000000e+02 4.948150000000000546e+03
5.200000000000000000e+02 4.949050000000000182e+03
6.160000000000000000e+02 4.949050000000000182e+03
1.600000000000000000e+01 4.949400000000000546e+03
3.200000000000000000e+02 4.949699999999999818e+03
6.800000000000000000e+02 4.950100000000000364e+03
6.560000000000000000e+02 4.951000000000000000e+03
2.000000000000000000e+02 4.952100000000000364e+03
5.120000000000000000e+02 4.952050000000000182e+03
4.640000000000000000e+02 4.952400000000000546e+03
7.760000000000000000e+02 4.952699999999999818e+03
8.800000000000000000e+01 4.953150000000000546e+03
4.320000000000000000e+02 4.953250000000000000e+03
4.480000000000000000e+02 4.953850000000000364e+03
3.120000000000000000e+02 4.953949999999999818e+03
1.600000000000000000e+02 4.954050000000000182e+03
6.400000000000000000e+02 4.954050000000000182e+03
1.280000000000000000e+02 4.954250000000000000e+03
6.400000000000000000e+01 4.955000000000000000e+03
7.840000000000000000e+02 4.955100000000000364e+03
5.360000000000000000e+02 4.955400000000000546e+03
2.240000000000000000e+02 4.955500000000000000e+03
3.520000000000000000e+02 4.955449999999999818e+03
4.560000000000000000e+02 4.955449999999999818e+03
2.800000000000000000e+02 4.955750000000000000e+03
3.600000000000000000e+02 4.955750000000000000e+03
5.840000000000000000e+02 4.955750000000000000e+03
2.560000000000000000e+02 4.956000000000000000e+03
4.240000000000000000e+02 4.955949999999999818e+03
3.360000000000000000e+02 4.956050000000000182e+03
4.160000000000000000e+02 4.956100000000000364e+03
4.000000000000000000e+02 4.956199999999999818e+03
2.880000000000000000e+02 4.956300000000000182e+03
1.520000000000000000e+02 4.956350000000000364e+03
6.160000000000000000e+02 4.956400000000000546e+03
6.320000000000000000e+02 4.956400000000000546e+03
1.760000000000000000e+02 4.956500000000000000e+03
6.000000000000000000e+02 4.956500000000000000e+03
6.240000000000000000e+02 4.956500000000000000e+03
8.000000000000000000e+00 4.956600000000000364e+03
2.160000000000000000e+02 4.956600000000000364e+03
4.400000000000000000e+02 4.956550000000000182e+03
4.800000000000000000e+02 4.956550000000000182e+03
4.960000000000000000e+02 4.956550000000000182e+03
6.640000000000000000e+02 4.956550000000000182e+03
7.440000000000000000e+02 4.956550000000000182e+03
7.600000000000000000e+02 4.956600000000000364e+03
1.920000000000000000e+02 4.956699999999999818e+03
2.480000000000000000e+02 4.956699999999999818e+03
2.400000000000000000e+02 4.956750000000000000e+03
3.280000000000000000e+02 4.956800000000000182e+03
5.040000000000000000e+02 4.956750000000000000e+03
6.880000000000000000e+02 4.956800000000000182e+03
1.600000000000000000e+01 4.956900000000000546e+03
9.600000000000000000e+01 4.956850000000000364e+03
7.360000000000000000e+02 4.956850000000000364e+03
3.200000000000000000e+01 4.957000000000000000e+03
5.760000000000000000e+02 4.956949999999999818e+03
7.280000000000000000e+02 4.956949999999999818e+03
8.000000000000000000e+01 4.957050000000000182e+03
1.440000000000000000e+02 4.957050000000000182e+03
3.440000000000000000e+02 4.957050000000000182e+03
7.120000000000000000e+02 4.957050000000000182e+03
7.520000000000000000e+02 4.957050000000000182e+03
4.800000000000000000e+01 4.957199999999999818e+03
2.640000000000000000e+02 4.957150000000000546e+03
3.760000000000000000e+02 4.957150000000000546e+03
3.840000000000000000e+02 4.957199999999999818e+03
3.920000000000000000e+02 4.957150000000000546e+03
5.120000000000000000e+02 4.957199999999999818e+03
5.600000000000000000e+02 4.957199999999999818e+03
7.680000000000000000e+02 4.957150000000000546e+03
1.840000000000000000e+02 4.957250000000000000e+03
2.000000000000000000e+02 4.957250000000000000e+03
2.320000000000000000e+02 4.957300000000000182e+03
2.960000000000000000e+02 4.957300000000000182e+03
4.640000000000000000e+02 4.957300000000000182e+03
5.280000000000000000e+02 4.957300000000000182e+03
5.920000000000000000e+02 4.957250000000000000e+03
6.720000000000000000e+02 4.957300000000000182e+03
3.040000000000000000e+02 4.957350000000000364e+03
3.200000000000000000e+02 4.957350000000000364e+03
8.800000000000000000e+01 4.957449999999999818e+03
4.080000000000000000e+02 4.957500000000000000e+03
4.720000000000000000e+02 4.957449999999999818e+03
5.440000000000000000e+02 4.957449999999999818e+03
7.200000000000000000e+02 4.957500000000000000e+03
5.600000000000000000e+01 4.957600000000000364e+03
1.200000000000000000e+02 4.957600000000000364e+03
1.680000000000000000e+02 4.957550000000000182e+03
6.800000000000000000e+02 4.957550000000000182e+03
7.040000000000000000e+02 4.957600000000000364e+03
7.200000000000000000e+01 4.957699999999999818e+03
2.720000000000000000e+02 4.957650000000000546e+03
3.120000000000000000e+02 4.957750000000000000e+03
5.200000000000000000e+02 4.957800000000000182e+03
6.080000000000000000e+02 4.957800000000000182e+03
6.400000000000000000e+02 4.957750000000000000e+03
2.400000000000000000e+01 4.957900000000000546e+03
4.000000000000000000e+01 4.957850000000000364e+03
1.360000000000000000e+02 4.957900000000000546e+03
2.080000000000000000e+02 4.957900000000000546e+03
8.000000000000000000e+02 4.957900000000000546e+03
4.880000000000000000e+02 4.957949999999999818e+03
5.520000000000000000e+02 4.958050000000000182e+03
6.480000000000000000e+02 4.958050000000000182e+03
3.680000000000000000e+02 4.958350000000000364e+03
1.600000000000000000e+02 4.958449999999999818e+03
2.800000000000000000e+02 4.964800000000000182e+03
3.600000000000000000e+02 4.969850000000000364e+03
4.320000000000000000e+02 4.970900000000000546e+03
6.960000000000000000e+02 4.971400000000000546e+03
4.240000000000000000e+02 4.971750000000000000e+03
7.840000000000000000e+02 4.978650000000000546e+03
7.920000000000000000e+02 4.993949999999999818e+03
1.600000000000000000e+02 4.994250000000000000e+03
4.640000000000000000e+02 4.997850000000000364e+03
4.400000000000000000e+02 5.004100000000000364e+03
4.160000000000000000e+02 5.008500000000000000e+03
2.400000000000000000e+01 5.010150000000000546e+03
7.440000000000000000e+02 5.022850000000000364e+03
7.280000000000000000e+02 5.025800000000000182e+03
2.960000000000000000e+02 5.029150000000000546e+03
5.040000000000000000e+02 5.030300000000000182e+03
1.680000000000000000e+02 5.032800000000000182e+03
1.600000000000000000e+02 5.036350000000000364e+03
1.920000000000000000e+02 5.047000000000000000e+03
4.800000000000000000e+02 5.048050000000000182e+03
2.160000000000000000e+02 5.057000000000000000e+03
3.040000000000000000e+02 5.062800000000000182e+03
7.680000000000000000e+02 5.067350000000000364e+03
7.920000000000000000e+02 5.079750000000000000e+03
2.240000000000000000e+02 5.111000000000000000e+03
2.560000000000000000e+02 5.139000000000000000e+03
6.240000000000000000e+02 5.144900000000000546e+03
5.760000000000000000e+02 5.154500000000000000e+03
5.520000000000000000e+02 5.166250000000000000e+03
7.840000000000000000e+02 5.176900000000000546e+03
4.640000000000000000e+02 5.186250000000000000e+03
7.280000000000000000e+02 5.188850000000000364e+03
1.040000000000000000e+02 5.196250000000000000e+03
6.400000000000000000e+01 5.220949999999999818e+03
3.520000000000000000e+02 5.305900000000000546e+03
5.600000000000000000e+01 5.315600000000000364e+03
3.040000000000000000e+02 5.330199999999999818e+03
6.880000000000000000e+02 5.382100000000000364e+03
8.000000000000000000e+00 5.462600000000000364e+03
1.520000000000000000e+02 5.544350000000000364e+03
4.400000000000000000e+02 5.545050000000000182e+03
3.200000000000000000e+02 5.555100000000000364e+03
5.760000000000000000e+02 5.558699999999999818e+03
1.440000000000000000e+02 5.563550000000000182e+03
4.880000000000000000e+02 5.630250000000000000e+03
7.280000000000000000e+02 5.643500000000000000e+03
5.360000000000000000e+02 5.662550000000000182e+03
9.600000000000000000e+01 5.736550000000000182e+03
9.600000000000000000e+01 5.784550000000000182e+03
7.360000000000000000e+02 5.788949999999999818e+03
3.600000000000000000e+02 5.966300000000000182e+03
7.120000000000000000e+02 5.967650000000000546e+03
8.900000000000000000e+01 1.075000000000000000e+02
6.330000000000000000e+02 1.132000000000000028e+02
3.130000000000000000e+02 1.295999999999999943e+02
3.610000000000000000e+02 1.497500000000000000e+02
7.130000000000000000e+02 1.592500000000000000e+02
4.100000000000000000e+01 1.749000000000000057e+02
4.330000000000000000e+02 2.418000000000000114e+02
7.290000000000000000e+02 2.566000000000000227e+02
4.100000000000000000e+01 3.032500000000000000e+02
4.100000000000000000e+01 3.303000000000000114e+02
4.100000000000000000e+01 3.683500000000000227e+02
2.890000000000000000e+02 3.895000000000000000e+02
1.000000000000000000e+00 4.050500000000000114e+02
4.900000000000000000e+01 4.065500000000000114e+02
4.970000000000000000e+02 4.296500000000000341e+02
5.290000000000000000e+02 4.381500000000000341e+02
5.700000000000000000e+01 4.394000000000000341e+02
3.370000000000000000e+02 4.633000000000000114e+02
7.290000000000000000e+02 5.008000000000000114e+02
5.700000000000000000e+01 5.137999999999999545e+02
1.050000000000000000e+02 5.245000000000000000e+02
2.650000000000000000e+02 5.341000000000000227e+02
1.450000000000000000e+02 5.648999999999999773e+02
1.370000000000000000e+02 5.821499999999999773e+02
2.890000000000000000e+02 5.833500000000000227e+02
4.810000000000000000e+02 6.192500000000000000e+02
4.890000000000000000e+02 6.486000000000000227e+02
2.090000000000000000e+02 7.579500000000000455e+02
7.930000000000000000e+02 7.888999999999999773e+02
7.770000000000000000e+02 8.133500000000000227e+02
6.890000000000000000e+02 8.379500000000000455e+02
3.300000000000000000e+01 8.395000000000000000e+02
7.690000000000000000e+02 8.481499999999999773e+02
1.850000000000000000e+02 8.501499999999999773e+02
7.530000000000000000e+02 8.511499999999999773e+02
4.330000000000000000e+02 8.749500000000000455e+02
4.010000000000000000e+02 8.830500000000000682e+02
2.090000000000000000e+02 8.868999999999999773e+02
4.410000000000000000e+02 8.894500000000000455e+02
7.300000000000000000e+01 9.239500000000000455e+02
1.530000000000000000e+02 9.274500000000000455e+02
2.330000000000000000e+02 9.493500000000000227e+02
1.210000000000000000e+02 9.500500000000000682e+02
6.490000000000000000e+02 9.505000000000000000e+02
1.370000000000000000e+02 9.535000000000000000e+02
3.290000000000000000e+02 9.624500000000000455e+02
7.690000000000000000e+02 9.763999999999999773e+02
3.050000000000000000e+02 9.770500000000000682e+02
1.370000000000000000e+02 9.813500000000000227e+02
4.330000000000000000e+02 1.015100000000000023e+03
3.610000000000000000e+02 1.033049999999999955e+03
3.300000000000000000e+01 1.048299999999999955e+03
2.890000000000000000e+02 1.070150000000000091e+03
4.810000000000000000e+02 1.111250000000000000e+03
4.170000000000000000e+02 1.153000000000000000e+03
6.250000000000000000e+02 1.153650000000000091e+03
8.100000000000000000e+01 1.169850000000000136e+03
1.050000000000000000e+02 1.196200000000000045e+03
3.450000000000000000e+02 1.206299999999999955e+03
6.170000000000000000e+02 1.213750000000000000e+03
2.500000000000000000e+01 1.236400000000000091e+03
7.530000000000000000e+02 1.245049999999999955e+03
1.700000000000000000e+01 1.254900000000000091e+03
3.930000000000000000e+02 1.254900000000000091e+03
1.000000000000000000e+00 1.264150000000000091e+03
4.330000000000000000e+02 1.274350000000000136e+03
4.810000000000000000e+02 1.285700000000000045e+03
7.850000000000000000e+02 1.311150000000000091e+03
7.610000000000000000e+02 1.355600000000000136e+03
7.370000000000000000e+02 1.366700000000000045e+03
4.810000000000000000e+02 1.386049999999999955e+03
1.290000000000000000e+02 1.389450000000000045e+03
5.930000000000000000e+02 1.389650000000000091e+03
1.450000000000000000e+02 1.393500000000000000e+03
6.090000000000000000e+02 1.413650000000000091e+03
6.570000000000000000e+02 1.418000000000000000e+03
4.250000000000000000e+02 1.460700000000000045e+03
9.700000000000000000e+01 1.462200000000000045e+03
7.690000000000000000e+02 1.503000000000000000e+03
2.810000000000000000e+02 1.511500000000000000e+03
1.690000000000000000e+02 1.521200000000000045e+03
6.410000000000000000e+02 1.599150000000000091e+03
2.500000000000000000e+01 1.612350000000000136e+03
7.610000000000000000e+02 1.641150000000000091e+03
6.970000000000000000e+02 1.653299999999999955e+03
4.650000000000000000e+02 1.663700000000000045e+03
3.850000000000000000e+02 1.669299999999999955e+03
5.130000000000000000e+02 1.678049999999999955e+03
1.850000000000000000e+02 1.703400000000000091e+03
6.570000000000000000e+02 1.704400000000000091e+03
3.290000000000000000e+02 1.713500000000000000e+03
3.610000000000000000e+02 1.719600000000000136e+03
7.210000000000000000e+02 1.750700000000000045e+03
6.010000000000000000e+02 1.754100000000000136e+03
4.410000000000000000e+02 1.802700000000000045e+03
8.100000000000000000e+01 1.821100000000000136e+03
2.570000000000000000e+02 1.835799999999999955e+03
4.410000000000000000e+02 1.879400000000000091e+03
4.170000000000000000e+02 1.896950000000000045e+03
4.570000000000000000e+02 1.900650000000000091e+03
2.970000000000000000e+02 1.919000000000000000e+03
2.330000000000000000e+02 1.921950000000000045e+03
3.050000000000000000e+02 1.975049999999999955e+03
3.290000000000000000e+02 2.000200000000000045e+03
1.770000000000000000e+02 2.066800000000000182e+03
3.610000000000000000e+02 2.067900000000000091e+03
3.850000000000000000e+02 2.098650000000000091e+03
2.010000000000000000e+02 2.100050000000000182e+03
2.810000000000000000e+02 2.112500000000000000e+03
1.930000000000000000e+02 2.139599999999999909e+03
6.330000000000000000e+02 2.157050000000000182e+03
4.330000000000000000e+02 2.170099999999999909e+03
1.290000000000000000e+02 2.171199999999999818e+03
1.850000000000000000e+02 2.197750000000000000e+03
7.290000000000000000e+02 2.213200000000000273e+03
6.010000000000000000e+02 2.217300000000000182e+03
6.810000000000000000e+02 2.235900000000000091e+03
5.210000000000000000e+02 2.237150000000000091e+03
8.900000000000000000e+01 2.242000000000000000e+03
3.290000000000000000e+02 2.247000000000000000e+03
1.370000000000000000e+02 2.259800000000000182e+03
2.570000000000000000e+02 2.278950000000000273e+03
3.370000000000000000e+02 2.323099999999999909e+03
3.690000000000000000e+02 2.332599999999999909e+03
6.410000000000000000e+02 2.333200000000000273e+03
1.130000000000000000e+02 2.376250000000000000e+03
4.730000000000000000e+02 2.392050000000000182e+03
7.450000000000000000e+02 2.397950000000000273e+03
6.890000000000000000e+02 2.399750000000000000e+03
8.100000000000000000e+01 2.406349999999999909e+03
4.250000000000000000e+02 2.411950000000000273e+03
2.890000000000000000e+02 2.436349999999999909e+03
1.850000000000000000e+02 2.502050000000000182e+03
6.010000000000000000e+02 2.542650000000000091e+03
7.370000000000000000e+02 2.576599999999999909e+03
4.330000000000000000e+02 2.594900000000000091e+03
2.250000000000000000e+02 2.602500000000000000e+03
4.100000000000000000e+01 2.614050000000000182e+03
2.250000000000000000e+02 2.615800000000000182e+03
7.300000000000000000e+01 2.627400000000000091e+03
5.210000000000000000e+02 2.657500000000000000e+03
7.530000000000000000e+02 2.692650000000000091e+03
4.730000000000000000e+02 2.714700000000000273e+03
3.850000000000000000e+02 2.751900000000000091e+03
2.490000000000000000e+02 2.792500000000000000e+03
1.610000000000000000e+02 2.813599999999999909e+03
2.090000000000000000e+02 2.823650000000000091e+03
8.100000000000000000e+01 2.891750000000000000e+03
7.210000000000000000e+02 2.897349999999999909e+03
7.530000000000000000e+02 2.904550000000000182e+03
4.170000000000000000e+02 2.912000000000000000e+03
4.900000000000000000e+01 2.938900000000000091e+03
9.000000000000000000e+00 2.952450000000000273e+03
1.370000000000000000e+02 2.965800000000000182e+03
1.000000000000000000e+00 2.967950000000000273e+03
5.210000000000000000e+02 2.974099999999999909e+03
4.410000000000000000e+02 2.995050000000000182e+03
6.010000000000000000e+02 2.995599999999999909e+03
2.250000000000000000e+02 3.005450000000000273e+03
6.570000000000000000e+02 3.006000000000000000e+03
2.970000000000000000e+02 3.007500000000000000e+03
4.100000000000000000e+01 3.007550000000000182e+03
2.330000000000000000e+02 3.007599999999999909e+03
2.490000000000000000e+02 3.009150000000000091e+03
4.170000000000000000e+02 3.009200000000000273e+03
1.770000000000000000e+02 3.009450000000000273e+03
4.900000000000000000e+01 3.009599999999999909e+03
3.930000000000000000e+02 3.009599999999999909e+03
5.930000000000000000e+02 3.010099999999999909e+03
7.530000000000000000e+02 3.010200000000000273e+03
4.490000000000000000e+02 3.011099999999999909e+03
9.700000000000000000e+01 3.011150000000000091e+03
1.690000000000000000e+02 3.011150000000000091e+03
5.850000000000000000e+02 3.011200000000000273e+03
6.500000000000000000e+01 3.011300000000000182e+03
2.010000000000000000e+02 3.011250000000000000e+03
5.130000000000000000e+02 3.011450000000000273e+03
3.300000000000000000e+01 3.012099999999999909e+03
7.050000000000000000e+02 3.012099999999999909e+03
4.330000000000000000e+02 3.012599999999999909e+03
4.730000000000000000e+02 3.012900000000000091e+03
1.370000000000000000e+02 3.013099999999999909e+03
2.730000000000000000e+02 3.013300000000000182e+03
4.410000000000000000e+02 3.013250000000000000e+03
7.450000000000000000e+02 3.013250000000000000e+03
1.610000000000000000e+02 3.013400000000000091e+03
1.450000000000000000e+02 3.014349999999999909e+03
2.410000000000000000e+02 3.015250000000000000e+03
3.530000000000000000e+02 3.015550000000000182e+03
6.970000000000000000e+02 3.016900000000000091e+03
5.530000000000000000e+02 3.016950000000000273e+03
2.500000000000000000e+01 3.017200000000000273e+03
7.300000000000000000e+01 3.017349999999999909e+03
1.850000000000000000e+02 3.017599999999999909e+03
7.130000000000000000e+02 3.017700000000000273e+03
5.700000000000000000e+01 3.017750000000000000e+03
5.610000000000000000e+02 3.018150000000000091e+03
5.210000000000000000e+02 3.018349999999999909e+03
2.490000000000000000e+02 3.018800000000000182e+03
3.290000000000000000e+02 3.018950000000000273e+03
2.330000000000000000e+02 3.019300000000000182e+03
9.000000000000000000e+00 3.019400000000000091e+03
2.810000000000000000e+02 3.019400000000000091e+03
1.700000000000000000e+01 3.019750000000000000e+03
5.770000000000000000e+02 3.019800000000000182e+03
4.250000000000000000e+02 3.019900000000000091e+03
1.530000000000000000e+02 3.019950000000000273e+03
4.900000000000000000e+01 3.020050000000000182e+03
4.810000000000000000e+02 3.020200000000000273e+03
7.450000000000000000e+02 3.020150000000000091e+03
4.650000000000000000e+02 3.020250000000000000e+03
2.090000000000000000e+02 3.020400000000000091e+03
6.570000000000000000e+02 3.020349999999999909e+03
1.050000000000000000e+02 3.020500000000000000e+03
2.970000000000000000e+02 3.020599999999999909e+03
3.610000000000000000e+02 3.020599999999999909e+03
3.770000000000000000e+02 3.020650000000000091e+03
6.650000000000000000e+02 3.020950000000000273e+03
5.290000000000000000e+02 3.021250000000000000e+03
6.090000000000000000e+02 3.021650000000000091e+03
1.210000000000000000e+02 3.021750000000000000e+03
1.290000000000000000e+02 3.022000000000000000e+03
6.010000000000000000e+02 3.022599999999999909e+03
7.210000000000000000e+02 3.022900000000000091e+03
6.490000000000000000e+02 3.023099999999999909e+03
3.210000000000000000e+02 3.023150000000000091e+03
1.130000000000000000e+02 3.023849999999999909e+03
2.570000000000000000e+02 3.024050000000000182e+03
5.530000000000000000e+02 3.027450000000000273e+03
1.690000000000000000e+02 3.027800000000000182e+03
4.410000000000000000e+02 3.027800000000000182e+03
4.570000000000000000e+02 3.027800000000000182e+03
5.690000000000000000e+02 3.028500000000000000e+03
4.330000000000000000e+02 3.028550000000000182e+03
2.890000000000000000e+02 3.028849999999999909e+03
7.690000000000000000e+02 3.029300000000000182e+03
6.500000000000000000e+01 3.029349999999999909e+03
2.170000000000000000e+02 3.029500000000000000e+03
5.450000000000000000e+02 3.029500000000000000e+03
4.100000000000000000e+01 3.029550000000000182e+03
3.530000000000000000e+02 3.029550000000000182e+03
1.610000000000000000e+02 3.029950000000000273e+03
7.610000000000000000e+02 3.030099999999999909e+03
2.250000000000000000e+02 3.030400000000000091e+03
6.970000000000000000e+02 3.030349999999999909e+03
1.530000000000000000e+02 3.030599999999999909e+03
1.930000000000000000e+02 3.030650000000000091e+03
4.970000000000000000e+02 3.030700000000000273e+03
4.170000000000000000e+02 3.030750000000000000e+03
6.570000000000000000e+02 3.030800000000000182e+03
8.900000000000000000e+01 3.031000000000000000e+03
1.050000000000000000e+02 3.031050000000000182e+03
9.000000000000000000e+00 3.032550000000000182e+03
2.410000000000000000e+02 3.035050000000000182e+03
1.850000000000000000e+02 3.036000000000000000e+03
4.810000000000000000e+02 3.038500000000000000e+03
2.810000000000000000e+02 3.038750000000000000e+03
8.100000000000000000e+01 3.039050000000000182e+03
7.290000000000000000e+02 3.039300000000000182e+03
3.300000000000000000e+01 3.039849999999999909e+03
6.490000000000000000e+02 3.040700000000000273e+03
9.700000000000000000e+01 3.041349999999999909e+03
4.890000000000000000e+02 3.041349999999999909e+03
7.770000000000000000e+02 3.041400000000000091e+03
3.850000000000000000e+02 3.041550000000000182e+03
2.170000000000000000e+02 3.041750000000000000e+03
4.010000000000000000e+02 3.041750000000000000e+03
7.370000000000000000e+02 3.041750000000000000e+03
3.130000000000000000e+02 3.041849999999999909e+03
4.330000000000000000e+02 3.042000000000000000e+03
1.370000000000000000e+02 3.042700000000000273e+03
4.090000000000000000e+02 3.042700000000000273e+03
4.250000000000000000e+02 3.043000000000000000e+03
3.690000000000000000e+02 3.047200000000000273e+03
1.690000000000000000e+02 3.047400000000000091e+03
7.300000000000000000e+01 3.047900000000000091e+03
6.970000000000000000e+02 3.048700000000000273e+03
1.210000000000000000e+02 3.049849999999999909e+03
4.900000000000000000e+01 3.049950000000000273e+03
7.690000000000000000e+02 3.050200000000000273e+03
6.250000000000000000e+02 3.050700000000000273e+03
3.530000000000000000e+02 3.050900000000000091e+03
2.410000000000000000e+02 3.050950000000000273e+03
2.730000000000000000e+02 3.051000000000000000e+03
3.370000000000000000e+02 3.050950000000000273e+03
5.210000000000000000e+02 3.051000000000000000e+03
3.210000000000000000e+02 3.051050000000000182e+03
3.930000000000000000e+02 3.051099999999999909e+03
5.770000000000000000e+02 3.051099999999999909e+03
6.730000000000000000e+02 3.051450000000000273e+03
7.130000000000000000e+02 3.051500000000000000e+03
1.770000000000000000e+02 3.051900000000000091e+03
7.450000000000000000e+02 3.052099999999999909e+03
1.050000000000000000e+02 3.052300000000000182e+03
7.610000000000000000e+02 3.052400000000000091e+03
6.890000000000000000e+02 3.059550000000000182e+03
3.130000000000000000e+02 3.059700000000000273e+03
5.930000000000000000e+02 3.060300000000000182e+03
2.170000000000000000e+02 3.060550000000000182e+03
7.850000000000000000e+02 3.060900000000000091e+03
1.000000000000000000e+00 3.061200000000000273e+03
6.970000000000000000e+02 3.061450000000000273e+03
3.610000000000000000e+02 3.062099999999999909e+03
4.090000000000000000e+02 3.062099999999999909e+03
4.170000000000000000e+02 3.062500000000000000e+03
6.570000000000000000e+02 3.062700000000000273e+03
5.690000000000000000e+02 3.063099999999999909e+03
4.100000000000000000e+01 3.063849999999999909e+03
4.970000000000000000e+02 3.063849999999999909e+03
4.650000000000000000e+02 3.065050000000000182e+03
2.730000000000000000e+02 3.068099999999999909e+03
3.770000000000000000e+02 3.068099999999999909e+03
5.610000000000000000e+02 3.071800000000000182e+03
7.930000000000000000e+02 3.071750000000000000e+03
5.050000000000000000e+02 3.072250000000000000e+03
5.770000000000000000e+02 3.072250000000000000e+03
3.530000000000000000e+02 3.072349999999999909e+03
1.700000000000000000e+01 3.072800000000000182e+03
6.330000000000000000e+02 3.073800000000000182e+03
1.130000000000000000e+02 3.073900000000000091e+03
4.100000000000000000e+01 3.074200000000000273e+03
7.130000000000000000e+02 3.074849999999999909e+03
6.410000000000000000e+02 3.075500000000000000e+03
4.090000000000000000e+02 3.075750000000000000e+03
7.210000000000000000e+02 3.075950000000000273e+03
4.010000000000000000e+02 3.081349999999999909e+03
4.490000000000000000e+02 3.081900000000000091e+03
2.810000000000000000e+02 3.081950000000000273e+03
5.290000000000000000e+02 3.081950000000000273e+03
7.850000000000000000e+02 3.082300000000000182e+03
7.370000000000000000e+02 3.082400000000000091e+03
6.490000000000000000e+02 3.082450000000000273e+03
2.330000000000000000e+02 3.082550000000000182e+03
3.130000000000000000e+02 3.082599999999999909e+03
5.690000000000000000e+02 3.082599999999999909e+03
4.890000000000000000e+02 3.082849999999999909e+03
3.290000000000000000e+02 3.082950000000000273e+03
3.370000000000000000e+02 3.083150000000000091e+03
4.970000000000000000e+02 3.083400000000000091e+03
3.210000000000000000e+02 3.083550000000000182e+03
6.650000000000000000e+02 3.083550000000000182e+03
5.530000000000000000e+02 3.084050000000000182e+03
6.090000000000000000e+02 3.084200000000000273e+03
2.490000000000000000e+02 3.084300000000000182e+03
4.570000000000000000e+02 3.084349999999999909e+03
1.770000000000000000e+02 3.084450000000000273e+03
1.930000000000000000e+02 3.084550000000000182e+03
2.500000000000000000e+01 3.085099999999999909e+03
4.170000000000000000e+02 3.085599999999999909e+03
6.250000000000000000e+02 3.090800000000000182e+03
7.770000000000000000e+02 3.091150000000000091e+03
2.810000000000000000e+02 3.092200000000000273e+03
1.000000000000000000e+00 3.092250000000000000e+03
7.300000000000000000e+01 3.093800000000000182e+03
6.730000000000000000e+02 3.094000000000000000e+03
4.900000000000000000e+01 3.094300000000000182e+03
2.170000000000000000e+02 3.094450000000000273e+03
6.970000000000000000e+02 3.095150000000000091e+03
6.810000000000000000e+02 3.095300000000000182e+03
1.450000000000000000e+02 3.099599999999999909e+03
6.570000000000000000e+02 3.099599999999999909e+03
4.970000000000000000e+02 3.100349999999999909e+03
2.090000000000000000e+02 3.102500000000000000e+03
6.490000000000000000e+02 3.102500000000000000e+03
1.210000000000000000e+02 3.103050000000000182e+03
6.500000000000000000e+01 3.103900000000000091e+03
4.100000000000000000e+01 3.104700000000000273e+03
2.410000000000000000e+02 3.105150000000000091e+03
6.170000000000000000e+02 3.105349999999999909e+03
1.530000000000000000e+02 3.106200000000000273e+03
3.130000000000000000e+02 3.106550000000000182e+03
7.690000000000000000e+02 3.106849999999999909e+03
4.650000000000000000e+02 3.109099999999999909e+03
1.930000000000000000e+02 3.109300000000000182e+03
6.890000000000000000e+02 3.110599999999999909e+03
8.900000000000000000e+01 3.111000000000000000e+03
3.610000000000000000e+02 3.113900000000000091e+03
1.530000000000000000e+02 3.114450000000000273e+03
7.290000000000000000e+02 3.114500000000000000e+03
5.930000000000000000e+02 3.115300000000000182e+03
4.250000000000000000e+02 3.115800000000000182e+03
9.700000000000000000e+01 3.116700000000000273e+03
5.050000000000000000e+02 3.116650000000000091e+03
4.330000000000000000e+02 3.117000000000000000e+03
6.810000000000000000e+02 3.117450000000000273e+03
5.700000000000000000e+01 3.117599999999999909e+03
2.810000000000000000e+02 3.117700000000000273e+03
6.970000000000000000e+02 3.117849999999999909e+03
3.050000000000000000e+02 3.118300000000000182e+03
5.370000000000000000e+02 3.118550000000000182e+03
1.370000000000000000e+02 3.119599999999999909e+03
7.770000000000000000e+02 3.123150000000000091e+03
1.000000000000000000e+00 3.125000000000000000e+03
4.010000000000000000e+02 3.125250000000000000e+03
2.090000000000000000e+02 3.125500000000000000e+03
6.500000000000000000e+01 3.125599999999999909e+03
6.490000000000000000e+02 3.126200000000000273e+03
5.130000000000000000e+02 3.126450000000000273e+03
3.770000000000000000e+02 3.126650000000000091e+03
2.650000000000000000e+02 3.126750000000000000e+03
7.850000000000000000e+02 3.126750000000000000e+03
4.410000000000000000e+02 3.126900000000000091e+03
1.130000000000000000e+02 3.127000000000000000e+03
5.530000000000000000e+02 3.127400000000000091e+03
1.370000000000000000e+02 3.127450000000000273e+03
1.930000000000000000e+02 3.127500000000000000e+03
6.570000000000000000e+02 3.127650000000000091e+03
2.010000000000000000e+02 3.127950000000000273e+03
6.170000000000000000e+02 3.128250000000000000e+03
2.890000000000000000e+02 3.128650000000000091e+03
1.450000000000000000e+02 3.128750000000000000e+03
7.370000000000000000e+02 3.128900000000000091e+03
1.050000000000000000e+02 3.130900000000000091e+03
6.330000000000000000e+02 3.132400000000000091e+03
7.300000000000000000e+01 3.133650000000000091e+03
1.690000000000000000e+02 3.134250000000000000e+03
7.450000000000000000e+02 3.135750000000000000e+03
2.810000000000000000e+02 3.136450000000000273e+03
7.610000000000000000e+02 3.137150000000000091e+03
7.690000000000000000e+02 3.137450000000000273e+03
3.130000000000000000e+02 3.137650000000000091e+03
6.090000000000000000e+02 3.137900000000000091e+03
3.210000000000000000e+02 3.138700000000000273e+03
4.730000000000000000e+02 3.139750000000000000e+03
2.250000000000000000e+02 3.143950000000000273e+03
4.570000000000000000e+02 3.144349999999999909e+03
4.890000000000000000e+02 3.144450000000000273e+03
4.970000000000000000e+02 3.145250000000000000e+03
1.450000000000000000e+02 3.145450000000000273e+03
4.250000000000000000e+02 3.145800000000000182e+03
4.100000000000000000e+01 3.146250000000000000e+03
6.890000000000000000e+02 3.148450000000000273e+03
6.250000000000000000e+02 3.148550000000000182e+03
7.370000000000000000e+02 3.148800000000000182e+03
5.450000000000000000e+02 3.149200000000000273e+03
6.650000000000000000e+02 3.150550000000000182e+03
2.890000000000000000e+02 3.150700000000000273e+03
3.690000000000000000e+02 3.151450000000000273e+03
3.450000000000000000e+02 3.151750000000000000e+03
5.610000000000000000e+02 3.151800000000000182e+03
7.610000000000000000e+02 3.152599999999999909e+03
2.250000000000000000e+02 3.152950000000000273e+03
4.410000000000000000e+02 3.153750000000000000e+03
1.050000000000000000e+02 3.154550000000000182e+03
5.530000000000000000e+02 3.155200000000000273e+03
2.010000000000000000e+02 3.155500000000000000e+03
1.610000000000000000e+02 3.157500000000000000e+03
2.730000000000000000e+02 3.161550000000000182e+03
3.930000000000000000e+02 3.161550000000000182e+03
3.770000000000000000e+02 3.162650000000000091e+03
3.530000000000000000e+02 3.163099999999999909e+03
5.850000000000000000e+02 3.163200000000000273e+03
6.330000000000000000e+02 3.163599999999999909e+03
6.970000000000000000e+02 3.163700000000000273e+03
6.490000000000000000e+02 3.163750000000000000e+03
2.890000000000000000e+02 3.163849999999999909e+03
7.850000000000000000e+02 3.163900000000000091e+03
5.690000000000000000e+02 3.164000000000000000e+03
1.700000000000000000e+01 3.167599999999999909e+03
6.010000000000000000e+02 3.170250000000000000e+03
6.500000000000000000e+01 3.172200000000000273e+03
4.810000000000000000e+02 3.172200000000000273e+03
2.490000000000000000e+02 3.172800000000000182e+03
9.000000000000000000e+00 3.172950000000000273e+03
3.370000000000000000e+02 3.173099999999999909e+03
5.930000000000000000e+02 3.173250000000000000e+03
4.090000000000000000e+02 3.173450000000000273e+03
3.050000000000000000e+02 3.173750000000000000e+03
3.610000000000000000e+02 3.173900000000000091e+03
7.300000000000000000e+01 3.174000000000000000e+03
5.770000000000000000e+02 3.173950000000000273e+03
1.050000000000000000e+02 3.174099999999999909e+03
2.330000000000000000e+02 3.174599999999999909e+03
3.290000000000000000e+02 3.178349999999999909e+03
6.570000000000000000e+02 3.179599999999999909e+03
1.290000000000000000e+02 3.179750000000000000e+03
9.700000000000000000e+01 3.180550000000000182e+03
4.330000000000000000e+02 3.181450000000000273e+03
1.930000000000000000e+02 3.182349999999999909e+03
4.730000000000000000e+02 3.182700000000000273e+03
7.770000000000000000e+02 3.183050000000000182e+03
2.170000000000000000e+02 3.183550000000000182e+03
6.650000000000000000e+02 3.183550000000000182e+03
3.300000000000000000e+01 3.183900000000000091e+03
2.890000000000000000e+02 3.184700000000000273e+03
4.410000000000000000e+02 3.185450000000000273e+03
2.490000000000000000e+02 3.186050000000000182e+03
3.930000000000000000e+02 3.189900000000000091e+03
7.370000000000000000e+02 3.191300000000000182e+03
6.010000000000000000e+02 3.191400000000000091e+03
6.330000000000000000e+02 3.191849999999999909e+03
3.530000000000000000e+02 3.193000000000000000e+03
6.730000000000000000e+02 3.193000000000000000e+03
3.850000000000000000e+02 3.193250000000000000e+03
1.610000000000000000e+02 3.193599999999999909e+03
3.450000000000000000e+02 3.193599999999999909e+03
2.410000000000000000e+02 3.193950000000000273e+03
3.690000000000000000e+02 3.196000000000000000e+03
1.770000000000000000e+02 3.197650000000000091e+03
1.210000000000000000e+02 3.198250000000000000e+03
5.770000000000000000e+02 3.199150000000000091e+03
7.300000000000000000e+01 3.199450000000000273e+03
2.250000000000000000e+02 3.199800000000000182e+03
5.450000000000000000e+02 3.200050000000000182e+03
6.410000000000000000e+02 3.200400000000000091e+03
7.050000000000000000e+02 3.201300000000000182e+03
7.210000000000000000e+02 3.201900000000000091e+03
1.530000000000000000e+02 3.202550000000000182e+03
4.090000000000000000e+02 3.202750000000000000e+03
4.650000000000000000e+02 3.203250000000000000e+03
4.970000000000000000e+02 3.203250000000000000e+03
8.100000000000000000e+01 3.205099999999999909e+03
1.370000000000000000e+02 3.206200000000000273e+03
3.300000000000000000e+01 3.206750000000000000e+03
6.250000000000000000e+02 3.206800000000000182e+03
3.290000000000000000e+02 3.207450000000000273e+03
5.530000000000000000e+02 3.207550000000000182e+03
6.090000000000000000e+02 3.207599999999999909e+03
4.570000000000000000e+02 3.207750000000000000e+03
3.130000000000000000e+02 3.209650000000000091e+03
6.500000000000000000e+01 3.209800000000000182e+03
1.850000000000000000e+02 3.211400000000000091e+03
6.650000000000000000e+02 3.211849999999999909e+03
2.500000000000000000e+01 3.214599999999999909e+03
2.970000000000000000e+02 3.214900000000000091e+03
3.210000000000000000e+02 3.215900000000000091e+03
9.000000000000000000e+00 3.217000000000000000e+03
7.370000000000000000e+02 3.217200000000000273e+03
3.530000000000000000e+02 3.217500000000000000e+03
1.930000000000000000e+02 3.217900000000000091e+03
3.930000000000000000e+02 3.218000000000000000e+03
3.370000000000000000e+02 3.218400000000000091e+03
4.730000000000000000e+02 3.218550000000000182e+03
1.700000000000000000e+01 3.219300000000000182e+03
4.650000000000000000e+02 3.219700000000000273e+03
5.530000000000000000e+02 3.220250000000000000e+03
2.810000000000000000e+02 3.221500000000000000e+03
7.130000000000000000e+02 3.221849999999999909e+03
3.290000000000000000e+02 3.222450000000000273e+03
4.900000000000000000e+01 3.222700000000000273e+03
6.170000000000000000e+02 3.222750000000000000e+03
6.010000000000000000e+02 3.223349999999999909e+03
2.330000000000000000e+02 3.223700000000000273e+03
4.490000000000000000e+02 3.227750000000000000e+03
9.700000000000000000e+01 3.228849999999999909e+03
4.170000000000000000e+02 3.229500000000000000e+03
6.330000000000000000e+02 3.229700000000000273e+03
5.370000000000000000e+02 3.229900000000000091e+03
6.730000000000000000e+02 3.230150000000000091e+03
5.850000000000000000e+02 3.230599999999999909e+03
7.050000000000000000e+02 3.230599999999999909e+03
2.570000000000000000e+02 3.230750000000000000e+03
3.050000000000000000e+02 3.230750000000000000e+03
7.930000000000000000e+02 3.231000000000000000e+03
6.890000000000000000e+02 3.231200000000000273e+03
5.210000000000000000e+02 3.231250000000000000e+03
2.170000000000000000e+02 3.231400000000000091e+03
6.970000000000000000e+02 3.232000000000000000e+03
2.250000000000000000e+02 3.232300000000000182e+03
5.130000000000000000e+02 3.232349999999999909e+03
1.210000000000000000e+02 3.234599999999999909e+03
3.450000000000000000e+02 3.234599999999999909e+03
3.770000000000000000e+02 3.235550000000000182e+03
1.690000000000000000e+02 3.236250000000000000e+03
4.810000000000000000e+02 3.236849999999999909e+03
8.100000000000000000e+01 3.237900000000000091e+03
5.450000000000000000e+02 3.238200000000000273e+03
5.290000000000000000e+02 3.242500000000000000e+03
6.810000000000000000e+02 3.243200000000000273e+03
4.410000000000000000e+02 3.243750000000000000e+03
1.770000000000000000e+02 3.244950000000000273e+03
1.370000000000000000e+02 3.245250000000000000e+03
4.100000000000000000e+01 3.245400000000000091e+03
5.530000000000000000e+02 3.245900000000000091e+03
2.650000000000000000e+02 3.245950000000000273e+03
6.730000000000000000e+02 3.246400000000000091e+03
6.500000000000000000e+01 3.246500000000000000e+03
1.130000000000000000e+02 3.248150000000000091e+03
1.450000000000000000e+02 3.248250000000000000e+03
6.090000000000000000e+02 3.248750000000000000e+03
6.410000000000000000e+02 3.249400000000000091e+03
3.210000000000000000e+02 3.251400000000000091e+03
4.010000000000000000e+02 3.251400000000000091e+03
5.690000000000000000e+02 3.253800000000000182e+03
4.330000000000000000e+02 3.254750000000000000e+03
2.570000000000000000e+02 3.255099999999999909e+03
4.570000000000000000e+02 3.255099999999999909e+03
6.330000000000000000e+02 3.255200000000000273e+03
3.850000000000000000e+02 3.256050000000000182e+03
5.050000000000000000e+02 3.256349999999999909e+03
7.130000000000000000e+02 3.256900000000000091e+03
5.850000000000000000e+02 3.257750000000000000e+03
6.730000000000000000e+02 3.257900000000000091e+03
3.290000000000000000e+02 3.258000000000000000e+03
4.650000000000000000e+02 3.262099999999999909e+03
9.700000000000000000e+01 3.263550000000000182e+03
3.370000000000000000e+02 3.263550000000000182e+03
3.930000000000000000e+02 3.264349999999999909e+03
4.890000000000000000e+02 3.265150000000000091e+03
7.610000000000000000e+02 3.265500000000000000e+03
4.100000000000000000e+01 3.265599999999999909e+03
3.610000000000000000e+02 3.265550000000000182e+03
4.010000000000000000e+02 3.265950000000000273e+03
7.450000000000000000e+02 3.266700000000000273e+03
4.170000000000000000e+02 3.266800000000000182e+03
3.050000000000000000e+02 3.266900000000000091e+03
5.370000000000000000e+02 3.266849999999999909e+03
1.700000000000000000e+01 3.267050000000000182e+03
2.330000000000000000e+02 3.267250000000000000e+03
6.250000000000000000e+02 3.267500000000000000e+03
4.810000000000000000e+02 3.267550000000000182e+03
2.010000000000000000e+02 3.268099999999999909e+03
5.610000000000000000e+02 3.270000000000000000e+03
6.090000000000000000e+02 3.273900000000000091e+03
6.810000000000000000e+02 3.274000000000000000e+03
2.650000000000000000e+02 3.275250000000000000e+03
6.570000000000000000e+02 3.275800000000000182e+03
3.770000000000000000e+02 3.275900000000000091e+03
2.410000000000000000e+02 3.275950000000000273e+03
7.210000000000000000e+02 3.277550000000000182e+03
8.900000000000000000e+01 3.279150000000000091e+03
7.370000000000000000e+02 3.282000000000000000e+03
1.930000000000000000e+02 3.282650000000000091e+03
1.700000000000000000e+01 3.283150000000000091e+03
4.570000000000000000e+02 3.283550000000000182e+03
7.610000000000000000e+02 3.283599999999999909e+03
6.500000000000000000e+01 3.283650000000000091e+03
2.810000000000000000e+02 3.283700000000000273e+03
1.210000000000000000e+02 3.284200000000000273e+03
7.770000000000000000e+02 3.284200000000000273e+03
1.000000000000000000e+00 3.284349999999999909e+03
6.170000000000000000e+02 3.284450000000000273e+03
6.890000000000000000e+02 3.284650000000000091e+03
5.130000000000000000e+02 3.285000000000000000e+03
3.210000000000000000e+02 3.285150000000000091e+03
2.170000000000000000e+02 3.285250000000000000e+03
7.130000000000000000e+02 3.285349999999999909e+03
5.210000000000000000e+02 3.285500000000000000e+03
2.490000000000000000e+02 3.285550000000000182e+03
4.970000000000000000e+02 3.285599999999999909e+03
6.490000000000000000e+02 3.285650000000000091e+03
3.370000000000000000e+02 3.285900000000000091e+03
3.770000000000000000e+02 3.285900000000000091e+03
2.970000000000000000e+02 3.285950000000000273e+03
6.970000000000000000e+02 3.286099999999999909e+03
2.410000000000000000e+02 3.286250000000000000e+03
9.700000000000000000e+01 3.294900000000000091e+03
4.170000000000000000e+02 3.295500000000000000e+03
1.130000000000000000e+02 3.295700000000000273e+03
4.730000000000000000e+02 3.296050000000000182e+03
1.530000000000000000e+02 3.296300000000000182e+03
2.730000000000000000e+02 3.296700000000000273e+03
8.100000000000000000e+01 3.297550000000000182e+03
2.170000000000000000e+02 3.297800000000000182e+03
1.000000000000000000e+00 3.298000000000000000e+03
1.050000000000000000e+02 3.299099999999999909e+03
1.930000000000000000e+02 3.300000000000000000e+03
2.970000000000000000e+02 3.301099999999999909e+03
3.290000000000000000e+02 3.301500000000000000e+03
4.330000000000000000e+02 3.302000000000000000e+03
4.890000000000000000e+02 3.303300000000000182e+03
3.210000000000000000e+02 3.308000000000000000e+03
2.090000000000000000e+02 3.308050000000000182e+03
5.530000000000000000e+02 3.308650000000000091e+03
1.850000000000000000e+02 3.309050000000000182e+03
7.370000000000000000e+02 3.309200000000000273e+03
6.500000000000000000e+01 3.309400000000000091e+03
6.170000000000000000e+02 3.309650000000000091e+03
5.700000000000000000e+01 3.310599999999999909e+03
3.530000000000000000e+02 3.310750000000000000e+03
5.850000000000000000e+02 3.310900000000000091e+03
1.290000000000000000e+02 3.311300000000000182e+03
4.810000000000000000e+02 3.311849999999999909e+03
2.250000000000000000e+02 3.313500000000000000e+03
2.570000000000000000e+02 3.314349999999999909e+03
6.490000000000000000e+02 3.317700000000000273e+03
2.490000000000000000e+02 3.318150000000000091e+03
6.970000000000000000e+02 3.318650000000000091e+03
3.450000000000000000e+02 3.320050000000000182e+03
7.770000000000000000e+02 3.320300000000000182e+03
7.610000000000000000e+02 3.320349999999999909e+03
5.050000000000000000e+02 3.320500000000000000e+03
6.010000000000000000e+02 3.321500000000000000e+03
5.290000000000000000e+02 3.324150000000000091e+03
2.650000000000000000e+02 3.324400000000000091e+03
5.610000000000000000e+02 3.325450000000000273e+03
1.610000000000000000e+02 3.326050000000000182e+03
6.810000000000000000e+02 3.326650000000000091e+03
9.000000000000000000e+00 3.326849999999999909e+03
4.810000000000000000e+02 3.327000000000000000e+03
1.770000000000000000e+02 3.327099999999999909e+03
4.570000000000000000e+02 3.327599999999999909e+03
4.010000000000000000e+02 3.332800000000000182e+03
7.450000000000000000e+02 3.332849999999999909e+03
5.930000000000000000e+02 3.333000000000000000e+03
4.490000000000000000e+02 3.333599999999999909e+03
2.810000000000000000e+02 3.333650000000000091e+03
1.370000000000000000e+02 3.333750000000000000e+03
5.530000000000000000e+02 3.333900000000000091e+03
6.730000000000000000e+02 3.334200000000000273e+03
1.450000000000000000e+02 3.334849999999999909e+03
6.330000000000000000e+02 3.335500000000000000e+03
5.050000000000000000e+02 3.335800000000000182e+03
5.210000000000000000e+02 3.335849999999999909e+03
4.330000000000000000e+02 3.336150000000000091e+03
1.530000000000000000e+02 3.336950000000000273e+03
6.170000000000000000e+02 3.336950000000000273e+03
3.290000000000000000e+02 3.337300000000000182e+03
3.300000000000000000e+01 3.337599999999999909e+03
1.690000000000000000e+02 3.337950000000000273e+03
4.970000000000000000e+02 3.340150000000000091e+03
4.100000000000000000e+01 3.342300000000000182e+03
4.890000000000000000e+02 3.342650000000000091e+03
1.210000000000000000e+02 3.342750000000000000e+03
2.890000000000000000e+02 3.342900000000000091e+03
7.690000000000000000e+02 3.344150000000000091e+03
8.900000000000000000e+01 3.345099999999999909e+03
3.450000000000000000e+02 3.346950000000000273e+03
2.650000000000000000e+02 3.347800000000000182e+03
2.500000000000000000e+01 3.348200000000000273e+03
3.930000000000000000e+02 3.348200000000000273e+03
6.090000000000000000e+02 3.348150000000000091e+03
5.290000000000000000e+02 3.348550000000000182e+03
4.490000000000000000e+02 3.349500000000000000e+03
5.610000000000000000e+02 3.349500000000000000e+03
1.930000000000000000e+02 3.349700000000000273e+03
9.700000000000000000e+01 3.349800000000000182e+03
4.010000000000000000e+02 3.350000000000000000e+03
7.850000000000000000e+02 3.350050000000000182e+03
2.410000000000000000e+02 3.350250000000000000e+03
6.010000000000000000e+02 3.350300000000000182e+03
7.610000000000000000e+02 3.350349999999999909e+03
3.850000000000000000e+02 3.350450000000000273e+03
7.930000000000000000e+02 3.350750000000000000e+03
7.210000000000000000e+02 3.359050000000000182e+03
6.890000000000000000e+02 3.359650000000000091e+03
7.530000000000000000e+02 3.360300000000000182e+03
5.610000000000000000e+02 3.363250000000000000e+03
1.290000000000000000e+02 3.363650000000000091e+03
1.050000000000000000e+02 3.366349999999999909e+03
2.330000000000000000e+02 3.367750000000000000e+03
5.700000000000000000e+01 3.372650000000000091e+03
2.970000000000000000e+02 3.375000000000000000e+03
1.930000000000000000e+02 3.378700000000000273e+03
1.050000000000000000e+02 3.380900000000000091e+03
7.930000000000000000e+02 3.394700000000000273e+03
3.290000000000000000e+02 3.398000000000000000e+03
1.530000000000000000e+02 3.401450000000000273e+03
6.890000000000000000e+02 3.405650000000000091e+03
2.890000000000000000e+02 3.411349999999999909e+03
4.490000000000000000e+02 3.413099999999999909e+03
4.410000000000000000e+02 3.413849999999999909e+03
1.290000000000000000e+02 3.417400000000000091e+03
7.210000000000000000e+02 3.420900000000000091e+03
2.810000000000000000e+02 3.425349999999999909e+03
6.730000000000000000e+02 3.439400000000000091e+03
6.010000000000000000e+02 3.454400000000000091e+03
6.170000000000000000e+02 3.479450000000000273e+03
5.130000000000000000e+02 3.490849999999999909e+03
7.050000000000000000e+02 3.515650000000000091e+03
2.010000000000000000e+02 3.526200000000000273e+03
6.170000000000000000e+02 3.537099999999999909e+03
4.090000000000000000e+02 3.557400000000000091e+03
7.850000000000000000e+02 3.592450000000000273e+03
3.690000000000000000e+02 3.594800000000000182e+03
7.050000000000000000e+02 3.604400000000000091e+03
5.370000000000000000e+02 3.605700000000000273e+03
8.100000000000000000e+01 3.609400000000000091e+03
5.770000000000000000e+02 3.611000000000000000e+03
2.500000000000000000e+01 3.611150000000000091e+03
1.000000000000000000e+00 3.611849999999999909e+03
1.290000000000000000e+02 3.615349999999999909e+03
4.810000000000000000e+02 3.617250000000000000e+03
4.650000000000000000e+02 3.618099999999999909e+03
7.610000000000000000e+02 3.618050000000000182e+03
7.770000000000000000e+02 3.622300000000000182e+03
3.690000000000000000e+02 3.623750000000000000e+03
1.930000000000000000e+02 3.624050000000000182e+03
2.410000000000000000e+02 3.624200000000000273e+03
3.450000000000000000e+02 3.626400000000000091e+03
7.050000000000000000e+02 3.629500000000000000e+03
5.370000000000000000e+02 3.631750000000000000e+03
7.450000000000000000e+02 3.633000000000000000e+03
9.000000000000000000e+00 3.634300000000000182e+03
1.930000000000000000e+02 3.634599999999999909e+03
6.570000000000000000e+02 3.634550000000000182e+03
3.610000000000000000e+02 3.634650000000000091e+03
4.010000000000000000e+02 3.634900000000000091e+03
4.410000000000000000e+02 3.635450000000000273e+03
3.930000000000000000e+02 3.635800000000000182e+03
2.650000000000000000e+02 3.636250000000000000e+03
5.130000000000000000e+02 3.636400000000000091e+03
3.290000000000000000e+02 3.636750000000000000e+03
6.010000000000000000e+02 3.636800000000000182e+03
2.570000000000000000e+02 3.636849999999999909e+03
5.690000000000000000e+02 3.636900000000000091e+03
4.890000000000000000e+02 3.637000000000000000e+03
6.170000000000000000e+02 3.637099999999999909e+03
5.450000000000000000e+02 3.637300000000000182e+03
5.770000000000000000e+02 3.637250000000000000e+03
4.650000000000000000e+02 3.637450000000000273e+03
5.530000000000000000e+02 3.637450000000000273e+03
3.300000000000000000e+01 3.637550000000000182e+03
8.900000000000000000e+01 3.637599999999999909e+03
2.490000000000000000e+02 3.637650000000000091e+03
3.850000000000000000e+02 3.637700000000000273e+03
6.890000000000000000e+02 3.637700000000000273e+03
2.250000000000000000e+02 3.637750000000000000e+03
5.610000000000000000e+02 3.637800000000000182e+03
1.700000000000000000e+01 3.637900000000000091e+03
1.050000000000000000e+02 3.637900000000000091e+03
2.090000000000000000e+02 3.637849999999999909e+03
4.970000000000000000e+02 3.637849999999999909e+03
7.770000000000000000e+02 3.637900000000000091e+03
2.810000000000000000e+02 3.638000000000000000e+03
1.000000000000000000e+00 3.638050000000000182e+03
1.850000000000000000e+02 3.638050000000000182e+03
3.450000000000000000e+02 3.638099999999999909e+03
5.930000000000000000e+02 3.638099999999999909e+03
6.650000000000000000e+02 3.638099999999999909e+03
6.730000000000000000e+02 3.638050000000000182e+03
6.970000000000000000e+02 3.638050000000000182e+03
7.850000000000000000e+02 3.638050000000000182e+03
1.690000000000000000e+02 3.638150000000000091e+03
2.170000000000000000e+02 3.638200000000000273e+03
4.090000000000000000e+02 3.638150000000000091e+03
6.250000000000000000e+02 3.638150000000000091e+03
2.500000000000000000e+01 3.638300000000000182e+03
1.370000000000000000e+02 3.638300000000000182e+03
7.370000000000000000e+02 3.638250000000000000e+03
4.490000000000000000e+02 3.638400000000000091e+03
4.730000000000000000e+02 3.638400000000000091e+03
6.090000000000000000e+02 3.638349999999999909e+03
6.330000000000000000e+02 3.638400000000000091e+03
7.450000000000000000e+02 3.638349999999999909e+03
4.900000000000000000e+01 3.638500000000000000e+03
1.450000000000000000e+02 3.638450000000000273e+03
1.530000000000000000e+02 3.638450000000000273e+03
1.770000000000000000e+02 3.638500000000000000e+03
3.770000000000000000e+02 3.638450000000000273e+03
6.410000000000000000e+02 3.638500000000000000e+03
6.490000000000000000e+02 3.638500000000000000e+03
7.050000000000000000e+02 3.638500000000000000e+03
7.290000000000000000e+02 3.638500000000000000e+03
7.300000000000000000e+01 3.638550000000000182e+03
2.010000000000000000e+02 3.638550000000000182e+03
2.890000000000000000e+02 3.638599999999999909e+03
4.570000000000000000e+02 3.638599999999999909e+03
5.050000000000000000e+02 3.638550000000000182e+03
5.370000000000000000e+02 3.638550000000000182e+03
3.370000000000000000e+02 3.638650000000000091e+03
2.330000000000000000e+02 3.638750000000000000e+03
3.210000000000000000e+02 3.638849999999999909e+03
6.570000000000000000e+02 3.638900000000000091e+03
7.210000000000000000e+02 3.638849999999999909e+03
7.930000000000000000e+02 3.638900000000000091e+03
1.130000000000000000e+02 3.638950000000000273e+03
4.250000000000000000e+02 3.638950000000000273e+03
5.210000000000000000e+02 3.638950000000000273e+03
7.610000000000000000e+02 3.639000000000000000e+03
7.690000000000000000e+02 3.638950000000000273e+03
9.000000000000000000e+00 3.639099999999999909e+03
4.100000000000000000e+01 3.639050000000000182e+03
9.700000000000000000e+01 3.639099999999999909e+03
4.410000000000000000e+02 3.639099999999999909e+03
6.810000000000000000e+02 3.639099999999999909e+03
4.330000000000000000e+02 3.639150000000000091e+03
5.290000000000000000e+02 3.639150000000000091e+03
5.700000000000000000e+01 3.639250000000000000e+03
1.930000000000000000e+02 3.639250000000000000e+03
2.410000000000000000e+02 3.639300000000000182e+03
3.130000000000000000e+02 3.639250000000000000e+03
5.850000000000000000e+02 3.639250000000000000e+03
1.210000000000000000e+02 3.639400000000000091e+03
1.290000000000000000e+02 3.639349999999999909e+03
3.690000000000000000e+02 3.639349999999999909e+03
3.930000000000000000e+02 3.639349999999999909e+03
2.970000000000000000e+02 3.639450000000000273e+03
7.130000000000000000e+02 3.639500000000000000e+03
2.730000000000000000e+02 3.639550000000000182e+03
3.610000000000000000e+02 3.639599999999999909e+03
8.100000000000000000e+01 3.639800000000000182e+03
3.530000000000000000e+02 3.639750000000000000e+03
1.610000000000000000e+02 3.639900000000000091e+03
2.650000000000000000e+02 3.640000000000000000e+03
6.010000000000000000e+02 3.640150000000000091e+03
6.650000000000000000e+02 3.641800000000000182e+03
4.900000000000000000e+01 3.643150000000000091e+03
4.810000000000000000e+02 3.644200000000000273e+03
2.170000000000000000e+02 3.645500000000000000e+03
5.690000000000000000e+02 3.645900000000000091e+03
2.970000000000000000e+02 3.646450000000000273e+03
5.450000000000000000e+02 3.646550000000000182e+03
6.730000000000000000e+02 3.647450000000000273e+03
8.100000000000000000e+01 3.647550000000000182e+03
9.700000000000000000e+01 3.647599999999999909e+03
6.890000000000000000e+02 3.647849999999999909e+03
7.290000000000000000e+02 3.648150000000000091e+03
6.650000000000000000e+02 3.654250000000000000e+03
6.090000000000000000e+02 3.657349999999999909e+03
7.130000000000000000e+02 3.667500000000000000e+03
7.610000000000000000e+02 3.668300000000000182e+03
7.770000000000000000e+02 3.673650000000000091e+03
1.050000000000000000e+02 3.677650000000000091e+03
7.370000000000000000e+02 3.687200000000000273e+03
4.490000000000000000e+02 3.687300000000000182e+03
9.700000000000000000e+01 3.688050000000000182e+03
2.890000000000000000e+02 3.689200000000000273e+03
7.690000000000000000e+02 3.690400000000000091e+03
3.450000000000000000e+02 3.700750000000000000e+03
1.530000000000000000e+02 3.700849999999999909e+03
1.450000000000000000e+02 3.711750000000000000e+03
5.850000000000000000e+02 3.713000000000000000e+03
6.890000000000000000e+02 3.720099999999999909e+03
3.290000000000000000e+02 3.722950000000000273e+03
1.130000000000000000e+02 3.725700000000000273e+03
1.290000000000000000e+02 3.726650000000000091e+03
5.610000000000000000e+02 3.745599999999999909e+03
1.000000000000000000e+00 3.783150000000000091e+03
6.500000000000000000e+01 3.792800000000000182e+03
5.210000000000000000e+02 3.794150000000000091e+03
5.450000000000000000e+02 3.814800000000000182e+03
6.970000000000000000e+02 3.869349999999999909e+03
7.450000000000000000e+02 3.923050000000000182e+03
4.490000000000000000e+02 3.957349999999999909e+03
5.530000000000000000e+02 3.965650000000000091e+03
2.500000000000000000e+01 3.992800000000000182e+03
4.900000000000000000e+01 4.002500000000000000e+03
4.330000000000000000e+02 4.018650000000000091e+03
6.650000000000000000e+02 4.019150000000000091e+03
5.690000000000000000e+02 4.021500000000000000e+03
7.770000000000000000e+02 4.021500000000000000e+03
3.930000000000000000e+02 4.022150000000000091e+03
9.000000000000000000e+00 4.022300000000000182e+03
6.170000000000000000e+02 4.022250000000000000e+03
3.850000000000000000e+02 4.022450000000000273e+03
7.850000000000000000e+02 4.022750000000000000e+03
6.970000000000000000e+02 4.022900000000000091e+03
1.370000000000000000e+02 4.022950000000000273e+03
5.850000000000000000e+02 4.023200000000000273e+03
5.700000000000000000e+01 4.023349999999999909e+03
7.300000000000000000e+01 4.023700000000000273e+03
4.810000000000000000e+02 4.023650000000000091e+03
1.050000000000000000e+02 4.023900000000000091e+03
7.130000000000000000e+02 4.023900000000000091e+03
7.530000000000000000e+02 4.023900000000000091e+03
2.330000000000000000e+02 4.023950000000000273e+03
3.290000000000000000e+02 4.024000000000000000e+03
4.900000000000000000e+01 4.024200000000000273e+03
5.770000000000000000e+02 4.024300000000000182e+03
2.650000000000000000e+02 4.024400000000000091e+03
2.570000000000000000e+02 4.024450000000000273e+03
3.450000000000000000e+02 4.024450000000000273e+03
5.610000000000000000e+02 4.024450000000000273e+03
3.300000000000000000e+01 4.024550000000000182e+03
9.700000000000000000e+01 4.024599999999999909e+03
1.850000000000000000e+02 4.024599999999999909e+03
2.810000000000000000e+02 4.024550000000000182e+03
4.410000000000000000e+02 4.024550000000000182e+03
4.490000000000000000e+02 4.024599999999999909e+03
5.210000000000000000e+02 4.024550000000000182e+03
2.250000000000000000e+02 4.024700000000000273e+03
3.770000000000000000e+02 4.024700000000000273e+03
6.500000000000000000e+01 4.024800000000000182e+03
3.530000000000000000e+02 4.024800000000000182e+03
3.690000000000000000e+02 4.024750000000000000e+03
5.450000000000000000e+02 4.024750000000000000e+03
6.810000000000000000e+02 4.024800000000000182e+03
1.000000000000000000e+00 4.024849999999999909e+03
1.770000000000000000e+02 4.024849999999999909e+03
2.010000000000000000e+02 4.024900000000000091e+03
2.890000000000000000e+02 4.024849999999999909e+03
4.730000000000000000e+02 4.024849999999999909e+03
4.890000000000000000e+02 4.024900000000000091e+03
5.930000000000000000e+02 4.024849999999999909e+03
6.490000000000000000e+02 4.024849999999999909e+03
6.730000000000000000e+02 4.024849999999999909e+03
6.890000000000000000e+02 4.024900000000000091e+03
7.210000000000000000e+02 4.024900000000000091e+03
7.610000000000000000e+02 4.024900000000000091e+03
1.690000000000000000e+02 4.024950000000000273e+03
3.370000000000000000e+02 4.024950000000000273e+03
5.530000000000000000e+02 4.025000000000000000e+03
7.050000000000000000e+02 4.024950000000000273e+03
7.690000000000000000e+02 4.025000000000000000e+03
2.170000000000000000e+02 4.025099999999999909e+03
2.730000000000000000e+02 4.025050000000000182e+03
4.570000000000000000e+02 4.025050000000000182e+03
6.570000000000000000e+02 4.025099999999999909e+03
1.530000000000000000e+02 4.025150000000000091e+03
5.050000000000000000e+02 4.025150000000000091e+03
1.290000000000000000e+02 4.025250000000000000e+03
4.650000000000000000e+02 4.025250000000000000e+03
7.290000000000000000e+02 4.025300000000000182e+03
7.930000000000000000e+02 4.025250000000000000e+03
1.930000000000000000e+02 4.025349999999999909e+03
2.410000000000000000e+02 4.025400000000000091e+03
2.970000000000000000e+02 4.025349999999999909e+03
4.250000000000000000e+02 4.025349999999999909e+03
6.010000000000000000e+02 4.025349999999999909e+03
6.330000000000000000e+02 4.025349999999999909e+03
7.370000000000000000e+02 4.025400000000000091e+03
7.450000000000000000e+02 4.025349999999999909e+03
3.210000000000000000e+02 4.025500000000000000e+03
5.370000000000000000e+02 4.025500000000000000e+03
5.690000000000000000e+02 4.025450000000000273e+03
6.170000000000000000e+02 4.025500000000000000e+03
2.500000000000000000e+01 4.025550000000000182e+03
1.130000000000000000e+02 4.025599999999999909e+03
1.210000000000000000e+02 4.025550000000000182e+03
9.000000000000000000e+00 4.025650000000000091e+03
1.610000000000000000e+02 4.025650000000000091e+03
4.970000000000000000e+02 4.025700000000000273e+03
6.090000000000000000e+02 4.025700000000000273e+03
6.650000000000000000e+02 4.025700000000000273e+03
7.770000000000000000e+02 4.025700000000000273e+03
6.410000000000000000e+02 4.025750000000000000e+03
1.700000000000000000e+01 4.025900000000000091e+03
3.610000000000000000e+02 4.025900000000000091e+03
4.330000000000000000e+02 4.025849999999999909e+03
5.130000000000000000e+02 4.025900000000000091e+03
6.970000000000000000e+02 4.025849999999999909e+03
4.100000000000000000e+01 4.025950000000000273e+03
3.130000000000000000e+02 4.025950000000000273e+03
3.930000000000000000e+02 4.026000000000000000e+03
4.090000000000000000e+02 4.026000000000000000e+03
6.250000000000000000e+02 4.025950000000000273e+03
5.700000000000000000e+01 4.026099999999999909e+03
2.090000000000000000e+02 4.026050000000000182e+03
3.050000000000000000e+02 4.026099999999999909e+03
4.010000000000000000e+02 4.026099999999999909e+03
7.850000000000000000e+02 4.026050000000000182e+03
8.900000000000000000e+01 4.026200000000000273e+03
1.450000000000000000e+02 4.026150000000000091e+03
8.100000000000000000e+01 4.026400000000000091e+03
3.850000000000000000e+02 4.026400000000000091e+03
2.490000000000000000e+02 4.026750000000000000e+03
7.300000000000000000e+01 4.026900000000000091e+03
4.810000000000000000e+02 4.026849999999999909e+03
7.530000000000000000e+02 4.027200000000000273e+03
4.170000000000000000e+02 4.028050000000000182e+03
2.570000000000000000e+02 4.028250000000000000e+03
1.370000000000000000e+02 4.028450000000000273e+03
3.300000000000000000e+01 4.028750000000000000e+03
7.690000000000000000e+02 4.028800000000000182e+03
2.650000000000000000e+02 4.029050000000000182e+03
1.690000000000000000e+02 4.029200000000000273e+03
4.890000000000000000e+02 4.029700000000000273e+03
2.730000000000000000e+02 4.029849999999999909e+03
7.050000000000000000e+02 4.029900000000000091e+03
2.970000000000000000e+02 4.029950000000000273e+03
4.900000000000000000e+01 4.030050000000000182e+03
2.330000000000000000e+02 4.030150000000000091e+03
5.050000000000000000e+02 4.030250000000000000e+03
5.770000000000000000e+02 4.030250000000000000e+03
7.210000000000000000e+02 4.030300000000000182e+03
2.010000000000000000e+02 4.030550000000000182e+03
6.570000000000000000e+02 4.030700000000000273e+03
4.100000000000000000e+01 4.030800000000000182e+03
6.500000000000000000e+01 4.030800000000000182e+03
1.130000000000000000e+02 4.030900000000000091e+03
2.890000000000000000e+02 4.031050000000000182e+03
3.690000000000000000e+02 4.031099999999999909e+03
7.610000000000000000e+02 4.031050000000000182e+03
4.570000000000000000e+02 4.031200000000000273e+03
5.850000000000000000e+02 4.031200000000000273e+03
1.000000000000000000e+00 4.031300000000000182e+03
1.610000000000000000e+02 4.031750000000000000e+03
3.300000000000000000e+01 4.039050000000000182e+03
5.690000000000000000e+02 4.043099999999999909e+03
6.490000000000000000e+02 4.055250000000000000e+03
1.450000000000000000e+02 4.058950000000000273e+03
9.700000000000000000e+01 4.059500000000000000e+03
3.770000000000000000e+02 4.062550000000000182e+03
5.850000000000000000e+02 4.066200000000000273e+03
4.170000000000000000e+02 4.069950000000000273e+03
6.410000000000000000e+02 4.079099999999999909e+03
1.450000000000000000e+02 4.081599999999999909e+03
6.570000000000000000e+02 4.082099999999999909e+03
5.690000000000000000e+02 4.083250000000000000e+03
6.250000000000000000e+02 4.087800000000000182e+03
3.610000000000000000e+02 4.093000000000000000e+03
2.970000000000000000e+02 4.099100000000000364e+03
1.770000000000000000e+02 4.099649999999999636e+03
4.330000000000000000e+02 4.102850000000000364e+03
4.250000000000000000e+02 4.120800000000000182e+03
4.810000000000000000e+02 4.122649999999999636e+03
3.050000000000000000e+02 4.148550000000000182e+03
5.930000000000000000e+02 4.185500000000000000e+03
7.610000000000000000e+02 4.243350000000000364e+03
2.490000000000000000e+02 4.256500000000000000e+03
8.900000000000000000e+01 4.263050000000000182e+03
1.290000000000000000e+02 4.277149999999999636e+03
5.370000000000000000e+02 4.293949999999999818e+03
2.090000000000000000e+02 4.308250000000000000e+03
7.610000000000000000e+02 4.310399999999999636e+03
3.610000000000000000e+02 4.319149999999999636e+03
7.210000000000000000e+02 4.320300000000000182e+03
7.690000000000000000e+02 4.325800000000000182e+03
2.500000000000000000e+01 4.331899999999999636e+03
6.330000000000000000e+02 4.332550000000000182e+03
1.530000000000000000e+02 4.334199999999999818e+03
5.770000000000000000e+02 4.346550000000000182e+03
3.930000000000000000e+02 4.348699999999999818e+03
2.890000000000000000e+02 4.357550000000000182e+03
2.330000000000000000e+02 4.370350000000000364e+03
9.700000000000000000e+01 4.375300000000000182e+03
6.730000000000000000e+02 4.375449999999999818e+03
1.370000000000000000e+02 4.376650000000000546e+03
3.850000000000000000e+02 4.379449999999999818e+03
2.410000000000000000e+02 4.380699999999999818e+03
2.650000000000000000e+02 4.380750000000000000e+03
5.850000000000000000e+02 4.381250000000000000e+03
1.290000000000000000e+02 4.382699999999999818e+03
6.650000000000000000e+02 4.382650000000000546e+03
4.890000000000000000e+02 4.383150000000000546e+03
7.690000000000000000e+02 4.383300000000000182e+03
6.500000000000000000e+01 4.383600000000000364e+03
3.370000000000000000e+02 4.384199999999999818e+03
3.450000000000000000e+02 4.384300000000000182e+03
4.090000000000000000e+02 4.384800000000000182e+03
8.900000000000000000e+01 4.384949999999999818e+03
3.210000000000000000e+02 4.385150000000000546e+03
5.130000000000000000e+02 4.385449999999999818e+03
4.410000000000000000e+02 4.385699999999999818e+03
5.210000000000000000e+02 4.385650000000000546e+03
7.130000000000000000e+02 4.385699999999999818e+03
9.000000000000000000e+00 4.386100000000000364e+03
6.490000000000000000e+02 4.386250000000000000e+03
7.290000000000000000e+02 4.386250000000000000e+03
1.930000000000000000e+02 4.386350000000000364e+03
2.090000000000000000e+02 4.386400000000000546e+03
3.770000000000000000e+02 4.386350000000000364e+03
4.970000000000000000e+02 4.386449999999999818e+03
3.300000000000000000e+01 4.386600000000000364e+03
1.130000000000000000e+02 4.386550000000000182e+03
2.570000000000000000e+02 4.386550000000000182e+03
4.900000000000000000e+01 4.386699999999999818e+03
2.330000000000000000e+02 4.386699999999999818e+03
3.290000000000000000e+02 4.386650000000000546e+03
1.850000000000000000e+02 4.386750000000000000e+03
3.690000000000000000e+02 4.386800000000000182e+03
5.700000000000000000e+01 4.387000000000000000e+03
1.690000000000000000e+02 4.386949999999999818e+03
1.770000000000000000e+02 4.387000000000000000e+03
2.970000000000000000e+02 4.386949999999999818e+03
5.290000000000000000e+02 4.386949999999999818e+03
7.300000000000000000e+01 4.387100000000000364e+03
2.010000000000000000e+02 4.387100000000000364e+03
3.130000000000000000e+02 4.387050000000000182e+03
3.610000000000000000e+02 4.387050000000000182e+03
4.250000000000000000e+02 4.387050000000000182e+03
4.730000000000000000e+02 4.387050000000000182e+03
9.700000000000000000e+01 4.387150000000000546e+03
1.610000000000000000e+02 4.387199999999999818e+03
5.450000000000000000e+02 4.387199999999999818e+03
6.090000000000000000e+02 4.387150000000000546e+03
6.810000000000000000e+02 4.387150000000000546e+03
6.970000000000000000e+02 4.387199999999999818e+03
1.370000000000000000e+02 4.387250000000000000e+03
4.490000000000000000e+02 4.387300000000000182e+03
6.010000000000000000e+02 4.387250000000000000e+03
6.410000000000000000e+02 4.387250000000000000e+03
1.700000000000000000e+01 4.387400000000000546e+03
1.450000000000000000e+02 4.387350000000000364e+03
2.490000000000000000e+02 4.387350000000000364e+03
4.650000000000000000e+02 4.387400000000000546e+03
4.890000000000000000e+02 4.387350000000000364e+03
6.250000000000000000e+02 4.387350000000000364e+03
6.570000000000000000e+02 4.387350000000000364e+03
7.770000000000000000e+02 4.387400000000000546e+03
7.850000000000000000e+02 4.387400000000000546e+03
7.930000000000000000e+02 4.387350000000000364e+03
4.100000000000000000e+01 4.387500000000000000e+03
5.530000000000000000e+02 4.387500000000000000e+03
7.450000000000000000e+02 4.387500000000000000e+03
1.000000000000000000e+00 4.387550000000000182e+03
8.100000000000000000e+01 4.387550000000000182e+03
3.050000000000000000e+02 4.387550000000000182e+03
3.530000000000000000e+02 4.387600000000000364e+03
4.570000000000000000e+02 4.387550000000000182e+03
6.890000000000000000e+02 4.387600000000000364e+03
7.210000000000000000e+02 4.387600000000000364e+03
7.530000000000000000e+02 4.387550000000000182e+03
2.250000000000000000e+02 4.387650000000000546e+03
3.930000000000000000e+02 4.387699999999999818e+03
4.010000000000000000e+02 4.387699999999999818e+03
4.330000000000000000e+02 4.387699999999999818e+03
5.690000000000000000e+02 4.387699999999999818e+03
2.500000000000000000e+01 4.387750000000000000e+03
1.050000000000000000e+02 4.387800000000000182e+03
2.730000000000000000e+02 4.387800000000000182e+03
4.810000000000000000e+02 4.387750000000000000e+03
5.370000000000000000e+02 4.387750000000000000e+03
6.500000000000000000e+01 4.387850000000000364e+03
2.170000000000000000e+02 4.387900000000000546e+03
2.410000000000000000e+02 4.387850000000000364e+03
3.370000000000000000e+02 4.387900000000000546e+03
5.770000000000000000e+02 4.387900000000000546e+03
6.730000000000000000e+02 4.387900000000000546e+03
2.810000000000000000e+02 4.387949999999999818e+03
3.850000000000000000e+02 4.387949999999999818e+03
5.930000000000000000e+02 4.387949999999999818e+03
6.650000000000000000e+02 4.387949999999999818e+03
7.050000000000000000e+02 4.387949999999999818e+03
7.370000000000000000e+02 4.388000000000000000e+03
7.610000000000000000e+02 4.387949999999999818e+03
7.690000000000000000e+02 4.388000000000000000e+03
1.530000000000000000e+02 4.388050000000000182e+03
2.650000000000000000e+02 4.388100000000000364e+03
2.890000000000000000e+02 4.388100000000000364e+03
3.450000000000000000e+02 4.388100000000000364e+03
5.610000000000000000e+02 4.388100000000000364e+03
6.170000000000000000e+02 4.388050000000000182e+03
1.210000000000000000e+02 4.388199999999999818e+03
5.850000000000000000e+02 4.388199999999999818e+03
5.050000000000000000e+02 4.388550000000000182e+03
4.410000000000000000e+02 4.389699999999999818e+03
1.290000000000000000e+02 4.395100000000000364e+03
5.690000000000000000e+02 4.395600000000000364e+03
7.850000000000000000e+02 4.396949999999999818e+03
6.570000000000000000e+02 4.397400000000000546e+03
7.370000000000000000e+02 4.397750000000000000e+03
4.410000000000000000e+02 4.398100000000000364e+03
6.250000000000000000e+02 4.398050000000000182e+03
6.500000000000000000e+01 4.398400000000000546e+03
1.210000000000000000e+02 4.398350000000000364e+03
5.050000000000000000e+02 4.398500000000000000e+03
5.530000000000000000e+02 4.398699999999999818e+03
7.130000000000000000e+02 4.398850000000000364e+03
2.090000000000000000e+02 4.398949999999999818e+03
4.170000000000000000e+02 4.399100000000000364e+03
4.970000000000000000e+02 4.399199999999999818e+03
7.610000000000000000e+02 4.399150000000000546e+03
2.810000000000000000e+02 4.399350000000000364e+03
1.050000000000000000e+02 4.399650000000000546e+03
4.730000000000000000e+02 4.408000000000000000e+03
3.530000000000000000e+02 4.413750000000000000e+03
5.210000000000000000e+02 4.418199999999999818e+03
2.090000000000000000e+02 4.418750000000000000e+03
2.650000000000000000e+02 4.422900000000000546e+03
1.000000000000000000e+00 4.423250000000000000e+03
5.930000000000000000e+02 4.425300000000000182e+03
6.730000000000000000e+02 4.426400000000000546e+03
3.210000000000000000e+02 4.428650000000000546e+03
4.810000000000000000e+02 4.430000000000000000e+03
3.770000000000000000e+02 4.432850000000000364e+03
7.300000000000000000e+01 4.442850000000000364e+03
4.890000000000000000e+02 4.447300000000000182e+03
6.410000000000000000e+02 4.447400000000000546e+03
1.450000000000000000e+02 4.451550000000000182e+03
3.370000000000000000e+02 4.454449999999999818e+03
2.570000000000000000e+02 4.458600000000000364e+03
7.370000000000000000e+02 4.464800000000000182e+03
1.690000000000000000e+02 4.475050000000000182e+03
4.730000000000000000e+02 4.477300000000000182e+03
5.770000000000000000e+02 4.478199999999999818e+03
4.490000000000000000e+02 4.479949999999999818e+03
2.010000000000000000e+02 4.482000000000000000e+03
3.610000000000000000e+02 4.485900000000000546e+03
2.090000000000000000e+02 4.486100000000000364e+03
3.290000000000000000e+02 4.498750000000000000e+03
3.300000000000000000e+01 4.508600000000000364e+03
2.250000000000000000e+02 4.518850000000000364e+03
7.050000000000000000e+02 4.532500000000000000e+03
7.290000000000000000e+02 4.566000000000000000e+03
2.570000000000000000e+02 4.579300000000000182e+03
1.370000000000000000e+02 4.587100000000000364e+03
3.610000000000000000e+02 4.594449999999999818e+03
7.610000000000000000e+02 4.605850000000000364e+03
3.770000000000000000e+02 4.616100000000000364e+03
2.810000000000000000e+02 4.616699999999999818e+03
3.210000000000000000e+02 4.627699999999999818e+03
6.170000000000000000e+02 4.640900000000000546e+03
3.450000000000000000e+02 4.643400000000000546e+03
2.890000000000000000e+02 4.647150000000000546e+03
3.610000000000000000e+02 4.648199999999999818e+03
4.010000000000000000e+02 4.648199999999999818e+03
6.010000000000000000e+02 4.650150000000000546e+03
5.450000000000000000e+02 4.660500000000000000e+03
5.930000000000000000e+02 4.661449999999999818e+03
6.490000000000000000e+02 4.664800000000000182e+03
4.250000000000000000e+02 4.670300000000000182e+03
5.370000000000000000e+02 4.670449999999999818e+03
6.090000000000000000e+02 4.670650000000000546e+03
8.100000000000000000e+01 4.670750000000000000e+03
6.730000000000000000e+02 4.671650000000000546e+03
7.050000000000000000e+02 4.672199999999999818e+03
2.730000000000000000e+02 4.672400000000000546e+03
1.530000000000000000e+02 4.672750000000000000e+03
3.210000000000000000e+02 4.672750000000000000e+03
5.210000000000000000e+02 4.673100000000000364e+03
2.500000000000000000e+01 4.673350000000000364e+03
7.850000000000000000e+02 4.673400000000000546e+03
3.050000000000000000e+02 4.673449999999999818e+03
5.690000000000000000e+02 4.673449999999999818e+03
1.450000000000000000e+02 4.673949999999999818e+03
2.250000000000000000e+02 4.674100000000000364e+03
2.490000000000000000e+02 4.674100000000000364e+03
2.890000000000000000e+02 4.674150000000000546e+03
8.900000000000000000e+01 4.674449999999999818e+03
4.410000000000000000e+02 4.674449999999999818e+03
5.770000000000000000e+02 4.674449999999999818e+03
2.570000000000000000e+02 4.674600000000000364e+03
3.370000000000000000e+02 4.674550000000000182e+03
3.610000000000000000e+02 4.674600000000000364e+03
1.210000000000000000e+02 4.674750000000000000e+03
2.330000000000000000e+02 4.674750000000000000e+03
3.290000000000000000e+02 4.674750000000000000e+03
2.970000000000000000e+02 4.674850000000000364e+03
5.450000000000000000e+02 4.674850000000000364e+03
1.690000000000000000e+02 4.674949999999999818e+03
3.530000000000000000e+02 4.674949999999999818e+03
6.090000000000000000e+02 4.675000000000000000e+03
7.210000000000000000e+02 4.675000000000000000e+03
6.500000000000000000e+01 4.675050000000000182e+03
6.890000000000000000e+02 4.675050000000000182e+03
4.100000000000000000e+01 4.675199999999999818e+03
2.410000000000000000e+02 4.675199999999999818e+03
9.000000000000000000e+00 4.675400000000000546e+03
7.450000000000000000e+02 4.675400000000000546e+03
7.300000000000000000e+01 4.675500000000000000e+03
3.850000000000000000e+02 4.675449999999999818e+03
4.810000000000000000e+02 4.675449999999999818e+03
3.130000000000000000e+02 4.675550000000000182e+03
4.650000000000000000e+02 4.675600000000000364e+03
5.530000000000000000e+02 4.675550000000000182e+03
8.100000000000000000e+01 4.675650000000000546e+03
2.650000000000000000e+02 4.675650000000000546e+03
7.290000000000000000e+02 4.675699999999999818e+03
7.370000000000000000e+02 4.675650000000000546e+03
4.570000000000000000e+02 4.675850000000000364e+03
4.730000000000000000e+02 4.675900000000000546e+03
6.970000000000000000e+02 4.675900000000000546e+03
7.130000000000000000e+02 4.675900000000000546e+03
3.300000000000000000e+01 4.675949999999999818e+03
4.490000000000000000e+02 4.675949999999999818e+03
5.050000000000000000e+02 4.676000000000000000e+03
1.290000000000000000e+02 4.676100000000000364e+03
5.930000000000000000e+02 4.676100000000000364e+03
7.610000000000000000e+02 4.676050000000000182e+03
3.450000000000000000e+02 4.676150000000000546e+03
4.330000000000000000e+02 4.676150000000000546e+03
6.570000000000000000e+02 4.676250000000000000e+03
2.810000000000000000e+02 4.676400000000000546e+03
3.210000000000000000e+02 4.676350000000000364e+03
3.770000000000000000e+02 4.676350000000000364e+03
4.890000000000000000e+02 4.676350000000000364e+03
7.530000000000000000e+02 4.676400000000000546e+03
1.000000000000000000e+00 4.676449999999999818e+03
1.050000000000000000e+02 4.676500000000000000e+03
4.090000000000000000e+02 4.676449999999999818e+03
5.290000000000000000e+02 4.676449999999999818e+03
6.410000000000000000e+02 4.676449999999999818e+03
1.700000000000000000e+01 4.676600000000000364e+03
9.700000000000000000e+01 4.676550000000000182e+03
1.370000000000000000e+02 4.676600000000000364e+03
1.850000000000000000e+02 4.676600000000000364e+03
4.250000000000000000e+02 4.676550000000000182e+03
7.690000000000000000e+02 4.676600000000000364e+03
5.610000000000000000e+02 4.676650000000000546e+03
7.050000000000000000e+02 4.676699999999999818e+03
1.610000000000000000e+02 4.676750000000000000e+03
6.170000000000000000e+02 4.676750000000000000e+03
4.900000000000000000e+01 4.676900000000000546e+03
1.930000000000000000e+02 4.676900000000000546e+03
2.730000000000000000e+02 4.676900000000000546e+03
4.010000000000000000e+02 4.676900000000000546e+03
7.770000000000000000e+02 4.676900000000000546e+03
1.770000000000000000e+02 4.677100000000000364e+03
2.010000000000000000e+02 4.677050000000000182e+03
2.170000000000000000e+02 4.677050000000000182e+03
6.650000000000000000e+02 4.677050000000000182e+03
6.730000000000000000e+02 4.677050000000000182e+03
7.850000000000000000e+02 4.677100000000000364e+03
1.130000000000000000e+02 4.677150000000000546e+03
6.330000000000000000e+02 4.677199999999999818e+03
1.530000000000000000e+02 4.677300000000000182e+03
5.370000000000000000e+02 4.677550000000000182e+03
1.690000000000000000e+02 4.683000000000000000e+03
5.850000000000000000e+02 4.687600000000000364e+03
4.010000000000000000e+02 4.688300000000000182e+03
2.570000000000000000e+02 4.688650000000000546e+03
2.330000000000000000e+02 4.689800000000000182e+03
3.850000000000000000e+02 4.690100000000000364e+03
3.930000000000000000e+02 4.690350000000000364e+03
9.000000000000000000e+00 4.691050000000000182e+03
2.090000000000000000e+02 4.691400000000000546e+03
1.770000000000000000e+02 4.692300000000000182e+03
5.700000000000000000e+01 4.693699999999999818e+03
2.890000000000000000e+02 4.700300000000000182e+03
2.650000000000000000e+02 4.702750000000000000e+03
2.500000000000000000e+01 4.706900000000000546e+03
7.050000000000000000e+02 4.707699999999999818e+03
7.290000000000000000e+02 4.709199999999999818e+03
5.770000000000000000e+02 4.710850000000000364e+03
5.290000000000000000e+02 4.711000000000000000e+03
3.690000000000000000e+02 4.713750000000000000e+03
1.450000000000000000e+02 4.723699999999999818e+03
3.610000000000000000e+02 4.723800000000000182e+03
4.170000000000000000e+02 4.724949999999999818e+03
7.930000000000000000e+02 4.725600000000000364e+03
6.500000000000000000e+01 4.728650000000000546e+03
7.690000000000000000e+02 4.731199999999999818e+03
5.850000000000000000e+02 4.732350000000000364e+03
4.650000000000000000e+02 4.739199999999999818e+03
7.210000000000000000e+02 4.739850000000000364e+03
8.900000000000000000e+01 4.741850000000000364e+03
1.130000000000000000e+02 4.748650000000000546e+03
4.330000000000000000e+02 4.754000000000000000e+03
7.850000000000000000e+02 4.782500000000000000e+03
4.090000000000000000e+02 4.803449999999999818e+03
4.650000000000000000e+02 4.831949999999999818e+03
4.490000000000000000e+02 4.862699999999999818e+03
1.770000000000000000e+02 4.867250000000000000e+03
3.930000000000000000e+02 4.871850000000000364e+03
5.930000000000000000e+02 4.885900000000000546e+03
6.090000000000000000e+02 4.889449999999999818e+03
5.290000000000000000e+02 4.891050000000000182e+03
2.330000000000000000e+02 4.901400000000000546e+03
6.490000000000000000e+02 4.921699999999999818e+03
6.500000000000000000e+01 4.931449999999999818e+03
1.000000000000000000e+00 4.933100000000000364e+03
6.890000000000000000e+02 4.938600000000000364e+03
7.850000000000000000e+02 4.939050000000000182e+03
9.700000000000000000e+01 4.939500000000000000e+03
5.610000000000000000e+02 4.940600000000000364e+03
3.610000000000000000e+02 4.943699999999999818e+03
3.050000000000000000e+02 4.946050000000000182e+03
7.300000000000000000e+01 4.946949999999999818e+03
6.570000000000000000e+02 4.948000000000000000e+03
2.010000000000000000e+02 4.948750000000000000e+03
5.130000000000000000e+02 4.949050000000000182e+03
4.100000000000000000e+01 4.949699999999999818e+03
1.690000000000000000e+02 4.949750000000000000e+03
2.490000000000000000e+02 4.949949999999999818e+03
3.300000000000000000e+01 4.951550000000000182e+03
3.290000000000000000e+02 4.951949999999999818e+03
5.930000000000000000e+02 4.952449999999999818e+03
7.290000000000000000e+02 4.952500000000000000e+03
5.690000000000000000e+02 4.953100000000000364e+03
2.570000000000000000e+02 4.953699999999999818e+03
6.570000000000000000e+02 4.953800000000000182e+03
2.970000000000000000e+02 4.953949999999999818e+03
5.770000000000000000e+02 4.954050000000000182e+03
3.130000000000000000e+02 4.954199999999999818e+03
2.090000000000000000e+02 4.954449999999999818e+03
4.410000000000000000e+02 4.955000000000000000e+03
1.130000000000000000e+02 4.955050000000000182e+03
1.930000000000000000e+02 4.955100000000000364e+03
1.290000000000000000e+02 4.955350000000000364e+03
2.890000000000000000e+02 4.955550000000000182e+03
5.050000000000000000e+02 4.955550000000000182e+03
7.370000000000000000e+02 4.955900000000000546e+03
2.650000000000000000e+02 4.956000000000000000e+03
4.730000000000000000e+02 4.956000000000000000e+03
1.610000000000000000e+02 4.956050000000000182e+03
2.010000000000000000e+02 4.956050000000000182e+03
7.930000000000000000e+02 4.956100000000000364e+03
3.690000000000000000e+02 4.956150000000000546e+03
4.970000000000000000e+02 4.956150000000000546e+03
5.450000000000000000e+02 4.956150000000000546e+03
7.530000000000000000e+02 4.956150000000000546e+03
7.610000000000000000e+02 4.956150000000000546e+03
5.370000000000000000e+02 4.956250000000000000e+03
5.700000000000000000e+01 4.956350000000000364e+03
2.730000000000000000e+02 4.956400000000000546e+03
3.450000000000000000e+02 4.956350000000000364e+03
4.490000000000000000e+02 4.956400000000000546e+03
5.850000000000000000e+02 4.956400000000000546e+03
2.810000000000000000e+02 4.956500000000000000e+03
4.250000000000000000e+02 4.956500000000000000e+03
6.090000000000000000e+02 4.956449999999999818e+03
1.530000000000000000e+02 4.956650000000000546e+03
3.050000000000000000e+02 4.956650000000000546e+03
7.300000000000000000e+01 4.956750000000000000e+03
8.100000000000000000e+01 4.956750000000000000e+03
4.570000000000000000e+02 4.956750000000000000e+03
6.490000000000000000e+02 4.956750000000000000e+03
1.050000000000000000e+02 4.956850000000000364e+03
1.690000000000000000e+02 4.956900000000000546e+03
2.410000000000000000e+02 4.956900000000000546e+03
4.650000000000000000e+02 4.956850000000000364e+03
7.450000000000000000e+02 4.957000000000000000e+03
9.000000000000000000e+00 4.957100000000000364e+03
1.700000000000000000e+01 4.957050000000000182e+03
3.300000000000000000e+01 4.957100000000000364e+03
1.210000000000000000e+02 4.957100000000000364e+03
3.290000000000000000e+02 4.957050000000000182e+03
4.090000000000000000e+02 4.957050000000000182e+03
5.930000000000000000e+02 4.957100000000000364e+03
6.010000000000000000e+02 4.957100000000000364e+03
7.210000000000000000e+02 4.957100000000000364e+03
8.900000000000000000e+01 4.957199999999999818e+03
2.490000000000000000e+02 4.957150000000000546e+03
3.930000000000000000e+02 4.957150000000000546e+03
7.050000000000000000e+02 4.957199999999999818e+03
2.170000000000000000e+02 4.957300000000000182e+03
3.770000000000000000e+02 4.957250000000000000e+03
4.810000000000000000e+02 4.957250000000000000e+03
5.530000000000000000e+02 4.957300000000000182e+03
5.610000000000000000e+02 4.957300000000000182e+03
6.810000000000000000e+02 4.957250000000000000e+03
7.850000000000000000e+02 4.957300000000000182e+03
9.700000000000000000e+01 4.957350000000000364e+03
1.370000000000000000e+02 4.957350000000000364e+03
2.330000000000000000e+02 4.957400000000000546e+03
3.850000000000000000e+02 4.957400000000000546e+03
7.770000000000000000e+02 4.957350000000000364e+03
1.000000000000000000e+00 4.957500000000000000e+03
4.900000000000000000e+01 4.957500000000000000e+03
1.450000000000000000e+02 4.957449999999999818e+03
5.690000000000000000e+02 4.957500000000000000e+03
1.850000000000000000e+02 4.957550000000000182e+03
2.250000000000000000e+02 4.957550000000000182e+03
3.210000000000000000e+02 4.957550000000000182e+03
3.610000000000000000e+02 4.957600000000000364e+03
2.970000000000000000e+02 4.957650000000000546e+03
4.890000000000000000e+02 4.957650000000000546e+03
6.410000000000000000e+02 4.957699999999999818e+03
6.730000000000000000e+02 4.957650000000000546e+03
6.890000000000000000e+02 4.957699999999999818e+03
6.970000000000000000e+02 4.957650000000000546e+03
2.500000000000000000e+01 4.957800000000000182e+03
4.170000000000000000e+02 4.957800000000000182e+03
4.330000000000000000e+02 4.957750000000000000e+03
6.330000000000000000e+02 4.957800000000000182e+03
3.370000000000000000e+02 4.957900000000000546e+03
3.530000000000000000e+02 4.957900000000000546e+03
4.010000000000000000e+02 4.957850000000000364e+03
6.650000000000000000e+02 4.958000000000000000e+03
5.770000000000000000e+02 4.958199999999999818e+03
7.130000000000000000e+02 4.958150000000000546e+03
7.290000000000000000e+02 4.958300000000000182e+03
1.770000000000000000e+02 4.958449999999999818e+03
7.210000000000000000e+02 4.967400000000000546e+03
2.890000000000000000e+02 4.967650000000000546e+03
4.330000000000000000e+02 4.968550000000000182e+03
6.970000000000000000e+02 4.969850000000000364e+03
4.730000000000000000e+02 4.970250000000000000e+03
7.770000000000000000e+02 4.970400000000000546e+03
2.330000000000000000e+02 4.976600000000000364e+03
4.650000000000000000e+02 4.978300000000000182e+03
5.210000000000000000e+02 4.978550000000000182e+03
3.290000000000000000e+02 4.978949999999999818e+03
6.330000000000000000e+02 4.980199999999999818e+03
7.290000000000000000e+02 4.984050000000000182e+03
1.000000000000000000e+00 4.987250000000000000e+03
5.290000000000000000e+02 4.991600000000000364e+03
4.890000000000000000e+02 4.995100000000000364e+03
6.170000000000000000e+02 4.997850000000000364e+03
5.050000000000000000e+02 5.001900000000000546e+03
4.410000000000000000e+02 5.002250000000000000e+03
4.010000000000000000e+02 5.005699999999999818e+03
5.930000000000000000e+02 5.006400000000000546e+03
4.650000000000000000e+02 5.006850000000000364e+03
3.370000000000000000e+02 5.007000000000000000e+03
5.850000000000000000e+02 5.010449999999999818e+03
5.370000000000000000e+02 5.010650000000000546e+03
6.730000000000000000e+02 5.017750000000000000e+03
3.050000000000000000e+02 5.022949999999999818e+03
6.970000000000000000e+02 5.024250000000000000e+03
7.370000000000000000e+02 5.044699999999999818e+03
3.690000000000000000e+02 5.049150000000000546e+03
6.970000000000000000e+02 5.058800000000000182e+03
3.770000000000000000e+02 5.060250000000000000e+03
2.410000000000000000e+02 5.072300000000000182e+03
5.530000000000000000e+02 5.073100000000000364e+03
3.050000000000000000e+02 5.108350000000000364e+03
2.970000000000000000e+02 5.113000000000000000e+03
1.530000000000000000e+02 5.123500000000000000e+03
4.490000000000000000e+02 5.140800000000000182e+03
5.370000000000000000e+02 5.154300000000000182e+03
1.450000000000000000e+02 5.155300000000000182e+03
3.530000000000000000e+02 5.157300000000000182e+03
9.700000000000000000e+01 5.198699999999999818e+03
4.650000000000000000e+02 5.199300000000000182e+03
7.530000000000000000e+02 5.215100000000000364e+03
2.650000000000000000e+02 5.223150000000000546e+03
5.050000000000000000e+02 5.254250000000000000e+03
3.930000000000000000e+02 5.325900000000000546e+03
7.930000000000000000e+02 5.372650000000000546e+03
2.890000000000000000e+02 5.385150000000000546e+03
2.570000000000000000e+02 5.543350000000000364e+03
4.010000000000000000e+02 5.550250000000000000e+03
2.090000000000000000e+02 5.643850000000000364e+03
1.370000000000000000e+02 5.648650000000000546e+03
7.210000000000000000e+02 5.654400000000000546e+03
2.090000000000000000e+02 5.657449999999999818e+03
9.000000000000000000e+00 5.726050000000000182e+03
3.770000000000000000e+02 5.806550000000000182e+03
6.170000000000000000e+02 5.835449999999999818e+03
7.850000000000000000e+02 5.841300000000000182e+03
4.170000000000000000e+02 5.852800000000000182e+03
8.100000000000000000e+01 5.980449999999999818e+03
4.820000000000000000e+02 1.066000000000000085e+02
7.060000000000000000e+02 1.165499999999999972e+02
6.580000000000000000e+02 1.654000000000000057e+02
9.800000000000000000e+01 1.789000000000000057e+02
8.200000000000000000e+01 1.814000000000000057e+02
4.660000000000000000e+02 2.125000000000000000e+02
1.000000000000000000e+01 2.209500000000000171e+02
5.800000000000000000e+01 2.315500000000000114e+02
4.580000000000000000e+02 2.352500000000000000e+02
5.940000000000000000e+02 2.671499999999999773e+02
7.460000000000000000e+02 2.916999999999999886e+02
6.600000000000000000e+01 2.926000000000000227e+02
1.380000000000000000e+02 3.201999999999999886e+02
1.780000000000000000e+02 3.299000000000000341e+02
7.380000000000000000e+02 3.299499999999999886e+02
2.980000000000000000e+02 3.949000000000000341e+02
2.580000000000000000e+02 3.978500000000000227e+02
5.860000000000000000e+02 4.049000000000000341e+02
6.600000000000000000e+01 4.081500000000000341e+02
9.000000000000000000e+01 4.206999999999999886e+02
1.860000000000000000e+02 4.213000000000000114e+02
7.460000000000000000e+02 4.291999999999999886e+02
1.060000000000000000e+02 4.364000000000000341e+02
4.580000000000000000e+02 4.641000000000000227e+02
5.860000000000000000e+02 4.955000000000000000e+02
5.700000000000000000e+02 5.049499999999999886e+02
7.140000000000000000e+02 5.074000000000000341e+02
3.140000000000000000e+02 5.335000000000000000e+02
4.660000000000000000e+02 5.611499999999999773e+02
2.340000000000000000e+02 5.652500000000000000e+02
1.380000000000000000e+02 5.779500000000000455e+02
2.900000000000000000e+02 5.842000000000000455e+02
7.700000000000000000e+02 6.207500000000000000e+02
6.020000000000000000e+02 6.447000000000000455e+02
2.420000000000000000e+02 6.498000000000000682e+02
6.100000000000000000e+02 6.504500000000000455e+02
1.380000000000000000e+02 6.637000000000000455e+02
7.460000000000000000e+02 6.798999999999999773e+02
2.900000000000000000e+02 6.928000000000000682e+02
7.140000000000000000e+02 7.013000000000000682e+02
1.060000000000000000e+02 7.110000000000000000e+02
9.000000000000000000e+01 7.433999999999999773e+02
6.900000000000000000e+02 7.973500000000000227e+02
7.540000000000000000e+02 8.004500000000000455e+02
4.020000000000000000e+02 8.427500000000000000e+02
7.780000000000000000e+02 8.477000000000000455e+02
7.860000000000000000e+02 8.637000000000000455e+02
3.060000000000000000e+02 8.743500000000000227e+02
2.820000000000000000e+02 8.888000000000000682e+02
1.220000000000000000e+02 9.005000000000000000e+02
4.820000000000000000e+02 9.060500000000000682e+02
5.060000000000000000e+02 9.131499999999999773e+02
8.200000000000000000e+01 9.135500000000000682e+02
3.400000000000000000e+01 9.259500000000000455e+02
7.220000000000000000e+02 9.596499999999999773e+02
6.020000000000000000e+02 9.652000000000000455e+02
6.980000000000000000e+02 9.662000000000000455e+02
4.500000000000000000e+02 9.691499999999999773e+02
1.540000000000000000e+02 9.693000000000000682e+02
7.940000000000000000e+02 9.913000000000000682e+02
5.620000000000000000e+02 1.035750000000000000e+03
1.220000000000000000e+02 1.052150000000000091e+03
2.900000000000000000e+02 1.053099999999999909e+03
7.400000000000000000e+01 1.100049999999999955e+03
2.600000000000000000e+01 1.103100000000000136e+03
2.100000000000000000e+02 1.110950000000000045e+03
5.940000000000000000e+02 1.123900000000000091e+03
6.740000000000000000e+02 1.132400000000000091e+03
6.600000000000000000e+01 1.144100000000000136e+03
7.140000000000000000e+02 1.145200000000000045e+03
7.860000000000000000e+02 1.154299999999999955e+03
2.000000000000000000e+00 1.228400000000000091e+03
3.860000000000000000e+02 1.229950000000000045e+03
5.700000000000000000e+02 1.242450000000000045e+03
6.900000000000000000e+02 1.269400000000000091e+03
4.660000000000000000e+02 1.292299999999999955e+03
2.020000000000000000e+02 1.299150000000000091e+03
3.460000000000000000e+02 1.310900000000000091e+03
2.820000000000000000e+02 1.318600000000000136e+03
6.260000000000000000e+02 1.330200000000000045e+03
4.200000000000000000e+01 1.331650000000000091e+03
5.940000000000000000e+02 1.342450000000000045e+03
3.140000000000000000e+02 1.347700000000000045e+03
2.980000000000000000e+02 1.351900000000000091e+03
6.900000000000000000e+02 1.356100000000000136e+03
7.220000000000000000e+02 1.390000000000000000e+03
6.420000000000000000e+02 1.390600000000000136e+03
7.860000000000000000e+02 1.395650000000000091e+03
2.900000000000000000e+02 1.398900000000000091e+03
2.260000000000000000e+02 1.440600000000000136e+03
9.800000000000000000e+01 1.447150000000000091e+03
6.580000000000000000e+02 1.452900000000000091e+03
1.860000000000000000e+02 1.466250000000000000e+03
7.540000000000000000e+02 1.474200000000000045e+03
4.340000000000000000e+02 1.498250000000000000e+03
1.380000000000000000e+02 1.524549999999999955e+03
2.340000000000000000e+02 1.553150000000000091e+03
7.300000000000000000e+02 1.573450000000000045e+03
7.940000000000000000e+02 1.581400000000000091e+03
6.420000000000000000e+02 1.619150000000000091e+03
6.340000000000000000e+02 1.651200000000000045e+03
3.060000000000000000e+02 1.657549999999999955e+03
3.940000000000000000e+02 1.663400000000000091e+03
2.580000000000000000e+02 1.714150000000000091e+03
6.900000000000000000e+02 1.729100000000000136e+03
4.420000000000000000e+02 1.731049999999999955e+03
2.340000000000000000e+02 1.731900000000000091e+03
5.140000000000000000e+02 1.732100000000000136e+03
6.100000000000000000e+02 1.732350000000000136e+03
7.700000000000000000e+02 1.760100000000000136e+03
6.260000000000000000e+02 1.766450000000000045e+03
4.500000000000000000e+02 1.805100000000000136e+03
4.580000000000000000e+02 1.817000000000000000e+03
5.620000000000000000e+02 1.838049999999999955e+03
6.420000000000000000e+02 1.838299999999999955e+03
5.460000000000000000e+02 1.841700000000000045e+03
1.060000000000000000e+02 1.842799999999999955e+03
2.420000000000000000e+02 1.850600000000000136e+03
3.780000000000000000e+02 1.851500000000000000e+03
5.940000000000000000e+02 1.863950000000000045e+03
7.140000000000000000e+02 1.864200000000000045e+03
4.980000000000000000e+02 1.901350000000000136e+03
7.400000000000000000e+01 1.905100000000000136e+03
1.780000000000000000e+02 1.906350000000000136e+03
7.940000000000000000e+02 1.912100000000000136e+03
5.940000000000000000e+02 1.914500000000000000e+03
5.780000000000000000e+02 1.922950000000000045e+03
1.220000000000000000e+02 1.935049999999999955e+03
4.420000000000000000e+02 1.958150000000000091e+03
2.020000000000000000e+02 1.985750000000000000e+03
5.620000000000000000e+02 1.999150000000000091e+03
6.340000000000000000e+02 2.050400000000000091e+03
5.380000000000000000e+02 2.051900000000000091e+03
3.620000000000000000e+02 2.058150000000000091e+03
1.000000000000000000e+01 2.065650000000000091e+03
7.780000000000000000e+02 2.086449999999999818e+03
4.020000000000000000e+02 2.098800000000000182e+03
3.300000000000000000e+02 2.124949999999999818e+03
2.000000000000000000e+00 2.125500000000000000e+03
2.420000000000000000e+02 2.139949999999999818e+03
1.460000000000000000e+02 2.198400000000000091e+03
1.780000000000000000e+02 2.213550000000000182e+03
5.940000000000000000e+02 2.234800000000000182e+03
7.220000000000000000e+02 2.316900000000000091e+03
7.860000000000000000e+02 2.318849999999999909e+03
3.700000000000000000e+02 2.324650000000000091e+03
2.900000000000000000e+02 2.333250000000000000e+03
7.140000000000000000e+02 2.337800000000000182e+03
1.300000000000000000e+02 2.351750000000000000e+03
2.000000000000000000e+00 2.354650000000000091e+03
3.860000000000000000e+02 2.365599999999999909e+03
1.140000000000000000e+02 2.368050000000000182e+03
3.540000000000000000e+02 2.368900000000000091e+03
9.000000000000000000e+01 2.381300000000000182e+03
3.700000000000000000e+02 2.405849999999999909e+03
5.380000000000000000e+02 2.412900000000000091e+03
1.300000000000000000e+02 2.413450000000000273e+03
5.860000000000000000e+02 2.425550000000000182e+03
1.860000000000000000e+02 2.426200000000000273e+03
3.940000000000000000e+02 2.437950000000000273e+03
6.600000000000000000e+01 2.453650000000000091e+03
4.740000000000000000e+02 2.464150000000000091e+03
1.060000000000000000e+02 2.541450000000000273e+03
1.940000000000000000e+02 2.553349999999999909e+03
7.060000000000000000e+02 2.596950000000000273e+03
1.220000000000000000e+02 2.619150000000000091e+03
7.400000000000000000e+01 2.628700000000000273e+03
6.580000000000000000e+02 2.634500000000000000e+03
2.980000000000000000e+02 2.655450000000000273e+03
2.260000000000000000e+02 2.685800000000000182e+03
5.140000000000000000e+02 2.740349999999999909e+03
2.580000000000000000e+02 2.777550000000000182e+03
6.020000000000000000e+02 2.779750000000000000e+03
4.340000000000000000e+02 2.798950000000000273e+03
2.260000000000000000e+02 2.808750000000000000e+03
9.000000000000000000e+01 2.812349999999999909e+03
2.580000000000000000e+02 2.814500000000000000e+03
1.140000000000000000e+02 2.833349999999999909e+03
3.140000000000000000e+02 2.835349999999999909e+03
3.060000000000000000e+02 2.836349999999999909e+03
6.660000000000000000e+02 2.837849999999999909e+03
1.060000000000000000e+02 2.852300000000000182e+03
2.420000000000000000e+02 2.879400000000000091e+03
7.300000000000000000e+02 2.888550000000000182e+03
5.060000000000000000e+02 2.900200000000000273e+03
2.100000000000000000e+02 2.904150000000000091e+03
7.700000000000000000e+02 2.906650000000000091e+03
1.060000000000000000e+02 2.912500000000000000e+03
4.660000000000000000e+02 2.922099999999999909e+03
6.020000000000000000e+02 2.935300000000000182e+03
2.740000000000000000e+02 3.003800000000000182e+03
1.060000000000000000e+02 3.006200000000000273e+03
2.660000000000000000e+02 3.006500000000000000e+03
6.600000000000000000e+01 3.007150000000000091e+03
1.460000000000000000e+02 3.007849999999999909e+03
8.200000000000000000e+01 3.008050000000000182e+03
2.420000000000000000e+02 3.009250000000000000e+03
2.580000000000000000e+02 3.009650000000000091e+03
7.400000000000000000e+01 3.009849999999999909e+03
4.900000000000000000e+02 3.009950000000000273e+03
6.180000000000000000e+02 3.010250000000000000e+03
6.260000000000000000e+02 3.010349999999999909e+03
1.620000000000000000e+02 3.010650000000000091e+03
6.020000000000000000e+02 3.010950000000000273e+03
9.000000000000000000e+01 3.011550000000000182e+03
6.900000000000000000e+02 3.011550000000000182e+03
6.100000000000000000e+02 3.011700000000000273e+03
2.740000000000000000e+02 3.012200000000000273e+03
7.620000000000000000e+02 3.012150000000000091e+03
3.540000000000000000e+02 3.012349999999999909e+03
5.140000000000000000e+02 3.012400000000000091e+03
6.340000000000000000e+02 3.012550000000000182e+03
7.140000000000000000e+02 3.012550000000000182e+03
1.000000000000000000e+01 3.012750000000000000e+03
1.540000000000000000e+02 3.012800000000000182e+03
7.220000000000000000e+02 3.013050000000000182e+03
5.460000000000000000e+02 3.013349999999999909e+03
6.980000000000000000e+02 3.013650000000000091e+03
3.380000000000000000e+02 3.013800000000000182e+03
1.060000000000000000e+02 3.013950000000000273e+03
1.380000000000000000e+02 3.014700000000000273e+03
6.820000000000000000e+02 3.014700000000000273e+03
2.580000000000000000e+02 3.014800000000000182e+03
4.180000000000000000e+02 3.014849999999999909e+03
3.940000000000000000e+02 3.014950000000000273e+03
7.460000000000000000e+02 3.015099999999999909e+03
1.860000000000000000e+02 3.015250000000000000e+03
3.140000000000000000e+02 3.015550000000000182e+03
1.780000000000000000e+02 3.015750000000000000e+03
3.780000000000000000e+02 3.016300000000000182e+03
1.220000000000000000e+02 3.016500000000000000e+03
7.300000000000000000e+02 3.016650000000000091e+03
4.500000000000000000e+02 3.016900000000000091e+03
5.060000000000000000e+02 3.017250000000000000e+03
6.660000000000000000e+02 3.017849999999999909e+03
5.380000000000000000e+02 3.018500000000000000e+03
8.200000000000000000e+01 3.018849999999999909e+03
7.860000000000000000e+02 3.018849999999999909e+03
6.500000000000000000e+02 3.019000000000000000e+03
5.940000000000000000e+02 3.019099999999999909e+03
3.860000000000000000e+02 3.019250000000000000e+03
5.860000000000000000e+02 3.019300000000000182e+03
9.800000000000000000e+01 3.019400000000000091e+03
2.660000000000000000e+02 3.019400000000000091e+03
4.420000000000000000e+02 3.019500000000000000e+03
1.800000000000000000e+01 3.019599999999999909e+03
5.700000000000000000e+02 3.019550000000000182e+03
5.800000000000000000e+01 3.019650000000000091e+03
2.820000000000000000e+02 3.019650000000000091e+03
6.420000000000000000e+02 3.019900000000000091e+03
6.740000000000000000e+02 3.019849999999999909e+03
1.460000000000000000e+02 3.020000000000000000e+03
4.020000000000000000e+02 3.020050000000000182e+03
7.700000000000000000e+02 3.020050000000000182e+03
1.940000000000000000e+02 3.020200000000000273e+03
3.700000000000000000e+02 3.020349999999999909e+03
1.540000000000000000e+02 3.020599999999999909e+03
4.660000000000000000e+02 3.020650000000000091e+03
2.580000000000000000e+02 3.020800000000000182e+03
7.620000000000000000e+02 3.020800000000000182e+03
6.580000000000000000e+02 3.020849999999999909e+03
6.820000000000000000e+02 3.021099999999999909e+03
3.060000000000000000e+02 3.021300000000000182e+03
2.260000000000000000e+02 3.022000000000000000e+03
2.900000000000000000e+02 3.022250000000000000e+03
1.380000000000000000e+02 3.023150000000000091e+03
6.100000000000000000e+02 3.024750000000000000e+03
5.860000000000000000e+02 3.025550000000000182e+03
4.580000000000000000e+02 3.025849999999999909e+03
1.000000000000000000e+01 3.026200000000000273e+03
3.860000000000000000e+02 3.026300000000000182e+03
2.500000000000000000e+02 3.027099999999999909e+03
2.980000000000000000e+02 3.027200000000000273e+03
2.100000000000000000e+02 3.027300000000000182e+03
5.140000000000000000e+02 3.028050000000000182e+03
7.300000000000000000e+02 3.028050000000000182e+03
4.020000000000000000e+02 3.028250000000000000e+03
9.000000000000000000e+01 3.028349999999999909e+03
1.140000000000000000e+02 3.029000000000000000e+03
4.100000000000000000e+02 3.029400000000000091e+03
4.500000000000000000e+02 3.029349999999999909e+03
1.780000000000000000e+02 3.029700000000000273e+03
6.180000000000000000e+02 3.029849999999999909e+03
2.180000000000000000e+02 3.030050000000000182e+03
3.940000000000000000e+02 3.030200000000000273e+03
5.620000000000000000e+02 3.030150000000000091e+03
7.400000000000000000e+01 3.030349999999999909e+03
4.740000000000000000e+02 3.030550000000000182e+03
5.460000000000000000e+02 3.031000000000000000e+03
3.860000000000000000e+02 3.031349999999999909e+03
6.340000000000000000e+02 3.031500000000000000e+03
3.220000000000000000e+02 3.031650000000000091e+03
7.620000000000000000e+02 3.034599999999999909e+03
2.420000000000000000e+02 3.037200000000000273e+03
2.000000000000000000e+00 3.037250000000000000e+03
4.580000000000000000e+02 3.037650000000000091e+03
4.420000000000000000e+02 3.037750000000000000e+03
5.800000000000000000e+01 3.038200000000000273e+03
1.220000000000000000e+02 3.038550000000000182e+03
6.020000000000000000e+02 3.038800000000000182e+03
6.100000000000000000e+02 3.039150000000000091e+03
4.660000000000000000e+02 3.039500000000000000e+03
3.300000000000000000e+02 3.039700000000000273e+03
1.060000000000000000e+02 3.039800000000000182e+03
5.700000000000000000e+02 3.039800000000000182e+03
6.980000000000000000e+02 3.039950000000000273e+03
6.600000000000000000e+01 3.040150000000000091e+03
7.140000000000000000e+02 3.040250000000000000e+03
3.400000000000000000e+01 3.040700000000000273e+03
1.780000000000000000e+02 3.041099999999999909e+03
2.020000000000000000e+02 3.041050000000000182e+03
3.220000000000000000e+02 3.041099999999999909e+03
1.940000000000000000e+02 3.041400000000000091e+03
3.780000000000000000e+02 3.041349999999999909e+03
6.340000000000000000e+02 3.041349999999999909e+03
5.540000000000000000e+02 3.042400000000000091e+03
4.020000000000000000e+02 3.043150000000000091e+03
6.180000000000000000e+02 3.044450000000000273e+03
6.580000000000000000e+02 3.047050000000000182e+03
8.200000000000000000e+01 3.047900000000000091e+03
4.820000000000000000e+02 3.049050000000000182e+03
2.740000000000000000e+02 3.049500000000000000e+03
5.220000000000000000e+02 3.049599999999999909e+03
7.780000000000000000e+02 3.049849999999999909e+03
6.340000000000000000e+02 3.050050000000000182e+03
6.420000000000000000e+02 3.050349999999999909e+03
6.900000000000000000e+02 3.050550000000000182e+03
3.620000000000000000e+02 3.050700000000000273e+03
1.380000000000000000e+02 3.050800000000000182e+03
6.500000000000000000e+02 3.050750000000000000e+03
5.620000000000000000e+02 3.051200000000000273e+03
6.260000000000000000e+02 3.051150000000000091e+03
6.660000000000000000e+02 3.051150000000000091e+03
7.700000000000000000e+02 3.051150000000000091e+03
4.740000000000000000e+02 3.051400000000000091e+03
1.460000000000000000e+02 3.051500000000000000e+03
4.580000000000000000e+02 3.051650000000000091e+03
4.660000000000000000e+02 3.052050000000000182e+03
1.700000000000000000e+02 3.052150000000000091e+03
2.340000000000000000e+02 3.052300000000000182e+03
2.100000000000000000e+02 3.052450000000000273e+03
5.060000000000000000e+02 3.052900000000000091e+03
2.900000000000000000e+02 3.059400000000000091e+03
1.300000000000000000e+02 3.059849999999999909e+03
4.420000000000000000e+02 3.060349999999999909e+03
6.820000000000000000e+02 3.061400000000000091e+03
1.860000000000000000e+02 3.061650000000000091e+03
6.580000000000000000e+02 3.061750000000000000e+03
7.220000000000000000e+02 3.062050000000000182e+03
5.780000000000000000e+02 3.062150000000000091e+03
7.300000000000000000e+02 3.062150000000000091e+03
4.020000000000000000e+02 3.062500000000000000e+03
1.000000000000000000e+01 3.062800000000000182e+03
2.260000000000000000e+02 3.062800000000000182e+03
7.620000000000000000e+02 3.062849999999999909e+03
3.860000000000000000e+02 3.063050000000000182e+03
6.980000000000000000e+02 3.063250000000000000e+03
6.180000000000000000e+02 3.063450000000000273e+03
9.000000000000000000e+01 3.063700000000000273e+03
1.060000000000000000e+02 3.070050000000000182e+03
2.000000000000000000e+00 3.071099999999999909e+03
7.860000000000000000e+02 3.071550000000000182e+03
2.660000000000000000e+02 3.071700000000000273e+03
5.700000000000000000e+02 3.072000000000000000e+03
1.620000000000000000e+02 3.072150000000000091e+03
3.780000000000000000e+02 3.072700000000000273e+03
4.660000000000000000e+02 3.073000000000000000e+03
1.220000000000000000e+02 3.073650000000000091e+03
7.620000000000000000e+02 3.075349999999999909e+03
3.300000000000000000e+02 3.075599999999999909e+03
1.380000000000000000e+02 3.075950000000000273e+03
2.500000000000000000e+02 3.076200000000000273e+03
7.460000000000000000e+02 3.077400000000000091e+03
3.400000000000000000e+01 3.079950000000000273e+03
1.940000000000000000e+02 3.080450000000000273e+03
1.000000000000000000e+01 3.081599999999999909e+03
2.980000000000000000e+02 3.081650000000000091e+03
3.700000000000000000e+02 3.081849999999999909e+03
9.800000000000000000e+01 3.082099999999999909e+03
6.500000000000000000e+02 3.082250000000000000e+03
6.260000000000000000e+02 3.082800000000000182e+03
3.060000000000000000e+02 3.083099999999999909e+03
4.020000000000000000e+02 3.083250000000000000e+03
2.180000000000000000e+02 3.083500000000000000e+03
7.380000000000000000e+02 3.083750000000000000e+03
7.700000000000000000e+02 3.084099999999999909e+03
2.100000000000000000e+02 3.084349999999999909e+03
4.180000000000000000e+02 3.084500000000000000e+03
3.460000000000000000e+02 3.084550000000000182e+03
3.860000000000000000e+02 3.084650000000000091e+03
6.740000000000000000e+02 3.084700000000000273e+03
4.980000000000000000e+02 3.084750000000000000e+03
4.580000000000000000e+02 3.091849999999999909e+03
3.540000000000000000e+02 3.093750000000000000e+03
2.180000000000000000e+02 3.093950000000000273e+03
3.400000000000000000e+01 3.094849999999999909e+03
5.380000000000000000e+02 3.095349999999999909e+03
5.460000000000000000e+02 3.095599999999999909e+03
7.860000000000000000e+02 3.096150000000000091e+03
1.700000000000000000e+02 3.099300000000000182e+03
2.500000000000000000e+02 3.100500000000000000e+03
3.620000000000000000e+02 3.100800000000000182e+03
5.780000000000000000e+02 3.101900000000000091e+03
3.300000000000000000e+02 3.102700000000000273e+03
5.300000000000000000e+02 3.102700000000000273e+03
4.420000000000000000e+02 3.104000000000000000e+03
6.580000000000000000e+02 3.104000000000000000e+03
5.000000000000000000e+01 3.104250000000000000e+03
1.060000000000000000e+02 3.104300000000000182e+03
2.100000000000000000e+02 3.105599999999999909e+03
3.460000000000000000e+02 3.106200000000000273e+03
4.740000000000000000e+02 3.106150000000000091e+03
6.260000000000000000e+02 3.106150000000000091e+03
4.980000000000000000e+02 3.106550000000000182e+03
6.980000000000000000e+02 3.106599999999999909e+03
1.620000000000000000e+02 3.108099999999999909e+03
2.180000000000000000e+02 3.108349999999999909e+03
3.380000000000000000e+02 3.109050000000000182e+03
5.800000000000000000e+01 3.109250000000000000e+03
3.780000000000000000e+02 3.109550000000000182e+03
5.940000000000000000e+02 3.110450000000000273e+03
2.600000000000000000e+01 3.110599999999999909e+03
7.620000000000000000e+02 3.113500000000000000e+03
5.860000000000000000e+02 3.114599999999999909e+03
5.540000000000000000e+02 3.115050000000000182e+03
4.180000000000000000e+02 3.116200000000000273e+03
3.300000000000000000e+02 3.116900000000000091e+03
7.300000000000000000e+02 3.117050000000000182e+03
2.580000000000000000e+02 3.117150000000000091e+03
4.900000000000000000e+02 3.117400000000000091e+03
1.000000000000000000e+01 3.117500000000000000e+03
7.140000000000000000e+02 3.117500000000000000e+03
1.860000000000000000e+02 3.117550000000000182e+03
4.100000000000000000e+02 3.117650000000000091e+03
2.900000000000000000e+02 3.117900000000000091e+03
4.980000000000000000e+02 3.117950000000000273e+03
4.500000000000000000e+02 3.118400000000000091e+03
2.660000000000000000e+02 3.118500000000000000e+03
4.820000000000000000e+02 3.118599999999999909e+03
8.200000000000000000e+01 3.123849999999999909e+03
9.800000000000000000e+01 3.124150000000000091e+03
5.220000000000000000e+02 3.125950000000000273e+03
6.340000000000000000e+02 3.126900000000000091e+03
1.540000000000000000e+02 3.126950000000000273e+03
1.940000000000000000e+02 3.127050000000000182e+03
7.060000000000000000e+02 3.127150000000000091e+03
2.260000000000000000e+02 3.127250000000000000e+03
5.700000000000000000e+02 3.127300000000000182e+03
6.180000000000000000e+02 3.127349999999999909e+03
5.800000000000000000e+01 3.127500000000000000e+03
1.380000000000000000e+02 3.127650000000000091e+03
4.200000000000000000e+01 3.127800000000000182e+03
3.220000000000000000e+02 3.128000000000000000e+03
5.380000000000000000e+02 3.128050000000000182e+03
2.820000000000000000e+02 3.128200000000000273e+03
3.860000000000000000e+02 3.128400000000000091e+03
6.740000000000000000e+02 3.128550000000000182e+03
7.940000000000000000e+02 3.128550000000000182e+03
3.780000000000000000e+02 3.128650000000000091e+03
9.000000000000000000e+01 3.131950000000000273e+03
5.460000000000000000e+02 3.132450000000000273e+03
5.000000000000000000e+01 3.132750000000000000e+03
1.300000000000000000e+02 3.134500000000000000e+03
2.100000000000000000e+02 3.134950000000000273e+03
4.660000000000000000e+02 3.135650000000000091e+03
2.500000000000000000e+02 3.135800000000000182e+03
1.060000000000000000e+02 3.135849999999999909e+03
3.940000000000000000e+02 3.136300000000000182e+03
5.540000000000000000e+02 3.136450000000000273e+03
6.500000000000000000e+02 3.137150000000000091e+03
4.580000000000000000e+02 3.137300000000000182e+03
7.700000000000000000e+02 3.137500000000000000e+03
5.700000000000000000e+02 3.138000000000000000e+03
7.620000000000000000e+02 3.140200000000000273e+03
5.140000000000000000e+02 3.142750000000000000e+03
6.820000000000000000e+02 3.144450000000000273e+03
1.860000000000000000e+02 3.144750000000000000e+03
4.420000000000000000e+02 3.146200000000000273e+03
2.340000000000000000e+02 3.146250000000000000e+03
7.380000000000000000e+02 3.146900000000000091e+03
5.860000000000000000e+02 3.148000000000000000e+03
2.420000000000000000e+02 3.149200000000000273e+03
7.860000000000000000e+02 3.150450000000000273e+03
4.180000000000000000e+02 3.151099999999999909e+03
1.800000000000000000e+01 3.151700000000000273e+03
8.200000000000000000e+01 3.151849999999999909e+03
3.700000000000000000e+02 3.152500000000000000e+03
4.820000000000000000e+02 3.152500000000000000e+03
7.540000000000000000e+02 3.152550000000000182e+03
7.780000000000000000e+02 3.152700000000000273e+03
6.020000000000000000e+02 3.153000000000000000e+03
1.940000000000000000e+02 3.153349999999999909e+03
3.300000000000000000e+02 3.153400000000000091e+03
2.000000000000000000e+00 3.153500000000000000e+03
2.980000000000000000e+02 3.153450000000000273e+03
5.780000000000000000e+02 3.153450000000000273e+03
5.940000000000000000e+02 3.153950000000000273e+03
4.420000000000000000e+02 3.155349999999999909e+03
2.100000000000000000e+02 3.155450000000000273e+03
3.540000000000000000e+02 3.156450000000000273e+03
7.300000000000000000e+02 3.158200000000000273e+03
1.060000000000000000e+02 3.161250000000000000e+03
2.580000000000000000e+02 3.162200000000000273e+03
7.140000000000000000e+02 3.162700000000000273e+03
1.380000000000000000e+02 3.162950000000000273e+03
3.380000000000000000e+02 3.163099999999999909e+03
2.600000000000000000e+01 3.163300000000000182e+03
7.940000000000000000e+02 3.163450000000000273e+03
6.820000000000000000e+02 3.163900000000000091e+03
1.000000000000000000e+01 3.164099999999999909e+03
1.940000000000000000e+02 3.164150000000000091e+03
1.140000000000000000e+02 3.164250000000000000e+03
6.260000000000000000e+02 3.164250000000000000e+03
4.260000000000000000e+02 3.164500000000000000e+03
5.380000000000000000e+02 3.164450000000000273e+03
7.620000000000000000e+02 3.164700000000000273e+03
7.300000000000000000e+02 3.164750000000000000e+03
6.580000000000000000e+02 3.171300000000000182e+03
3.140000000000000000e+02 3.171599999999999909e+03
7.780000000000000000e+02 3.172500000000000000e+03
4.260000000000000000e+02 3.172700000000000273e+03
8.200000000000000000e+01 3.172800000000000182e+03
2.900000000000000000e+02 3.173250000000000000e+03
5.220000000000000000e+02 3.173400000000000091e+03
1.620000000000000000e+02 3.174200000000000273e+03
5.620000000000000000e+02 3.174550000000000182e+03
2.180000000000000000e+02 3.174849999999999909e+03
6.100000000000000000e+02 3.178450000000000273e+03
7.380000000000000000e+02 3.178599999999999909e+03
2.500000000000000000e+02 3.179500000000000000e+03
7.060000000000000000e+02 3.181550000000000182e+03
4.340000000000000000e+02 3.181800000000000182e+03
5.460000000000000000e+02 3.182250000000000000e+03
2.340000000000000000e+02 3.182349999999999909e+03
5.940000000000000000e+02 3.182500000000000000e+03
4.020000000000000000e+02 3.182599999999999909e+03
4.740000000000000000e+02 3.182599999999999909e+03
3.380000000000000000e+02 3.182750000000000000e+03
7.300000000000000000e+02 3.182750000000000000e+03
6.900000000000000000e+02 3.183050000000000182e+03
7.940000000000000000e+02 3.183050000000000182e+03
1.620000000000000000e+02 3.183349999999999909e+03
2.000000000000000000e+00 3.183500000000000000e+03
4.180000000000000000e+02 3.183700000000000273e+03
6.420000000000000000e+02 3.184200000000000273e+03
3.700000000000000000e+02 3.185200000000000273e+03
3.060000000000000000e+02 3.189250000000000000e+03
9.000000000000000000e+01 3.190450000000000273e+03
5.800000000000000000e+01 3.190800000000000182e+03
6.600000000000000000e+01 3.191250000000000000e+03
3.220000000000000000e+02 3.191450000000000273e+03
1.700000000000000000e+02 3.192050000000000182e+03
4.200000000000000000e+01 3.192150000000000091e+03
4.260000000000000000e+02 3.192550000000000182e+03
6.500000000000000000e+02 3.192700000000000273e+03
1.220000000000000000e+02 3.193150000000000091e+03
1.140000000000000000e+02 3.193300000000000182e+03
2.740000000000000000e+02 3.193400000000000091e+03
7.540000000000000000e+02 3.193599999999999909e+03
4.100000000000000000e+02 3.193900000000000091e+03
8.200000000000000000e+01 3.197000000000000000e+03
6.180000000000000000e+02 3.198250000000000000e+03
4.580000000000000000e+02 3.198500000000000000e+03
1.300000000000000000e+02 3.200650000000000091e+03
6.820000000000000000e+02 3.200700000000000273e+03
1.540000000000000000e+02 3.200900000000000091e+03
3.400000000000000000e+01 3.201050000000000182e+03
5.860000000000000000e+02 3.201099999999999909e+03
5.060000000000000000e+02 3.202400000000000091e+03
3.620000000000000000e+02 3.203349999999999909e+03
2.660000000000000000e+02 3.203700000000000273e+03
4.180000000000000000e+02 3.205849999999999909e+03
6.340000000000000000e+02 3.207349999999999909e+03
5.780000000000000000e+02 3.208550000000000182e+03
3.060000000000000000e+02 3.208800000000000182e+03
5.060000000000000000e+02 3.209500000000000000e+03
2.420000000000000000e+02 3.209599999999999909e+03
1.460000000000000000e+02 3.210099999999999909e+03
7.460000000000000000e+02 3.210750000000000000e+03
2.740000000000000000e+02 3.211450000000000273e+03
1.940000000000000000e+02 3.211800000000000182e+03
6.980000000000000000e+02 3.212550000000000182e+03
1.780000000000000000e+02 3.212750000000000000e+03
5.000000000000000000e+01 3.213650000000000091e+03
4.740000000000000000e+02 3.214650000000000091e+03
4.900000000000000000e+02 3.215300000000000182e+03
5.300000000000000000e+02 3.216050000000000182e+03
1.860000000000000000e+02 3.216950000000000273e+03
3.140000000000000000e+02 3.217500000000000000e+03
2.500000000000000000e+02 3.218099999999999909e+03
7.140000000000000000e+02 3.219550000000000182e+03
7.700000000000000000e+02 3.219900000000000091e+03
7.300000000000000000e+02 3.220000000000000000e+03
5.220000000000000000e+02 3.220250000000000000e+03
8.200000000000000000e+01 3.220450000000000273e+03
1.800000000000000000e+01 3.220599999999999909e+03
1.620000000000000000e+02 3.221750000000000000e+03
3.220000000000000000e+02 3.221900000000000091e+03
3.300000000000000000e+02 3.221950000000000273e+03
5.540000000000000000e+02 3.222450000000000273e+03
5.700000000000000000e+02 3.223349999999999909e+03
1.000000000000000000e+01 3.223500000000000000e+03
7.860000000000000000e+02 3.223500000000000000e+03
7.380000000000000000e+02 3.223849999999999909e+03
1.060000000000000000e+02 3.227099999999999909e+03
1.380000000000000000e+02 3.228000000000000000e+03
4.200000000000000000e+01 3.228500000000000000e+03
5.380000000000000000e+02 3.228550000000000182e+03
3.620000000000000000e+02 3.228700000000000273e+03
2.260000000000000000e+02 3.229400000000000091e+03
3.540000000000000000e+02 3.229500000000000000e+03
7.780000000000000000e+02 3.231400000000000091e+03
5.540000000000000000e+02 3.231650000000000091e+03
2.600000000000000000e+01 3.231950000000000273e+03
3.060000000000000000e+02 3.233000000000000000e+03
5.780000000000000000e+02 3.233099999999999909e+03
5.060000000000000000e+02 3.235200000000000273e+03
6.820000000000000000e+02 3.236650000000000091e+03
3.300000000000000000e+02 3.237099999999999909e+03
5.800000000000000000e+01 3.237849999999999909e+03
6.260000000000000000e+02 3.237950000000000273e+03
2.180000000000000000e+02 3.240599999999999909e+03
4.580000000000000000e+02 3.241150000000000091e+03
2.000000000000000000e+00 3.242950000000000273e+03
6.340000000000000000e+02 3.243900000000000091e+03
4.980000000000000000e+02 3.244000000000000000e+03
5.460000000000000000e+02 3.243950000000000273e+03
4.420000000000000000e+02 3.244050000000000182e+03
3.620000000000000000e+02 3.244400000000000091e+03
9.000000000000000000e+01 3.244950000000000273e+03
1.860000000000000000e+02 3.245099999999999909e+03
8.200000000000000000e+01 3.246550000000000182e+03
7.220000000000000000e+02 3.247099999999999909e+03
2.420000000000000000e+02 3.247400000000000091e+03
3.860000000000000000e+02 3.248950000000000273e+03
7.860000000000000000e+02 3.249650000000000091e+03
7.940000000000000000e+02 3.249750000000000000e+03
7.780000000000000000e+02 3.250349999999999909e+03
5.060000000000000000e+02 3.251300000000000182e+03
7.540000000000000000e+02 3.253099999999999909e+03
6.260000000000000000e+02 3.253150000000000091e+03
5.380000000000000000e+02 3.253849999999999909e+03
1.540000000000000000e+02 3.253950000000000273e+03
7.620000000000000000e+02 3.255150000000000091e+03
1.300000000000000000e+02 3.256300000000000182e+03
6.340000000000000000e+02 3.256500000000000000e+03
4.500000000000000000e+02 3.256950000000000273e+03
1.700000000000000000e+02 3.257250000000000000e+03
3.460000000000000000e+02 3.257250000000000000e+03
6.900000000000000000e+02 3.260000000000000000e+03
2.980000000000000000e+02 3.260099999999999909e+03
2.100000000000000000e+02 3.260349999999999909e+03
6.420000000000000000e+02 3.261000000000000000e+03
1.620000000000000000e+02 3.263500000000000000e+03
6.260000000000000000e+02 3.263950000000000273e+03
4.580000000000000000e+02 3.264950000000000273e+03
2.420000000000000000e+02 3.265849999999999909e+03
6.580000000000000000e+02 3.266150000000000091e+03
3.060000000000000000e+02 3.266700000000000273e+03
5.460000000000000000e+02 3.266700000000000273e+03
9.000000000000000000e+01 3.267400000000000091e+03
4.100000000000000000e+02 3.268000000000000000e+03
3.140000000000000000e+02 3.274099999999999909e+03
2.580000000000000000e+02 3.274250000000000000e+03
2.600000000000000000e+01 3.275200000000000273e+03
1.140000000000000000e+02 3.275250000000000000e+03
7.780000000000000000e+02 3.275400000000000091e+03
4.200000000000000000e+01 3.276250000000000000e+03
2.660000000000000000e+02 3.276300000000000182e+03
5.860000000000000000e+02 3.276599999999999909e+03
6.180000000000000000e+02 3.280099999999999909e+03
6.740000000000000000e+02 3.282700000000000273e+03
1.780000000000000000e+02 3.283099999999999909e+03
4.980000000000000000e+02 3.283550000000000182e+03
3.380000000000000000e+02 3.284200000000000273e+03
4.660000000000000000e+02 3.284300000000000182e+03
4.580000000000000000e+02 3.284349999999999909e+03
5.540000000000000000e+02 3.284400000000000091e+03
7.060000000000000000e+02 3.284550000000000182e+03
7.540000000000000000e+02 3.284700000000000273e+03
6.020000000000000000e+02 3.284950000000000273e+03
2.100000000000000000e+02 3.285099999999999909e+03
9.000000000000000000e+01 3.285300000000000182e+03
2.020000000000000000e+02 3.285349999999999909e+03
3.940000000000000000e+02 3.285349999999999909e+03
7.940000000000000000e+02 3.285400000000000091e+03
2.600000000000000000e+01 3.285450000000000273e+03
6.340000000000000000e+02 3.285550000000000182e+03
5.380000000000000000e+02 3.285700000000000273e+03
6.980000000000000000e+02 3.285650000000000091e+03
4.260000000000000000e+02 3.285750000000000000e+03
7.400000000000000000e+01 3.285900000000000091e+03
1.300000000000000000e+02 3.286000000000000000e+03
3.540000000000000000e+02 3.286200000000000273e+03
5.620000000000000000e+02 3.286300000000000182e+03
1.220000000000000000e+02 3.286349999999999909e+03
2.340000000000000000e+02 3.286400000000000091e+03
3.400000000000000000e+01 3.293099999999999909e+03
2.000000000000000000e+00 3.294700000000000273e+03
7.380000000000000000e+02 3.295200000000000273e+03
7.620000000000000000e+02 3.295750000000000000e+03
5.220000000000000000e+02 3.295950000000000273e+03
7.300000000000000000e+02 3.296000000000000000e+03
4.200000000000000000e+01 3.296599999999999909e+03
5.300000000000000000e+02 3.298349999999999909e+03
6.420000000000000000e+02 3.301950000000000273e+03
5.780000000000000000e+02 3.303500000000000000e+03
2.660000000000000000e+02 3.303950000000000273e+03
2.980000000000000000e+02 3.306300000000000182e+03
3.460000000000000000e+02 3.307550000000000182e+03
3.780000000000000000e+02 3.307700000000000273e+03
2.740000000000000000e+02 3.308550000000000182e+03
5.800000000000000000e+01 3.309050000000000182e+03
6.600000000000000000e+01 3.309599999999999909e+03
5.620000000000000000e+02 3.309599999999999909e+03
1.700000000000000000e+02 3.309750000000000000e+03
3.300000000000000000e+02 3.310000000000000000e+03
4.420000000000000000e+02 3.310650000000000091e+03
2.580000000000000000e+02 3.311200000000000273e+03
1.140000000000000000e+02 3.311599999999999909e+03
5.000000000000000000e+01 3.311849999999999909e+03
2.340000000000000000e+02 3.313500000000000000e+03
2.980000000000000000e+02 3.314599999999999909e+03
2.900000000000000000e+02 3.314849999999999909e+03
6.580000000000000000e+02 3.314849999999999909e+03
4.020000000000000000e+02 3.316200000000000273e+03
5.860000000000000000e+02 3.316900000000000091e+03
6.100000000000000000e+02 3.317500000000000000e+03
3.060000000000000000e+02 3.317550000000000182e+03
6.660000000000000000e+02 3.317849999999999909e+03
5.940000000000000000e+02 3.318099999999999909e+03
1.700000000000000000e+02 3.318450000000000273e+03
2.260000000000000000e+02 3.318900000000000091e+03
9.800000000000000000e+01 3.318950000000000273e+03
3.400000000000000000e+01 3.319700000000000273e+03
7.300000000000000000e+02 3.319950000000000273e+03
4.180000000000000000e+02 3.320300000000000182e+03
7.400000000000000000e+01 3.320400000000000091e+03
5.220000000000000000e+02 3.320700000000000273e+03
7.700000000000000000e+02 3.320800000000000182e+03
3.140000000000000000e+02 3.321200000000000273e+03
1.800000000000000000e+01 3.322900000000000091e+03
1.220000000000000000e+02 3.323650000000000091e+03
4.260000000000000000e+02 3.324250000000000000e+03
2.580000000000000000e+02 3.324849999999999909e+03
1.380000000000000000e+02 3.325050000000000182e+03
6.980000000000000000e+02 3.325400000000000091e+03
7.380000000000000000e+02 3.325500000000000000e+03
7.620000000000000000e+02 3.325599999999999909e+03
7.140000000000000000e+02 3.325700000000000273e+03
7.460000000000000000e+02 3.326200000000000273e+03
7.860000000000000000e+02 3.326450000000000273e+03
3.700000000000000000e+02 3.327050000000000182e+03
3.860000000000000000e+02 3.327700000000000273e+03
7.540000000000000000e+02 3.327849999999999909e+03
5.780000000000000000e+02 3.328950000000000273e+03
7.780000000000000000e+02 3.331250000000000000e+03
7.400000000000000000e+01 3.331650000000000091e+03
6.340000000000000000e+02 3.331700000000000273e+03
3.780000000000000000e+02 3.332599999999999909e+03
1.800000000000000000e+01 3.333400000000000091e+03
1.940000000000000000e+02 3.334200000000000273e+03
5.140000000000000000e+02 3.335250000000000000e+03
6.660000000000000000e+02 3.335250000000000000e+03
3.460000000000000000e+02 3.335599999999999909e+03
6.180000000000000000e+02 3.335900000000000091e+03
3.620000000000000000e+02 3.336050000000000182e+03
4.100000000000000000e+02 3.336349999999999909e+03
4.180000000000000000e+02 3.337500000000000000e+03
1.380000000000000000e+02 3.342950000000000273e+03
4.200000000000000000e+01 3.346550000000000182e+03
5.700000000000000000e+02 3.348849999999999909e+03
4.020000000000000000e+02 3.350150000000000091e+03
1.860000000000000000e+02 3.358750000000000000e+03
3.220000000000000000e+02 3.359950000000000273e+03
7.060000000000000000e+02 3.361599999999999909e+03
1.700000000000000000e+02 3.362849999999999909e+03
7.860000000000000000e+02 3.368700000000000273e+03
4.900000000000000000e+02 3.371650000000000091e+03
1.060000000000000000e+02 3.373900000000000091e+03
4.200000000000000000e+01 3.374349999999999909e+03
1.220000000000000000e+02 3.375200000000000273e+03
3.300000000000000000e+02 3.378050000000000182e+03
2.340000000000000000e+02 3.384300000000000182e+03
2.260000000000000000e+02 3.386450000000000273e+03
6.740000000000000000e+02 3.388099999999999909e+03
2.980000000000000000e+02 3.388200000000000273e+03
6.020000000000000000e+02 3.398349999999999909e+03
7.940000000000000000e+02 3.403450000000000273e+03
1.860000000000000000e+02 3.407900000000000091e+03
5.700000000000000000e+02 3.410000000000000000e+03
2.020000000000000000e+02 3.415950000000000273e+03
1.700000000000000000e+02 3.416050000000000182e+03
3.860000000000000000e+02 3.423349999999999909e+03
2.980000000000000000e+02 3.428250000000000000e+03
5.780000000000000000e+02 3.435900000000000091e+03
4.180000000000000000e+02 3.438700000000000273e+03
6.740000000000000000e+02 3.444349999999999909e+03
5.620000000000000000e+02 3.446200000000000273e+03
8.200000000000000000e+01 3.493200000000000273e+03
2.660000000000000000e+02 3.500650000000000091e+03
1.380000000000000000e+02 3.506950000000000273e+03
6.600000000000000000e+01 3.515150000000000091e+03
2.000000000000000000e+00 3.525550000000000182e+03
2.340000000000000000e+02 3.531300000000000182e+03
5.540000000000000000e+02 3.564200000000000273e+03
4.900000000000000000e+02 3.573500000000000000e+03
3.860000000000000000e+02 3.588050000000000182e+03
2.000000000000000000e+00 3.602700000000000273e+03
3.380000000000000000e+02 3.608099999999999909e+03
3.140000000000000000e+02 3.609900000000000091e+03
4.340000000000000000e+02 3.619550000000000182e+03
6.660000000000000000e+02 3.619550000000000182e+03
7.140000000000000000e+02 3.619650000000000091e+03
7.780000000000000000e+02 3.624700000000000273e+03
2.000000000000000000e+00 3.625400000000000091e+03
6.740000000000000000e+02 3.626599999999999909e+03
2.660000000000000000e+02 3.626650000000000091e+03
7.300000000000000000e+02 3.626700000000000273e+03
5.800000000000000000e+01 3.627050000000000182e+03
4.020000000000000000e+02 3.628250000000000000e+03
2.340000000000000000e+02 3.629900000000000091e+03
4.260000000000000000e+02 3.630700000000000273e+03
5.780000000000000000e+02 3.631599999999999909e+03
5.380000000000000000e+02 3.632900000000000091e+03
5.620000000000000000e+02 3.634750000000000000e+03
7.300000000000000000e+02 3.634750000000000000e+03
2.600000000000000000e+01 3.635750000000000000e+03
2.980000000000000000e+02 3.636099999999999909e+03
1.620000000000000000e+02 3.636650000000000091e+03
3.300000000000000000e+02 3.636650000000000091e+03
4.500000000000000000e+02 3.636650000000000091e+03
7.400000000000000000e+01 3.636750000000000000e+03
4.420000000000000000e+02 3.636750000000000000e+03
4.020000000000000000e+02 3.636900000000000091e+03
4.100000000000000000e+02 3.636900000000000091e+03
4.740000000000000000e+02 3.636900000000000091e+03
6.660000000000000000e+02 3.636849999999999909e+03
3.460000000000000000e+02 3.637099999999999909e+03
2.740000000000000000e+02 3.637150000000000091e+03
4.900000000000000000e+02 3.637250000000000000e+03
1.380000000000000000e+02 3.637400000000000091e+03
3.780000000000000000e+02 3.637400000000000091e+03
6.600000000000000000e+01 3.637450000000000273e+03
7.460000000000000000e+02 3.637500000000000000e+03
1.460000000000000000e+02 3.637599999999999909e+03
6.740000000000000000e+02 3.637550000000000182e+03
7.060000000000000000e+02 3.637550000000000182e+03
2.260000000000000000e+02 3.637650000000000091e+03
8.200000000000000000e+01 3.637800000000000182e+03
5.220000000000000000e+02 3.637750000000000000e+03
6.820000000000000000e+02 3.637750000000000000e+03
3.060000000000000000e+02 3.637849999999999909e+03
3.220000000000000000e+02 3.638099999999999909e+03
3.540000000000000000e+02 3.638050000000000182e+03
4.180000000000000000e+02 3.638099999999999909e+03
6.580000000000000000e+02 3.638099999999999909e+03
2.580000000000000000e+02 3.638200000000000273e+03
3.940000000000000000e+02 3.638200000000000273e+03
4.820000000000000000e+02 3.638150000000000091e+03
5.060000000000000000e+02 3.638150000000000091e+03
5.380000000000000000e+02 3.638200000000000273e+03
6.500000000000000000e+02 3.638150000000000091e+03
1.940000000000000000e+02 3.638300000000000182e+03
2.420000000000000000e+02 3.638250000000000000e+03
2.500000000000000000e+02 3.638300000000000182e+03
7.220000000000000000e+02 3.638250000000000000e+03
5.460000000000000000e+02 3.638400000000000091e+03
5.700000000000000000e+02 3.638349999999999909e+03
1.300000000000000000e+02 3.638450000000000273e+03
1.700000000000000000e+02 3.638500000000000000e+03
2.660000000000000000e+02 3.638450000000000273e+03
3.380000000000000000e+02 3.638500000000000000e+03
3.700000000000000000e+02 3.638450000000000273e+03
4.340000000000000000e+02 3.638500000000000000e+03
5.300000000000000000e+02 3.638450000000000273e+03
5.780000000000000000e+02 3.638500000000000000e+03
7.780000000000000000e+02 3.638450000000000273e+03
1.000000000000000000e+01 3.638550000000000182e+03
5.000000000000000000e+01 3.638550000000000182e+03
5.800000000000000000e+01 3.638550000000000182e+03
2.100000000000000000e+02 3.638550000000000182e+03
4.660000000000000000e+02 3.638550000000000182e+03
6.100000000000000000e+02 3.638550000000000182e+03
7.940000000000000000e+02 3.638599999999999909e+03
2.180000000000000000e+02 3.638650000000000091e+03
3.400000000000000000e+01 3.638800000000000182e+03
4.200000000000000000e+01 3.638750000000000000e+03
2.020000000000000000e+02 3.638800000000000182e+03
2.900000000000000000e+02 3.638750000000000000e+03
5.540000000000000000e+02 3.638800000000000182e+03
6.020000000000000000e+02 3.638800000000000182e+03
7.140000000000000000e+02 3.638800000000000182e+03
2.000000000000000000e+00 3.638849999999999909e+03
5.140000000000000000e+02 3.638849999999999909e+03
6.260000000000000000e+02 3.638849999999999909e+03
7.540000000000000000e+02 3.638849999999999909e+03
7.620000000000000000e+02 3.638900000000000091e+03
1.220000000000000000e+02 3.639099999999999909e+03
5.620000000000000000e+02 3.639099999999999909e+03
5.940000000000000000e+02 3.639099999999999909e+03
7.700000000000000000e+02 3.639050000000000182e+03
9.000000000000000000e+01 3.639150000000000091e+03
1.780000000000000000e+02 3.639200000000000273e+03
3.620000000000000000e+02 3.639150000000000091e+03
4.260000000000000000e+02 3.639200000000000273e+03
4.580000000000000000e+02 3.639200000000000273e+03
4.980000000000000000e+02 3.639150000000000091e+03
3.140000000000000000e+02 3.639250000000000000e+03
7.380000000000000000e+02 3.639300000000000182e+03
1.860000000000000000e+02 3.639400000000000091e+03
6.900000000000000000e+02 3.639349999999999909e+03
1.800000000000000000e+01 3.639500000000000000e+03
2.600000000000000000e+01 3.639500000000000000e+03
6.420000000000000000e+02 3.639450000000000273e+03
9.800000000000000000e+01 3.639599999999999909e+03
1.140000000000000000e+02 3.639599999999999909e+03
6.340000000000000000e+02 3.639800000000000182e+03
6.980000000000000000e+02 3.639800000000000182e+03
1.540000000000000000e+02 3.639849999999999909e+03
2.340000000000000000e+02 3.639849999999999909e+03
3.860000000000000000e+02 3.640050000000000182e+03
5.860000000000000000e+02 3.640099999999999909e+03
7.860000000000000000e+02 3.640099999999999909e+03
1.620000000000000000e+02 3.640400000000000091e+03
2.980000000000000000e+02 3.641050000000000182e+03
3.300000000000000000e+02 3.642800000000000182e+03
6.180000000000000000e+02 3.642849999999999909e+03
2.740000000000000000e+02 3.644550000000000182e+03
4.660000000000000000e+02 3.644550000000000182e+03
7.460000000000000000e+02 3.645150000000000091e+03
4.900000000000000000e+02 3.652650000000000091e+03
5.800000000000000000e+01 3.653099999999999909e+03
5.300000000000000000e+02 3.654450000000000273e+03
1.140000000000000000e+02 3.659800000000000182e+03
2.820000000000000000e+02 3.662300000000000182e+03
4.420000000000000000e+02 3.663500000000000000e+03
3.460000000000000000e+02 3.667050000000000182e+03
7.220000000000000000e+02 3.667349999999999909e+03
4.740000000000000000e+02 3.670000000000000000e+03
3.860000000000000000e+02 3.678250000000000000e+03
6.420000000000000000e+02 3.679250000000000000e+03
5.800000000000000000e+01 3.682150000000000091e+03
9.000000000000000000e+01 3.683250000000000000e+03
1.940000000000000000e+02 3.685150000000000091e+03
1.140000000000000000e+02 3.685900000000000091e+03
3.400000000000000000e+01 3.700250000000000000e+03
7.060000000000000000e+02 3.701099999999999909e+03
5.700000000000000000e+02 3.711349999999999909e+03
4.900000000000000000e+02 3.714000000000000000e+03
3.780000000000000000e+02 3.727300000000000182e+03
7.700000000000000000e+02 3.729650000000000091e+03
5.860000000000000000e+02 3.737750000000000000e+03
1.860000000000000000e+02 3.737900000000000091e+03
5.620000000000000000e+02 3.739099999999999909e+03
7.540000000000000000e+02 3.739550000000000182e+03
1.800000000000000000e+01 3.750700000000000273e+03
1.780000000000000000e+02 3.754400000000000091e+03
5.860000000000000000e+02 3.759450000000000273e+03
4.820000000000000000e+02 3.791000000000000000e+03
7.220000000000000000e+02 3.821800000000000182e+03
6.660000000000000000e+02 3.834700000000000273e+03
5.140000000000000000e+02 3.837150000000000091e+03
5.620000000000000000e+02 3.874200000000000273e+03
5.380000000000000000e+02 3.941750000000000000e+03
6.600000000000000000e+01 3.944300000000000182e+03
3.940000000000000000e+02 3.948900000000000091e+03
5.060000000000000000e+02 3.949500000000000000e+03
5.780000000000000000e+02 3.966900000000000091e+03
3.460000000000000000e+02 3.967950000000000273e+03
5.220000000000000000e+02 3.972750000000000000e+03
2.500000000000000000e+02 3.984000000000000000e+03
6.260000000000000000e+02 3.984900000000000091e+03
1.800000000000000000e+01 3.993349999999999909e+03
7.300000000000000000e+02 4.000400000000000091e+03
1.700000000000000000e+02 4.002400000000000091e+03
6.820000000000000000e+02 4.008150000000000091e+03
5.060000000000000000e+02 4.008500000000000000e+03
7.780000000000000000e+02 4.012550000000000182e+03
3.620000000000000000e+02 4.013450000000000273e+03
1.700000000000000000e+02 4.020099999999999909e+03
1.460000000000000000e+02 4.020599999999999909e+03
7.700000000000000000e+02 4.021599999999999909e+03
6.660000000000000000e+02 4.022250000000000000e+03
1.940000000000000000e+02 4.022450000000000273e+03
7.060000000000000000e+02 4.022550000000000182e+03
1.140000000000000000e+02 4.022750000000000000e+03
7.300000000000000000e+02 4.022800000000000182e+03
7.540000000000000000e+02 4.022750000000000000e+03
7.940000000000000000e+02 4.022750000000000000e+03
1.620000000000000000e+02 4.023000000000000000e+03
4.500000000000000000e+02 4.023200000000000273e+03
5.460000000000000000e+02 4.023300000000000182e+03
6.180000000000000000e+02 4.023250000000000000e+03
4.980000000000000000e+02 4.023400000000000091e+03
6.980000000000000000e+02 4.023349999999999909e+03
7.860000000000000000e+02 4.023800000000000182e+03
2.600000000000000000e+01 4.023849999999999909e+03
2.100000000000000000e+02 4.023950000000000273e+03
4.340000000000000000e+02 4.024000000000000000e+03
6.900000000000000000e+02 4.024000000000000000e+03
1.000000000000000000e+01 4.024200000000000273e+03
1.780000000000000000e+02 4.024200000000000273e+03
5.800000000000000000e+01 4.024300000000000182e+03
2.580000000000000000e+02 4.024300000000000182e+03
7.380000000000000000e+02 4.024300000000000182e+03
4.200000000000000000e+01 4.024400000000000091e+03
6.580000000000000000e+02 4.024400000000000091e+03
6.740000000000000000e+02 4.024400000000000091e+03
2.260000000000000000e+02 4.024450000000000273e+03
3.140000000000000000e+02 4.024500000000000000e+03
4.820000000000000000e+02 4.024500000000000000e+03
7.780000000000000000e+02 4.024500000000000000e+03
7.400000000000000000e+01 4.024599999999999909e+03
5.000000000000000000e+01 4.024700000000000273e+03
3.780000000000000000e+02 4.024650000000000091e+03
1.860000000000000000e+02 4.024750000000000000e+03
2.740000000000000000e+02 4.024800000000000182e+03
2.980000000000000000e+02 4.024800000000000182e+03
3.460000000000000000e+02 4.024800000000000182e+03
4.420000000000000000e+02 4.024750000000000000e+03
7.460000000000000000e+02 4.024750000000000000e+03
4.660000000000000000e+02 4.024900000000000091e+03
5.620000000000000000e+02 4.024849999999999909e+03
4.260000000000000000e+02 4.024950000000000273e+03
5.860000000000000000e+02 4.025000000000000000e+03
6.600000000000000000e+01 4.025099999999999909e+03
3.220000000000000000e+02 4.025099999999999909e+03
3.540000000000000000e+02 4.025050000000000182e+03
3.940000000000000000e+02 4.025050000000000182e+03
5.300000000000000000e+02 4.025099999999999909e+03
1.540000000000000000e+02 4.025200000000000273e+03
1.300000000000000000e+02 4.025300000000000182e+03
2.500000000000000000e+02 4.025250000000000000e+03
2.820000000000000000e+02 4.025250000000000000e+03
2.900000000000000000e+02 4.025300000000000182e+03
3.300000000000000000e+02 4.025300000000000182e+03
3.860000000000000000e+02 4.025300000000000182e+03
5.380000000000000000e+02 4.025300000000000182e+03
6.340000000000000000e+02 4.025300000000000182e+03
6.500000000000000000e+02 4.025300000000000182e+03
3.700000000000000000e+02 4.025349999999999909e+03
4.180000000000000000e+02 4.025400000000000091e+03
4.740000000000000000e+02 4.025400000000000091e+03
5.140000000000000000e+02 4.025349999999999909e+03
6.420000000000000000e+02 4.025349999999999909e+03
1.060000000000000000e+02 4.025500000000000000e+03
2.340000000000000000e+02 4.025500000000000000e+03
2.420000000000000000e+02 4.025450000000000273e+03
2.660000000000000000e+02 4.025500000000000000e+03
3.380000000000000000e+02 4.025500000000000000e+03
5.060000000000000000e+02 4.025500000000000000e+03
5.700000000000000000e+02 4.025500000000000000e+03
7.140000000000000000e+02 4.025450000000000273e+03
9.000000000000000000e+01 4.025599999999999909e+03
2.180000000000000000e+02 4.025599999999999909e+03
6.260000000000000000e+02 4.025599999999999909e+03
2.000000000000000000e+00 4.025700000000000273e+03
1.800000000000000000e+01 4.025650000000000091e+03
1.460000000000000000e+02 4.025650000000000091e+03
1.940000000000000000e+02 4.025700000000000273e+03
2.020000000000000000e+02 4.025700000000000273e+03
4.100000000000000000e+02 4.025700000000000273e+03
6.020000000000000000e+02 4.025700000000000273e+03
6.820000000000000000e+02 4.025700000000000273e+03
3.400000000000000000e+01 4.025800000000000182e+03
1.700000000000000000e+02 4.025800000000000182e+03
3.620000000000000000e+02 4.025750000000000000e+03
4.900000000000000000e+02 4.025750000000000000e+03
6.100000000000000000e+02 4.025800000000000182e+03
7.620000000000000000e+02 4.025800000000000182e+03
1.220000000000000000e+02 4.025849999999999909e+03
1.380000000000000000e+02 4.025849999999999909e+03
5.780000000000000000e+02 4.025849999999999909e+03
9.800000000000000000e+01 4.026000000000000000e+03
4.020000000000000000e+02 4.026000000000000000e+03
7.700000000000000000e+02 4.026000000000000000e+03
4.580000000000000000e+02 4.026099999999999909e+03
7.060000000000000000e+02 4.026099999999999909e+03
7.540000000000000000e+02 4.026099999999999909e+03
8.200000000000000000e+01 4.026200000000000273e+03
3.060000000000000000e+02 4.026200000000000273e+03
1.140000000000000000e+02 4.026250000000000000e+03
4.500000000000000000e+02 4.026250000000000000e+03
5.540000000000000000e+02 4.026300000000000182e+03
7.300000000000000000e+02 4.026250000000000000e+03
1.620000000000000000e+02 4.026400000000000091e+03
7.220000000000000000e+02 4.026349999999999909e+03
5.220000000000000000e+02 4.026500000000000000e+03
5.940000000000000000e+02 4.026500000000000000e+03
6.180000000000000000e+02 4.026500000000000000e+03
7.940000000000000000e+02 4.026650000000000091e+03
2.600000000000000000e+01 4.027250000000000000e+03
2.260000000000000000e+02 4.028000000000000000e+03
1.780000000000000000e+02 4.029550000000000182e+03
5.800000000000000000e+01 4.029650000000000091e+03
2.580000000000000000e+02 4.029750000000000000e+03
3.860000000000000000e+02 4.030250000000000000e+03
2.900000000000000000e+02 4.030349999999999909e+03
3.380000000000000000e+02 4.030349999999999909e+03
5.140000000000000000e+02 4.030400000000000091e+03
5.620000000000000000e+02 4.030349999999999909e+03
7.140000000000000000e+02 4.030400000000000091e+03
3.700000000000000000e+02 4.030450000000000273e+03
4.900000000000000000e+02 4.030450000000000273e+03
4.420000000000000000e+02 4.030700000000000273e+03
7.620000000000000000e+02 4.030650000000000091e+03
4.100000000000000000e+02 4.030950000000000273e+03
3.220000000000000000e+02 4.031849999999999909e+03
4.020000000000000000e+02 4.031849999999999909e+03
3.140000000000000000e+02 4.040500000000000000e+03
6.340000000000000000e+02 4.044000000000000000e+03
6.740000000000000000e+02 4.044000000000000000e+03
7.380000000000000000e+02 4.044500000000000000e+03
3.620000000000000000e+02 4.048400000000000091e+03
4.900000000000000000e+02 4.049950000000000273e+03
4.020000000000000000e+02 4.051599999999999909e+03
5.860000000000000000e+02 4.053400000000000091e+03
1.540000000000000000e+02 4.061200000000000273e+03
4.100000000000000000e+02 4.075400000000000091e+03
6.260000000000000000e+02 4.078050000000000182e+03
3.380000000000000000e+02 4.085599999999999909e+03
2.420000000000000000e+02 4.086700000000000273e+03
7.780000000000000000e+02 4.087750000000000000e+03
7.300000000000000000e+02 4.089349999999999909e+03
1.060000000000000000e+02 4.097899999999999636e+03
2.260000000000000000e+02 4.137449999999999818e+03
7.940000000000000000e+02 4.149449999999999818e+03
3.860000000000000000e+02 4.196800000000000182e+03
5.380000000000000000e+02 4.204850000000000364e+03
5.220000000000000000e+02 4.228600000000000364e+03
6.740000000000000000e+02 4.249750000000000000e+03
5.000000000000000000e+01 4.250649999999999636e+03
4.420000000000000000e+02 4.260699999999999818e+03
7.380000000000000000e+02 4.263050000000000182e+03
3.400000000000000000e+01 4.274949999999999818e+03
4.900000000000000000e+02 4.295000000000000000e+03
5.860000000000000000e+02 4.303949999999999818e+03
7.940000000000000000e+02 4.312100000000000364e+03
6.180000000000000000e+02 4.318600000000000364e+03
7.380000000000000000e+02 4.333350000000000364e+03
7.060000000000000000e+02 4.361750000000000000e+03
2.600000000000000000e+01 4.363699999999999818e+03
2.260000000000000000e+02 4.375050000000000182e+03
1.220000000000000000e+02 4.378850000000000364e+03
4.900000000000000000e+02 4.378900000000000546e+03
7.940000000000000000e+02 4.379900000000000546e+03
6.660000000000000000e+02 4.380199999999999818e+03
1.620000000000000000e+02 4.380650000000000546e+03
7.060000000000000000e+02 4.382250000000000000e+03
2.000000000000000000e+00 4.382699999999999818e+03
6.600000000000000000e+01 4.382699999999999818e+03
7.220000000000000000e+02 4.382900000000000546e+03
7.460000000000000000e+02 4.383050000000000182e+03
1.060000000000000000e+02 4.383500000000000000e+03
5.060000000000000000e+02 4.383750000000000000e+03
9.800000000000000000e+01 4.384000000000000000e+03
6.980000000000000000e+02 4.383949999999999818e+03
7.400000000000000000e+01 4.384300000000000182e+03
8.200000000000000000e+01 4.384300000000000182e+03
5.940000000000000000e+02 4.384350000000000364e+03
7.860000000000000000e+02 4.384500000000000000e+03
6.740000000000000000e+02 4.384550000000000182e+03
6.500000000000000000e+02 4.384650000000000546e+03
4.020000000000000000e+02 4.384900000000000546e+03
6.900000000000000000e+02 4.384900000000000546e+03
1.780000000000000000e+02 4.385050000000000182e+03
2.600000000000000000e+01 4.385400000000000546e+03
7.380000000000000000e+02 4.385350000000000364e+03
2.420000000000000000e+02 4.385500000000000000e+03
6.420000000000000000e+02 4.385550000000000182e+03
1.220000000000000000e+02 4.385949999999999818e+03
2.820000000000000000e+02 4.385949999999999818e+03
4.500000000000000000e+02 4.386000000000000000e+03
5.000000000000000000e+01 4.386199999999999818e+03
4.580000000000000000e+02 4.386300000000000182e+03
4.740000000000000000e+02 4.386250000000000000e+03
3.700000000000000000e+02 4.386400000000000546e+03
1.300000000000000000e+02 4.386500000000000000e+03
2.260000000000000000e+02 4.386600000000000364e+03
4.180000000000000000e+02 4.386550000000000182e+03
3.060000000000000000e+02 4.386650000000000546e+03
4.100000000000000000e+02 4.386650000000000546e+03
5.860000000000000000e+02 4.386650000000000546e+03
7.540000000000000000e+02 4.386699999999999818e+03
7.620000000000000000e+02 4.386650000000000546e+03
2.900000000000000000e+02 4.386800000000000182e+03
6.600000000000000000e+01 4.386850000000000364e+03
1.540000000000000000e+02 4.386850000000000364e+03
1.700000000000000000e+02 4.386850000000000364e+03
2.660000000000000000e+02 4.386850000000000364e+03
1.620000000000000000e+02 4.386949999999999818e+03
5.460000000000000000e+02 4.386949999999999818e+03
6.340000000000000000e+02 4.386949999999999818e+03
4.200000000000000000e+01 4.387050000000000182e+03
3.220000000000000000e+02 4.387050000000000182e+03
3.540000000000000000e+02 4.387100000000000364e+03
4.420000000000000000e+02 4.387100000000000364e+03
5.380000000000000000e+02 4.387050000000000182e+03
5.780000000000000000e+02 4.387100000000000364e+03
6.180000000000000000e+02 4.387050000000000182e+03
6.580000000000000000e+02 4.387050000000000182e+03
3.400000000000000000e+01 4.387150000000000546e+03
2.500000000000000000e+02 4.387150000000000546e+03
4.340000000000000000e+02 4.387199999999999818e+03
4.820000000000000000e+02 4.387199999999999818e+03
5.700000000000000000e+02 4.387150000000000546e+03
6.020000000000000000e+02 4.387150000000000546e+03
7.140000000000000000e+02 4.387199999999999818e+03
1.800000000000000000e+01 4.387250000000000000e+03
5.140000000000000000e+02 4.387300000000000182e+03
6.260000000000000000e+02 4.387300000000000182e+03
2.000000000000000000e+00 4.387400000000000546e+03
1.000000000000000000e+01 4.387400000000000546e+03
2.980000000000000000e+02 4.387350000000000364e+03
3.620000000000000000e+02 4.387400000000000546e+03
7.400000000000000000e+01 4.387449999999999818e+03
3.380000000000000000e+02 4.387449999999999818e+03
3.940000000000000000e+02 4.387500000000000000e+03
5.220000000000000000e+02 4.387500000000000000e+03
7.700000000000000000e+02 4.387449999999999818e+03
1.380000000000000000e+02 4.387600000000000364e+03
1.460000000000000000e+02 4.387550000000000182e+03
2.020000000000000000e+02 4.387550000000000182e+03
6.980000000000000000e+02 4.387600000000000364e+03
7.220000000000000000e+02 4.387550000000000182e+03
9.000000000000000000e+01 4.387699999999999818e+03
2.180000000000000000e+02 4.387699999999999818e+03
2.340000000000000000e+02 4.387699999999999818e+03
3.860000000000000000e+02 4.387699999999999818e+03
4.900000000000000000e+02 4.387699999999999818e+03
5.060000000000000000e+02 4.387699999999999818e+03
6.660000000000000000e+02 4.387650000000000546e+03
7.300000000000000000e+02 4.387650000000000546e+03
7.780000000000000000e+02 4.387699999999999818e+03
5.800000000000000000e+01 4.387750000000000000e+03
1.860000000000000000e+02 4.387800000000000182e+03
1.940000000000000000e+02 4.387750000000000000e+03
2.100000000000000000e+02 4.387800000000000182e+03
3.140000000000000000e+02 4.387750000000000000e+03
3.780000000000000000e+02 4.387800000000000182e+03
5.540000000000000000e+02 4.387800000000000182e+03
5.620000000000000000e+02 4.387750000000000000e+03
7.060000000000000000e+02 4.387750000000000000e+03
7.940000000000000000e+02 4.387800000000000182e+03
4.980000000000000000e+02 4.387900000000000546e+03
5.300000000000000000e+02 4.387900000000000546e+03
5.940000000000000000e+02 4.387900000000000546e+03
9.800000000000000000e+01 4.387949999999999818e+03
1.060000000000000000e+02 4.387949999999999818e+03
1.140000000000000000e+02 4.388000000000000000e+03
2.580000000000000000e+02 4.387949999999999818e+03
4.660000000000000000e+02 4.387949999999999818e+03
7.860000000000000000e+02 4.387949999999999818e+03
4.260000000000000000e+02 4.388050000000000182e+03
6.100000000000000000e+02 4.388050000000000182e+03
6.500000000000000000e+02 4.388050000000000182e+03
2.740000000000000000e+02 4.388199999999999818e+03
3.300000000000000000e+02 4.388199999999999818e+03
6.740000000000000000e+02 4.388250000000000000e+03
8.200000000000000000e+01 4.388400000000000546e+03
1.780000000000000000e+02 4.388350000000000364e+03
6.420000000000000000e+02 4.389500000000000000e+03
4.420000000000000000e+02 4.393500000000000000e+03
5.860000000000000000e+02 4.395199999999999818e+03
3.460000000000000000e+02 4.395850000000000364e+03
7.700000000000000000e+02 4.396000000000000000e+03
3.700000000000000000e+02 4.396150000000000546e+03
5.620000000000000000e+02 4.396199999999999818e+03
7.540000000000000000e+02 4.397800000000000182e+03
5.460000000000000000e+02 4.398350000000000364e+03
6.900000000000000000e+02 4.398350000000000364e+03
7.300000000000000000e+02 4.398400000000000546e+03
5.220000000000000000e+02 4.398650000000000546e+03
4.980000000000000000e+02 4.398750000000000000e+03
1.060000000000000000e+02 4.398850000000000364e+03
1.300000000000000000e+02 4.398850000000000364e+03
3.940000000000000000e+02 4.398850000000000364e+03
1.380000000000000000e+02 4.399000000000000000e+03
3.620000000000000000e+02 4.399699999999999818e+03
3.780000000000000000e+02 4.400449999999999818e+03
3.300000000000000000e+02 4.407350000000000364e+03
3.380000000000000000e+02 4.410250000000000000e+03
7.860000000000000000e+02 4.417699999999999818e+03
6.420000000000000000e+02 4.422500000000000000e+03
5.940000000000000000e+02 4.426449999999999818e+03
3.620000000000000000e+02 4.430449999999999818e+03
6.340000000000000000e+02 4.433550000000000182e+03
3.700000000000000000e+02 4.443850000000000364e+03
9.000000000000000000e+01 4.444550000000000182e+03
2.900000000000000000e+02 4.444900000000000546e+03
5.380000000000000000e+02 4.448199999999999818e+03
4.740000000000000000e+02 4.448699999999999818e+03
5.860000000000000000e+02 4.463150000000000546e+03
1.460000000000000000e+02 4.463500000000000000e+03
7.220000000000000000e+02 4.469500000000000000e+03
4.740000000000000000e+02 4.473199999999999818e+03
3.940000000000000000e+02 4.476550000000000182e+03
7.700000000000000000e+02 4.484199999999999818e+03
9.000000000000000000e+01 4.495500000000000000e+03
2.580000000000000000e+02 4.497600000000000364e+03
6.260000000000000000e+02 4.511949999999999818e+03
1.220000000000000000e+02 4.530699999999999818e+03
1.620000000000000000e+02 4.539400000000000546e+03
1.140000000000000000e+02 4.563850000000000364e+03
4.200000000000000000e+01 4.588300000000000182e+03
5.060000000000000000e+02 4.603400000000000546e+03
3.940000000000000000e+02 4.613350000000000364e+03
1.800000000000000000e+01 4.614850000000000364e+03
1.300000000000000000e+02 4.627400000000000546e+03
1.940000000000000000e+02 4.638750000000000000e+03
4.580000000000000000e+02 4.639600000000000364e+03
2.900000000000000000e+02 4.643000000000000000e+03
6.500000000000000000e+02 4.648400000000000546e+03
1.000000000000000000e+01 4.648900000000000546e+03
1.380000000000000000e+02 4.649100000000000364e+03
7.940000000000000000e+02 4.649050000000000182e+03
1.300000000000000000e+02 4.650199999999999818e+03
1.380000000000000000e+02 4.663250000000000000e+03
2.260000000000000000e+02 4.666800000000000182e+03
3.140000000000000000e+02 4.667100000000000364e+03
4.260000000000000000e+02 4.667150000000000546e+03
3.860000000000000000e+02 4.667750000000000000e+03
1.300000000000000000e+02 4.668699999999999818e+03
6.100000000000000000e+02 4.669250000000000000e+03
3.780000000000000000e+02 4.669800000000000182e+03
4.660000000000000000e+02 4.669850000000000364e+03
5.940000000000000000e+02 4.670199999999999818e+03
5.060000000000000000e+02 4.670449999999999818e+03
3.940000000000000000e+02 4.670699999999999818e+03
5.000000000000000000e+01 4.671300000000000182e+03
1.620000000000000000e+02 4.671350000000000364e+03
4.100000000000000000e+02 4.671400000000000546e+03
4.740000000000000000e+02 4.671500000000000000e+03
2.600000000000000000e+01 4.671750000000000000e+03
2.100000000000000000e+02 4.672100000000000364e+03
5.220000000000000000e+02 4.672150000000000546e+03
6.340000000000000000e+02 4.672250000000000000e+03
3.540000000000000000e+02 4.672500000000000000e+03
5.800000000000000000e+01 4.672800000000000182e+03
6.500000000000000000e+02 4.672850000000000364e+03
7.140000000000000000e+02 4.673100000000000364e+03
2.340000000000000000e+02 4.673500000000000000e+03
2.000000000000000000e+00 4.673650000000000546e+03
2.900000000000000000e+02 4.673699999999999818e+03
7.220000000000000000e+02 4.673850000000000364e+03
5.700000000000000000e+02 4.673949999999999818e+03
3.700000000000000000e+02 4.674199999999999818e+03
4.020000000000000000e+02 4.674250000000000000e+03
1.460000000000000000e+02 4.674350000000000364e+03
5.620000000000000000e+02 4.674350000000000364e+03
7.060000000000000000e+02 4.674600000000000364e+03
4.200000000000000000e+01 4.674699999999999818e+03
6.260000000000000000e+02 4.674650000000000546e+03
7.700000000000000000e+02 4.674800000000000182e+03
5.860000000000000000e+02 4.674900000000000546e+03
7.400000000000000000e+01 4.675150000000000546e+03
2.660000000000000000e+02 4.675150000000000546e+03
3.400000000000000000e+01 4.675300000000000182e+03
2.420000000000000000e+02 4.675300000000000182e+03
4.500000000000000000e+02 4.675300000000000182e+03
4.980000000000000000e+02 4.675250000000000000e+03
3.060000000000000000e+02 4.675400000000000546e+03
6.420000000000000000e+02 4.675350000000000364e+03
1.140000000000000000e+02 4.675500000000000000e+03
1.800000000000000000e+01 4.675600000000000364e+03
2.020000000000000000e+02 4.675550000000000182e+03
6.980000000000000000e+02 4.675600000000000364e+03
3.380000000000000000e+02 4.675699999999999818e+03
4.820000000000000000e+02 4.675699999999999818e+03
6.020000000000000000e+02 4.675650000000000546e+03
6.820000000000000000e+02 4.675650000000000546e+03
7.380000000000000000e+02 4.675699999999999818e+03
3.780000000000000000e+02 4.675800000000000182e+03
6.740000000000000000e+02 4.675750000000000000e+03
1.620000000000000000e+02 4.675900000000000546e+03
4.180000000000000000e+02 4.675900000000000546e+03
4.100000000000000000e+02 4.676000000000000000e+03
3.300000000000000000e+02 4.676100000000000364e+03
5.460000000000000000e+02 4.676050000000000182e+03
2.180000000000000000e+02 4.676199999999999818e+03
3.860000000000000000e+02 4.676199999999999818e+03
6.600000000000000000e+01 4.676300000000000182e+03
1.220000000000000000e+02 4.676300000000000182e+03
8.200000000000000000e+01 4.676350000000000364e+03
1.780000000000000000e+02 4.676400000000000546e+03
2.260000000000000000e+02 4.676400000000000546e+03
3.220000000000000000e+02 4.676350000000000364e+03
4.660000000000000000e+02 4.676350000000000364e+03
7.460000000000000000e+02 4.676400000000000546e+03
7.860000000000000000e+02 4.676350000000000364e+03
9.000000000000000000e+01 4.676500000000000000e+03
2.740000000000000000e+02 4.676500000000000000e+03
2.980000000000000000e+02 4.676500000000000000e+03
1.000000000000000000e+01 4.676550000000000182e+03
4.580000000000000000e+02 4.676600000000000364e+03
5.300000000000000000e+02 4.676600000000000364e+03
7.300000000000000000e+02 4.676550000000000182e+03
7.620000000000000000e+02 4.676550000000000182e+03
4.740000000000000000e+02 4.676699999999999818e+03
5.060000000000000000e+02 4.676699999999999818e+03
6.660000000000000000e+02 4.676650000000000546e+03
7.940000000000000000e+02 4.676699999999999818e+03
1.700000000000000000e+02 4.676800000000000182e+03
4.420000000000000000e+02 4.676750000000000000e+03
6.340000000000000000e+02 4.676800000000000182e+03
6.900000000000000000e+02 4.676800000000000182e+03
1.380000000000000000e+02 4.676850000000000364e+03
2.820000000000000000e+02 4.676900000000000546e+03
3.620000000000000000e+02 4.676850000000000364e+03
4.340000000000000000e+02 4.676850000000000364e+03
5.380000000000000000e+02 4.676850000000000364e+03
2.340000000000000000e+02 4.677000000000000000e+03
5.780000000000000000e+02 4.676949999999999818e+03
6.580000000000000000e+02 4.676949999999999818e+03
5.800000000000000000e+01 4.677050000000000182e+03
2.900000000000000000e+02 4.677100000000000364e+03
5.140000000000000000e+02 4.677050000000000182e+03
5.540000000000000000e+02 4.677100000000000364e+03
6.500000000000000000e+02 4.677100000000000364e+03
5.000000000000000000e+01 4.677199999999999818e+03
5.220000000000000000e+02 4.677150000000000546e+03
7.540000000000000000e+02 4.677199999999999818e+03
1.060000000000000000e+02 4.677250000000000000e+03
3.460000000000000000e+02 4.677300000000000182e+03
1.940000000000000000e+02 4.677350000000000364e+03
2.500000000000000000e+02 4.677350000000000364e+03
5.940000000000000000e+02 4.677350000000000364e+03
1.540000000000000000e+02 4.677500000000000000e+03
2.580000000000000000e+02 4.686900000000000546e+03
1.800000000000000000e+01 4.686949999999999818e+03
3.460000000000000000e+02 4.687100000000000364e+03
3.060000000000000000e+02 4.690350000000000364e+03
1.540000000000000000e+02 4.693350000000000364e+03
6.900000000000000000e+02 4.694000000000000000e+03
3.300000000000000000e+02 4.694300000000000182e+03
3.940000000000000000e+02 4.694449999999999818e+03
2.740000000000000000e+02 4.696150000000000546e+03
6.180000000000000000e+02 4.704199999999999818e+03
3.060000000000000000e+02 4.714850000000000364e+03
3.400000000000000000e+01 4.718500000000000000e+03
1.220000000000000000e+02 4.721500000000000000e+03
3.220000000000000000e+02 4.721500000000000000e+03
3.380000000000000000e+02 4.722750000000000000e+03
4.020000000000000000e+02 4.728000000000000000e+03
4.580000000000000000e+02 4.729250000000000000e+03
4.740000000000000000e+02 4.730350000000000364e+03
5.060000000000000000e+02 4.730650000000000546e+03
8.200000000000000000e+01 4.730800000000000182e+03
4.340000000000000000e+02 4.731150000000000546e+03
2.580000000000000000e+02 4.731400000000000546e+03
3.460000000000000000e+02 4.731400000000000546e+03
1.460000000000000000e+02 4.731850000000000364e+03
4.420000000000000000e+02 4.732500000000000000e+03
4.820000000000000000e+02 4.733400000000000546e+03
2.260000000000000000e+02 4.739699999999999818e+03
3.780000000000000000e+02 4.747800000000000182e+03
1.460000000000000000e+02 4.751500000000000000e+03
3.300000000000000000e+02 4.756949999999999818e+03
4.660000000000000000e+02 4.759600000000000364e+03
2.180000000000000000e+02 4.763250000000000000e+03
1.540000000000000000e+02 4.768150000000000546e+03
4.980000000000000000e+02 4.774300000000000182e+03
2.740000000000000000e+02 4.793650000000000546e+03
1.000000000000000000e+01 4.801699999999999818e+03
7.780000000000000000e+02 4.809699999999999818e+03
4.100000000000000000e+02 4.810850000000000364e+03
1.700000000000000000e+02 4.819400000000000546e+03
3.540000000000000000e+02 4.825100000000000364e+03
2.500000000000000000e+02 4.839900000000000546e+03
3.400000000000000000e+01 4.844699999999999818e+03
2.340000000000000000e+02 4.847500000000000000e+03
5.700000000000000000e+02 4.849199999999999818e+03
6.420000000000000000e+02 4.856100000000000364e+03
1.000000000000000000e+01 4.861949999999999818e+03
2.260000000000000000e+02 4.862100000000000364e+03
2.820000000000000000e+02 4.872100000000000364e+03
1.780000000000000000e+02 4.883850000000000364e+03
7.060000000000000000e+02 4.896449999999999818e+03
7.860000000000000000e+02 4.907800000000000182e+03
6.180000000000000000e+02 4.920300000000000182e+03
1.300000000000000000e+02 4.920949999999999818e+03
7.940000000000000000e+02 4.928750000000000000e+03
1.800000000000000000e+01 4.935550000000000182e+03
9.000000000000000000e+01 4.937350000000000364e+03
3.620000000000000000e+02 4.943449999999999818e+03
3.380000000000000000e+02 4.945550000000000182e+03
4.340000000000000000e+02 4.946199999999999818e+03
7.780000000000000000e+02 4.946699999999999818e+03
2.020000000000000000e+02 4.947400000000000546e+03
1.460000000000000000e+02 4.948750000000000000e+03
5.220000000000000000e+02 4.949050000000000182e+03
9.000000000000000000e+01 4.950000000000000000e+03
7.540000000000000000e+02 4.950199999999999818e+03
1.540000000000000000e+02 4.950449999999999818e+03
9.800000000000000000e+01 4.951650000000000546e+03
4.180000000000000000e+02 4.951750000000000000e+03
6.740000000000000000e+02 4.952949999999999818e+03
7.400000000000000000e+01 4.953150000000000546e+03
1.940000000000000000e+02 4.953199999999999818e+03
6.100000000000000000e+02 4.953550000000000182e+03
2.340000000000000000e+02 4.954050000000000182e+03
5.380000000000000000e+02 4.954150000000000546e+03
7.380000000000000000e+02 4.954300000000000182e+03
3.400000000000000000e+01 4.954600000000000364e+03
1.380000000000000000e+02 4.954550000000000182e+03
2.420000000000000000e+02 4.954750000000000000e+03
4.200000000000000000e+01 4.954900000000000546e+03
5.540000000000000000e+02 4.954850000000000364e+03
7.940000000000000000e+02 4.954949999999999818e+03
4.020000000000000000e+02 4.955100000000000364e+03
3.060000000000000000e+02 4.955300000000000182e+03
7.620000000000000000e+02 4.955300000000000182e+03
2.580000000000000000e+02 4.955400000000000546e+03
5.460000000000000000e+02 4.955550000000000182e+03
3.460000000000000000e+02 4.955750000000000000e+03
4.420000000000000000e+02 4.955800000000000182e+03
1.060000000000000000e+02 4.955850000000000364e+03
5.700000000000000000e+02 4.955850000000000364e+03
1.700000000000000000e+02 4.955949999999999818e+03
1.860000000000000000e+02 4.956000000000000000e+03
5.220000000000000000e+02 4.955949999999999818e+03
6.020000000000000000e+02 4.956150000000000546e+03
7.300000000000000000e+02 4.956199999999999818e+03
1.000000000000000000e+01 4.956300000000000182e+03
5.300000000000000000e+02 4.956300000000000182e+03
5.780000000000000000e+02 4.956300000000000182e+03
7.700000000000000000e+02 4.956300000000000182e+03
6.600000000000000000e+01 4.956350000000000364e+03
3.540000000000000000e+02 4.956400000000000546e+03
6.660000000000000000e+02 4.956350000000000364e+03
6.580000000000000000e+02 4.956600000000000364e+03
2.180000000000000000e+02 4.956699999999999818e+03
3.300000000000000000e+02 4.956650000000000546e+03
2.600000000000000000e+01 4.956750000000000000e+03
3.220000000000000000e+02 4.956800000000000182e+03
3.380000000000000000e+02 4.956750000000000000e+03
4.740000000000000000e+02 4.956800000000000182e+03
6.260000000000000000e+02 4.956750000000000000e+03
2.500000000000000000e+02 4.956850000000000364e+03
5.800000000000000000e+01 4.957000000000000000e+03
7.400000000000000000e+01 4.957000000000000000e+03
2.100000000000000000e+02 4.957000000000000000e+03
2.740000000000000000e+02 4.956949999999999818e+03
1.300000000000000000e+02 4.957100000000000364e+03
2.020000000000000000e+02 4.957100000000000364e+03
4.100000000000000000e+02 4.957050000000000182e+03
4.820000000000000000e+02 4.957050000000000182e+03
1.780000000000000000e+02 4.957150000000000546e+03
4.340000000000000000e+02 4.957150000000000546e+03
4.660000000000000000e+02 4.957199999999999818e+03
4.900000000000000000e+02 4.957199999999999818e+03
6.500000000000000000e+02 4.957150000000000546e+03
7.780000000000000000e+02 4.957150000000000546e+03
8.200000000000000000e+01 4.957300000000000182e+03
9.000000000000000000e+01 4.957300000000000182e+03
2.900000000000000000e+02 4.957250000000000000e+03
2.980000000000000000e+02 4.957250000000000000e+03
1.800000000000000000e+01 4.957400000000000546e+03
5.000000000000000000e+01 4.957400000000000546e+03
3.140000000000000000e+02 4.957400000000000546e+03
3.700000000000000000e+02 4.957350000000000364e+03
4.260000000000000000e+02 4.957400000000000546e+03
4.980000000000000000e+02 4.957350000000000364e+03
5.060000000000000000e+02 4.957400000000000546e+03
5.140000000000000000e+02 4.957350000000000364e+03
1.140000000000000000e+02 4.957449999999999818e+03
1.220000000000000000e+02 4.957500000000000000e+03
1.940000000000000000e+02 4.957500000000000000e+03
3.620000000000000000e+02 4.957449999999999818e+03
2.260000000000000000e+02 4.957550000000000182e+03
6.420000000000000000e+02 4.957600000000000364e+03
7.460000000000000000e+02 4.957650000000000546e+03
5.860000000000000000e+02 4.957800000000000182e+03
2.000000000000000000e+00 4.957850000000000364e+03
4.180000000000000000e+02 4.957900000000000546e+03
6.740000000000000000e+02 4.957900000000000546e+03
6.820000000000000000e+02 4.957900000000000546e+03
7.860000000000000000e+02 4.957850000000000364e+03
9.800000000000000000e+01 4.958000000000000000e+03
1.380000000000000000e+02 4.958000000000000000e+03
2.340000000000000000e+02 4.958000000000000000e+03
2.820000000000000000e+02 4.957949999999999818e+03
2.420000000000000000e+02 4.958050000000000182e+03
2.660000000000000000e+02 4.958100000000000364e+03
3.780000000000000000e+02 4.958199999999999818e+03
5.540000000000000000e+02 4.958150000000000546e+03
5.940000000000000000e+02 4.958150000000000546e+03
6.900000000000000000e+02 4.958199999999999818e+03
7.060000000000000000e+02 4.966750000000000000e+03
1.140000000000000000e+02 4.967850000000000364e+03
1.700000000000000000e+02 4.969100000000000364e+03
3.540000000000000000e+02 4.969300000000000182e+03
3.300000000000000000e+02 4.970400000000000546e+03
9.000000000000000000e+01 4.971400000000000546e+03
2.600000000000000000e+01 4.975500000000000000e+03
5.700000000000000000e+02 4.976050000000000182e+03
3.700000000000000000e+02 4.991750000000000000e+03
1.940000000000000000e+02 4.994350000000000364e+03
7.380000000000000000e+02 4.995100000000000364e+03
4.100000000000000000e+02 4.995449999999999818e+03
1.000000000000000000e+01 5.004199999999999818e+03
3.060000000000000000e+02 5.005800000000000182e+03
3.460000000000000000e+02 5.008699999999999818e+03
6.600000000000000000e+01 5.016350000000000364e+03
2.000000000000000000e+00 5.034650000000000546e+03
4.100000000000000000e+02 5.043850000000000364e+03
3.220000000000000000e+02 5.056100000000000364e+03
7.400000000000000000e+01 5.065350000000000364e+03
3.380000000000000000e+02 5.104750000000000000e+03
7.400000000000000000e+01 5.123699999999999818e+03
7.140000000000000000e+02 5.125750000000000000e+03
6.740000000000000000e+02 5.132050000000000182e+03
4.980000000000000000e+02 5.136300000000000182e+03
7.380000000000000000e+02 5.139949999999999818e+03
2.980000000000000000e+02 5.150250000000000000e+03
7.060000000000000000e+02 5.155750000000000000e+03
1.380000000000000000e+02 5.188900000000000546e+03
4.660000000000000000e+02 5.192949999999999818e+03
7.140000000000000000e+02 5.199600000000000364e+03
4.980000000000000000e+02 5.216000000000000000e+03
3.700000000000000000e+02 5.283250000000000000e+03
2.100000000000000000e+02 5.288500000000000000e+03
6.020000000000000000e+02 5.303500000000000000e+03
4.900000000000000000e+02 5.392250000000000000e+03
5.700000000000000000e+02 5.438400000000000546e+03
6.980000000000000000e+02 5.456949999999999818e+03
7.700000000000000000e+02 5.502000000000000000e+03
3.780000000000000000e+02 5.576650000000000546e+03
2.000000000000000000e+00 5.591250000000000000e+03
1.300000000000000000e+02 5.591449999999999818e+03
4.660000000000000000e+02 5.591600000000000364e+03
6.260000000000000000e+02 5.596150000000000546e+03
4.420000000000000000e+02 5.635850000000000364e+03
7.060000000000000000e+02 5.637100000000000364e+03
6.740000000000000000e+02 5.659699999999999818e+03
6.820000000000000000e+02 5.679199999999999818e+03
2.820000000000000000e+02 5.717800000000000182e+03
2.740000000000000000e+02 5.739000000000000000e+03
6.260000000000000000e+02 5.770699999999999818e+03
3.220000000000000000e+02 5.779750000000000000e+03
5.860000000000000000e+02 5.780150000000000546e+03
2.900000000000000000e+02 5.884500000000000000e+03
9.000000000000000000e+01 5.912100000000000364e+03
7.780000000000000000e+02 5.953050000000000182e+03
7.780000000000000000e+02 5.985300000000000182e+03
7.150000000000000000e+02 1.091500000000000057e+02
1.710000000000000000e+02 1.250499999999999972e+02
3.310000000000000000e+02 1.339499999999999886e+02
4.270000000000000000e+02 1.348000000000000114e+02
6.190000000000000000e+02 1.565999999999999943e+02
3.390000000000000000e+02 1.692000000000000171e+02
3.550000000000000000e+02 1.697500000000000000e+02
3.500000000000000000e+01 1.980000000000000000e+02
2.110000000000000000e+02 2.119500000000000171e+02
4.030000000000000000e+02 2.340999999999999943e+02
6.270000000000000000e+02 3.099499999999999886e+02
4.350000000000000000e+02 3.681999999999999886e+02
5.790000000000000000e+02 3.955500000000000114e+02
6.990000000000000000e+02 3.966999999999999886e+02
2.910000000000000000e+02 4.111000000000000227e+02
4.270000000000000000e+02 4.165500000000000114e+02
7.230000000000000000e+02 4.361500000000000341e+02
4.110000000000000000e+02 4.713000000000000114e+02
1.390000000000000000e+02 5.030000000000000000e+02
1.630000000000000000e+02 5.797500000000000000e+02
4.300000000000000000e+01 5.966499999999999773e+02
5.390000000000000000e+02 6.763000000000000682e+02
2.190000000000000000e+02 6.783500000000000227e+02
3.870000000000000000e+02 6.785500000000000682e+02
3.630000000000000000e+02 6.886499999999999773e+02
1.630000000000000000e+02 7.998000000000000682e+02
1.230000000000000000e+02 8.124500000000000455e+02
2.670000000000000000e+02 8.472500000000000000e+02
1.630000000000000000e+02 8.643500000000000227e+02
3.070000000000000000e+02 8.738500000000000227e+02
5.150000000000000000e+02 8.878500000000000227e+02
6.030000000000000000e+02 9.223999999999999773e+02
2.430000000000000000e+02 9.387500000000000000e+02
7.470000000000000000e+02 9.412500000000000000e+02
1.470000000000000000e+02 9.472500000000000000e+02
9.100000000000000000e+01 9.499500000000000455e+02
6.990000000000000000e+02 9.611499999999999773e+02
7.550000000000000000e+02 1.003750000000000000e+03
5.470000000000000000e+02 1.013350000000000023e+03
1.230000000000000000e+02 1.026599999999999909e+03
3.870000000000000000e+02 1.040750000000000000e+03
5.150000000000000000e+02 1.076950000000000045e+03
7.150000000000000000e+02 1.098900000000000091e+03
3.310000000000000000e+02 1.118650000000000091e+03
4.350000000000000000e+02 1.141250000000000000e+03
4.190000000000000000e+02 1.150650000000000091e+03
5.630000000000000000e+02 1.196049999999999955e+03
5.100000000000000000e+01 1.229350000000000136e+03
5.550000000000000000e+02 1.265750000000000000e+03
7.870000000000000000e+02 1.284600000000000136e+03
5.070000000000000000e+02 1.326650000000000091e+03
3.710000000000000000e+02 1.340450000000000045e+03
6.670000000000000000e+02 1.340850000000000136e+03
3.630000000000000000e+02 1.353549999999999955e+03
3.000000000000000000e+00 1.367200000000000045e+03
7.870000000000000000e+02 1.392950000000000045e+03
6.750000000000000000e+02 1.439400000000000091e+03
6.190000000000000000e+02 1.455299999999999955e+03
3.000000000000000000e+00 1.476150000000000091e+03
9.100000000000000000e+01 1.495700000000000045e+03
1.630000000000000000e+02 1.509900000000000091e+03
1.870000000000000000e+02 1.516200000000000045e+03
2.510000000000000000e+02 1.520600000000000136e+03
4.750000000000000000e+02 1.523600000000000136e+03
5.070000000000000000e+02 1.546900000000000091e+03
4.430000000000000000e+02 1.598700000000000045e+03
1.230000000000000000e+02 1.601650000000000091e+03
2.990000000000000000e+02 1.646400000000000091e+03
2.910000000000000000e+02 1.668000000000000000e+03
7.500000000000000000e+01 1.674000000000000000e+03
4.670000000000000000e+02 1.681900000000000091e+03
4.750000000000000000e+02 1.695500000000000000e+03
1.310000000000000000e+02 1.720100000000000136e+03
5.950000000000000000e+02 1.737799999999999955e+03
3.230000000000000000e+02 1.754799999999999955e+03
9.100000000000000000e+01 1.767299999999999955e+03
6.350000000000000000e+02 1.767250000000000000e+03
7.310000000000000000e+02 1.768100000000000136e+03
1.310000000000000000e+02 1.771900000000000091e+03
6.910000000000000000e+02 1.777250000000000000e+03
1.150000000000000000e+02 1.788750000000000000e+03
3.630000000000000000e+02 1.791750000000000000e+03
4.270000000000000000e+02 1.826200000000000045e+03
6.350000000000000000e+02 1.864400000000000091e+03
2.910000000000000000e+02 1.875049999999999955e+03
7.870000000000000000e+02 1.876000000000000000e+03
1.070000000000000000e+02 1.890350000000000136e+03
6.030000000000000000e+02 1.910350000000000136e+03
2.830000000000000000e+02 1.936750000000000000e+03
3.000000000000000000e+00 1.942400000000000091e+03
3.150000000000000000e+02 1.943650000000000091e+03
1.870000000000000000e+02 1.951000000000000000e+03
1.150000000000000000e+02 2.065750000000000000e+03
5.070000000000000000e+02 2.071849999999999909e+03
7.150000000000000000e+02 2.079500000000000000e+03
2.350000000000000000e+02 2.083050000000000182e+03
1.470000000000000000e+02 2.091900000000000091e+03
4.430000000000000000e+02 2.111050000000000182e+03
2.700000000000000000e+01 2.138500000000000000e+03
3.000000000000000000e+00 2.146300000000000182e+03
1.870000000000000000e+02 2.220200000000000273e+03
1.550000000000000000e+02 2.233550000000000182e+03
6.700000000000000000e+01 2.254849999999999909e+03
3.790000000000000000e+02 2.315500000000000000e+03
6.350000000000000000e+02 2.333450000000000273e+03
4.270000000000000000e+02 2.345750000000000000e+03
1.950000000000000000e+02 2.346550000000000182e+03
2.270000000000000000e+02 2.362050000000000182e+03
1.710000000000000000e+02 2.379250000000000000e+03
1.150000000000000000e+02 2.390700000000000273e+03
5.150000000000000000e+02 2.393150000000000091e+03
4.110000000000000000e+02 2.395700000000000273e+03
4.270000000000000000e+02 2.396550000000000182e+03
1.310000000000000000e+02 2.405349999999999909e+03
4.510000000000000000e+02 2.416300000000000182e+03
2.910000000000000000e+02 2.418900000000000091e+03
6.510000000000000000e+02 2.428200000000000273e+03
7.790000000000000000e+02 2.438349999999999909e+03
6.110000000000000000e+02 2.453800000000000182e+03
7.230000000000000000e+02 2.566900000000000091e+03
1.100000000000000000e+01 2.569500000000000000e+03
1.310000000000000000e+02 2.578849999999999909e+03
6.990000000000000000e+02 2.598150000000000091e+03
6.990000000000000000e+02 2.629000000000000000e+03
1.950000000000000000e+02 2.691150000000000091e+03
3.550000000000000000e+02 2.739150000000000091e+03
2.750000000000000000e+02 2.764750000000000000e+03
1.100000000000000000e+01 2.780599999999999909e+03
3.550000000000000000e+02 2.793349999999999909e+03
4.590000000000000000e+02 2.829000000000000000e+03
6.590000000000000000e+02 2.834900000000000091e+03
1.470000000000000000e+02 2.838400000000000091e+03
1.390000000000000000e+02 2.848349999999999909e+03
4.750000000000000000e+02 2.876550000000000182e+03
2.270000000000000000e+02 2.909099999999999909e+03
7.630000000000000000e+02 2.931000000000000000e+03
7.630000000000000000e+02 2.956750000000000000e+03
3.950000000000000000e+02 2.988200000000000273e+03
6.190000000000000000e+02 2.992050000000000182e+03
2.670000000000000000e+02 3.003150000000000091e+03
7.070000000000000000e+02 3.005349999999999909e+03
5.900000000000000000e+01 3.005700000000000273e+03
2.350000000000000000e+02 3.006200000000000273e+03
2.700000000000000000e+01 3.006700000000000273e+03
6.830000000000000000e+02 3.008450000000000273e+03
1.390000000000000000e+02 3.008900000000000091e+03
7.710000000000000000e+02 3.009500000000000000e+03
2.190000000000000000e+02 3.009750000000000000e+03
2.270000000000000000e+02 3.010050000000000182e+03
1.710000000000000000e+02 3.010349999999999909e+03
5.470000000000000000e+02 3.010500000000000000e+03
2.110000000000000000e+02 3.010599999999999909e+03
5.230000000000000000e+02 3.011050000000000182e+03
3.950000000000000000e+02 3.011349999999999909e+03
4.990000000000000000e+02 3.011450000000000273e+03
6.350000000000000000e+02 3.011599999999999909e+03
3.500000000000000000e+01 3.011700000000000273e+03
5.900000000000000000e+01 3.011650000000000091e+03
9.100000000000000000e+01 3.012000000000000000e+03
1.900000000000000000e+01 3.012050000000000182e+03
6.510000000000000000e+02 3.012050000000000182e+03
9.900000000000000000e+01 3.012150000000000091e+03
3.790000000000000000e+02 3.012650000000000091e+03
6.030000000000000000e+02 3.012650000000000091e+03
7.310000000000000000e+02 3.013000000000000000e+03
4.030000000000000000e+02 3.014150000000000091e+03
2.910000000000000000e+02 3.014300000000000182e+03
3.630000000000000000e+02 3.014400000000000091e+03
7.550000000000000000e+02 3.014400000000000091e+03
1.310000000000000000e+02 3.014450000000000273e+03
3.550000000000000000e+02 3.014500000000000000e+03
5.310000000000000000e+02 3.014849999999999909e+03
3.230000000000000000e+02 3.015050000000000182e+03
5.710000000000000000e+02 3.015800000000000182e+03
2.830000000000000000e+02 3.015950000000000273e+03
6.670000000000000000e+02 3.015950000000000273e+03
6.910000000000000000e+02 3.016099999999999909e+03
4.670000000000000000e+02 3.016200000000000273e+03
7.790000000000000000e+02 3.017099999999999909e+03
3.000000000000000000e+00 3.017700000000000273e+03
1.470000000000000000e+02 3.018000000000000000e+03
2.350000000000000000e+02 3.018050000000000182e+03
4.590000000000000000e+02 3.018099999999999909e+03
3.870000000000000000e+02 3.018200000000000273e+03
4.910000000000000000e+02 3.018150000000000091e+03
1.950000000000000000e+02 3.018599999999999909e+03
4.750000000000000000e+02 3.018599999999999909e+03
8.300000000000000000e+01 3.019200000000000273e+03
3.950000000000000000e+02 3.019300000000000182e+03
1.630000000000000000e+02 3.019599999999999909e+03
4.270000000000000000e+02 3.019550000000000182e+03
5.790000000000000000e+02 3.019650000000000091e+03
2.190000000000000000e+02 3.019750000000000000e+03
5.100000000000000000e+01 3.019900000000000091e+03
3.630000000000000000e+02 3.019900000000000091e+03
7.390000000000000000e+02 3.020650000000000091e+03
7.870000000000000000e+02 3.020750000000000000e+03
6.590000000000000000e+02 3.020849999999999909e+03
1.230000000000000000e+02 3.021050000000000182e+03
7.230000000000000000e+02 3.021099999999999909e+03
6.110000000000000000e+02 3.021500000000000000e+03
6.990000000000000000e+02 3.021599999999999909e+03
4.350000000000000000e+02 3.021900000000000091e+03
9.100000000000000000e+01 3.021950000000000273e+03
2.990000000000000000e+02 3.022500000000000000e+03
3.710000000000000000e+02 3.022650000000000091e+03
2.110000000000000000e+02 3.023050000000000182e+03
7.150000000000000000e+02 3.023250000000000000e+03
1.070000000000000000e+02 3.023550000000000182e+03
4.030000000000000000e+02 3.026349999999999909e+03
5.070000000000000000e+02 3.026349999999999909e+03
5.100000000000000000e+01 3.027500000000000000e+03
1.790000000000000000e+02 3.027450000000000273e+03
3.470000000000000000e+02 3.027500000000000000e+03
3.230000000000000000e+02 3.027800000000000182e+03
5.710000000000000000e+02 3.028150000000000091e+03
5.150000000000000000e+02 3.028400000000000091e+03
5.630000000000000000e+02 3.028599999999999909e+03
5.900000000000000000e+01 3.028800000000000182e+03
2.510000000000000000e+02 3.028950000000000273e+03
3.070000000000000000e+02 3.029500000000000000e+03
4.830000000000000000e+02 3.029700000000000273e+03
2.430000000000000000e+02 3.029800000000000182e+03
1.630000000000000000e+02 3.029900000000000091e+03
1.230000000000000000e+02 3.030150000000000091e+03
2.750000000000000000e+02 3.030500000000000000e+03
1.310000000000000000e+02 3.030550000000000182e+03
1.710000000000000000e+02 3.030700000000000273e+03
6.190000000000000000e+02 3.030650000000000091e+03
6.510000000000000000e+02 3.030700000000000273e+03
4.300000000000000000e+01 3.030750000000000000e+03
7.550000000000000000e+02 3.030750000000000000e+03
2.110000000000000000e+02 3.030849999999999909e+03
7.950000000000000000e+02 3.030900000000000091e+03
6.030000000000000000e+02 3.030950000000000273e+03
7.310000000000000000e+02 3.031000000000000000e+03
3.710000000000000000e+02 3.031050000000000182e+03
7.390000000000000000e+02 3.031099999999999909e+03
1.100000000000000000e+01 3.031250000000000000e+03
7.790000000000000000e+02 3.031300000000000182e+03
3.000000000000000000e+00 3.031500000000000000e+03
4.270000000000000000e+02 3.031450000000000273e+03
1.070000000000000000e+02 3.031550000000000182e+03
6.910000000000000000e+02 3.031550000000000182e+03
6.750000000000000000e+02 3.032349999999999909e+03
4.590000000000000000e+02 3.034849999999999909e+03
6.700000000000000000e+01 3.036700000000000273e+03
1.470000000000000000e+02 3.039300000000000182e+03
2.700000000000000000e+01 3.039650000000000091e+03
9.100000000000000000e+01 3.039800000000000182e+03
4.030000000000000000e+02 3.040400000000000091e+03
2.990000000000000000e+02 3.040500000000000000e+03
6.030000000000000000e+02 3.040700000000000273e+03
1.550000000000000000e+02 3.040900000000000091e+03
3.790000000000000000e+02 3.041650000000000091e+03
1.390000000000000000e+02 3.043250000000000000e+03
4.350000000000000000e+02 3.043900000000000091e+03
7.470000000000000000e+02 3.044450000000000273e+03
6.350000000000000000e+02 3.045849999999999909e+03
3.390000000000000000e+02 3.048400000000000091e+03
6.700000000000000000e+01 3.048450000000000273e+03
6.510000000000000000e+02 3.049599999999999909e+03
5.230000000000000000e+02 3.050250000000000000e+03
8.300000000000000000e+01 3.050400000000000091e+03
3.790000000000000000e+02 3.050550000000000182e+03
7.500000000000000000e+01 3.050750000000000000e+03
5.390000000000000000e+02 3.051150000000000091e+03
5.900000000000000000e+01 3.051400000000000091e+03
3.550000000000000000e+02 3.051500000000000000e+03
5.950000000000000000e+02 3.051599999999999909e+03
1.100000000000000000e+01 3.051650000000000091e+03
4.830000000000000000e+02 3.051750000000000000e+03
6.670000000000000000e+02 3.051900000000000091e+03
7.790000000000000000e+02 3.051900000000000091e+03
5.070000000000000000e+02 3.051950000000000273e+03
3.500000000000000000e+01 3.052200000000000273e+03
6.990000000000000000e+02 3.052150000000000091e+03
1.070000000000000000e+02 3.052250000000000000e+03
4.750000000000000000e+02 3.052500000000000000e+03
1.710000000000000000e+02 3.052599999999999909e+03
3.870000000000000000e+02 3.052599999999999909e+03
2.750000000000000000e+02 3.053000000000000000e+03
7.630000000000000000e+02 3.060150000000000091e+03
6.110000000000000000e+02 3.060849999999999909e+03
1.390000000000000000e+02 3.060950000000000273e+03
2.270000000000000000e+02 3.061700000000000273e+03
7.390000000000000000e+02 3.062300000000000182e+03
4.510000000000000000e+02 3.062349999999999909e+03
1.870000000000000000e+02 3.062599999999999909e+03
6.270000000000000000e+02 3.062700000000000273e+03
2.030000000000000000e+02 3.063000000000000000e+03
4.670000000000000000e+02 3.062950000000000273e+03
4.750000000000000000e+02 3.063150000000000091e+03
4.300000000000000000e+01 3.063650000000000091e+03
5.150000000000000000e+02 3.064150000000000091e+03
2.430000000000000000e+02 3.066050000000000182e+03
3.950000000000000000e+02 3.068050000000000182e+03
2.110000000000000000e+02 3.070849999999999909e+03
3.630000000000000000e+02 3.071950000000000273e+03
1.150000000000000000e+02 3.072300000000000182e+03
5.150000000000000000e+02 3.072500000000000000e+03
7.070000000000000000e+02 3.072650000000000091e+03
7.790000000000000000e+02 3.072800000000000182e+03
3.500000000000000000e+01 3.073000000000000000e+03
1.230000000000000000e+02 3.073300000000000182e+03
3.550000000000000000e+02 3.073450000000000273e+03
5.230000000000000000e+02 3.073550000000000182e+03
3.790000000000000000e+02 3.076300000000000182e+03
7.550000000000000000e+02 3.076349999999999909e+03
3.310000000000000000e+02 3.077000000000000000e+03
4.590000000000000000e+02 3.077300000000000182e+03
1.550000000000000000e+02 3.077400000000000091e+03
8.300000000000000000e+01 3.077500000000000000e+03
2.590000000000000000e+02 3.078450000000000273e+03
2.750000000000000000e+02 3.080650000000000091e+03
4.190000000000000000e+02 3.080700000000000273e+03
6.590000000000000000e+02 3.081800000000000182e+03
7.950000000000000000e+02 3.082800000000000182e+03
3.470000000000000000e+02 3.082900000000000091e+03
7.230000000000000000e+02 3.083400000000000091e+03
3.870000000000000000e+02 3.083500000000000000e+03
1.870000000000000000e+02 3.083950000000000273e+03
7.710000000000000000e+02 3.083950000000000273e+03
3.500000000000000000e+01 3.084050000000000182e+03
2.830000000000000000e+02 3.084150000000000091e+03
4.670000000000000000e+02 3.084200000000000273e+03
5.790000000000000000e+02 3.084300000000000182e+03
6.110000000000000000e+02 3.084849999999999909e+03
4.750000000000000000e+02 3.084950000000000273e+03
5.550000000000000000e+02 3.085800000000000182e+03
2.910000000000000000e+02 3.090250000000000000e+03
5.470000000000000000e+02 3.090700000000000273e+03
1.470000000000000000e+02 3.091450000000000273e+03
2.110000000000000000e+02 3.091550000000000182e+03
4.350000000000000000e+02 3.093349999999999909e+03
2.700000000000000000e+01 3.093500000000000000e+03
1.550000000000000000e+02 3.093700000000000273e+03
1.790000000000000000e+02 3.093650000000000091e+03
2.270000000000000000e+02 3.094099999999999909e+03
7.390000000000000000e+02 3.094500000000000000e+03
1.100000000000000000e+01 3.094849999999999909e+03
4.030000000000000000e+02 3.096200000000000273e+03
4.190000000000000000e+02 3.096300000000000182e+03
6.110000000000000000e+02 3.096849999999999909e+03
6.350000000000000000e+02 3.098849999999999909e+03
7.790000000000000000e+02 3.099599999999999909e+03
7.500000000000000000e+01 3.100800000000000182e+03
6.910000000000000000e+02 3.101550000000000182e+03
2.700000000000000000e+01 3.102450000000000273e+03
4.590000000000000000e+02 3.104050000000000182e+03
6.830000000000000000e+02 3.104050000000000182e+03
1.950000000000000000e+02 3.104599999999999909e+03
3.630000000000000000e+02 3.104750000000000000e+03
3.150000000000000000e+02 3.104849999999999909e+03
5.390000000000000000e+02 3.104849999999999909e+03
6.190000000000000000e+02 3.106300000000000182e+03
2.750000000000000000e+02 3.106750000000000000e+03
1.710000000000000000e+02 3.107750000000000000e+03
4.830000000000000000e+02 3.108450000000000273e+03
5.950000000000000000e+02 3.108900000000000091e+03
2.110000000000000000e+02 3.109250000000000000e+03
7.230000000000000000e+02 3.110349999999999909e+03
2.270000000000000000e+02 3.111900000000000091e+03
2.990000000000000000e+02 3.113550000000000182e+03
2.350000000000000000e+02 3.115650000000000091e+03
3.630000000000000000e+02 3.115849999999999909e+03
6.030000000000000000e+02 3.116700000000000273e+03
5.710000000000000000e+02 3.116750000000000000e+03
1.230000000000000000e+02 3.117150000000000091e+03
7.500000000000000000e+01 3.117750000000000000e+03
2.430000000000000000e+02 3.117800000000000182e+03
2.190000000000000000e+02 3.118550000000000182e+03
4.110000000000000000e+02 3.118800000000000182e+03
1.870000000000000000e+02 3.121200000000000273e+03
5.230000000000000000e+02 3.122400000000000091e+03
6.910000000000000000e+02 3.124099999999999909e+03
1.070000000000000000e+02 3.124900000000000091e+03
1.150000000000000000e+02 3.125450000000000273e+03
3.950000000000000000e+02 3.125650000000000091e+03
7.950000000000000000e+02 3.125700000000000273e+03
1.900000000000000000e+01 3.125900000000000091e+03
6.430000000000000000e+02 3.126599999999999909e+03
5.550000000000000000e+02 3.126700000000000273e+03
6.590000000000000000e+02 3.126650000000000091e+03
5.900000000000000000e+01 3.126900000000000091e+03
1.710000000000000000e+02 3.126849999999999909e+03
7.390000000000000000e+02 3.127300000000000182e+03
2.750000000000000000e+02 3.127349999999999909e+03
1.390000000000000000e+02 3.127599999999999909e+03
5.630000000000000000e+02 3.127599999999999909e+03
1.310000000000000000e+02 3.128450000000000273e+03
2.350000000000000000e+02 3.130599999999999909e+03
5.070000000000000000e+02 3.133150000000000091e+03
5.790000000000000000e+02 3.134050000000000182e+03
3.710000000000000000e+02 3.134599999999999909e+03
2.670000000000000000e+02 3.135349999999999909e+03
2.430000000000000000e+02 3.136650000000000091e+03
4.030000000000000000e+02 3.137750000000000000e+03
6.750000000000000000e+02 3.138050000000000182e+03
8.300000000000000000e+01 3.138500000000000000e+03
7.790000000000000000e+02 3.138500000000000000e+03
7.390000000000000000e+02 3.139000000000000000e+03
6.030000000000000000e+02 3.139050000000000182e+03
7.150000000000000000e+02 3.139500000000000000e+03
2.110000000000000000e+02 3.140099999999999909e+03
4.750000000000000000e+02 3.140300000000000182e+03
1.470000000000000000e+02 3.142050000000000182e+03
7.470000000000000000e+02 3.142900000000000091e+03
7.630000000000000000e+02 3.143050000000000182e+03
5.310000000000000000e+02 3.143250000000000000e+03
3.230000000000000000e+02 3.143599999999999909e+03
3.790000000000000000e+02 3.145200000000000273e+03
2.030000000000000000e+02 3.145700000000000273e+03
3.870000000000000000e+02 3.146150000000000091e+03
1.550000000000000000e+02 3.146550000000000182e+03
3.500000000000000000e+01 3.146700000000000273e+03
7.500000000000000000e+01 3.150599999999999909e+03
2.700000000000000000e+01 3.151200000000000273e+03
5.900000000000000000e+01 3.152300000000000182e+03
4.830000000000000000e+02 3.152349999999999909e+03
5.550000000000000000e+02 3.153750000000000000e+03
3.950000000000000000e+02 3.154099999999999909e+03
5.390000000000000000e+02 3.154349999999999909e+03
2.750000000000000000e+02 3.154800000000000182e+03
4.990000000000000000e+02 3.154900000000000091e+03
1.150000000000000000e+02 3.155500000000000000e+03
4.300000000000000000e+01 3.155849999999999909e+03
7.550000000000000000e+02 3.157650000000000091e+03
1.390000000000000000e+02 3.159500000000000000e+03
3.000000000000000000e+00 3.159650000000000091e+03
4.670000000000000000e+02 3.160500000000000000e+03
5.150000000000000000e+02 3.160849999999999909e+03
1.550000000000000000e+02 3.161250000000000000e+03
6.830000000000000000e+02 3.162000000000000000e+03
5.790000000000000000e+02 3.162150000000000091e+03
7.790000000000000000e+02 3.162500000000000000e+03
2.670000000000000000e+02 3.162950000000000273e+03
5.230000000000000000e+02 3.163349999999999909e+03
3.070000000000000000e+02 3.163900000000000091e+03
3.150000000000000000e+02 3.164050000000000182e+03
7.710000000000000000e+02 3.164300000000000182e+03
7.390000000000000000e+02 3.164349999999999909e+03
7.070000000000000000e+02 3.164500000000000000e+03
2.750000000000000000e+02 3.164650000000000091e+03
3.950000000000000000e+02 3.168900000000000091e+03
1.230000000000000000e+02 3.169599999999999909e+03
2.830000000000000000e+02 3.169599999999999909e+03
7.310000000000000000e+02 3.170200000000000273e+03
4.430000000000000000e+02 3.172500000000000000e+03
4.910000000000000000e+02 3.172800000000000182e+03
1.100000000000000000e+01 3.173200000000000273e+03
1.470000000000000000e+02 3.173150000000000091e+03
5.630000000000000000e+02 3.173400000000000091e+03
6.190000000000000000e+02 3.173500000000000000e+03
9.900000000000000000e+01 3.173800000000000182e+03
7.230000000000000000e+02 3.174650000000000091e+03
5.550000000000000000e+02 3.174800000000000182e+03
4.750000000000000000e+02 3.174950000000000273e+03
1.950000000000000000e+02 3.180000000000000000e+03
7.070000000000000000e+02 3.180849999999999909e+03
6.830000000000000000e+02 3.181099999999999909e+03
7.630000000000000000e+02 3.181150000000000091e+03
4.190000000000000000e+02 3.181450000000000273e+03
4.300000000000000000e+01 3.182400000000000091e+03
7.230000000000000000e+02 3.182400000000000091e+03
2.590000000000000000e+02 3.182599999999999909e+03
1.390000000000000000e+02 3.182650000000000091e+03
3.790000000000000000e+02 3.182700000000000273e+03
9.100000000000000000e+01 3.182750000000000000e+03
5.900000000000000000e+01 3.183599999999999909e+03
4.270000000000000000e+02 3.183550000000000182e+03
2.510000000000000000e+02 3.183650000000000091e+03
2.750000000000000000e+02 3.183650000000000091e+03
6.750000000000000000e+02 3.183900000000000091e+03
5.470000000000000000e+02 3.188599999999999909e+03
6.910000000000000000e+02 3.189200000000000273e+03
5.630000000000000000e+02 3.190650000000000091e+03
3.870000000000000000e+02 3.191300000000000182e+03
3.710000000000000000e+02 3.191800000000000182e+03
1.470000000000000000e+02 3.192000000000000000e+03
5.870000000000000000e+02 3.192200000000000273e+03
5.100000000000000000e+01 3.192250000000000000e+03
2.030000000000000000e+02 3.192550000000000182e+03
7.550000000000000000e+02 3.193300000000000182e+03
3.950000000000000000e+02 3.193599999999999909e+03
6.590000000000000000e+02 3.194050000000000182e+03
9.900000000000000000e+01 3.199200000000000273e+03
1.150000000000000000e+02 3.200300000000000182e+03
6.430000000000000000e+02 3.200500000000000000e+03
7.470000000000000000e+02 3.200700000000000273e+03
1.950000000000000000e+02 3.200800000000000182e+03
1.900000000000000000e+01 3.201250000000000000e+03
4.670000000000000000e+02 3.201599999999999909e+03
6.750000000000000000e+02 3.202800000000000182e+03
1.870000000000000000e+02 3.202849999999999909e+03
3.710000000000000000e+02 3.203050000000000182e+03
3.470000000000000000e+02 3.203150000000000091e+03
3.630000000000000000e+02 3.204650000000000091e+03
5.950000000000000000e+02 3.204650000000000091e+03
6.910000000000000000e+02 3.207000000000000000e+03
2.510000000000000000e+02 3.207950000000000273e+03
7.790000000000000000e+02 3.209250000000000000e+03
1.310000000000000000e+02 3.209599999999999909e+03
2.990000000000000000e+02 3.210550000000000182e+03
2.030000000000000000e+02 3.212700000000000273e+03
7.150000000000000000e+02 3.213000000000000000e+03
1.790000000000000000e+02 3.213099999999999909e+03
5.310000000000000000e+02 3.214750000000000000e+03
3.150000000000000000e+02 3.215349999999999909e+03
5.230000000000000000e+02 3.215750000000000000e+03
1.070000000000000000e+02 3.216300000000000182e+03
4.110000000000000000e+02 3.216500000000000000e+03
4.910000000000000000e+02 3.220050000000000182e+03
4.750000000000000000e+02 3.221349999999999909e+03
3.230000000000000000e+02 3.221700000000000273e+03
5.390000000000000000e+02 3.221849999999999909e+03
1.900000000000000000e+01 3.222400000000000091e+03
4.670000000000000000e+02 3.222900000000000091e+03
9.900000000000000000e+01 3.223500000000000000e+03
8.300000000000000000e+01 3.228450000000000273e+03
7.710000000000000000e+02 3.228550000000000182e+03
7.070000000000000000e+02 3.228650000000000091e+03
3.500000000000000000e+01 3.229150000000000091e+03
6.350000000000000000e+02 3.229150000000000091e+03
6.830000000000000000e+02 3.229450000000000273e+03
7.870000000000000000e+02 3.229599999999999909e+03
2.030000000000000000e+02 3.230200000000000273e+03
3.470000000000000000e+02 3.230200000000000273e+03
2.430000000000000000e+02 3.230550000000000182e+03
3.070000000000000000e+02 3.230550000000000182e+03
7.950000000000000000e+02 3.230599999999999909e+03
6.190000000000000000e+02 3.230700000000000273e+03
1.710000000000000000e+02 3.231550000000000182e+03
3.310000000000000000e+02 3.232800000000000182e+03
3.550000000000000000e+02 3.233400000000000091e+03
1.310000000000000000e+02 3.233450000000000273e+03
2.110000000000000000e+02 3.236450000000000273e+03
4.990000000000000000e+02 3.236450000000000273e+03
9.100000000000000000e+01 3.237250000000000000e+03
4.270000000000000000e+02 3.237250000000000000e+03
5.710000000000000000e+02 3.237700000000000273e+03
3.390000000000000000e+02 3.237950000000000273e+03
7.230000000000000000e+02 3.238050000000000182e+03
5.070000000000000000e+02 3.238349999999999909e+03
4.510000000000000000e+02 3.238650000000000091e+03
1.070000000000000000e+02 3.239150000000000091e+03
1.470000000000000000e+02 3.241800000000000182e+03
4.300000000000000000e+01 3.242150000000000091e+03
3.000000000000000000e+00 3.242700000000000273e+03
5.310000000000000000e+02 3.243700000000000273e+03
3.790000000000000000e+02 3.243900000000000091e+03
3.310000000000000000e+02 3.245599999999999909e+03
6.510000000000000000e+02 3.245800000000000182e+03
5.790000000000000000e+02 3.245950000000000273e+03
1.630000000000000000e+02 3.246099999999999909e+03
4.590000000000000000e+02 3.246250000000000000e+03
2.910000000000000000e+02 3.246800000000000182e+03
9.100000000000000000e+01 3.248250000000000000e+03
4.190000000000000000e+02 3.248700000000000273e+03
4.430000000000000000e+02 3.250200000000000273e+03
5.900000000000000000e+01 3.251200000000000273e+03
2.990000000000000000e+02 3.251400000000000091e+03
7.310000000000000000e+02 3.252400000000000091e+03
6.110000000000000000e+02 3.253750000000000000e+03
2.590000000000000000e+02 3.253950000000000273e+03
2.350000000000000000e+02 3.254050000000000182e+03
6.430000000000000000e+02 3.254599999999999909e+03
7.950000000000000000e+02 3.256000000000000000e+03
4.350000000000000000e+02 3.256099999999999909e+03
7.630000000000000000e+02 3.256300000000000182e+03
3.870000000000000000e+02 3.256349999999999909e+03
2.430000000000000000e+02 3.256849999999999909e+03
5.100000000000000000e+01 3.257050000000000182e+03
1.870000000000000000e+02 3.257200000000000273e+03
6.590000000000000000e+02 3.257500000000000000e+03
1.230000000000000000e+02 3.257599999999999909e+03
3.950000000000000000e+02 3.257599999999999909e+03
7.550000000000000000e+02 3.258000000000000000e+03
2.510000000000000000e+02 3.258250000000000000e+03
2.910000000000000000e+02 3.258400000000000091e+03
2.830000000000000000e+02 3.258650000000000091e+03
3.230000000000000000e+02 3.258849999999999909e+03
4.910000000000000000e+02 3.259349999999999909e+03
4.110000000000000000e+02 3.259599999999999909e+03
1.310000000000000000e+02 3.260650000000000091e+03
7.070000000000000000e+02 3.263200000000000273e+03
7.150000000000000000e+02 3.263700000000000273e+03
3.000000000000000000e+00 3.264050000000000182e+03
1.950000000000000000e+02 3.264650000000000091e+03
1.100000000000000000e+01 3.265099999999999909e+03
4.510000000000000000e+02 3.265950000000000273e+03
5.230000000000000000e+02 3.266000000000000000e+03
6.670000000000000000e+02 3.266349999999999909e+03
5.150000000000000000e+02 3.266450000000000273e+03
3.630000000000000000e+02 3.266550000000000182e+03
3.390000000000000000e+02 3.267000000000000000e+03
1.630000000000000000e+02 3.267599999999999909e+03
5.310000000000000000e+02 3.270800000000000182e+03
2.430000000000000000e+02 3.274000000000000000e+03
2.110000000000000000e+02 3.274400000000000091e+03
4.030000000000000000e+02 3.274599999999999909e+03
6.700000000000000000e+01 3.275599999999999909e+03
6.670000000000000000e+02 3.275550000000000182e+03
5.470000000000000000e+02 3.275750000000000000e+03
7.710000000000000000e+02 3.275750000000000000e+03
6.190000000000000000e+02 3.275849999999999909e+03
6.110000000000000000e+02 3.276250000000000000e+03
5.710000000000000000e+02 3.277349999999999909e+03
9.100000000000000000e+01 3.278650000000000091e+03
9.900000000000000000e+01 3.282849999999999909e+03
1.070000000000000000e+02 3.284050000000000182e+03
3.870000000000000000e+02 3.284300000000000182e+03
1.230000000000000000e+02 3.284500000000000000e+03
4.350000000000000000e+02 3.284900000000000091e+03
7.630000000000000000e+02 3.284849999999999909e+03
6.590000000000000000e+02 3.285099999999999909e+03
1.870000000000000000e+02 3.285400000000000091e+03
7.790000000000000000e+02 3.285400000000000091e+03
6.750000000000000000e+02 3.285500000000000000e+03
4.590000000000000000e+02 3.285550000000000182e+03
3.070000000000000000e+02 3.285700000000000273e+03
5.150000000000000000e+02 3.285650000000000091e+03
1.550000000000000000e+02 3.285800000000000182e+03
3.150000000000000000e+02 3.285800000000000182e+03
3.390000000000000000e+02 3.285849999999999909e+03
5.950000000000000000e+02 3.285849999999999909e+03
9.100000000000000000e+01 3.286000000000000000e+03
2.750000000000000000e+02 3.286050000000000182e+03
4.430000000000000000e+02 3.286099999999999909e+03
5.790000000000000000e+02 3.286150000000000091e+03
6.430000000000000000e+02 3.286150000000000091e+03
1.900000000000000000e+01 3.286300000000000182e+03
8.300000000000000000e+01 3.286250000000000000e+03
7.870000000000000000e+02 3.286400000000000091e+03
3.710000000000000000e+02 3.286950000000000273e+03
4.750000000000000000e+02 3.293349999999999909e+03
2.990000000000000000e+02 3.294900000000000091e+03
7.390000000000000000e+02 3.296400000000000091e+03
2.110000000000000000e+02 3.296950000000000273e+03
2.190000000000000000e+02 3.297050000000000182e+03
5.100000000000000000e+01 3.297650000000000091e+03
6.350000000000000000e+02 3.298650000000000091e+03
2.830000000000000000e+02 3.298900000000000091e+03
6.910000000000000000e+02 3.298950000000000273e+03
7.150000000000000000e+02 3.299000000000000000e+03
2.510000000000000000e+02 3.299599999999999909e+03
1.150000000000000000e+02 3.300450000000000273e+03
7.870000000000000000e+02 3.305400000000000091e+03
2.270000000000000000e+02 3.306500000000000000e+03
6.670000000000000000e+02 3.307349999999999909e+03
7.550000000000000000e+02 3.308800000000000182e+03
2.750000000000000000e+02 3.309599999999999909e+03
3.630000000000000000e+02 3.309550000000000182e+03
4.510000000000000000e+02 3.309900000000000091e+03
3.710000000000000000e+02 3.310900000000000091e+03
2.350000000000000000e+02 3.311200000000000273e+03
7.500000000000000000e+01 3.311550000000000182e+03
6.190000000000000000e+02 3.313300000000000182e+03
7.630000000000000000e+02 3.313250000000000000e+03
1.950000000000000000e+02 3.313500000000000000e+03
2.510000000000000000e+02 3.313700000000000273e+03
4.830000000000000000e+02 3.315950000000000273e+03
5.950000000000000000e+02 3.316349999999999909e+03
1.630000000000000000e+02 3.317099999999999909e+03
1.550000000000000000e+02 3.317800000000000182e+03
6.030000000000000000e+02 3.318000000000000000e+03
7.150000000000000000e+02 3.318050000000000182e+03
4.430000000000000000e+02 3.318500000000000000e+03
6.350000000000000000e+02 3.318550000000000182e+03
8.300000000000000000e+01 3.318800000000000182e+03
1.470000000000000000e+02 3.319000000000000000e+03
9.100000000000000000e+01 3.319349999999999909e+03
3.230000000000000000e+02 3.319450000000000273e+03
5.390000000000000000e+02 3.319450000000000273e+03
6.430000000000000000e+02 3.319700000000000273e+03
5.790000000000000000e+02 3.319800000000000182e+03
5.900000000000000000e+01 3.320900000000000091e+03
3.470000000000000000e+02 3.321050000000000182e+03
6.830000000000000000e+02 3.322000000000000000e+03
1.310000000000000000e+02 3.323150000000000091e+03
5.230000000000000000e+02 3.325200000000000273e+03
4.910000000000000000e+02 3.325400000000000091e+03
7.070000000000000000e+02 3.325750000000000000e+03
4.590000000000000000e+02 3.326099999999999909e+03
3.630000000000000000e+02 3.326400000000000091e+03
3.790000000000000000e+02 3.326450000000000273e+03
1.470000000000000000e+02 3.327050000000000182e+03
3.390000000000000000e+02 3.327300000000000182e+03
7.950000000000000000e+02 3.329650000000000091e+03
2.700000000000000000e+01 3.332200000000000273e+03
1.310000000000000000e+02 3.333550000000000182e+03
6.510000000000000000e+02 3.333650000000000091e+03
2.510000000000000000e+02 3.334099999999999909e+03
6.590000000000000000e+02 3.334500000000000000e+03
7.870000000000000000e+02 3.334500000000000000e+03
3.310000000000000000e+02 3.334650000000000091e+03
7.470000000000000000e+02 3.334650000000000091e+03
3.070000000000000000e+02 3.335349999999999909e+03
9.900000000000000000e+01 3.335750000000000000e+03
3.710000000000000000e+02 3.335849999999999909e+03
5.630000000000000000e+02 3.335900000000000091e+03
3.500000000000000000e+01 3.336000000000000000e+03
5.070000000000000000e+02 3.336450000000000273e+03
6.750000000000000000e+02 3.336800000000000182e+03
5.100000000000000000e+01 3.337200000000000273e+03
7.500000000000000000e+01 3.337300000000000182e+03
3.630000000000000000e+02 3.337500000000000000e+03
4.270000000000000000e+02 3.338050000000000182e+03
4.910000000000000000e+02 3.341800000000000182e+03
1.100000000000000000e+01 3.342800000000000182e+03
4.190000000000000000e+02 3.344500000000000000e+03
4.350000000000000000e+02 3.344750000000000000e+03
6.830000000000000000e+02 3.344800000000000182e+03
5.230000000000000000e+02 3.347150000000000091e+03
3.470000000000000000e+02 3.347950000000000273e+03
3.500000000000000000e+01 3.348750000000000000e+03
3.550000000000000000e+02 3.349050000000000182e+03
7.470000000000000000e+02 3.349950000000000273e+03
8.300000000000000000e+01 3.350099999999999909e+03
4.510000000000000000e+02 3.350050000000000182e+03
7.390000000000000000e+02 3.350300000000000182e+03
6.430000000000000000e+02 3.350800000000000182e+03
6.030000000000000000e+02 3.350849999999999909e+03
3.710000000000000000e+02 3.365849999999999909e+03
2.830000000000000000e+02 3.366150000000000091e+03
7.500000000000000000e+01 3.369000000000000000e+03
3.070000000000000000e+02 3.369700000000000273e+03
7.230000000000000000e+02 3.370650000000000091e+03
6.110000000000000000e+02 3.371950000000000273e+03
1.870000000000000000e+02 3.376500000000000000e+03
2.270000000000000000e+02 3.387400000000000091e+03
5.710000000000000000e+02 3.388849999999999909e+03
6.910000000000000000e+02 3.392900000000000091e+03
7.630000000000000000e+02 3.397200000000000273e+03
2.750000000000000000e+02 3.397250000000000000e+03
6.750000000000000000e+02 3.400700000000000273e+03
5.230000000000000000e+02 3.402050000000000182e+03
7.950000000000000000e+02 3.404450000000000273e+03
3.310000000000000000e+02 3.410250000000000000e+03
3.630000000000000000e+02 3.411200000000000273e+03
5.630000000000000000e+02 3.411500000000000000e+03
6.270000000000000000e+02 3.417000000000000000e+03
6.700000000000000000e+01 3.418800000000000182e+03
1.150000000000000000e+02 3.418900000000000091e+03
7.390000000000000000e+02 3.418849999999999909e+03
5.150000000000000000e+02 3.419800000000000182e+03
6.990000000000000000e+02 3.420250000000000000e+03
6.670000000000000000e+02 3.424400000000000091e+03
3.070000000000000000e+02 3.425800000000000182e+03
5.390000000000000000e+02 3.428450000000000273e+03
4.430000000000000000e+02 3.433200000000000273e+03
6.350000000000000000e+02 3.445450000000000273e+03
2.590000000000000000e+02 3.446500000000000000e+03
6.270000000000000000e+02 3.468349999999999909e+03
2.910000000000000000e+02 3.479250000000000000e+03
3.000000000000000000e+00 3.488849999999999909e+03
7.630000000000000000e+02 3.494950000000000273e+03
7.870000000000000000e+02 3.508849999999999909e+03
1.550000000000000000e+02 3.536650000000000091e+03
6.830000000000000000e+02 3.589300000000000182e+03
3.470000000000000000e+02 3.596349999999999909e+03
3.500000000000000000e+01 3.598200000000000273e+03
6.990000000000000000e+02 3.598750000000000000e+03
5.630000000000000000e+02 3.599849999999999909e+03
5.070000000000000000e+02 3.604650000000000091e+03
1.100000000000000000e+01 3.605900000000000091e+03
5.900000000000000000e+01 3.612849999999999909e+03
2.350000000000000000e+02 3.618400000000000091e+03
5.550000000000000000e+02 3.621150000000000091e+03
2.830000000000000000e+02 3.625000000000000000e+03
5.310000000000000000e+02 3.629700000000000273e+03
7.150000000000000000e+02 3.630099999999999909e+03
4.430000000000000000e+02 3.632349999999999909e+03
9.900000000000000000e+01 3.632700000000000273e+03
3.000000000000000000e+00 3.633450000000000273e+03
5.630000000000000000e+02 3.634200000000000273e+03
2.700000000000000000e+01 3.635150000000000091e+03
3.310000000000000000e+02 3.635500000000000000e+03
7.790000000000000000e+02 3.635500000000000000e+03
6.270000000000000000e+02 3.636000000000000000e+03
6.990000000000000000e+02 3.635950000000000273e+03
1.070000000000000000e+02 3.636300000000000182e+03
7.070000000000000000e+02 3.636300000000000182e+03
1.710000000000000000e+02 3.636550000000000182e+03
1.870000000000000000e+02 3.636700000000000273e+03
4.110000000000000000e+02 3.636900000000000091e+03
6.110000000000000000e+02 3.636900000000000091e+03
8.300000000000000000e+01 3.637150000000000091e+03
3.870000000000000000e+02 3.637150000000000091e+03
7.950000000000000000e+02 3.637150000000000091e+03
5.070000000000000000e+02 3.637300000000000182e+03
2.750000000000000000e+02 3.637500000000000000e+03
7.550000000000000000e+02 3.637500000000000000e+03
5.900000000000000000e+01 3.637650000000000091e+03
2.430000000000000000e+02 3.637700000000000273e+03
2.910000000000000000e+02 3.637700000000000273e+03
5.390000000000000000e+02 3.637650000000000091e+03
2.670000000000000000e+02 3.637800000000000182e+03
4.510000000000000000e+02 3.637800000000000182e+03
5.470000000000000000e+02 3.637750000000000000e+03
5.870000000000000000e+02 3.637800000000000182e+03
5.950000000000000000e+02 3.637800000000000182e+03
6.750000000000000000e+02 3.637750000000000000e+03
7.470000000000000000e+02 3.637800000000000182e+03
4.830000000000000000e+02 3.637900000000000091e+03
5.150000000000000000e+02 3.637849999999999909e+03
6.190000000000000000e+02 3.637849999999999909e+03
4.750000000000000000e+02 3.638000000000000000e+03
6.670000000000000000e+02 3.637950000000000273e+03
6.350000000000000000e+02 3.638099999999999909e+03
7.310000000000000000e+02 3.638050000000000182e+03
2.510000000000000000e+02 3.638200000000000273e+03
2.830000000000000000e+02 3.638200000000000273e+03
3.550000000000000000e+02 3.638150000000000091e+03
6.430000000000000000e+02 3.638150000000000091e+03
6.910000000000000000e+02 3.638150000000000091e+03
2.030000000000000000e+02 3.638250000000000000e+03
3.790000000000000000e+02 3.638250000000000000e+03
4.190000000000000000e+02 3.638300000000000182e+03
9.100000000000000000e+01 3.638400000000000091e+03
9.900000000000000000e+01 3.638400000000000091e+03
4.350000000000000000e+02 3.638349999999999909e+03
5.550000000000000000e+02 3.638400000000000091e+03
7.870000000000000000e+02 3.638349999999999909e+03
1.790000000000000000e+02 3.638450000000000273e+03
4.430000000000000000e+02 3.638500000000000000e+03
4.670000000000000000e+02 3.638450000000000273e+03
4.990000000000000000e+02 3.638450000000000273e+03
4.300000000000000000e+01 3.638599999999999909e+03
1.230000000000000000e+02 3.638550000000000182e+03
7.230000000000000000e+02 3.638550000000000182e+03
1.900000000000000000e+01 3.638650000000000091e+03
1.150000000000000000e+02 3.638700000000000273e+03
1.310000000000000000e+02 3.638700000000000273e+03
2.190000000000000000e+02 3.638650000000000091e+03
2.590000000000000000e+02 3.638700000000000273e+03
3.070000000000000000e+02 3.638700000000000273e+03
5.630000000000000000e+02 3.638650000000000091e+03
7.710000000000000000e+02 3.638650000000000091e+03
3.500000000000000000e+01 3.638800000000000182e+03
2.270000000000000000e+02 3.638800000000000182e+03
3.150000000000000000e+02 3.638800000000000182e+03
7.630000000000000000e+02 3.638750000000000000e+03
3.470000000000000000e+02 3.638849999999999909e+03
3.000000000000000000e+00 3.638950000000000273e+03
2.350000000000000000e+02 3.638950000000000273e+03
5.230000000000000000e+02 3.639000000000000000e+03
5.710000000000000000e+02 3.639000000000000000e+03
6.030000000000000000e+02 3.638950000000000273e+03
6.510000000000000000e+02 3.638950000000000273e+03
2.110000000000000000e+02 3.639099999999999909e+03
5.790000000000000000e+02 3.639050000000000182e+03
1.100000000000000000e+01 3.639150000000000091e+03
6.700000000000000000e+01 3.639150000000000091e+03
3.950000000000000000e+02 3.639200000000000273e+03
4.270000000000000000e+02 3.639150000000000091e+03
4.910000000000000000e+02 3.639200000000000273e+03
7.150000000000000000e+02 3.639150000000000091e+03
7.500000000000000000e+01 3.639250000000000000e+03
1.630000000000000000e+02 3.639250000000000000e+03
3.310000000000000000e+02 3.639300000000000182e+03
3.710000000000000000e+02 3.639250000000000000e+03
2.700000000000000000e+01 3.639349999999999909e+03
5.100000000000000000e+01 3.639400000000000091e+03
1.950000000000000000e+02 3.639400000000000091e+03
7.390000000000000000e+02 3.639400000000000091e+03
7.790000000000000000e+02 3.639400000000000091e+03
1.470000000000000000e+02 3.639450000000000273e+03
1.550000000000000000e+02 3.639450000000000273e+03
2.990000000000000000e+02 3.639450000000000273e+03
3.630000000000000000e+02 3.639500000000000000e+03
4.030000000000000000e+02 3.639450000000000273e+03
1.390000000000000000e+02 3.639700000000000273e+03
7.070000000000000000e+02 3.639650000000000091e+03
1.710000000000000000e+02 3.639750000000000000e+03
3.230000000000000000e+02 3.639750000000000000e+03
4.590000000000000000e+02 3.639950000000000273e+03
1.070000000000000000e+02 3.640349999999999909e+03
6.830000000000000000e+02 3.640750000000000000e+03
4.110000000000000000e+02 3.641400000000000091e+03
9.900000000000000000e+01 3.643800000000000182e+03
2.590000000000000000e+02 3.644500000000000000e+03
5.900000000000000000e+01 3.645050000000000182e+03
5.100000000000000000e+01 3.645200000000000273e+03
2.030000000000000000e+02 3.646150000000000091e+03
2.190000000000000000e+02 3.646800000000000182e+03
1.070000000000000000e+02 3.647450000000000273e+03
2.910000000000000000e+02 3.653650000000000091e+03
7.150000000000000000e+02 3.653800000000000182e+03
6.030000000000000000e+02 3.664950000000000273e+03
4.190000000000000000e+02 3.668300000000000182e+03
3.000000000000000000e+00 3.672099999999999909e+03
7.470000000000000000e+02 3.688000000000000000e+03
1.070000000000000000e+02 3.688300000000000182e+03
4.300000000000000000e+01 3.689400000000000091e+03
1.900000000000000000e+01 3.700200000000000273e+03
7.310000000000000000e+02 3.701250000000000000e+03
7.710000000000000000e+02 3.710250000000000000e+03
9.100000000000000000e+01 3.711500000000000000e+03
1.230000000000000000e+02 3.728200000000000273e+03
5.390000000000000000e+02 3.735950000000000273e+03
4.190000000000000000e+02 3.742650000000000091e+03
4.350000000000000000e+02 3.748750000000000000e+03
5.790000000000000000e+02 3.780900000000000091e+03
1.070000000000000000e+02 3.804650000000000091e+03
7.070000000000000000e+02 3.811450000000000273e+03
4.670000000000000000e+02 3.817550000000000182e+03
6.430000000000000000e+02 3.828300000000000182e+03
6.430000000000000000e+02 3.848050000000000182e+03
5.390000000000000000e+02 3.855650000000000091e+03
5.470000000000000000e+02 3.874500000000000000e+03
1.710000000000000000e+02 3.912849999999999909e+03
5.310000000000000000e+02 3.914300000000000182e+03
1.790000000000000000e+02 3.949400000000000091e+03
6.990000000000000000e+02 3.963099999999999909e+03
6.430000000000000000e+02 3.964050000000000182e+03
3.630000000000000000e+02 3.999099999999999909e+03
7.790000000000000000e+02 4.004150000000000091e+03
2.190000000000000000e+02 4.005650000000000091e+03
2.270000000000000000e+02 4.008849999999999909e+03
4.030000000000000000e+02 4.012800000000000182e+03
3.950000000000000000e+02 4.014250000000000000e+03
1.900000000000000000e+01 4.014550000000000182e+03
6.510000000000000000e+02 4.014900000000000091e+03
3.000000000000000000e+00 4.019849999999999909e+03
6.430000000000000000e+02 4.020550000000000182e+03
1.150000000000000000e+02 4.021050000000000182e+03
6.990000000000000000e+02 4.021250000000000000e+03
4.300000000000000000e+01 4.021500000000000000e+03
7.500000000000000000e+01 4.021450000000000273e+03
4.910000000000000000e+02 4.021450000000000273e+03
2.750000000000000000e+02 4.021750000000000000e+03
7.470000000000000000e+02 4.022050000000000182e+03
4.510000000000000000e+02 4.022250000000000000e+03
6.030000000000000000e+02 4.022550000000000182e+03
3.710000000000000000e+02 4.022950000000000273e+03
7.310000000000000000e+02 4.022950000000000273e+03
1.310000000000000000e+02 4.023250000000000000e+03
3.870000000000000000e+02 4.023349999999999909e+03
2.830000000000000000e+02 4.023599999999999909e+03
4.750000000000000000e+02 4.023599999999999909e+03
5.070000000000000000e+02 4.023550000000000182e+03
1.710000000000000000e+02 4.023700000000000273e+03
5.790000000000000000e+02 4.023650000000000091e+03
3.500000000000000000e+01 4.023750000000000000e+03
2.030000000000000000e+02 4.024000000000000000e+03
1.790000000000000000e+02 4.024150000000000091e+03
3.310000000000000000e+02 4.024150000000000091e+03
6.910000000000000000e+02 4.024200000000000273e+03
2.270000000000000000e+02 4.024400000000000091e+03
2.910000000000000000e+02 4.024349999999999909e+03
5.710000000000000000e+02 4.024400000000000091e+03
7.230000000000000000e+02 4.024349999999999909e+03
1.470000000000000000e+02 4.024450000000000273e+03
6.350000000000000000e+02 4.024500000000000000e+03
4.590000000000000000e+02 4.024599999999999909e+03
5.230000000000000000e+02 4.024550000000000182e+03
5.390000000000000000e+02 4.024550000000000182e+03
6.110000000000000000e+02 4.024550000000000182e+03
7.710000000000000000e+02 4.024599999999999909e+03
7.950000000000000000e+02 4.024599999999999909e+03
2.990000000000000000e+02 4.024650000000000091e+03
5.470000000000000000e+02 4.024700000000000273e+03
6.750000000000000000e+02 4.024700000000000273e+03
1.100000000000000000e+01 4.024750000000000000e+03
3.630000000000000000e+02 4.024800000000000182e+03
3.790000000000000000e+02 4.024750000000000000e+03
6.590000000000000000e+02 4.024800000000000182e+03
7.630000000000000000e+02 4.024750000000000000e+03
4.990000000000000000e+02 4.024900000000000091e+03
5.150000000000000000e+02 4.024849999999999909e+03
7.390000000000000000e+02 4.024900000000000091e+03
7.550000000000000000e+02 4.024900000000000091e+03
9.100000000000000000e+01 4.025000000000000000e+03
1.630000000000000000e+02 4.024950000000000273e+03
4.270000000000000000e+02 4.024950000000000273e+03
7.150000000000000000e+02 4.024950000000000273e+03
1.900000000000000000e+01 4.025050000000000182e+03
1.230000000000000000e+02 4.025099999999999909e+03
1.870000000000000000e+02 4.025050000000000182e+03
3.070000000000000000e+02 4.025050000000000182e+03
2.700000000000000000e+01 4.025150000000000091e+03
4.300000000000000000e+01 4.025200000000000273e+03
2.190000000000000000e+02 4.025150000000000091e+03
2.350000000000000000e+02 4.025200000000000273e+03
3.390000000000000000e+02 4.025200000000000273e+03
4.190000000000000000e+02 4.025150000000000091e+03
5.950000000000000000e+02 4.025200000000000273e+03
6.190000000000000000e+02 4.025200000000000273e+03
3.000000000000000000e+00 4.025250000000000000e+03
8.300000000000000000e+01 4.025300000000000182e+03
2.670000000000000000e+02 4.025250000000000000e+03
5.310000000000000000e+02 4.025300000000000182e+03
5.550000000000000000e+02 4.025300000000000182e+03
6.430000000000000000e+02 4.025250000000000000e+03
6.830000000000000000e+02 4.025300000000000182e+03
5.100000000000000000e+01 4.025400000000000091e+03
3.150000000000000000e+02 4.025400000000000091e+03
2.510000000000000000e+02 4.025450000000000273e+03
3.470000000000000000e+02 4.025450000000000273e+03
3.950000000000000000e+02 4.025500000000000000e+03
4.350000000000000000e+02 4.025500000000000000e+03
4.830000000000000000e+02 4.025450000000000273e+03
6.270000000000000000e+02 4.025450000000000273e+03
7.070000000000000000e+02 4.025450000000000273e+03
7.870000000000000000e+02 4.025500000000000000e+03
6.700000000000000000e+01 4.025599999999999909e+03
1.950000000000000000e+02 4.025599999999999909e+03
3.230000000000000000e+02 4.025599999999999909e+03
4.110000000000000000e+02 4.025599999999999909e+03
6.510000000000000000e+02 4.025550000000000182e+03
6.990000000000000000e+02 4.025550000000000182e+03
1.070000000000000000e+02 4.025650000000000091e+03
6.670000000000000000e+02 4.025650000000000091e+03
7.790000000000000000e+02 4.025650000000000091e+03
5.630000000000000000e+02 4.025750000000000000e+03
5.900000000000000000e+01 4.025849999999999909e+03
1.150000000000000000e+02 4.025900000000000091e+03
1.390000000000000000e+02 4.025849999999999909e+03
1.550000000000000000e+02 4.025849999999999909e+03
2.750000000000000000e+02 4.025849999999999909e+03
3.710000000000000000e+02 4.025900000000000091e+03
4.030000000000000000e+02 4.025950000000000273e+03
5.870000000000000000e+02 4.026000000000000000e+03
7.500000000000000000e+01 4.026050000000000182e+03
9.900000000000000000e+01 4.026099999999999909e+03
3.550000000000000000e+02 4.026099999999999909e+03
4.510000000000000000e+02 4.026050000000000182e+03
4.670000000000000000e+02 4.026050000000000182e+03
2.590000000000000000e+02 4.026150000000000091e+03
4.910000000000000000e+02 4.026200000000000273e+03
2.430000000000000000e+02 4.026250000000000000e+03
4.430000000000000000e+02 4.026349999999999909e+03
2.110000000000000000e+02 4.026900000000000091e+03
1.310000000000000000e+02 4.027099999999999909e+03
1.710000000000000000e+02 4.027300000000000182e+03
2.830000000000000000e+02 4.027800000000000182e+03
4.750000000000000000e+02 4.027750000000000000e+03
7.470000000000000000e+02 4.028250000000000000e+03
2.030000000000000000e+02 4.028849999999999909e+03
1.790000000000000000e+02 4.029250000000000000e+03
1.100000000000000000e+01 4.029349999999999909e+03
4.270000000000000000e+02 4.029400000000000091e+03
4.990000000000000000e+02 4.029500000000000000e+03
7.550000000000000000e+02 4.029450000000000273e+03
4.350000000000000000e+02 4.029650000000000091e+03
9.100000000000000000e+01 4.029750000000000000e+03
3.310000000000000000e+02 4.029750000000000000e+03
3.150000000000000000e+02 4.029849999999999909e+03
1.950000000000000000e+02 4.030349999999999909e+03
5.710000000000000000e+02 4.030599999999999909e+03
7.950000000000000000e+02 4.030550000000000182e+03
2.700000000000000000e+01 4.030650000000000091e+03
6.270000000000000000e+02 4.030750000000000000e+03
5.550000000000000000e+02 4.048800000000000182e+03
7.470000000000000000e+02 4.054500000000000000e+03
4.670000000000000000e+02 4.055150000000000091e+03
6.350000000000000000e+02 4.055550000000000182e+03
4.030000000000000000e+02 4.061550000000000182e+03
3.070000000000000000e+02 4.061750000000000000e+03
2.110000000000000000e+02 4.063250000000000000e+03
4.430000000000000000e+02 4.066599999999999909e+03
6.110000000000000000e+02 4.076050000000000182e+03
4.510000000000000000e+02 4.088300000000000182e+03
7.230000000000000000e+02 4.091200000000000273e+03
4.350000000000000000e+02 4.092849999999999909e+03
2.670000000000000000e+02 4.096899999999999636e+03
4.430000000000000000e+02 4.101500000000000000e+03
5.150000000000000000e+02 4.102750000000000000e+03
3.950000000000000000e+02 4.104850000000000364e+03
3.790000000000000000e+02 4.111800000000000182e+03
6.700000000000000000e+01 4.135500000000000000e+03
4.830000000000000000e+02 4.183500000000000000e+03
9.900000000000000000e+01 4.187000000000000000e+03
6.110000000000000000e+02 4.287250000000000000e+03
7.950000000000000000e+02 4.309300000000000182e+03
1.230000000000000000e+02 4.310600000000000364e+03
4.350000000000000000e+02 4.314399999999999636e+03
7.150000000000000000e+02 4.316250000000000000e+03
1.870000000000000000e+02 4.319250000000000000e+03
1.470000000000000000e+02 4.328250000000000000e+03
6.110000000000000000e+02 4.341750000000000000e+03
7.310000000000000000e+02 4.353800000000000182e+03
4.910000000000000000e+02 4.358350000000000364e+03
5.550000000000000000e+02 4.368899999999999636e+03
3.790000000000000000e+02 4.370500000000000000e+03
3.470000000000000000e+02 4.370900000000000546e+03
1.230000000000000000e+02 4.373550000000000182e+03
6.750000000000000000e+02 4.373600000000000364e+03
1.870000000000000000e+02 4.381550000000000182e+03
2.910000000000000000e+02 4.381699999999999818e+03
4.300000000000000000e+01 4.381750000000000000e+03
1.630000000000000000e+02 4.381900000000000546e+03
4.430000000000000000e+02 4.382800000000000182e+03
2.190000000000000000e+02 4.382850000000000364e+03
6.700000000000000000e+01 4.383800000000000182e+03
3.310000000000000000e+02 4.383850000000000364e+03
1.150000000000000000e+02 4.384500000000000000e+03
4.510000000000000000e+02 4.384500000000000000e+03
2.670000000000000000e+02 4.384650000000000546e+03
5.310000000000000000e+02 4.384800000000000182e+03
3.070000000000000000e+02 4.384850000000000364e+03
1.390000000000000000e+02 4.385050000000000182e+03
7.070000000000000000e+02 4.385199999999999818e+03
7.500000000000000000e+01 4.385350000000000364e+03
5.870000000000000000e+02 4.385600000000000364e+03
7.710000000000000000e+02 4.385550000000000182e+03
3.790000000000000000e+02 4.385750000000000000e+03
3.870000000000000000e+02 4.385900000000000546e+03
7.550000000000000000e+02 4.386100000000000364e+03
5.390000000000000000e+02 4.386250000000000000e+03
9.100000000000000000e+01 4.386400000000000546e+03
1.950000000000000000e+02 4.386400000000000546e+03
4.910000000000000000e+02 4.386449999999999818e+03
6.590000000000000000e+02 4.386449999999999818e+03
7.390000000000000000e+02 4.386500000000000000e+03
1.230000000000000000e+02 4.386600000000000364e+03
4.110000000000000000e+02 4.386600000000000364e+03
3.950000000000000000e+02 4.386650000000000546e+03
7.950000000000000000e+02 4.386650000000000546e+03
8.300000000000000000e+01 4.386750000000000000e+03
1.550000000000000000e+02 4.386800000000000182e+03
3.550000000000000000e+02 4.386750000000000000e+03
4.670000000000000000e+02 4.386800000000000182e+03
7.630000000000000000e+02 4.386750000000000000e+03
9.900000000000000000e+01 4.386850000000000364e+03
2.590000000000000000e+02 4.386850000000000364e+03
7.470000000000000000e+02 4.386900000000000546e+03
1.470000000000000000e+02 4.386949999999999818e+03
4.830000000000000000e+02 4.387000000000000000e+03
5.470000000000000000e+02 4.386949999999999818e+03
6.190000000000000000e+02 4.386949999999999818e+03
6.350000000000000000e+02 4.387000000000000000e+03
2.830000000000000000e+02 4.387050000000000182e+03
3.390000000000000000e+02 4.387100000000000364e+03
7.790000000000000000e+02 4.387100000000000364e+03
1.710000000000000000e+02 4.387199999999999818e+03
2.110000000000000000e+02 4.387199999999999818e+03
2.910000000000000000e+02 4.387150000000000546e+03
5.710000000000000000e+02 4.387199999999999818e+03
1.310000000000000000e+02 4.387300000000000182e+03
2.990000000000000000e+02 4.387300000000000182e+03
3.150000000000000000e+02 4.387250000000000000e+03
4.430000000000000000e+02 4.387300000000000182e+03
5.150000000000000000e+02 4.387250000000000000e+03
6.990000000000000000e+02 4.387250000000000000e+03
7.310000000000000000e+02 4.387300000000000182e+03
1.070000000000000000e+02 4.387400000000000546e+03
1.870000000000000000e+02 4.387350000000000364e+03
2.350000000000000000e+02 4.387400000000000546e+03
2.430000000000000000e+02 4.387350000000000364e+03
5.230000000000000000e+02 4.387400000000000546e+03
5.790000000000000000e+02 4.387350000000000364e+03
6.910000000000000000e+02 4.387350000000000364e+03
5.900000000000000000e+01 4.387500000000000000e+03
3.310000000000000000e+02 4.387449999999999818e+03
4.030000000000000000e+02 4.387449999999999818e+03
4.350000000000000000e+02 4.387449999999999818e+03
4.990000000000000000e+02 4.387449999999999818e+03
5.070000000000000000e+02 4.387500000000000000e+03
5.550000000000000000e+02 4.387449999999999818e+03
5.630000000000000000e+02 4.387500000000000000e+03
1.100000000000000000e+01 4.387600000000000364e+03
3.710000000000000000e+02 4.387600000000000364e+03
4.750000000000000000e+02 4.387600000000000364e+03
6.110000000000000000e+02 4.387550000000000182e+03
6.830000000000000000e+02 4.387550000000000182e+03
7.230000000000000000e+02 4.387550000000000182e+03
4.300000000000000000e+01 4.387699999999999818e+03
2.510000000000000000e+02 4.387699999999999818e+03
4.190000000000000000e+02 4.387650000000000546e+03
7.870000000000000000e+02 4.387650000000000546e+03
3.000000000000000000e+00 4.387800000000000182e+03
2.190000000000000000e+02 4.387750000000000000e+03
5.310000000000000000e+02 4.387750000000000000e+03
5.950000000000000000e+02 4.387800000000000182e+03
6.030000000000000000e+02 4.387750000000000000e+03
7.150000000000000000e+02 4.387750000000000000e+03
3.500000000000000000e+01 4.387850000000000364e+03
5.100000000000000000e+01 4.387900000000000546e+03
1.150000000000000000e+02 4.387850000000000364e+03
4.270000000000000000e+02 4.387900000000000546e+03
6.430000000000000000e+02 4.387850000000000364e+03
2.270000000000000000e+02 4.388000000000000000e+03
2.750000000000000000e+02 4.388000000000000000e+03
3.630000000000000000e+02 4.387949999999999818e+03
6.750000000000000000e+02 4.387949999999999818e+03
2.700000000000000000e+01 4.388100000000000364e+03
6.700000000000000000e+01 4.388100000000000364e+03
2.670000000000000000e+02 4.388050000000000182e+03
3.230000000000000000e+02 4.388100000000000364e+03
3.470000000000000000e+02 4.388050000000000182e+03
4.510000000000000000e+02 4.388100000000000364e+03
4.590000000000000000e+02 4.388050000000000182e+03
1.630000000000000000e+02 4.388199999999999818e+03
6.670000000000000000e+02 4.388199999999999818e+03
1.390000000000000000e+02 4.388250000000000000e+03
3.070000000000000000e+02 4.388250000000000000e+03
7.500000000000000000e+01 4.388500000000000000e+03
2.030000000000000000e+02 4.388600000000000364e+03
3.870000000000000000e+02 4.392800000000000182e+03
3.790000000000000000e+02 4.395650000000000546e+03
5.710000000000000000e+02 4.396199999999999818e+03
5.900000000000000000e+01 4.396400000000000546e+03
7.790000000000000000e+02 4.396949999999999818e+03
6.270000000000000000e+02 4.397150000000000546e+03
2.510000000000000000e+02 4.397600000000000364e+03
2.030000000000000000e+02 4.397699999999999818e+03
5.230000000000000000e+02 4.397800000000000182e+03
2.830000000000000000e+02 4.398300000000000182e+03
6.670000000000000000e+02 4.398250000000000000e+03
2.270000000000000000e+02 4.398600000000000364e+03
5.630000000000000000e+02 4.398650000000000546e+03
5.470000000000000000e+02 4.398750000000000000e+03
4.750000000000000000e+02 4.398949999999999818e+03
2.430000000000000000e+02 4.399300000000000182e+03
7.310000000000000000e+02 4.409500000000000000e+03
5.790000000000000000e+02 4.418100000000000364e+03
5.100000000000000000e+01 4.423100000000000364e+03
5.390000000000000000e+02 4.423449999999999818e+03
7.230000000000000000e+02 4.425300000000000182e+03
1.900000000000000000e+01 4.433100000000000364e+03
2.030000000000000000e+02 4.438050000000000182e+03
2.750000000000000000e+02 4.438199999999999818e+03
5.630000000000000000e+02 4.439699999999999818e+03
6.510000000000000000e+02 4.440250000000000000e+03
7.310000000000000000e+02 4.440550000000000182e+03
6.700000000000000000e+01 4.449699999999999818e+03
5.900000000000000000e+01 4.454250000000000000e+03
5.230000000000000000e+02 4.462800000000000182e+03
6.910000000000000000e+02 4.463900000000000546e+03
3.000000000000000000e+00 4.465050000000000182e+03
1.710000000000000000e+02 4.473100000000000364e+03
3.390000000000000000e+02 4.484300000000000182e+03
3.470000000000000000e+02 4.497199999999999818e+03
2.910000000000000000e+02 4.498100000000000364e+03
3.150000000000000000e+02 4.502900000000000546e+03
2.110000000000000000e+02 4.519600000000000364e+03
7.710000000000000000e+02 4.529650000000000546e+03
1.870000000000000000e+02 4.530300000000000182e+03
6.510000000000000000e+02 4.556600000000000364e+03
2.750000000000000000e+02 4.583550000000000182e+03
6.700000000000000000e+01 4.600699999999999818e+03
6.590000000000000000e+02 4.610900000000000546e+03
2.190000000000000000e+02 4.614300000000000182e+03
5.870000000000000000e+02 4.627449999999999818e+03
5.150000000000000000e+02 4.634699999999999818e+03
2.830000000000000000e+02 4.648699999999999818e+03
5.390000000000000000e+02 4.648800000000000182e+03
8.300000000000000000e+01 4.649000000000000000e+03
6.830000000000000000e+02 4.655699999999999818e+03
3.550000000000000000e+02 4.661400000000000546e+03
2.990000000000000000e+02 4.662300000000000182e+03
2.350000000000000000e+02 4.668850000000000364e+03
2.830000000000000000e+02 4.668850000000000364e+03
4.430000000000000000e+02 4.668949999999999818e+03
2.030000000000000000e+02 4.669250000000000000e+03
9.100000000000000000e+01 4.670750000000000000e+03
3.500000000000000000e+01 4.672449999999999818e+03
5.070000000000000000e+02 4.672550000000000182e+03
9.900000000000000000e+01 4.673050000000000182e+03
2.270000000000000000e+02 4.673100000000000364e+03
3.070000000000000000e+02 4.673100000000000364e+03
3.790000000000000000e+02 4.673100000000000364e+03
7.950000000000000000e+02 4.673250000000000000e+03
1.470000000000000000e+02 4.673350000000000364e+03
6.190000000000000000e+02 4.673449999999999818e+03
3.630000000000000000e+02 4.673750000000000000e+03
5.150000000000000000e+02 4.673750000000000000e+03
5.310000000000000000e+02 4.673800000000000182e+03
2.430000000000000000e+02 4.673900000000000546e+03
7.390000000000000000e+02 4.674100000000000364e+03
6.670000000000000000e+02 4.674199999999999818e+03
1.070000000000000000e+02 4.674350000000000364e+03
1.390000000000000000e+02 4.674350000000000364e+03
1.100000000000000000e+01 4.674500000000000000e+03
5.710000000000000000e+02 4.674500000000000000e+03
1.310000000000000000e+02 4.674550000000000182e+03
2.590000000000000000e+02 4.674550000000000182e+03
6.700000000000000000e+01 4.674650000000000546e+03
3.470000000000000000e+02 4.674699999999999818e+03
4.350000000000000000e+02 4.674650000000000546e+03
5.230000000000000000e+02 4.674699999999999818e+03
5.630000000000000000e+02 4.674750000000000000e+03
1.870000000000000000e+02 4.674850000000000364e+03
6.350000000000000000e+02 4.674900000000000546e+03
4.190000000000000000e+02 4.675000000000000000e+03
5.100000000000000000e+01 4.675050000000000182e+03
7.630000000000000000e+02 4.675100000000000364e+03
1.710000000000000000e+02 4.675199999999999818e+03
3.310000000000000000e+02 4.675199999999999818e+03
7.790000000000000000e+02 4.675150000000000546e+03
2.110000000000000000e+02 4.675449999999999818e+03
3.950000000000000000e+02 4.675449999999999818e+03
4.300000000000000000e+01 4.675550000000000182e+03
1.900000000000000000e+01 4.675699999999999818e+03
5.900000000000000000e+01 4.675650000000000546e+03
2.990000000000000000e+02 4.675650000000000546e+03
6.990000000000000000e+02 4.675650000000000546e+03
3.550000000000000000e+02 4.675750000000000000e+03
4.030000000000000000e+02 4.675800000000000182e+03
7.870000000000000000e+02 4.675800000000000182e+03
2.910000000000000000e+02 4.675900000000000546e+03
4.430000000000000000e+02 4.675900000000000546e+03
6.830000000000000000e+02 4.675900000000000546e+03
2.030000000000000000e+02 4.676000000000000000e+03
5.870000000000000000e+02 4.675949999999999818e+03
8.300000000000000000e+01 4.676050000000000182e+03
1.230000000000000000e+02 4.676050000000000182e+03
4.670000000000000000e+02 4.676050000000000182e+03
4.830000000000000000e+02 4.676150000000000546e+03
6.430000000000000000e+02 4.676199999999999818e+03
7.470000000000000000e+02 4.676150000000000546e+03
3.230000000000000000e+02 4.676300000000000182e+03
6.030000000000000000e+02 4.676250000000000000e+03
3.710000000000000000e+02 4.676350000000000364e+03
5.470000000000000000e+02 4.676350000000000364e+03
7.500000000000000000e+01 4.676449999999999818e+03
2.750000000000000000e+02 4.676500000000000000e+03
3.150000000000000000e+02 4.676449999999999818e+03
3.870000000000000000e+02 4.676449999999999818e+03
4.590000000000000000e+02 4.676449999999999818e+03
7.710000000000000000e+02 4.676449999999999818e+03
1.950000000000000000e+02 4.676550000000000182e+03
2.670000000000000000e+02 4.676600000000000364e+03
3.390000000000000000e+02 4.676600000000000364e+03
4.750000000000000000e+02 4.676600000000000364e+03
7.070000000000000000e+02 4.676600000000000364e+03
2.700000000000000000e+01 4.676650000000000546e+03
3.500000000000000000e+01 4.676699999999999818e+03
2.270000000000000000e+02 4.676750000000000000e+03
4.270000000000000000e+02 4.676750000000000000e+03
5.390000000000000000e+02 4.676750000000000000e+03
5.550000000000000000e+02 4.676800000000000182e+03
5.950000000000000000e+02 4.676750000000000000e+03
6.510000000000000000e+02 4.676800000000000182e+03
6.910000000000000000e+02 4.676800000000000182e+03
7.230000000000000000e+02 4.676800000000000182e+03
1.150000000000000000e+02 4.676900000000000546e+03
2.190000000000000000e+02 4.676900000000000546e+03
6.190000000000000000e+02 4.676850000000000364e+03
6.270000000000000000e+02 4.676900000000000546e+03
6.590000000000000000e+02 4.676900000000000546e+03
2.350000000000000000e+02 4.677050000000000182e+03
3.070000000000000000e+02 4.677100000000000364e+03
5.310000000000000000e+02 4.677100000000000364e+03
6.110000000000000000e+02 4.677150000000000546e+03
2.830000000000000000e+02 4.677250000000000000e+03
7.950000000000000000e+02 4.677300000000000182e+03
1.790000000000000000e+02 4.677500000000000000e+03
1.470000000000000000e+02 4.677550000000000182e+03
4.110000000000000000e+02 4.677650000000000546e+03
1.100000000000000000e+01 4.685699999999999818e+03
2.430000000000000000e+02 4.688100000000000364e+03
3.870000000000000000e+02 4.688050000000000182e+03
1.870000000000000000e+02 4.689250000000000000e+03
1.790000000000000000e+02 4.689699999999999818e+03
1.230000000000000000e+02 4.693500000000000000e+03
5.070000000000000000e+02 4.693800000000000182e+03
7.310000000000000000e+02 4.694250000000000000e+03
7.870000000000000000e+02 4.696199999999999818e+03
4.110000000000000000e+02 4.696600000000000364e+03
6.910000000000000000e+02 4.698150000000000546e+03
6.830000000000000000e+02 4.701750000000000000e+03
9.900000000000000000e+01 4.705800000000000182e+03
5.950000000000000000e+02 4.713800000000000182e+03
7.150000000000000000e+02 4.719900000000000546e+03
6.270000000000000000e+02 4.728650000000000546e+03
9.100000000000000000e+01 4.730350000000000364e+03
3.550000000000000000e+02 4.730650000000000546e+03
4.750000000000000000e+02 4.731150000000000546e+03
1.630000000000000000e+02 4.731500000000000000e+03
7.870000000000000000e+02 4.731949999999999818e+03
4.300000000000000000e+01 4.732949999999999818e+03
3.710000000000000000e+02 4.738300000000000182e+03
7.070000000000000000e+02 4.740949999999999818e+03
4.430000000000000000e+02 4.744800000000000182e+03
5.100000000000000000e+01 4.749949999999999818e+03
7.470000000000000000e+02 4.750550000000000182e+03
4.830000000000000000e+02 4.752300000000000182e+03
9.100000000000000000e+01 4.762750000000000000e+03
9.100000000000000000e+01 4.780750000000000000e+03
2.270000000000000000e+02 4.790699999999999818e+03
3.500000000000000000e+01 4.792550000000000182e+03
7.500000000000000000e+01 4.829199999999999818e+03
5.230000000000000000e+02 4.837050000000000182e+03
6.830000000000000000e+02 4.837400000000000546e+03
7.150000000000000000e+02 4.868900000000000546e+03
6.990000000000000000e+02 4.869350000000000364e+03
4.990000000000000000e+02 4.892850000000000364e+03
3.500000000000000000e+01 4.904000000000000000e+03
4.990000000000000000e+02 4.905000000000000000e+03
1.150000000000000000e+02 4.922050000000000182e+03
3.310000000000000000e+02 4.922400000000000546e+03
1.310000000000000000e+02 4.925850000000000364e+03
2.700000000000000000e+01 4.929199999999999818e+03
4.300000000000000000e+01 4.930500000000000000e+03
5.070000000000000000e+02 4.932000000000000000e+03
7.470000000000000000e+02 4.938150000000000546e+03
7.500000000000000000e+01 4.939300000000000182e+03
3.310000000000000000e+02 4.941699999999999818e+03
3.710000000000000000e+02 4.943750000000000000e+03
2.270000000000000000e+02 4.947000000000000000e+03
7.950000000000000000e+02 4.949050000000000182e+03
6.350000000000000000e+02 4.949500000000000000e+03
3.870000000000000000e+02 4.949550000000000182e+03
2.750000000000000000e+02 4.950800000000000182e+03
1.900000000000000000e+01 4.951050000000000182e+03
6.590000000000000000e+02 4.951449999999999818e+03
9.100000000000000000e+01 4.952150000000000546e+03
6.270000000000000000e+02 4.952699999999999818e+03
4.350000000000000000e+02 4.952750000000000000e+03
6.190000000000000000e+02 4.952900000000000546e+03
4.430000000000000000e+02 4.953050000000000182e+03
7.870000000000000000e+02 4.953050000000000182e+03
5.790000000000000000e+02 4.953500000000000000e+03
3.310000000000000000e+02 4.954050000000000182e+03
7.550000000000000000e+02 4.954199999999999818e+03
6.030000000000000000e+02 4.954300000000000182e+03
8.300000000000000000e+01 4.954400000000000546e+03
5.390000000000000000e+02 4.954400000000000546e+03
2.910000000000000000e+02 4.955150000000000546e+03
5.950000000000000000e+02 4.955199999999999818e+03
5.550000000000000000e+02 4.955250000000000000e+03
6.700000000000000000e+01 4.955500000000000000e+03
1.470000000000000000e+02 4.955699999999999818e+03
1.710000000000000000e+02 4.955750000000000000e+03
7.310000000000000000e+02 4.955800000000000182e+03
4.750000000000000000e+02 4.956000000000000000e+03
1.550000000000000000e+02 4.956050000000000182e+03
3.230000000000000000e+02 4.956100000000000364e+03
3.950000000000000000e+02 4.956050000000000182e+03
6.430000000000000000e+02 4.956100000000000364e+03
7.790000000000000000e+02 4.956100000000000364e+03
1.630000000000000000e+02 4.956150000000000546e+03
2.990000000000000000e+02 4.956500000000000000e+03
4.270000000000000000e+02 4.956449999999999818e+03
4.910000000000000000e+02 4.956500000000000000e+03
7.230000000000000000e+02 4.956449999999999818e+03
2.430000000000000000e+02 4.956550000000000182e+03
5.630000000000000000e+02 4.956600000000000364e+03
4.590000000000000000e+02 4.956650000000000546e+03
5.070000000000000000e+02 4.956699999999999818e+03
1.070000000000000000e+02 4.956800000000000182e+03
2.030000000000000000e+02 4.956750000000000000e+03
6.670000000000000000e+02 4.956800000000000182e+03
7.150000000000000000e+02 4.956750000000000000e+03
3.000000000000000000e+00 4.956900000000000546e+03
2.510000000000000000e+02 4.956900000000000546e+03
4.510000000000000000e+02 4.956900000000000546e+03
2.110000000000000000e+02 4.957000000000000000e+03
6.510000000000000000e+02 4.957100000000000364e+03
6.590000000000000000e+02 4.957050000000000182e+03
6.830000000000000000e+02 4.957050000000000182e+03
6.990000000000000000e+02 4.957050000000000182e+03
1.900000000000000000e+01 4.957150000000000546e+03
2.700000000000000000e+01 4.957150000000000546e+03
9.900000000000000000e+01 4.957150000000000546e+03
1.150000000000000000e+02 4.957199999999999818e+03
1.310000000000000000e+02 4.957199999999999818e+03
2.270000000000000000e+02 4.957150000000000546e+03
3.550000000000000000e+02 4.957150000000000546e+03
3.630000000000000000e+02 4.957199999999999818e+03
4.030000000000000000e+02 4.957150000000000546e+03
5.150000000000000000e+02 4.957150000000000546e+03
5.710000000000000000e+02 4.957199999999999818e+03
7.070000000000000000e+02 4.957150000000000546e+03
1.100000000000000000e+01 4.957250000000000000e+03
1.790000000000000000e+02 4.957300000000000182e+03
2.670000000000000000e+02 4.957250000000000000e+03
3.710000000000000000e+02 4.957300000000000182e+03
4.110000000000000000e+02 4.957300000000000182e+03
6.910000000000000000e+02 4.957300000000000182e+03
7.470000000000000000e+02 4.957250000000000000e+03
7.950000000000000000e+02 4.957300000000000182e+03
9.100000000000000000e+01 4.957400000000000546e+03
2.590000000000000000e+02 4.957400000000000546e+03
5.230000000000000000e+02 4.957400000000000546e+03
5.310000000000000000e+02 4.957350000000000364e+03
6.190000000000000000e+02 4.957400000000000546e+03
7.390000000000000000e+02 4.957350000000000364e+03
4.300000000000000000e+01 4.957449999999999818e+03
7.500000000000000000e+01 4.957500000000000000e+03
3.470000000000000000e+02 4.957449999999999818e+03
6.350000000000000000e+02 4.957500000000000000e+03
4.190000000000000000e+02 4.957600000000000364e+03
5.470000000000000000e+02 4.957600000000000364e+03
5.790000000000000000e+02 4.957600000000000364e+03
6.110000000000000000e+02 4.957600000000000364e+03
2.350000000000000000e+02 4.957650000000000546e+03
5.870000000000000000e+02 4.957650000000000546e+03
6.750000000000000000e+02 4.957699999999999818e+03
1.390000000000000000e+02 4.957800000000000182e+03
2.750000000000000000e+02 4.957800000000000182e+03
4.350000000000000000e+02 4.957800000000000182e+03
4.670000000000000000e+02 4.957750000000000000e+03
7.630000000000000000e+02 4.957750000000000000e+03
3.150000000000000000e+02 4.957900000000000546e+03
3.790000000000000000e+02 4.957850000000000364e+03
4.430000000000000000e+02 4.957900000000000546e+03
4.990000000000000000e+02 4.957850000000000364e+03
6.270000000000000000e+02 4.957900000000000546e+03
3.500000000000000000e+01 4.957949999999999818e+03
3.070000000000000000e+02 4.958000000000000000e+03
3.390000000000000000e+02 4.958000000000000000e+03
4.830000000000000000e+02 4.958000000000000000e+03
5.900000000000000000e+01 4.958050000000000182e+03
1.950000000000000000e+02 4.958150000000000546e+03
5.950000000000000000e+02 4.958250000000000000e+03
7.550000000000000000e+02 4.958250000000000000e+03
5.550000000000000000e+02 4.966400000000000546e+03
7.630000000000000000e+02 4.969600000000000364e+03
1.390000000000000000e+02 4.973250000000000000e+03
5.870000000000000000e+02 4.976750000000000000e+03
2.990000000000000000e+02 4.980000000000000000e+03
5.310000000000000000e+02 4.980150000000000546e+03
6.830000000000000000e+02 4.982050000000000182e+03
5.900000000000000000e+01 4.985850000000000364e+03
6.670000000000000000e+02 4.992850000000000364e+03
4.830000000000000000e+02 4.994600000000000364e+03
3.630000000000000000e+02 4.995199999999999818e+03
3.790000000000000000e+02 5.001050000000000182e+03
3.310000000000000000e+02 5.003600000000000364e+03
8.300000000000000000e+01 5.006350000000000364e+03
2.670000000000000000e+02 5.008250000000000000e+03
7.470000000000000000e+02 5.013250000000000000e+03
3.500000000000000000e+01 5.016400000000000546e+03
7.390000000000000000e+02 5.017949999999999818e+03
5.710000000000000000e+02 5.022949999999999818e+03
7.630000000000000000e+02 5.024100000000000364e+03
3.470000000000000000e+02 5.027050000000000182e+03
7.500000000000000000e+01 5.031350000000000364e+03
2.670000000000000000e+02 5.035750000000000000e+03
3.950000000000000000e+02 5.036949999999999818e+03
1.630000000000000000e+02 5.050750000000000000e+03
7.790000000000000000e+02 5.057199999999999818e+03
1.070000000000000000e+02 5.058250000000000000e+03
4.670000000000000000e+02 5.073600000000000364e+03
4.350000000000000000e+02 5.087350000000000364e+03
6.350000000000000000e+02 5.088000000000000000e+03
1.950000000000000000e+02 5.105699999999999818e+03
6.700000000000000000e+01 5.111699999999999818e+03
9.900000000000000000e+01 5.136000000000000000e+03
3.870000000000000000e+02 5.138449999999999818e+03
6.190000000000000000e+02 5.141050000000000182e+03
2.110000000000000000e+02 5.146900000000000546e+03
4.510000000000000000e+02 5.155600000000000364e+03
9.100000000000000000e+01 5.164850000000000364e+03
6.910000000000000000e+02 5.165300000000000182e+03
2.430000000000000000e+02 5.175750000000000000e+03
2.990000000000000000e+02 5.185699999999999818e+03
6.430000000000000000e+02 5.286350000000000364e+03
2.270000000000000000e+02 5.355150000000000546e+03
3.230000000000000000e+02 5.382550000000000182e+03
2.670000000000000000e+02 5.530250000000000000e+03
2.670000000000000000e+02 5.575300000000000182e+03
4.670000000000000000e+02 5.602150000000000546e+03
1.630000000000000000e+02 5.631050000000000182e+03
7.310000000000000000e+02 5.646800000000000182e+03
2.190000000000000000e+02 5.652250000000000000e+03
3.710000000000000000e+02 5.721250000000000000e+03
4.990000000000000000e+02 5.750400000000000546e+03
7.950000000000000000e+02 5.770050000000000182e+03
5.710000000000000000e+02 5.781850000000000364e+03
9.100000000000000000e+01 5.927900000000000546e+03
7.870000000000000000e+02 5.940199999999999818e+03
5.240000000000000000e+02 1.002999999999999972e+02
6.000000000000000000e+01 1.404500000000000171e+02
2.520000000000000000e+02 2.020000000000000000e+02
4.360000000000000000e+02 2.115500000000000114e+02
4.520000000000000000e+02 2.223499999999999943e+02
8.400000000000000000e+01 2.308499999999999943e+02
2.600000000000000000e+02 2.320999999999999943e+02
7.480000000000000000e+02 2.336500000000000057e+02
7.880000000000000000e+02 2.561000000000000227e+02
7.880000000000000000e+02 3.206000000000000227e+02
4.040000000000000000e+02 3.317500000000000000e+02
4.520000000000000000e+02 3.370000000000000000e+02
7.560000000000000000e+02 3.590000000000000000e+02
2.920000000000000000e+02 3.989499999999999886e+02
3.080000000000000000e+02 4.158000000000000114e+02
4.440000000000000000e+02 4.273000000000000114e+02
2.600000000000000000e+02 4.446999999999999886e+02
1.320000000000000000e+02 4.709499999999999886e+02
5.480000000000000000e+02 4.789000000000000341e+02
2.760000000000000000e+02 4.928000000000000114e+02
2.520000000000000000e+02 5.004000000000000341e+02
1.160000000000000000e+02 5.256000000000000227e+02
2.680000000000000000e+02 5.520500000000000682e+02
3.000000000000000000e+02 5.927000000000000455e+02
2.200000000000000000e+02 6.437500000000000000e+02
5.880000000000000000e+02 6.693000000000000682e+02
3.000000000000000000e+02 7.014500000000000455e+02
4.280000000000000000e+02 7.291499999999999773e+02
6.360000000000000000e+02 7.982000000000000455e+02
2.440000000000000000e+02 8.005500000000000682e+02
1.480000000000000000e+02 8.902000000000000455e+02
5.640000000000000000e+02 9.030500000000000682e+02
6.680000000000000000e+02 9.345500000000000682e+02
8.400000000000000000e+01 9.393000000000000682e+02
3.880000000000000000e+02 9.700000000000000000e+02
4.120000000000000000e+02 9.797500000000000000e+02
5.000000000000000000e+02 9.856499999999999773e+02
3.640000000000000000e+02 1.015399999999999977e+03
2.920000000000000000e+02 1.033750000000000000e+03
6.680000000000000000e+02 1.061200000000000045e+03
6.280000000000000000e+02 1.070599999999999909e+03
2.120000000000000000e+02 1.084450000000000045e+03
6.760000000000000000e+02 1.097900000000000091e+03
1.000000000000000000e+02 1.103600000000000136e+03
4.520000000000000000e+02 1.135100000000000136e+03
1.160000000000000000e+02 1.139600000000000136e+03
7.640000000000000000e+02 1.153600000000000136e+03
3.000000000000000000e+02 1.167350000000000136e+03
6.840000000000000000e+02 1.172450000000000045e+03
3.800000000000000000e+02 1.192850000000000136e+03
6.920000000000000000e+02 1.202549999999999955e+03
7.160000000000000000e+02 1.206049999999999955e+03
2.600000000000000000e+02 1.231299999999999955e+03
9.200000000000000000e+01 1.243299999999999955e+03
6.800000000000000000e+01 1.260850000000000136e+03
1.480000000000000000e+02 1.272400000000000091e+03
7.240000000000000000e+02 1.321450000000000045e+03
3.880000000000000000e+02 1.335350000000000136e+03
1.480000000000000000e+02 1.353150000000000091e+03
6.680000000000000000e+02 1.355700000000000045e+03
5.960000000000000000e+02 1.356150000000000091e+03
1.240000000000000000e+02 1.396600000000000136e+03
4.600000000000000000e+02 1.473650000000000091e+03
6.920000000000000000e+02 1.510200000000000045e+03
2.040000000000000000e+02 1.511950000000000045e+03
1.960000000000000000e+02 1.561150000000000091e+03
6.760000000000000000e+02 1.599900000000000091e+03
4.760000000000000000e+02 1.618299999999999955e+03
4.760000000000000000e+02 1.630000000000000000e+03
4.000000000000000000e+00 1.666100000000000136e+03
7.240000000000000000e+02 1.674000000000000000e+03
5.240000000000000000e+02 1.682200000000000045e+03
3.400000000000000000e+02 1.687150000000000091e+03
5.880000000000000000e+02 1.706700000000000045e+03
6.920000000000000000e+02 1.719200000000000045e+03
2.680000000000000000e+02 1.789900000000000091e+03
6.920000000000000000e+02 1.804049999999999955e+03
2.360000000000000000e+02 1.841450000000000045e+03
1.880000000000000000e+02 1.857750000000000000e+03
4.920000000000000000e+02 1.861799999999999955e+03
4.040000000000000000e+02 1.872600000000000136e+03
2.600000000000000000e+02 1.875600000000000136e+03
6.600000000000000000e+02 1.877000000000000000e+03
2.760000000000000000e+02 1.894549999999999955e+03
7.320000000000000000e+02 1.913950000000000045e+03
6.520000000000000000e+02 1.930600000000000136e+03
1.720000000000000000e+02 1.942950000000000045e+03
2.800000000000000000e+01 1.953299999999999955e+03
4.760000000000000000e+02 1.957799999999999955e+03
5.240000000000000000e+02 1.958200000000000045e+03
1.560000000000000000e+02 1.970350000000000136e+03
3.080000000000000000e+02 1.972299999999999955e+03
2.440000000000000000e+02 1.973200000000000045e+03
4.520000000000000000e+02 2.034150000000000091e+03
6.000000000000000000e+01 2.035100000000000136e+03
2.040000000000000000e+02 2.040200000000000045e+03
3.400000000000000000e+02 2.080349999999999909e+03
5.200000000000000000e+01 2.124050000000000182e+03
5.320000000000000000e+02 2.133250000000000000e+03
3.800000000000000000e+02 2.145199999999999818e+03
1.400000000000000000e+02 2.149150000000000091e+03
1.560000000000000000e+02 2.159550000000000182e+03
2.600000000000000000e+02 2.197700000000000273e+03
5.640000000000000000e+02 2.233250000000000000e+03
4.920000000000000000e+02 2.246150000000000091e+03
1.640000000000000000e+02 2.247700000000000273e+03
1.080000000000000000e+02 2.249400000000000091e+03
6.360000000000000000e+02 2.251550000000000182e+03
5.640000000000000000e+02 2.265300000000000182e+03
2.760000000000000000e+02 2.297500000000000000e+03
3.560000000000000000e+02 2.306250000000000000e+03
6.520000000000000000e+02 2.308750000000000000e+03
4.920000000000000000e+02 2.317000000000000000e+03
1.720000000000000000e+02 2.327400000000000091e+03
1.400000000000000000e+02 2.338349999999999909e+03
2.000000000000000000e+01 2.367300000000000182e+03
1.320000000000000000e+02 2.380800000000000182e+03
5.160000000000000000e+02 2.391450000000000273e+03
2.520000000000000000e+02 2.409150000000000091e+03
6.680000000000000000e+02 2.416050000000000182e+03
7.320000000000000000e+02 2.421200000000000273e+03
1.080000000000000000e+02 2.422400000000000091e+03
3.320000000000000000e+02 2.434700000000000273e+03
3.640000000000000000e+02 2.437400000000000091e+03
3.880000000000000000e+02 2.438650000000000091e+03
2.840000000000000000e+02 2.447400000000000091e+03
1.200000000000000000e+01 2.454800000000000182e+03
7.400000000000000000e+02 2.464099999999999909e+03
4.760000000000000000e+02 2.469099999999999909e+03
6.520000000000000000e+02 2.500500000000000000e+03
6.680000000000000000e+02 2.509900000000000091e+03
6.360000000000000000e+02 2.522849999999999909e+03
2.360000000000000000e+02 2.570700000000000273e+03
5.880000000000000000e+02 2.579900000000000091e+03
3.480000000000000000e+02 2.620500000000000000e+03
2.360000000000000000e+02 2.622099999999999909e+03
2.840000000000000000e+02 2.630250000000000000e+03
2.680000000000000000e+02 2.632500000000000000e+03
5.880000000000000000e+02 2.640400000000000091e+03
7.640000000000000000e+02 2.667300000000000182e+03
1.200000000000000000e+01 2.678650000000000091e+03
5.240000000000000000e+02 2.702700000000000273e+03
6.600000000000000000e+02 2.775000000000000000e+03
5.720000000000000000e+02 2.792050000000000182e+03
2.600000000000000000e+02 2.792599999999999909e+03
7.000000000000000000e+02 2.802950000000000273e+03
1.560000000000000000e+02 2.814200000000000273e+03
1.160000000000000000e+02 2.815750000000000000e+03
4.840000000000000000e+02 2.817500000000000000e+03
3.240000000000000000e+02 2.825849999999999909e+03
7.880000000000000000e+02 2.867349999999999909e+03
4.680000000000000000e+02 2.925950000000000273e+03
6.800000000000000000e+01 2.932500000000000000e+03
7.400000000000000000e+02 2.975300000000000182e+03
7.000000000000000000e+02 3.005900000000000091e+03
6.800000000000000000e+01 3.007750000000000000e+03
1.880000000000000000e+02 3.007849999999999909e+03
2.280000000000000000e+02 3.007900000000000091e+03
2.680000000000000000e+02 3.008050000000000182e+03
6.760000000000000000e+02 3.008200000000000273e+03
1.560000000000000000e+02 3.008349999999999909e+03
5.480000000000000000e+02 3.008500000000000000e+03
2.920000000000000000e+02 3.008900000000000091e+03
4.360000000000000000e+02 3.009400000000000091e+03
7.720000000000000000e+02 3.009500000000000000e+03
2.800000000000000000e+01 3.009599999999999909e+03
2.600000000000000000e+02 3.010150000000000091e+03
5.160000000000000000e+02 3.010200000000000273e+03
5.240000000000000000e+02 3.010150000000000091e+03
7.800000000000000000e+02 3.010400000000000091e+03
7.080000000000000000e+02 3.010700000000000273e+03
5.080000000000000000e+02 3.010800000000000182e+03
4.000000000000000000e+00 3.011250000000000000e+03
6.840000000000000000e+02 3.011250000000000000e+03
6.920000000000000000e+02 3.011250000000000000e+03
5.400000000000000000e+02 3.011550000000000182e+03
7.560000000000000000e+02 3.011650000000000091e+03
7.320000000000000000e+02 3.011849999999999909e+03
3.640000000000000000e+02 3.012200000000000273e+03
5.320000000000000000e+02 3.012650000000000091e+03
7.960000000000000000e+02 3.012650000000000091e+03
4.120000000000000000e+02 3.012800000000000182e+03
5.000000000000000000e+02 3.013000000000000000e+03
4.200000000000000000e+02 3.013050000000000182e+03
5.800000000000000000e+02 3.013349999999999909e+03
4.680000000000000000e+02 3.013550000000000182e+03
7.160000000000000000e+02 3.013700000000000273e+03
1.480000000000000000e+02 3.013900000000000091e+03
6.520000000000000000e+02 3.014000000000000000e+03
9.200000000000000000e+01 3.014349999999999909e+03
5.960000000000000000e+02 3.014550000000000182e+03
2.040000000000000000e+02 3.014750000000000000e+03
3.080000000000000000e+02 3.014900000000000091e+03
6.200000000000000000e+02 3.015200000000000273e+03
6.120000000000000000e+02 3.015500000000000000e+03
6.360000000000000000e+02 3.015450000000000273e+03
1.640000000000000000e+02 3.015700000000000273e+03
2.360000000000000000e+02 3.015750000000000000e+03
6.280000000000000000e+02 3.016800000000000182e+03
4.760000000000000000e+02 3.016950000000000273e+03
7.600000000000000000e+01 3.017500000000000000e+03
1.800000000000000000e+02 3.017750000000000000e+03
7.400000000000000000e+02 3.018599999999999909e+03
4.920000000000000000e+02 3.018700000000000273e+03
2.000000000000000000e+01 3.018849999999999909e+03
2.280000000000000000e+02 3.019099999999999909e+03
7.000000000000000000e+02 3.019200000000000273e+03
6.440000000000000000e+02 3.019250000000000000e+03
2.440000000000000000e+02 3.019400000000000091e+03
5.400000000000000000e+02 3.019450000000000273e+03
1.560000000000000000e+02 3.019599999999999909e+03
7.240000000000000000e+02 3.019650000000000091e+03
5.200000000000000000e+01 3.019800000000000182e+03
1.240000000000000000e+02 3.019849999999999909e+03
6.680000000000000000e+02 3.020300000000000182e+03
7.640000000000000000e+02 3.020400000000000091e+03
5.160000000000000000e+02 3.020700000000000273e+03
6.800000000000000000e+01 3.020800000000000182e+03
2.360000000000000000e+02 3.020800000000000182e+03
4.520000000000000000e+02 3.020849999999999909e+03
6.200000000000000000e+02 3.020900000000000091e+03
2.840000000000000000e+02 3.021400000000000091e+03
4.200000000000000000e+02 3.021400000000000091e+03
7.480000000000000000e+02 3.022650000000000091e+03
2.600000000000000000e+02 3.025500000000000000e+03
1.000000000000000000e+02 3.026099999999999909e+03
1.960000000000000000e+02 3.026900000000000091e+03
5.080000000000000000e+02 3.027000000000000000e+03
4.440000000000000000e+02 3.027900000000000091e+03
3.960000000000000000e+02 3.027950000000000273e+03
5.960000000000000000e+02 3.028000000000000000e+03
2.120000000000000000e+02 3.028099999999999909e+03
3.880000000000000000e+02 3.028099999999999909e+03
6.440000000000000000e+02 3.028250000000000000e+03
7.880000000000000000e+02 3.028550000000000182e+03
3.000000000000000000e+02 3.028650000000000091e+03
4.120000000000000000e+02 3.028700000000000273e+03
1.200000000000000000e+01 3.028750000000000000e+03
6.360000000000000000e+02 3.029250000000000000e+03
4.400000000000000000e+01 3.029550000000000182e+03
5.880000000000000000e+02 3.029550000000000182e+03
5.000000000000000000e+02 3.029700000000000273e+03
7.800000000000000000e+02 3.029849999999999909e+03
1.720000000000000000e+02 3.030000000000000000e+03
7.960000000000000000e+02 3.030000000000000000e+03
6.040000000000000000e+02 3.030200000000000273e+03
6.840000000000000000e+02 3.030400000000000091e+03
3.480000000000000000e+02 3.030650000000000091e+03
7.160000000000000000e+02 3.030650000000000091e+03
1.800000000000000000e+02 3.030849999999999909e+03
3.080000000000000000e+02 3.030900000000000091e+03
2.200000000000000000e+02 3.031050000000000182e+03
1.880000000000000000e+02 3.031200000000000273e+03
7.600000000000000000e+01 3.031500000000000000e+03
6.200000000000000000e+02 3.031599999999999909e+03
4.040000000000000000e+02 3.031650000000000091e+03
1.080000000000000000e+02 3.037150000000000091e+03
2.920000000000000000e+02 3.037700000000000273e+03
7.000000000000000000e+02 3.038300000000000182e+03
5.640000000000000000e+02 3.039050000000000182e+03
2.520000000000000000e+02 3.039400000000000091e+03
2.840000000000000000e+02 3.039349999999999909e+03
1.560000000000000000e+02 3.039450000000000273e+03
4.600000000000000000e+02 3.039599999999999909e+03
3.800000000000000000e+02 3.040200000000000273e+03
4.840000000000000000e+02 3.040250000000000000e+03
1.800000000000000000e+02 3.040500000000000000e+03
1.320000000000000000e+02 3.040599999999999909e+03
8.400000000000000000e+01 3.040849999999999909e+03
7.880000000000000000e+02 3.040849999999999909e+03
6.280000000000000000e+02 3.041200000000000273e+03
3.600000000000000000e+01 3.041450000000000273e+03
2.040000000000000000e+02 3.041550000000000182e+03
2.760000000000000000e+02 3.041750000000000000e+03
2.440000000000000000e+02 3.042099999999999909e+03
5.240000000000000000e+02 3.042800000000000182e+03
1.200000000000000000e+01 3.045500000000000000e+03
5.400000000000000000e+02 3.047000000000000000e+03
7.400000000000000000e+02 3.048150000000000091e+03
1.240000000000000000e+02 3.048250000000000000e+03
7.080000000000000000e+02 3.048500000000000000e+03
7.480000000000000000e+02 3.048650000000000091e+03
4.000000000000000000e+00 3.050200000000000273e+03
4.440000000000000000e+02 3.050349999999999909e+03
5.560000000000000000e+02 3.050400000000000091e+03
5.640000000000000000e+02 3.050450000000000273e+03
2.360000000000000000e+02 3.050599999999999909e+03
2.680000000000000000e+02 3.050700000000000273e+03
6.040000000000000000e+02 3.050650000000000091e+03
1.160000000000000000e+02 3.050750000000000000e+03
3.880000000000000000e+02 3.050750000000000000e+03
7.160000000000000000e+02 3.050800000000000182e+03
2.760000000000000000e+02 3.051000000000000000e+03
4.200000000000000000e+02 3.050950000000000273e+03
6.760000000000000000e+02 3.051200000000000273e+03
1.720000000000000000e+02 3.051349999999999909e+03
5.000000000000000000e+02 3.051500000000000000e+03
2.280000000000000000e+02 3.051599999999999909e+03
5.160000000000000000e+02 3.051599999999999909e+03
3.480000000000000000e+02 3.051650000000000091e+03
4.760000000000000000e+02 3.051900000000000091e+03
5.880000000000000000e+02 3.052000000000000000e+03
6.280000000000000000e+02 3.052200000000000273e+03
7.600000000000000000e+01 3.052250000000000000e+03
4.520000000000000000e+02 3.052250000000000000e+03
9.200000000000000000e+01 3.052450000000000273e+03
3.400000000000000000e+02 3.052450000000000273e+03
4.280000000000000000e+02 3.052550000000000182e+03
3.240000000000000000e+02 3.052849999999999909e+03
1.000000000000000000e+02 3.060849999999999909e+03
2.280000000000000000e+02 3.062200000000000273e+03
7.880000000000000000e+02 3.062150000000000091e+03
5.400000000000000000e+02 3.062349999999999909e+03
6.920000000000000000e+02 3.062450000000000273e+03
7.640000000000000000e+02 3.062550000000000182e+03
5.960000000000000000e+02 3.062700000000000273e+03
9.200000000000000000e+01 3.062900000000000091e+03
1.640000000000000000e+02 3.063000000000000000e+03
6.200000000000000000e+02 3.063000000000000000e+03
7.400000000000000000e+02 3.063050000000000182e+03
3.800000000000000000e+02 3.063500000000000000e+03
4.760000000000000000e+02 3.063500000000000000e+03
3.400000000000000000e+02 3.063599999999999909e+03
2.040000000000000000e+02 3.063650000000000091e+03
3.560000000000000000e+02 3.063650000000000091e+03
4.200000000000000000e+02 3.063950000000000273e+03
1.960000000000000000e+02 3.065650000000000091e+03
3.160000000000000000e+02 3.067650000000000091e+03
4.680000000000000000e+02 3.068900000000000091e+03
6.120000000000000000e+02 3.069750000000000000e+03
6.440000000000000000e+02 3.070250000000000000e+03
4.360000000000000000e+02 3.070950000000000273e+03
5.080000000000000000e+02 3.071349999999999909e+03
2.200000000000000000e+02 3.071800000000000182e+03
5.320000000000000000e+02 3.071849999999999909e+03
3.400000000000000000e+02 3.072800000000000182e+03
3.080000000000000000e+02 3.073450000000000273e+03
5.800000000000000000e+02 3.073450000000000273e+03
1.240000000000000000e+02 3.075550000000000182e+03
1.320000000000000000e+02 3.075599999999999909e+03
5.720000000000000000e+02 3.076450000000000273e+03
7.960000000000000000e+02 3.077349999999999909e+03
7.480000000000000000e+02 3.077650000000000091e+03
6.520000000000000000e+02 3.078099999999999909e+03
7.080000000000000000e+02 3.080000000000000000e+03
6.200000000000000000e+02 3.080349999999999909e+03
2.000000000000000000e+01 3.081150000000000091e+03
3.000000000000000000e+02 3.081250000000000000e+03
5.560000000000000000e+02 3.081550000000000182e+03
7.240000000000000000e+02 3.082500000000000000e+03
5.200000000000000000e+01 3.082849999999999909e+03
3.240000000000000000e+02 3.082900000000000091e+03
1.960000000000000000e+02 3.083300000000000182e+03
1.800000000000000000e+02 3.083349999999999909e+03
3.960000000000000000e+02 3.083349999999999909e+03
7.160000000000000000e+02 3.083450000000000273e+03
5.880000000000000000e+02 3.083849999999999909e+03
4.040000000000000000e+02 3.084000000000000000e+03
4.280000000000000000e+02 3.084050000000000182e+03
5.480000000000000000e+02 3.084099999999999909e+03
3.160000000000000000e+02 3.084400000000000091e+03
3.560000000000000000e+02 3.084700000000000273e+03
7.000000000000000000e+02 3.085000000000000000e+03
1.240000000000000000e+02 3.085099999999999909e+03
3.400000000000000000e+02 3.085400000000000091e+03
2.520000000000000000e+02 3.085450000000000273e+03
5.960000000000000000e+02 3.087000000000000000e+03
4.400000000000000000e+01 3.090150000000000091e+03
5.080000000000000000e+02 3.091950000000000273e+03
2.440000000000000000e+02 3.094000000000000000e+03
7.560000000000000000e+02 3.094099999999999909e+03
6.360000000000000000e+02 3.094300000000000182e+03
4.520000000000000000e+02 3.094599999999999909e+03
4.000000000000000000e+00 3.094800000000000182e+03
3.320000000000000000e+02 3.094800000000000182e+03
3.960000000000000000e+02 3.095050000000000182e+03
6.000000000000000000e+01 3.095150000000000091e+03
1.000000000000000000e+02 3.095500000000000000e+03
4.600000000000000000e+02 3.095650000000000091e+03
2.360000000000000000e+02 3.095750000000000000e+03
2.840000000000000000e+02 3.099250000000000000e+03
3.160000000000000000e+02 3.099550000000000182e+03
5.800000000000000000e+02 3.102800000000000182e+03
7.480000000000000000e+02 3.102849999999999909e+03
2.760000000000000000e+02 3.104250000000000000e+03
6.360000000000000000e+02 3.104250000000000000e+03
1.160000000000000000e+02 3.104349999999999909e+03
4.040000000000000000e+02 3.105400000000000091e+03
5.000000000000000000e+02 3.105700000000000273e+03
2.520000000000000000e+02 3.106650000000000091e+03
4.760000000000000000e+02 3.107500000000000000e+03
6.840000000000000000e+02 3.107650000000000091e+03
3.080000000000000000e+02 3.107950000000000273e+03
5.400000000000000000e+02 3.108849999999999909e+03
7.560000000000000000e+02 3.109250000000000000e+03
3.160000000000000000e+02 3.109950000000000273e+03
6.280000000000000000e+02 3.109950000000000273e+03
1.080000000000000000e+02 3.112200000000000273e+03
5.080000000000000000e+02 3.112450000000000273e+03
1.480000000000000000e+02 3.113099999999999909e+03
4.440000000000000000e+02 3.116200000000000273e+03
5.480000000000000000e+02 3.116150000000000091e+03
4.680000000000000000e+02 3.116400000000000091e+03
3.320000000000000000e+02 3.116599999999999909e+03
3.960000000000000000e+02 3.117099999999999909e+03
6.000000000000000000e+01 3.117599999999999909e+03
2.120000000000000000e+02 3.117700000000000273e+03
6.920000000000000000e+02 3.117650000000000091e+03
9.200000000000000000e+01 3.117800000000000182e+03
4.400000000000000000e+01 3.118000000000000000e+03
5.200000000000000000e+01 3.118150000000000091e+03
7.600000000000000000e+01 3.118150000000000091e+03
1.960000000000000000e+02 3.118250000000000000e+03
3.560000000000000000e+02 3.118300000000000182e+03
1.400000000000000000e+02 3.118400000000000091e+03
5.640000000000000000e+02 3.118349999999999909e+03
6.800000000000000000e+01 3.120150000000000091e+03
1.000000000000000000e+02 3.123650000000000091e+03
4.280000000000000000e+02 3.124150000000000091e+03
6.120000000000000000e+02 3.124250000000000000e+03
5.720000000000000000e+02 3.125900000000000091e+03
6.600000000000000000e+02 3.125950000000000273e+03
2.800000000000000000e+01 3.126150000000000091e+03
6.280000000000000000e+02 3.126450000000000273e+03
7.720000000000000000e+02 3.127000000000000000e+03
5.320000000000000000e+02 3.127099999999999909e+03
6.360000000000000000e+02 3.127400000000000091e+03
3.640000000000000000e+02 3.127550000000000182e+03
2.680000000000000000e+02 3.127650000000000091e+03
3.600000000000000000e+01 3.127750000000000000e+03
1.880000000000000000e+02 3.127900000000000091e+03
6.200000000000000000e+02 3.127849999999999909e+03
6.440000000000000000e+02 3.127900000000000091e+03
9.200000000000000000e+01 3.127950000000000273e+03
1.480000000000000000e+02 3.128050000000000182e+03
2.440000000000000000e+02 3.128099999999999909e+03
6.040000000000000000e+02 3.128250000000000000e+03
7.240000000000000000e+02 3.128599999999999909e+03
3.480000000000000000e+02 3.129000000000000000e+03
5.200000000000000000e+01 3.132349999999999909e+03
2.120000000000000000e+02 3.133050000000000182e+03
2.040000000000000000e+02 3.134700000000000273e+03
3.880000000000000000e+02 3.134849999999999909e+03
7.160000000000000000e+02 3.135500000000000000e+03
7.080000000000000000e+02 3.135550000000000182e+03
2.760000000000000000e+02 3.135900000000000091e+03
4.040000000000000000e+02 3.135900000000000091e+03
2.200000000000000000e+02 3.137300000000000182e+03
6.800000000000000000e+01 3.138050000000000182e+03
4.680000000000000000e+02 3.138099999999999909e+03
2.920000000000000000e+02 3.140099999999999909e+03
1.880000000000000000e+02 3.141300000000000182e+03
4.120000000000000000e+02 3.141250000000000000e+03
3.720000000000000000e+02 3.141950000000000273e+03
5.480000000000000000e+02 3.142500000000000000e+03
5.320000000000000000e+02 3.143000000000000000e+03
1.800000000000000000e+02 3.143349999999999909e+03
4.200000000000000000e+02 3.144300000000000182e+03
7.400000000000000000e+02 3.144700000000000273e+03
5.400000000000000000e+02 3.145099999999999909e+03
4.360000000000000000e+02 3.145599999999999909e+03
6.040000000000000000e+02 3.146250000000000000e+03
6.200000000000000000e+02 3.149400000000000091e+03
7.800000000000000000e+02 3.149400000000000091e+03
6.520000000000000000e+02 3.150550000000000182e+03
7.000000000000000000e+02 3.150599999999999909e+03
3.800000000000000000e+02 3.151599999999999909e+03
4.400000000000000000e+01 3.151650000000000091e+03
1.240000000000000000e+02 3.151750000000000000e+03
4.280000000000000000e+02 3.151900000000000091e+03
4.840000000000000000e+02 3.151950000000000273e+03
5.720000000000000000e+02 3.153250000000000000e+03
6.600000000000000000e+02 3.154150000000000091e+03
1.160000000000000000e+02 3.154599999999999909e+03
3.640000000000000000e+02 3.155150000000000091e+03
7.640000000000000000e+02 3.157050000000000182e+03
2.840000000000000000e+02 3.160550000000000182e+03
7.480000000000000000e+02 3.160800000000000182e+03
5.320000000000000000e+02 3.161400000000000091e+03
2.520000000000000000e+02 3.162349999999999909e+03
5.800000000000000000e+02 3.162400000000000091e+03
1.880000000000000000e+02 3.162800000000000182e+03
6.840000000000000000e+02 3.162750000000000000e+03
3.800000000000000000e+02 3.162900000000000091e+03
7.960000000000000000e+02 3.162849999999999909e+03
1.560000000000000000e+02 3.163400000000000091e+03
3.720000000000000000e+02 3.163349999999999909e+03
1.960000000000000000e+02 3.163500000000000000e+03
6.280000000000000000e+02 3.163450000000000273e+03
6.520000000000000000e+02 3.163700000000000273e+03
2.800000000000000000e+01 3.163750000000000000e+03
5.240000000000000000e+02 3.164050000000000182e+03
8.400000000000000000e+01 3.170450000000000273e+03
1.240000000000000000e+02 3.171599999999999909e+03
5.320000000000000000e+02 3.171650000000000091e+03
7.720000000000000000e+02 3.172400000000000091e+03
3.720000000000000000e+02 3.172550000000000182e+03
6.920000000000000000e+02 3.172700000000000273e+03
5.080000000000000000e+02 3.172800000000000182e+03
6.120000000000000000e+02 3.172950000000000273e+03
6.800000000000000000e+01 3.173099999999999909e+03
3.880000000000000000e+02 3.173099999999999909e+03
2.280000000000000000e+02 3.174099999999999909e+03
7.400000000000000000e+02 3.174050000000000182e+03
5.880000000000000000e+02 3.174150000000000091e+03
4.360000000000000000e+02 3.174250000000000000e+03
2.440000000000000000e+02 3.174950000000000273e+03
7.000000000000000000e+02 3.177200000000000273e+03
5.640000000000000000e+02 3.180349999999999909e+03
3.800000000000000000e+02 3.181150000000000091e+03
3.480000000000000000e+02 3.181750000000000000e+03
3.960000000000000000e+02 3.181900000000000091e+03
6.760000000000000000e+02 3.182000000000000000e+03
4.000000000000000000e+00 3.182150000000000091e+03
6.600000000000000000e+02 3.182650000000000091e+03
3.320000000000000000e+02 3.183250000000000000e+03
2.840000000000000000e+02 3.183450000000000273e+03
2.920000000000000000e+02 3.183550000000000182e+03
6.520000000000000000e+02 3.183599999999999909e+03
1.480000000000000000e+02 3.184000000000000000e+03
7.160000000000000000e+02 3.184200000000000273e+03
2.200000000000000000e+02 3.184250000000000000e+03
5.320000000000000000e+02 3.190050000000000182e+03
7.880000000000000000e+02 3.190450000000000273e+03
7.600000000000000000e+01 3.190950000000000273e+03
1.000000000000000000e+02 3.192150000000000091e+03
6.280000000000000000e+02 3.192750000000000000e+03
3.400000000000000000e+02 3.192950000000000273e+03
7.000000000000000000e+02 3.193050000000000182e+03
6.360000000000000000e+02 3.193450000000000273e+03
7.720000000000000000e+02 3.193700000000000273e+03
2.760000000000000000e+02 3.193900000000000091e+03
6.200000000000000000e+02 3.194050000000000182e+03
5.800000000000000000e+02 3.195250000000000000e+03
4.520000000000000000e+02 3.195450000000000273e+03
1.560000000000000000e+02 3.197750000000000000e+03
6.800000000000000000e+01 3.199150000000000091e+03
4.000000000000000000e+00 3.199300000000000182e+03
7.400000000000000000e+02 3.200099999999999909e+03
7.160000000000000000e+02 3.200200000000000273e+03
1.880000000000000000e+02 3.201550000000000182e+03
5.560000000000000000e+02 3.202000000000000000e+03
7.080000000000000000e+02 3.202000000000000000e+03
1.080000000000000000e+02 3.202300000000000182e+03
3.720000000000000000e+02 3.203300000000000182e+03
7.560000000000000000e+02 3.205099999999999909e+03
7.800000000000000000e+02 3.205450000000000273e+03
3.000000000000000000e+02 3.206200000000000273e+03
4.520000000000000000e+02 3.206849999999999909e+03
2.040000000000000000e+02 3.207050000000000182e+03
4.120000000000000000e+02 3.207300000000000182e+03
3.640000000000000000e+02 3.208050000000000182e+03
5.200000000000000000e+01 3.208450000000000273e+03
4.360000000000000000e+02 3.208900000000000091e+03
5.160000000000000000e+02 3.209099999999999909e+03
1.480000000000000000e+02 3.209849999999999909e+03
1.400000000000000000e+02 3.210750000000000000e+03
3.080000000000000000e+02 3.211050000000000182e+03
4.400000000000000000e+01 3.211250000000000000e+03
5.400000000000000000e+02 3.211450000000000273e+03
2.800000000000000000e+01 3.211599999999999909e+03
6.120000000000000000e+02 3.212000000000000000e+03
2.520000000000000000e+02 3.212150000000000091e+03
7.720000000000000000e+02 3.212700000000000273e+03
7.880000000000000000e+02 3.213349999999999909e+03
5.880000000000000000e+02 3.214000000000000000e+03
6.040000000000000000e+02 3.215800000000000182e+03
6.920000000000000000e+02 3.215849999999999909e+03
3.320000000000000000e+02 3.216250000000000000e+03
6.520000000000000000e+02 3.216800000000000182e+03
1.160000000000000000e+02 3.218099999999999909e+03
3.480000000000000000e+02 3.218300000000000182e+03
7.240000000000000000e+02 3.218800000000000182e+03
1.800000000000000000e+02 3.219000000000000000e+03
3.160000000000000000e+02 3.220349999999999909e+03
4.120000000000000000e+02 3.221900000000000091e+03
3.960000000000000000e+02 3.222250000000000000e+03
1.480000000000000000e+02 3.222450000000000273e+03
4.440000000000000000e+02 3.223349999999999909e+03
5.720000000000000000e+02 3.223599999999999909e+03
7.080000000000000000e+02 3.225349999999999909e+03
5.200000000000000000e+01 3.226849999999999909e+03
8.400000000000000000e+01 3.227450000000000273e+03
6.840000000000000000e+02 3.228500000000000000e+03
4.840000000000000000e+02 3.229099999999999909e+03
5.240000000000000000e+02 3.229200000000000273e+03
2.760000000000000000e+02 3.229650000000000091e+03
1.560000000000000000e+02 3.229800000000000182e+03
4.600000000000000000e+02 3.230000000000000000e+03
1.960000000000000000e+02 3.230150000000000091e+03
7.600000000000000000e+01 3.230599999999999909e+03
1.240000000000000000e+02 3.231200000000000273e+03
3.560000000000000000e+02 3.232000000000000000e+03
3.400000000000000000e+02 3.234300000000000182e+03
6.520000000000000000e+02 3.234700000000000273e+03
7.480000000000000000e+02 3.236750000000000000e+03
6.800000000000000000e+01 3.237150000000000091e+03
5.800000000000000000e+02 3.237849999999999909e+03
4.680000000000000000e+02 3.238300000000000182e+03
1.000000000000000000e+02 3.238400000000000091e+03
4.520000000000000000e+02 3.238349999999999909e+03
4.280000000000000000e+02 3.238599999999999909e+03
6.760000000000000000e+02 3.241950000000000273e+03
3.880000000000000000e+02 3.242750000000000000e+03
3.560000000000000000e+02 3.243500000000000000e+03
5.200000000000000000e+01 3.243750000000000000e+03
7.720000000000000000e+02 3.244000000000000000e+03
2.840000000000000000e+02 3.244800000000000182e+03
5.640000000000000000e+02 3.244800000000000182e+03
1.320000000000000000e+02 3.245000000000000000e+03
1.640000000000000000e+02 3.245050000000000182e+03
2.040000000000000000e+02 3.245599999999999909e+03
5.400000000000000000e+02 3.245750000000000000e+03
4.120000000000000000e+02 3.246099999999999909e+03
7.960000000000000000e+02 3.246250000000000000e+03
3.320000000000000000e+02 3.246500000000000000e+03
7.640000000000000000e+02 3.246650000000000091e+03
1.160000000000000000e+02 3.246849999999999909e+03
7.160000000000000000e+02 3.247400000000000091e+03
5.960000000000000000e+02 3.249000000000000000e+03
2.440000000000000000e+02 3.251450000000000273e+03
4.840000000000000000e+02 3.251700000000000273e+03
7.240000000000000000e+02 3.255599999999999909e+03
5.800000000000000000e+02 3.256200000000000273e+03
5.200000000000000000e+01 3.256550000000000182e+03
7.640000000000000000e+02 3.256750000000000000e+03
5.480000000000000000e+02 3.257050000000000182e+03
6.280000000000000000e+02 3.257050000000000182e+03
2.280000000000000000e+02 3.257450000000000273e+03
5.720000000000000000e+02 3.258150000000000091e+03
4.040000000000000000e+02 3.258700000000000273e+03
4.400000000000000000e+01 3.259200000000000273e+03
4.360000000000000000e+02 3.259200000000000273e+03
3.600000000000000000e+01 3.260150000000000091e+03
1.200000000000000000e+01 3.261300000000000182e+03
7.560000000000000000e+02 3.262650000000000091e+03
6.840000000000000000e+02 3.264400000000000091e+03
1.960000000000000000e+02 3.264800000000000182e+03
7.000000000000000000e+02 3.264750000000000000e+03
2.360000000000000000e+02 3.265700000000000273e+03
2.680000000000000000e+02 3.266099999999999909e+03
6.920000000000000000e+02 3.266500000000000000e+03
1.720000000000000000e+02 3.266550000000000182e+03
2.440000000000000000e+02 3.266550000000000182e+03
6.760000000000000000e+02 3.266700000000000273e+03
4.520000000000000000e+02 3.267250000000000000e+03
9.200000000000000000e+01 3.267800000000000182e+03
1.400000000000000000e+02 3.268000000000000000e+03
4.000000000000000000e+00 3.268200000000000273e+03
1.480000000000000000e+02 3.271900000000000091e+03
6.000000000000000000e+01 3.272349999999999909e+03
2.280000000000000000e+02 3.274099999999999909e+03
3.240000000000000000e+02 3.274200000000000273e+03
4.280000000000000000e+02 3.275050000000000182e+03
6.440000000000000000e+02 3.275450000000000273e+03
4.400000000000000000e+01 3.275700000000000273e+03
1.960000000000000000e+02 3.275800000000000182e+03
3.800000000000000000e+02 3.276500000000000000e+03
5.320000000000000000e+02 3.278300000000000182e+03
6.520000000000000000e+02 3.278800000000000182e+03
2.000000000000000000e+01 3.282650000000000091e+03
6.680000000000000000e+02 3.283700000000000273e+03
6.040000000000000000e+02 3.283950000000000273e+03
3.400000000000000000e+02 3.284300000000000182e+03
7.600000000000000000e+01 3.285000000000000000e+03
3.080000000000000000e+02 3.285099999999999909e+03
1.200000000000000000e+01 3.285300000000000182e+03
1.080000000000000000e+02 3.285450000000000273e+03
9.200000000000000000e+01 3.285550000000000182e+03
1.000000000000000000e+02 3.285700000000000273e+03
4.920000000000000000e+02 3.285700000000000273e+03
5.000000000000000000e+02 3.285800000000000182e+03
5.720000000000000000e+02 3.286050000000000182e+03
7.400000000000000000e+02 3.286099999999999909e+03
6.120000000000000000e+02 3.286200000000000273e+03
4.440000000000000000e+02 3.286400000000000091e+03
6.840000000000000000e+02 3.293250000000000000e+03
1.480000000000000000e+02 3.293700000000000273e+03
5.960000000000000000e+02 3.296250000000000000e+03
7.080000000000000000e+02 3.296250000000000000e+03
7.480000000000000000e+02 3.296500000000000000e+03
8.400000000000000000e+01 3.296700000000000273e+03
6.680000000000000000e+02 3.296900000000000091e+03
1.200000000000000000e+01 3.297500000000000000e+03
3.320000000000000000e+02 3.297900000000000091e+03
5.880000000000000000e+02 3.298150000000000091e+03
5.080000000000000000e+02 3.298400000000000091e+03
4.280000000000000000e+02 3.298500000000000000e+03
4.840000000000000000e+02 3.299450000000000273e+03
3.000000000000000000e+02 3.299599999999999909e+03
4.040000000000000000e+02 3.300500000000000000e+03
1.880000000000000000e+02 3.300849999999999909e+03
6.920000000000000000e+02 3.303800000000000182e+03
1.640000000000000000e+02 3.304650000000000091e+03
6.280000000000000000e+02 3.305800000000000182e+03
5.240000000000000000e+02 3.305849999999999909e+03
5.800000000000000000e+02 3.305900000000000091e+03
2.920000000000000000e+02 3.306599999999999909e+03
2.000000000000000000e+01 3.307550000000000182e+03
4.200000000000000000e+02 3.307650000000000091e+03
3.720000000000000000e+02 3.308150000000000091e+03
3.480000000000000000e+02 3.309500000000000000e+03
6.800000000000000000e+01 3.309750000000000000e+03
2.800000000000000000e+01 3.310750000000000000e+03
7.560000000000000000e+02 3.310800000000000182e+03
7.880000000000000000e+02 3.311300000000000182e+03
7.240000000000000000e+02 3.311849999999999909e+03
5.720000000000000000e+02 3.313150000000000091e+03
2.440000000000000000e+02 3.313700000000000273e+03
4.360000000000000000e+02 3.313650000000000091e+03
4.600000000000000000e+02 3.317200000000000273e+03
2.840000000000000000e+02 3.318400000000000091e+03
3.880000000000000000e+02 3.318450000000000273e+03
7.800000000000000000e+02 3.318650000000000091e+03
5.560000000000000000e+02 3.318900000000000091e+03
2.600000000000000000e+02 3.319000000000000000e+03
3.320000000000000000e+02 3.319400000000000091e+03
6.920000000000000000e+02 3.319500000000000000e+03
4.400000000000000000e+01 3.319849999999999909e+03
3.000000000000000000e+02 3.319900000000000091e+03
3.600000000000000000e+01 3.320150000000000091e+03
4.040000000000000000e+02 3.320150000000000091e+03
7.560000000000000000e+02 3.323500000000000000e+03
7.720000000000000000e+02 3.324250000000000000e+03
2.040000000000000000e+02 3.325950000000000273e+03
3.160000000000000000e+02 3.326599999999999909e+03
6.680000000000000000e+02 3.326700000000000273e+03
2.360000000000000000e+02 3.326849999999999909e+03
5.200000000000000000e+01 3.327750000000000000e+03
5.720000000000000000e+02 3.328550000000000182e+03
4.120000000000000000e+02 3.328650000000000091e+03
4.680000000000000000e+02 3.329700000000000273e+03
7.640000000000000000e+02 3.329950000000000273e+03
8.400000000000000000e+01 3.333849999999999909e+03
6.120000000000000000e+02 3.335599999999999909e+03
5.400000000000000000e+02 3.335650000000000091e+03
3.400000000000000000e+02 3.335849999999999909e+03
2.200000000000000000e+02 3.336200000000000273e+03
4.520000000000000000e+02 3.336400000000000091e+03
6.440000000000000000e+02 3.336800000000000182e+03
5.160000000000000000e+02 3.336849999999999909e+03
2.520000000000000000e+02 3.338400000000000091e+03
7.080000000000000000e+02 3.340349999999999909e+03
1.320000000000000000e+02 3.340800000000000182e+03
3.080000000000000000e+02 3.340750000000000000e+03
3.480000000000000000e+02 3.341400000000000091e+03
4.280000000000000000e+02 3.341450000000000273e+03
6.760000000000000000e+02 3.341599999999999909e+03
7.720000000000000000e+02 3.341599999999999909e+03
7.880000000000000000e+02 3.341599999999999909e+03
4.920000000000000000e+02 3.341950000000000273e+03
6.800000000000000000e+01 3.343650000000000091e+03
3.960000000000000000e+02 3.343900000000000091e+03
4.760000000000000000e+02 3.344599999999999909e+03
5.960000000000000000e+02 3.344550000000000182e+03
4.680000000000000000e+02 3.345349999999999909e+03
3.800000000000000000e+02 3.346300000000000182e+03
7.000000000000000000e+02 3.346500000000000000e+03
3.560000000000000000e+02 3.346700000000000273e+03
5.640000000000000000e+02 3.347300000000000182e+03
7.160000000000000000e+02 3.347450000000000273e+03
6.040000000000000000e+02 3.347550000000000182e+03
9.200000000000000000e+01 3.348400000000000091e+03
1.640000000000000000e+02 3.348599999999999909e+03
4.360000000000000000e+02 3.348550000000000182e+03
1.400000000000000000e+02 3.348900000000000091e+03
2.840000000000000000e+02 3.349349999999999909e+03
1.080000000000000000e+02 3.350000000000000000e+03
1.800000000000000000e+02 3.350200000000000273e+03
7.320000000000000000e+02 3.350300000000000182e+03
7.400000000000000000e+02 3.350599999999999909e+03
6.600000000000000000e+02 3.351300000000000182e+03
1.960000000000000000e+02 3.362150000000000091e+03
4.920000000000000000e+02 3.363700000000000273e+03
2.280000000000000000e+02 3.366050000000000182e+03
3.160000000000000000e+02 3.368700000000000273e+03
3.800000000000000000e+02 3.369400000000000091e+03
5.640000000000000000e+02 3.377349999999999909e+03
1.320000000000000000e+02 3.377599999999999909e+03
2.800000000000000000e+01 3.380650000000000091e+03
4.200000000000000000e+02 3.385250000000000000e+03
1.160000000000000000e+02 3.386750000000000000e+03
1.400000000000000000e+02 3.387450000000000273e+03
6.000000000000000000e+01 3.393500000000000000e+03
1.000000000000000000e+02 3.396300000000000182e+03
1.200000000000000000e+01 3.402500000000000000e+03
6.920000000000000000e+02 3.411099999999999909e+03
6.600000000000000000e+02 3.418700000000000273e+03
1.320000000000000000e+02 3.420750000000000000e+03
2.280000000000000000e+02 3.427550000000000182e+03
1.480000000000000000e+02 3.433250000000000000e+03
2.040000000000000000e+02 3.438250000000000000e+03
2.200000000000000000e+02 3.461099999999999909e+03
1.200000000000000000e+01 3.468800000000000182e+03
6.280000000000000000e+02 3.516950000000000273e+03
5.640000000000000000e+02 3.572599999999999909e+03
7.880000000000000000e+02 3.575150000000000091e+03
4.600000000000000000e+02 3.575450000000000273e+03
3.560000000000000000e+02 3.588000000000000000e+03
7.640000000000000000e+02 3.588700000000000273e+03
1.240000000000000000e+02 3.597349999999999909e+03
5.800000000000000000e+02 3.615050000000000182e+03
5.240000000000000000e+02 3.615450000000000273e+03
4.680000000000000000e+02 3.619950000000000273e+03
2.040000000000000000e+02 3.621950000000000273e+03
4.120000000000000000e+02 3.625099999999999909e+03
3.080000000000000000e+02 3.628300000000000182e+03
1.160000000000000000e+02 3.633250000000000000e+03
8.400000000000000000e+01 3.634250000000000000e+03
3.600000000000000000e+01 3.635000000000000000e+03
2.200000000000000000e+02 3.634950000000000273e+03
6.760000000000000000e+02 3.635099999999999909e+03
7.880000000000000000e+02 3.635099999999999909e+03
5.080000000000000000e+02 3.635400000000000091e+03
4.360000000000000000e+02 3.635450000000000273e+03
2.280000000000000000e+02 3.635700000000000273e+03
7.560000000000000000e+02 3.635849999999999909e+03
4.040000000000000000e+02 3.636050000000000182e+03
7.640000000000000000e+02 3.636099999999999909e+03
1.200000000000000000e+01 3.636150000000000091e+03
1.000000000000000000e+02 3.636200000000000273e+03
2.680000000000000000e+02 3.636150000000000091e+03
1.960000000000000000e+02 3.636450000000000273e+03
4.680000000000000000e+02 3.636550000000000182e+03
4.440000000000000000e+02 3.636950000000000273e+03
4.520000000000000000e+02 3.637000000000000000e+03
2.360000000000000000e+02 3.637150000000000091e+03
1.240000000000000000e+02 3.637250000000000000e+03
1.880000000000000000e+02 3.637300000000000182e+03
5.400000000000000000e+02 3.637300000000000182e+03
6.120000000000000000e+02 3.637300000000000182e+03
6.600000000000000000e+02 3.637400000000000091e+03
6.800000000000000000e+01 3.637500000000000000e+03
3.640000000000000000e+02 3.637450000000000273e+03
6.040000000000000000e+02 3.637450000000000273e+03
6.280000000000000000e+02 3.637450000000000273e+03
7.000000000000000000e+02 3.637450000000000273e+03
3.480000000000000000e+02 3.637599999999999909e+03
5.240000000000000000e+02 3.637599999999999909e+03
2.600000000000000000e+02 3.637700000000000273e+03
6.920000000000000000e+02 3.637800000000000182e+03
7.080000000000000000e+02 3.637800000000000182e+03
1.560000000000000000e+02 3.637900000000000091e+03
4.600000000000000000e+02 3.637900000000000091e+03
5.640000000000000000e+02 3.637900000000000091e+03
1.080000000000000000e+02 3.638000000000000000e+03
1.320000000000000000e+02 3.638000000000000000e+03
9.200000000000000000e+01 3.638050000000000182e+03
7.320000000000000000e+02 3.638099999999999909e+03
5.800000000000000000e+02 3.638150000000000091e+03
7.240000000000000000e+02 3.638150000000000091e+03
1.400000000000000000e+02 3.638250000000000000e+03
1.720000000000000000e+02 3.638250000000000000e+03
4.920000000000000000e+02 3.638250000000000000e+03
1.800000000000000000e+02 3.638349999999999909e+03
4.200000000000000000e+02 3.638349999999999909e+03
3.160000000000000000e+02 3.638500000000000000e+03
7.800000000000000000e+02 3.638500000000000000e+03
4.400000000000000000e+01 3.638650000000000091e+03
5.200000000000000000e+01 3.638700000000000273e+03
1.480000000000000000e+02 3.638700000000000273e+03
3.720000000000000000e+02 3.638700000000000273e+03
5.560000000000000000e+02 3.638700000000000273e+03
7.480000000000000000e+02 3.638650000000000091e+03
4.000000000000000000e+00 3.638800000000000182e+03
7.880000000000000000e+02 3.638800000000000182e+03
2.040000000000000000e+02 3.638900000000000091e+03
4.840000000000000000e+02 3.638849999999999909e+03
5.160000000000000000e+02 3.638900000000000091e+03
6.360000000000000000e+02 3.638900000000000091e+03
6.440000000000000000e+02 3.638900000000000091e+03
7.400000000000000000e+02 3.638849999999999909e+03
7.960000000000000000e+02 3.638900000000000091e+03
2.000000000000000000e+01 3.638950000000000273e+03
6.000000000000000000e+01 3.638950000000000273e+03
2.840000000000000000e+02 3.638950000000000273e+03
3.240000000000000000e+02 3.639000000000000000e+03
5.720000000000000000e+02 3.638950000000000273e+03
2.920000000000000000e+02 3.639050000000000182e+03
3.320000000000000000e+02 3.639050000000000182e+03
3.560000000000000000e+02 3.639050000000000182e+03
3.960000000000000000e+02 3.639099999999999909e+03
4.760000000000000000e+02 3.639099999999999909e+03
5.000000000000000000e+02 3.639050000000000182e+03
5.960000000000000000e+02 3.639099999999999909e+03
2.800000000000000000e+01 3.639200000000000273e+03
8.400000000000000000e+01 3.639200000000000273e+03
1.160000000000000000e+02 3.639200000000000273e+03
2.440000000000000000e+02 3.639200000000000273e+03
3.000000000000000000e+02 3.639150000000000091e+03
2.760000000000000000e+02 3.639300000000000182e+03
3.080000000000000000e+02 3.639250000000000000e+03
4.040000000000000000e+02 3.639300000000000182e+03
6.200000000000000000e+02 3.639300000000000182e+03
6.520000000000000000e+02 3.639300000000000182e+03
6.680000000000000000e+02 3.639250000000000000e+03
7.160000000000000000e+02 3.639300000000000182e+03
7.600000000000000000e+01 3.639400000000000091e+03
1.640000000000000000e+02 3.639349999999999909e+03
4.120000000000000000e+02 3.639349999999999909e+03
5.320000000000000000e+02 3.639400000000000091e+03
3.600000000000000000e+01 3.639500000000000000e+03
5.080000000000000000e+02 3.639500000000000000e+03
2.520000000000000000e+02 3.639599999999999909e+03
3.400000000000000000e+02 3.639550000000000182e+03
5.480000000000000000e+02 3.639550000000000182e+03
2.120000000000000000e+02 3.639700000000000273e+03
4.280000000000000000e+02 3.639650000000000091e+03
5.880000000000000000e+02 3.639650000000000091e+03
6.760000000000000000e+02 3.639700000000000273e+03
6.840000000000000000e+02 3.639650000000000091e+03
1.200000000000000000e+01 3.639800000000000182e+03
3.880000000000000000e+02 3.639750000000000000e+03
2.680000000000000000e+02 3.639950000000000273e+03
1.240000000000000000e+02 3.640099999999999909e+03
7.560000000000000000e+02 3.640099999999999909e+03
7.720000000000000000e+02 3.640200000000000273e+03
4.440000000000000000e+02 3.640900000000000091e+03
6.040000000000000000e+02 3.640950000000000273e+03
5.400000000000000000e+02 3.641250000000000000e+03
2.360000000000000000e+02 3.644000000000000000e+03
7.080000000000000000e+02 3.644000000000000000e+03
5.800000000000000000e+02 3.644700000000000273e+03
3.800000000000000000e+02 3.644849999999999909e+03
2.600000000000000000e+02 3.645000000000000000e+03
1.880000000000000000e+02 3.645750000000000000e+03
3.240000000000000000e+02 3.646050000000000182e+03
5.160000000000000000e+02 3.646550000000000182e+03
1.320000000000000000e+02 3.648700000000000273e+03
7.560000000000000000e+02 3.653349999999999909e+03
1.480000000000000000e+02 3.659150000000000091e+03
4.200000000000000000e+02 3.665500000000000000e+03
1.080000000000000000e+02 3.674250000000000000e+03
5.080000000000000000e+02 3.676150000000000091e+03
2.840000000000000000e+02 3.677099999999999909e+03
7.560000000000000000e+02 3.680700000000000273e+03
5.320000000000000000e+02 3.681950000000000273e+03
2.440000000000000000e+02 3.685800000000000182e+03
7.240000000000000000e+02 3.686800000000000182e+03
1.400000000000000000e+02 3.691300000000000182e+03
6.440000000000000000e+02 3.692599999999999909e+03
6.680000000000000000e+02 3.712150000000000091e+03
4.000000000000000000e+00 3.713050000000000182e+03
5.480000000000000000e+02 3.725550000000000182e+03
2.440000000000000000e+02 3.747750000000000000e+03
4.360000000000000000e+02 3.763900000000000091e+03
5.800000000000000000e+02 3.766099999999999909e+03
4.400000000000000000e+01 3.776050000000000182e+03
3.720000000000000000e+02 3.848500000000000000e+03
2.200000000000000000e+02 3.860400000000000091e+03
2.680000000000000000e+02 3.937900000000000091e+03
2.440000000000000000e+02 3.965050000000000182e+03
7.000000000000000000e+02 3.968900000000000091e+03
1.480000000000000000e+02 3.981200000000000273e+03
3.560000000000000000e+02 3.984849999999999909e+03
7.480000000000000000e+02 3.993300000000000182e+03
5.800000000000000000e+02 4.002950000000000273e+03
2.840000000000000000e+02 4.003700000000000273e+03
3.320000000000000000e+02 4.004200000000000273e+03
2.760000000000000000e+02 4.004700000000000273e+03
1.200000000000000000e+01 4.013050000000000182e+03
3.480000000000000000e+02 4.013849999999999909e+03
3.080000000000000000e+02 4.016849999999999909e+03
5.240000000000000000e+02 4.020550000000000182e+03
3.160000000000000000e+02 4.020849999999999909e+03
5.640000000000000000e+02 4.021099999999999909e+03
4.280000000000000000e+02 4.022050000000000182e+03
4.920000000000000000e+02 4.022050000000000182e+03
4.400000000000000000e+01 4.022849999999999909e+03
5.480000000000000000e+02 4.022900000000000091e+03
1.200000000000000000e+01 4.023250000000000000e+03
3.240000000000000000e+02 4.023300000000000182e+03
2.040000000000000000e+02 4.023400000000000091e+03
6.360000000000000000e+02 4.023400000000000091e+03
5.960000000000000000e+02 4.023500000000000000e+03
6.040000000000000000e+02 4.023500000000000000e+03
6.280000000000000000e+02 4.023500000000000000e+03
4.040000000000000000e+02 4.023700000000000273e+03
7.160000000000000000e+02 4.023700000000000273e+03
2.000000000000000000e+01 4.023800000000000182e+03
7.960000000000000000e+02 4.023800000000000182e+03
2.800000000000000000e+01 4.023900000000000091e+03
4.200000000000000000e+02 4.023900000000000091e+03
5.560000000000000000e+02 4.023849999999999909e+03
6.520000000000000000e+02 4.023900000000000091e+03
3.640000000000000000e+02 4.024000000000000000e+03
2.120000000000000000e+02 4.024200000000000273e+03
5.200000000000000000e+01 4.024300000000000182e+03
6.440000000000000000e+02 4.024250000000000000e+03
7.000000000000000000e+02 4.024250000000000000e+03
7.640000000000000000e+02 4.024250000000000000e+03
1.160000000000000000e+02 4.024400000000000091e+03
1.000000000000000000e+02 4.024500000000000000e+03
1.080000000000000000e+02 4.024500000000000000e+03
6.200000000000000000e+02 4.024500000000000000e+03
6.920000000000000000e+02 4.024500000000000000e+03
7.880000000000000000e+02 4.024500000000000000e+03
4.000000000000000000e+00 4.024599999999999909e+03
2.360000000000000000e+02 4.024599999999999909e+03
2.760000000000000000e+02 4.024550000000000182e+03
7.480000000000000000e+02 4.024550000000000182e+03
6.800000000000000000e+01 4.024650000000000091e+03
1.960000000000000000e+02 4.024650000000000091e+03
3.880000000000000000e+02 4.024700000000000273e+03
4.600000000000000000e+02 4.024700000000000273e+03
6.600000000000000000e+02 4.024650000000000091e+03
7.400000000000000000e+02 4.024700000000000273e+03
2.280000000000000000e+02 4.024800000000000182e+03
3.800000000000000000e+02 4.024800000000000182e+03
4.120000000000000000e+02 4.024750000000000000e+03
7.720000000000000000e+02 4.024800000000000182e+03
1.800000000000000000e+02 4.024900000000000091e+03
2.520000000000000000e+02 4.024849999999999909e+03
3.320000000000000000e+02 4.024849999999999909e+03
3.400000000000000000e+02 4.024900000000000091e+03
5.400000000000000000e+02 4.024849999999999909e+03
5.800000000000000000e+02 4.024849999999999909e+03
8.400000000000000000e+01 4.025000000000000000e+03
1.320000000000000000e+02 4.024950000000000273e+03
3.000000000000000000e+02 4.025000000000000000e+03
3.560000000000000000e+02 4.024950000000000273e+03
3.960000000000000000e+02 4.024950000000000273e+03
4.360000000000000000e+02 4.024950000000000273e+03
4.680000000000000000e+02 4.025000000000000000e+03
5.080000000000000000e+02 4.025000000000000000e+03
6.120000000000000000e+02 4.024950000000000273e+03
7.240000000000000000e+02 4.024950000000000273e+03
7.800000000000000000e+02 4.025000000000000000e+03
6.000000000000000000e+01 4.025099999999999909e+03
1.400000000000000000e+02 4.025050000000000182e+03
2.440000000000000000e+02 4.025050000000000182e+03
6.840000000000000000e+02 4.025099999999999909e+03
7.080000000000000000e+02 4.025099999999999909e+03
1.640000000000000000e+02 4.025200000000000273e+03
5.880000000000000000e+02 4.025150000000000091e+03
3.600000000000000000e+01 4.025250000000000000e+03
2.680000000000000000e+02 4.025300000000000182e+03
5.320000000000000000e+02 4.025250000000000000e+03
7.600000000000000000e+01 4.025349999999999909e+03
1.880000000000000000e+02 4.025349999999999909e+03
3.480000000000000000e+02 4.025400000000000091e+03
3.720000000000000000e+02 4.025400000000000091e+03
4.760000000000000000e+02 4.025349999999999909e+03
1.480000000000000000e+02 4.025500000000000000e+03
2.840000000000000000e+02 4.025450000000000273e+03
3.080000000000000000e+02 4.025500000000000000e+03
4.840000000000000000e+02 4.025450000000000273e+03
5.160000000000000000e+02 4.025450000000000273e+03
5.240000000000000000e+02 4.025450000000000273e+03
2.200000000000000000e+02 4.025550000000000182e+03
2.600000000000000000e+02 4.025599999999999909e+03
4.920000000000000000e+02 4.025599999999999909e+03
5.640000000000000000e+02 4.025599999999999909e+03
4.520000000000000000e+02 4.025650000000000091e+03
7.320000000000000000e+02 4.025650000000000091e+03
1.720000000000000000e+02 4.025750000000000000e+03
2.920000000000000000e+02 4.025750000000000000e+03
4.440000000000000000e+02 4.025750000000000000e+03
6.680000000000000000e+02 4.025750000000000000e+03
9.200000000000000000e+01 4.025849999999999909e+03
1.560000000000000000e+02 4.025900000000000091e+03
5.720000000000000000e+02 4.025900000000000091e+03
4.280000000000000000e+02 4.025950000000000273e+03
3.160000000000000000e+02 4.026050000000000182e+03
5.480000000000000000e+02 4.026050000000000182e+03
7.560000000000000000e+02 4.026050000000000182e+03
6.040000000000000000e+02 4.026250000000000000e+03
5.000000000000000000e+02 4.026349999999999909e+03
1.240000000000000000e+02 4.026450000000000273e+03
5.960000000000000000e+02 4.027200000000000273e+03
6.760000000000000000e+02 4.027550000000000182e+03
3.640000000000000000e+02 4.027650000000000091e+03
6.200000000000000000e+02 4.028400000000000091e+03
2.760000000000000000e+02 4.028849999999999909e+03
3.240000000000000000e+02 4.028950000000000273e+03
2.440000000000000000e+02 4.029150000000000091e+03
4.040000000000000000e+02 4.029300000000000182e+03
5.080000000000000000e+02 4.029450000000000273e+03
3.000000000000000000e+02 4.029550000000000182e+03
5.320000000000000000e+02 4.029700000000000273e+03
2.840000000000000000e+02 4.029900000000000091e+03
4.200000000000000000e+02 4.029900000000000091e+03
1.800000000000000000e+02 4.030000000000000000e+03
2.800000000000000000e+01 4.030050000000000182e+03
4.400000000000000000e+01 4.030200000000000273e+03
7.720000000000000000e+02 4.030349999999999909e+03
5.640000000000000000e+02 4.030550000000000182e+03
7.000000000000000000e+02 4.030550000000000182e+03
7.800000000000000000e+02 4.030700000000000273e+03
5.200000000000000000e+01 4.030750000000000000e+03
6.520000000000000000e+02 4.030800000000000182e+03
7.080000000000000000e+02 4.030750000000000000e+03
4.280000000000000000e+02 4.031000000000000000e+03
3.400000000000000000e+02 4.031050000000000182e+03
6.280000000000000000e+02 4.031050000000000182e+03
6.360000000000000000e+02 4.031050000000000182e+03
7.640000000000000000e+02 4.031050000000000182e+03
7.960000000000000000e+02 4.031099999999999909e+03
2.120000000000000000e+02 4.031700000000000273e+03
7.560000000000000000e+02 4.031800000000000182e+03
7.400000000000000000e+02 4.031950000000000273e+03
6.600000000000000000e+02 4.038849999999999909e+03
6.000000000000000000e+01 4.046150000000000091e+03
7.320000000000000000e+02 4.054050000000000182e+03
5.720000000000000000e+02 4.059349999999999909e+03
5.960000000000000000e+02 4.060849999999999909e+03
2.000000000000000000e+01 4.068650000000000091e+03
3.000000000000000000e+02 4.070349999999999909e+03
3.880000000000000000e+02 4.072650000000000091e+03
5.640000000000000000e+02 4.073400000000000091e+03
4.920000000000000000e+02 4.074150000000000091e+03
1.480000000000000000e+02 4.075150000000000091e+03
9.200000000000000000e+01 4.076349999999999909e+03
2.520000000000000000e+02 4.090500000000000000e+03
3.720000000000000000e+02 4.092050000000000182e+03
1.800000000000000000e+02 4.098399999999999636e+03
5.560000000000000000e+02 4.110399999999999636e+03
3.000000000000000000e+02 4.117750000000000000e+03
2.680000000000000000e+02 4.127899999999999636e+03
4.840000000000000000e+02 4.157550000000000182e+03
2.800000000000000000e+01 4.161850000000000364e+03
7.560000000000000000e+02 4.162250000000000000e+03
5.560000000000000000e+02 4.190000000000000000e+03
5.320000000000000000e+02 4.236750000000000000e+03
2.200000000000000000e+02 4.252300000000000182e+03
1.000000000000000000e+02 4.270750000000000000e+03
5.240000000000000000e+02 4.272899999999999636e+03
6.800000000000000000e+01 4.286649999999999636e+03
1.480000000000000000e+02 4.290399999999999636e+03
5.080000000000000000e+02 4.320149999999999636e+03
7.800000000000000000e+02 4.320449999999999818e+03
5.400000000000000000e+02 4.334699999999999818e+03
6.760000000000000000e+02 4.346149999999999636e+03
2.600000000000000000e+02 4.367899999999999636e+03
6.680000000000000000e+02 4.369199999999999818e+03
3.640000000000000000e+02 4.369800000000000182e+03
7.080000000000000000e+02 4.370150000000000546e+03
3.400000000000000000e+02 4.370750000000000000e+03
1.880000000000000000e+02 4.372250000000000000e+03
2.680000000000000000e+02 4.372699999999999818e+03
7.400000000000000000e+02 4.374150000000000546e+03
2.600000000000000000e+02 4.377699999999999818e+03
7.960000000000000000e+02 4.377750000000000000e+03
4.440000000000000000e+02 4.378000000000000000e+03
1.320000000000000000e+02 4.378949999999999818e+03
2.360000000000000000e+02 4.378949999999999818e+03
7.160000000000000000e+02 4.379949999999999818e+03
1.640000000000000000e+02 4.380500000000000000e+03
3.560000000000000000e+02 4.381600000000000364e+03
6.760000000000000000e+02 4.382150000000000546e+03
4.920000000000000000e+02 4.383300000000000182e+03
5.320000000000000000e+02 4.383699999999999818e+03
3.960000000000000000e+02 4.383800000000000182e+03
7.400000000000000000e+02 4.383750000000000000e+03
2.440000000000000000e+02 4.385050000000000182e+03
4.600000000000000000e+02 4.385100000000000364e+03
2.760000000000000000e+02 4.385400000000000546e+03
4.840000000000000000e+02 4.385350000000000364e+03
3.240000000000000000e+02 4.385449999999999818e+03
3.000000000000000000e+02 4.385800000000000182e+03
2.520000000000000000e+02 4.385900000000000546e+03
1.960000000000000000e+02 4.385949999999999818e+03
5.800000000000000000e+02 4.386000000000000000e+03
2.200000000000000000e+02 4.386050000000000182e+03
4.680000000000000000e+02 4.386100000000000364e+03
6.920000000000000000e+02 4.386100000000000364e+03
7.600000000000000000e+01 4.386199999999999818e+03
3.080000000000000000e+02 4.386150000000000546e+03
4.360000000000000000e+02 4.386150000000000546e+03
2.680000000000000000e+02 4.386400000000000546e+03
4.520000000000000000e+02 4.386350000000000364e+03
5.640000000000000000e+02 4.386400000000000546e+03
6.280000000000000000e+02 4.386350000000000364e+03
6.800000000000000000e+01 4.386449999999999818e+03
1.240000000000000000e+02 4.386600000000000364e+03
3.320000000000000000e+02 4.386550000000000182e+03
5.560000000000000000e+02 4.386600000000000364e+03
4.000000000000000000e+00 4.386650000000000546e+03
1.320000000000000000e+02 4.386699999999999818e+03
1.480000000000000000e+02 4.386650000000000546e+03
2.280000000000000000e+02 4.386650000000000546e+03
3.720000000000000000e+02 4.386699999999999818e+03
6.520000000000000000e+02 4.386699999999999818e+03
7.320000000000000000e+02 4.386650000000000546e+03
2.000000000000000000e+01 4.386750000000000000e+03
1.080000000000000000e+02 4.386800000000000182e+03
1.560000000000000000e+02 4.386800000000000182e+03
3.160000000000000000e+02 4.386800000000000182e+03
4.280000000000000000e+02 4.386750000000000000e+03
5.240000000000000000e+02 4.386800000000000182e+03
3.600000000000000000e+01 4.386850000000000364e+03
5.160000000000000000e+02 4.386949999999999818e+03
6.600000000000000000e+02 4.387000000000000000e+03
7.240000000000000000e+02 4.387000000000000000e+03
5.200000000000000000e+01 4.387050000000000182e+03
8.400000000000000000e+01 4.387050000000000182e+03
2.920000000000000000e+02 4.387100000000000364e+03
3.880000000000000000e+02 4.387100000000000364e+03
1.720000000000000000e+02 4.387150000000000546e+03
2.600000000000000000e+02 4.387199999999999818e+03
5.000000000000000000e+02 4.387199999999999818e+03
5.080000000000000000e+02 4.387150000000000546e+03
5.480000000000000000e+02 4.387150000000000546e+03
7.000000000000000000e+02 4.387199999999999818e+03
7.080000000000000000e+02 4.387199999999999818e+03
7.720000000000000000e+02 4.387150000000000546e+03
7.800000000000000000e+02 4.387199999999999818e+03
2.040000000000000000e+02 4.387250000000000000e+03
4.120000000000000000e+02 4.387300000000000182e+03
6.120000000000000000e+02 4.387250000000000000e+03
6.440000000000000000e+02 4.387250000000000000e+03
7.160000000000000000e+02 4.387250000000000000e+03
7.640000000000000000e+02 4.387250000000000000e+03
3.400000000000000000e+02 4.387400000000000546e+03
4.440000000000000000e+02 4.387400000000000546e+03
4.760000000000000000e+02 4.387400000000000546e+03
7.880000000000000000e+02 4.387350000000000364e+03
2.840000000000000000e+02 4.387500000000000000e+03
3.480000000000000000e+02 4.387500000000000000e+03
4.920000000000000000e+02 4.387500000000000000e+03
6.040000000000000000e+02 4.387449999999999818e+03
6.840000000000000000e+02 4.387500000000000000e+03
4.400000000000000000e+01 4.387600000000000364e+03
3.560000000000000000e+02 4.387600000000000364e+03
3.960000000000000000e+02 4.387600000000000364e+03
6.200000000000000000e+02 4.387600000000000364e+03
6.360000000000000000e+02 4.387600000000000364e+03
7.480000000000000000e+02 4.387600000000000364e+03
7.960000000000000000e+02 4.387600000000000364e+03
1.640000000000000000e+02 4.387650000000000546e+03
5.720000000000000000e+02 4.387699999999999818e+03
7.400000000000000000e+02 4.387650000000000546e+03
1.200000000000000000e+01 4.387800000000000182e+03
1.400000000000000000e+02 4.387750000000000000e+03
5.400000000000000000e+02 4.387900000000000546e+03
2.360000000000000000e+02 4.388000000000000000e+03
6.680000000000000000e+02 4.388000000000000000e+03
1.160000000000000000e+02 4.388050000000000182e+03
1.800000000000000000e+02 4.388050000000000182e+03
2.120000000000000000e+02 4.388100000000000364e+03
5.320000000000000000e+02 4.388100000000000364e+03
2.800000000000000000e+01 4.388150000000000546e+03
3.800000000000000000e+02 4.388150000000000546e+03
4.600000000000000000e+02 4.388150000000000546e+03
1.000000000000000000e+02 4.388300000000000182e+03
6.760000000000000000e+02 4.388250000000000000e+03
7.560000000000000000e+02 4.388300000000000182e+03
3.640000000000000000e+02 4.388400000000000546e+03
5.960000000000000000e+02 4.388350000000000364e+03
1.880000000000000000e+02 4.388449999999999818e+03
9.200000000000000000e+01 4.388550000000000182e+03
6.920000000000000000e+02 4.396850000000000364e+03
1.960000000000000000e+02 4.397000000000000000e+03
2.120000000000000000e+02 4.397050000000000182e+03
6.280000000000000000e+02 4.397100000000000364e+03
1.080000000000000000e+02 4.397500000000000000e+03
1.880000000000000000e+02 4.397550000000000182e+03
4.920000000000000000e+02 4.397550000000000182e+03
2.440000000000000000e+02 4.397750000000000000e+03
7.320000000000000000e+02 4.397900000000000546e+03
4.200000000000000000e+02 4.398300000000000182e+03
2.760000000000000000e+02 4.398600000000000364e+03
6.040000000000000000e+02 4.398900000000000546e+03
6.200000000000000000e+02 4.399350000000000364e+03
7.800000000000000000e+02 4.413600000000000364e+03
4.840000000000000000e+02 4.416949999999999818e+03
7.720000000000000000e+02 4.417050000000000182e+03
3.480000000000000000e+02 4.419550000000000182e+03
5.960000000000000000e+02 4.424150000000000546e+03
4.360000000000000000e+02 4.427449999999999818e+03
1.000000000000000000e+02 4.427850000000000364e+03
4.200000000000000000e+02 4.430900000000000546e+03
7.960000000000000000e+02 4.437750000000000000e+03
3.720000000000000000e+02 4.437850000000000364e+03
6.680000000000000000e+02 4.441949999999999818e+03
3.320000000000000000e+02 4.442050000000000182e+03
5.400000000000000000e+02 4.442500000000000000e+03
7.080000000000000000e+02 4.445300000000000182e+03
7.400000000000000000e+02 4.446300000000000182e+03
5.000000000000000000e+02 4.446949999999999818e+03
3.960000000000000000e+02 4.450750000000000000e+03
1.800000000000000000e+02 4.456350000000000364e+03
4.680000000000000000e+02 4.465300000000000182e+03
2.600000000000000000e+02 4.467250000000000000e+03
7.600000000000000000e+01 4.472699999999999818e+03
3.480000000000000000e+02 4.494699999999999818e+03
3.800000000000000000e+02 4.513250000000000000e+03
4.920000000000000000e+02 4.517650000000000546e+03
1.000000000000000000e+02 4.530250000000000000e+03
7.320000000000000000e+02 4.565449999999999818e+03
4.600000000000000000e+02 4.566500000000000000e+03
6.800000000000000000e+01 4.567050000000000182e+03
7.240000000000000000e+02 4.570750000000000000e+03
1.800000000000000000e+02 4.589050000000000182e+03
1.000000000000000000e+02 4.610900000000000546e+03
4.040000000000000000e+02 4.616400000000000546e+03
7.720000000000000000e+02 4.626199999999999818e+03
6.040000000000000000e+02 4.636400000000000546e+03
7.640000000000000000e+02 4.636650000000000546e+03
3.640000000000000000e+02 4.643550000000000182e+03
7.160000000000000000e+02 4.644750000000000000e+03
7.080000000000000000e+02 4.648199999999999818e+03
7.720000000000000000e+02 4.648900000000000546e+03
6.120000000000000000e+02 4.649650000000000546e+03
6.000000000000000000e+01 4.656699999999999818e+03
3.320000000000000000e+02 4.661600000000000364e+03
5.200000000000000000e+01 4.662500000000000000e+03
1.800000000000000000e+02 4.666750000000000000e+03
6.000000000000000000e+01 4.668300000000000182e+03
3.880000000000000000e+02 4.669400000000000546e+03
5.640000000000000000e+02 4.669500000000000000e+03
4.520000000000000000e+02 4.670250000000000000e+03
5.960000000000000000e+02 4.671050000000000182e+03
5.000000000000000000e+02 4.671199999999999818e+03
2.760000000000000000e+02 4.671250000000000000e+03
3.000000000000000000e+02 4.671550000000000182e+03
1.240000000000000000e+02 4.672250000000000000e+03
5.240000000000000000e+02 4.672550000000000182e+03
5.320000000000000000e+02 4.672699999999999818e+03
7.800000000000000000e+02 4.673250000000000000e+03
1.960000000000000000e+02 4.673350000000000364e+03
4.440000000000000000e+02 4.673500000000000000e+03
6.360000000000000000e+02 4.673500000000000000e+03
4.400000000000000000e+01 4.673600000000000364e+03
6.840000000000000000e+02 4.673550000000000182e+03
6.280000000000000000e+02 4.673650000000000546e+03
2.840000000000000000e+02 4.673750000000000000e+03
7.400000000000000000e+02 4.673800000000000182e+03
2.920000000000000000e+02 4.673949999999999818e+03
2.000000000000000000e+01 4.674050000000000182e+03
6.600000000000000000e+02 4.674050000000000182e+03
3.400000000000000000e+02 4.674400000000000546e+03
7.600000000000000000e+01 4.674699999999999818e+03
3.160000000000000000e+02 4.674699999999999818e+03
3.800000000000000000e+02 4.674750000000000000e+03
4.120000000000000000e+02 4.674800000000000182e+03
3.640000000000000000e+02 4.675000000000000000e+03
1.880000000000000000e+02 4.675199999999999818e+03
5.800000000000000000e+02 4.675199999999999818e+03
2.520000000000000000e+02 4.675350000000000364e+03
5.080000000000000000e+02 4.675550000000000182e+03
1.640000000000000000e+02 4.675650000000000546e+03
1.800000000000000000e+02 4.675650000000000546e+03
2.440000000000000000e+02 4.675699999999999818e+03
2.600000000000000000e+02 4.675650000000000546e+03
5.400000000000000000e+02 4.675699999999999818e+03
5.560000000000000000e+02 4.675699999999999818e+03
6.760000000000000000e+02 4.675650000000000546e+03
7.560000000000000000e+02 4.675699999999999818e+03
1.200000000000000000e+01 4.675750000000000000e+03
2.760000000000000000e+02 4.675800000000000182e+03
3.960000000000000000e+02 4.675800000000000182e+03
4.280000000000000000e+02 4.675750000000000000e+03
5.880000000000000000e+02 4.675850000000000364e+03
9.200000000000000000e+01 4.675949999999999818e+03
3.480000000000000000e+02 4.676000000000000000e+03
3.720000000000000000e+02 4.675949999999999818e+03
3.600000000000000000e+01 4.676100000000000364e+03
6.200000000000000000e+02 4.676050000000000182e+03
4.000000000000000000e+00 4.676150000000000546e+03
3.240000000000000000e+02 4.676199999999999818e+03
5.160000000000000000e+02 4.676150000000000546e+03
2.120000000000000000e+02 4.676300000000000182e+03
2.200000000000000000e+02 4.676300000000000182e+03
7.080000000000000000e+02 4.676250000000000000e+03
1.320000000000000000e+02 4.676400000000000546e+03
3.880000000000000000e+02 4.676350000000000364e+03
4.520000000000000000e+02 4.676400000000000546e+03
7.160000000000000000e+02 4.676400000000000546e+03
7.640000000000000000e+02 4.676350000000000364e+03
2.360000000000000000e+02 4.676500000000000000e+03
6.920000000000000000e+02 4.676500000000000000e+03
7.240000000000000000e+02 4.676449999999999818e+03
2.680000000000000000e+02 4.676550000000000182e+03
3.000000000000000000e+02 4.676600000000000364e+03
3.080000000000000000e+02 4.676600000000000364e+03
5.000000000000000000e+02 4.676550000000000182e+03
5.480000000000000000e+02 4.676600000000000364e+03
6.120000000000000000e+02 4.676550000000000182e+03
6.520000000000000000e+02 4.676600000000000364e+03
7.480000000000000000e+02 4.676550000000000182e+03
5.200000000000000000e+01 4.676699999999999818e+03
1.160000000000000000e+02 4.676650000000000546e+03
1.560000000000000000e+02 4.676699999999999818e+03
5.240000000000000000e+02 4.676650000000000546e+03
7.000000000000000000e+02 4.676650000000000546e+03
1.000000000000000000e+02 4.676750000000000000e+03
1.080000000000000000e+02 4.676800000000000182e+03
2.280000000000000000e+02 4.676800000000000182e+03
3.320000000000000000e+02 4.676750000000000000e+03
4.760000000000000000e+02 4.676750000000000000e+03
4.920000000000000000e+02 4.676750000000000000e+03
5.960000000000000000e+02 4.676750000000000000e+03
6.440000000000000000e+02 4.676750000000000000e+03
7.720000000000000000e+02 4.676750000000000000e+03
6.800000000000000000e+01 4.676850000000000364e+03
1.480000000000000000e+02 4.676900000000000546e+03
1.720000000000000000e+02 4.676850000000000364e+03
4.040000000000000000e+02 4.676850000000000364e+03
5.320000000000000000e+02 4.676850000000000364e+03
7.880000000000000000e+02 4.676949999999999818e+03
4.200000000000000000e+02 4.677050000000000182e+03
6.280000000000000000e+02 4.677100000000000364e+03
3.560000000000000000e+02 4.677150000000000546e+03
5.720000000000000000e+02 4.677150000000000546e+03
6.680000000000000000e+02 4.677150000000000546e+03
1.240000000000000000e+02 4.677400000000000546e+03
1.960000000000000000e+02 4.677400000000000546e+03
1.400000000000000000e+02 4.677500000000000000e+03
4.360000000000000000e+02 4.681400000000000546e+03
2.040000000000000000e+02 4.685800000000000182e+03
7.720000000000000000e+02 4.686900000000000546e+03
2.000000000000000000e+01 4.688300000000000182e+03
4.360000000000000000e+02 4.691100000000000364e+03
2.800000000000000000e+01 4.692300000000000182e+03
2.440000000000000000e+02 4.695750000000000000e+03
1.240000000000000000e+02 4.701400000000000546e+03
7.240000000000000000e+02 4.702800000000000182e+03
4.280000000000000000e+02 4.704350000000000364e+03
6.600000000000000000e+02 4.707400000000000546e+03
2.600000000000000000e+02 4.712699999999999818e+03
1.080000000000000000e+02 4.715100000000000364e+03
4.520000000000000000e+02 4.717300000000000182e+03
6.760000000000000000e+02 4.721650000000000546e+03
7.400000000000000000e+02 4.722500000000000000e+03
5.560000000000000000e+02 4.722699999999999818e+03
7.960000000000000000e+02 4.727949999999999818e+03
1.880000000000000000e+02 4.731100000000000364e+03
3.800000000000000000e+02 4.731800000000000182e+03
6.280000000000000000e+02 4.731900000000000546e+03
6.800000000000000000e+01 4.732000000000000000e+03
3.560000000000000000e+02 4.738300000000000182e+03
6.920000000000000000e+02 4.740750000000000000e+03
7.560000000000000000e+02 4.741650000000000546e+03
1.880000000000000000e+02 4.747699999999999818e+03
1.080000000000000000e+02 4.748449999999999818e+03
2.840000000000000000e+02 4.750650000000000546e+03
6.120000000000000000e+02 4.758150000000000546e+03
7.400000000000000000e+02 4.760750000000000000e+03
4.680000000000000000e+02 4.770050000000000182e+03
2.200000000000000000e+02 4.770699999999999818e+03
6.520000000000000000e+02 4.782650000000000546e+03
1.000000000000000000e+02 4.785900000000000546e+03
1.560000000000000000e+02 4.792500000000000000e+03
3.320000000000000000e+02 4.793400000000000546e+03
5.320000000000000000e+02 4.794350000000000364e+03
6.360000000000000000e+02 4.795850000000000364e+03
5.240000000000000000e+02 4.801650000000000546e+03
7.600000000000000000e+01 4.810550000000000182e+03
7.080000000000000000e+02 4.821050000000000182e+03
7.240000000000000000e+02 4.822699999999999818e+03
7.480000000000000000e+02 4.828600000000000364e+03
2.040000000000000000e+02 4.862850000000000364e+03
3.000000000000000000e+02 4.868600000000000364e+03
6.680000000000000000e+02 4.870100000000000364e+03
1.880000000000000000e+02 4.871150000000000546e+03
7.880000000000000000e+02 4.871150000000000546e+03
1.000000000000000000e+02 4.886600000000000364e+03
1.960000000000000000e+02 4.891949999999999818e+03
6.360000000000000000e+02 4.896800000000000182e+03
4.920000000000000000e+02 4.906850000000000364e+03
1.080000000000000000e+02 4.907300000000000182e+03
6.600000000000000000e+02 4.909449999999999818e+03
4.600000000000000000e+02 4.946650000000000546e+03
6.920000000000000000e+02 4.947199999999999818e+03
4.520000000000000000e+02 4.947449999999999818e+03
3.800000000000000000e+02 4.948850000000000364e+03
7.640000000000000000e+02 4.949449999999999818e+03
4.120000000000000000e+02 4.949699999999999818e+03
5.960000000000000000e+02 4.950300000000000182e+03
1.880000000000000000e+02 4.950500000000000000e+03
2.120000000000000000e+02 4.950500000000000000e+03
4.760000000000000000e+02 4.950699999999999818e+03
5.480000000000000000e+02 4.950800000000000182e+03
1.400000000000000000e+02 4.951300000000000182e+03
4.840000000000000000e+02 4.951750000000000000e+03
7.720000000000000000e+02 4.951800000000000182e+03
3.720000000000000000e+02 4.951900000000000546e+03
4.360000000000000000e+02 4.951850000000000364e+03
6.120000000000000000e+02 4.952500000000000000e+03
6.920000000000000000e+02 4.952949999999999818e+03
4.400000000000000000e+01 4.953150000000000546e+03
6.040000000000000000e+02 4.953699999999999818e+03
4.200000000000000000e+02 4.954150000000000546e+03
3.880000000000000000e+02 4.954250000000000000e+03
3.640000000000000000e+02 4.954500000000000000e+03
5.720000000000000000e+02 4.954449999999999818e+03
1.720000000000000000e+02 4.954650000000000546e+03
4.000000000000000000e+00 4.955199999999999818e+03
2.280000000000000000e+02 4.955400000000000546e+03
3.000000000000000000e+02 4.955400000000000546e+03
2.440000000000000000e+02 4.955500000000000000e+03
7.600000000000000000e+01 4.955550000000000182e+03
3.160000000000000000e+02 4.955550000000000182e+03
7.000000000000000000e+02 4.955750000000000000e+03
1.160000000000000000e+02 4.955850000000000364e+03
2.920000000000000000e+02 4.955900000000000546e+03
2.200000000000000000e+02 4.956000000000000000e+03
7.880000000000000000e+02 4.955949999999999818e+03
1.640000000000000000e+02 4.956050000000000182e+03
7.800000000000000000e+02 4.956100000000000364e+03
3.960000000000000000e+02 4.956150000000000546e+03
4.440000000000000000e+02 4.956199999999999818e+03
7.560000000000000000e+02 4.956150000000000546e+03
1.480000000000000000e+02 4.956400000000000546e+03
7.480000000000000000e+02 4.956350000000000364e+03
6.000000000000000000e+01 4.956449999999999818e+03
3.480000000000000000e+02 4.956500000000000000e+03
5.400000000000000000e+02 4.956500000000000000e+03
1.000000000000000000e+02 4.956600000000000364e+03
1.320000000000000000e+02 4.956550000000000182e+03
2.520000000000000000e+02 4.956750000000000000e+03
3.560000000000000000e+02 4.956800000000000182e+03
6.520000000000000000e+02 4.956800000000000182e+03
2.800000000000000000e+01 4.956850000000000364e+03
9.200000000000000000e+01 4.956900000000000546e+03
3.080000000000000000e+02 4.956850000000000364e+03
4.040000000000000000e+02 4.956850000000000364e+03
4.680000000000000000e+02 4.956900000000000546e+03
4.920000000000000000e+02 4.956900000000000546e+03
6.280000000000000000e+02 4.956900000000000546e+03
6.600000000000000000e+02 4.956850000000000364e+03
7.320000000000000000e+02 4.956850000000000364e+03
5.000000000000000000e+02 4.957000000000000000e+03
7.960000000000000000e+02 4.956949999999999818e+03
6.800000000000000000e+01 4.957100000000000364e+03
3.240000000000000000e+02 4.957100000000000364e+03
3.720000000000000000e+02 4.957100000000000364e+03
4.600000000000000000e+02 4.957050000000000182e+03
4.760000000000000000e+02 4.957100000000000364e+03
5.080000000000000000e+02 4.957100000000000364e+03
5.480000000000000000e+02 4.957050000000000182e+03
7.400000000000000000e+02 4.957100000000000364e+03
1.880000000000000000e+02 4.957199999999999818e+03
7.640000000000000000e+02 4.957199999999999818e+03
3.600000000000000000e+01 4.957250000000000000e+03
8.400000000000000000e+01 4.957300000000000182e+03
2.040000000000000000e+02 4.957300000000000182e+03
2.840000000000000000e+02 4.957300000000000182e+03
5.240000000000000000e+02 4.957300000000000182e+03
5.800000000000000000e+02 4.957300000000000182e+03
1.200000000000000000e+01 4.957400000000000546e+03
5.200000000000000000e+01 4.957350000000000364e+03
2.120000000000000000e+02 4.957350000000000364e+03
3.320000000000000000e+02 4.957350000000000364e+03
6.840000000000000000e+02 4.957400000000000546e+03
2.680000000000000000e+02 4.957500000000000000e+03
4.120000000000000000e+02 4.957500000000000000e+03
5.560000000000000000e+02 4.957449999999999818e+03
1.240000000000000000e+02 4.957550000000000182e+03
2.600000000000000000e+02 4.957600000000000364e+03
6.200000000000000000e+02 4.957550000000000182e+03
6.760000000000000000e+02 4.957550000000000182e+03
2.360000000000000000e+02 4.957650000000000546e+03
2.760000000000000000e+02 4.957650000000000546e+03
5.160000000000000000e+02 4.957650000000000546e+03
5.960000000000000000e+02 4.957650000000000546e+03
7.080000000000000000e+02 4.957699999999999818e+03
7.240000000000000000e+02 4.957650000000000546e+03
4.840000000000000000e+02 4.957750000000000000e+03
5.320000000000000000e+02 4.957800000000000182e+03
6.360000000000000000e+02 4.957800000000000182e+03
7.720000000000000000e+02 4.957750000000000000e+03
3.400000000000000000e+02 4.957850000000000364e+03
6.680000000000000000e+02 4.958000000000000000e+03
1.080000000000000000e+02 4.958100000000000364e+03
1.560000000000000000e+02 4.958050000000000182e+03
4.520000000000000000e+02 4.958100000000000364e+03
3.640000000000000000e+02 4.958150000000000546e+03
3.800000000000000000e+02 4.958199999999999818e+03
6.120000000000000000e+02 4.958199999999999818e+03
3.880000000000000000e+02 4.958400000000000546e+03
5.720000000000000000e+02 4.958449999999999818e+03
4.280000000000000000e+02 4.968699999999999818e+03
5.640000000000000000e+02 4.969250000000000000e+03
7.160000000000000000e+02 4.970400000000000546e+03
6.200000000000000000e+02 4.971350000000000364e+03
7.880000000000000000e+02 4.971650000000000546e+03
7.720000000000000000e+02 4.971800000000000182e+03
1.000000000000000000e+02 4.971850000000000364e+03
2.680000000000000000e+02 4.990000000000000000e+03
1.200000000000000000e+01 4.992100000000000364e+03
4.360000000000000000e+02 4.993650000000000546e+03
1.320000000000000000e+02 4.993900000000000546e+03
1.640000000000000000e+02 4.995050000000000182e+03
1.480000000000000000e+02 4.995949999999999818e+03
6.440000000000000000e+02 5.001350000000000364e+03
3.160000000000000000e+02 5.006699999999999818e+03
7.800000000000000000e+02 5.006900000000000546e+03
4.760000000000000000e+02 5.006949999999999818e+03
4.920000000000000000e+02 5.008150000000000546e+03
3.600000000000000000e+01 5.008300000000000182e+03
5.200000000000000000e+01 5.008699999999999818e+03
4.440000000000000000e+02 5.012850000000000364e+03
2.520000000000000000e+02 5.015600000000000364e+03
7.000000000000000000e+02 5.023800000000000182e+03
5.800000000000000000e+02 5.033250000000000000e+03
4.440000000000000000e+02 5.034100000000000364e+03
1.720000000000000000e+02 5.040750000000000000e+03
7.880000000000000000e+02 5.049100000000000364e+03
4.600000000000000000e+02 5.068949999999999818e+03
1.000000000000000000e+02 5.077900000000000546e+03
7.720000000000000000e+02 5.078900000000000546e+03
5.320000000000000000e+02 5.095800000000000182e+03
6.360000000000000000e+02 5.124800000000000182e+03
1.240000000000000000e+02 5.135250000000000000e+03
2.000000000000000000e+01 5.139400000000000546e+03
7.400000000000000000e+02 5.147800000000000182e+03
1.560000000000000000e+02 5.147850000000000364e+03
7.160000000000000000e+02 5.151400000000000546e+03
6.280000000000000000e+02 5.185199999999999818e+03
3.880000000000000000e+02 5.268650000000000546e+03
3.880000000000000000e+02 5.337750000000000000e+03
5.200000000000000000e+01 5.342699999999999818e+03
7.400000000000000000e+02 5.348449999999999818e+03
7.160000000000000000e+02 5.351550000000000182e+03
5.160000000000000000e+02 5.367699999999999818e+03
1.640000000000000000e+02 5.379250000000000000e+03
3.000000000000000000e+02 5.385400000000000546e+03
7.560000000000000000e+02 5.494400000000000546e+03
6.920000000000000000e+02 5.543850000000000364e+03
2.760000000000000000e+02 5.567199999999999818e+03
6.680000000000000000e+02 5.587150000000000546e+03
4.120000000000000000e+02 5.592350000000000364e+03
2.040000000000000000e+02 5.599600000000000364e+03
5.560000000000000000e+02 5.635250000000000000e+03
4.520000000000000000e+02 5.640550000000000182e+03
1.800000000000000000e+02 5.649600000000000364e+03
2.440000000000000000e+02 5.657000000000000000e+03
6.760000000000000000e+02 5.711400000000000546e+03
1.480000000000000000e+02 5.789000000000000000e+03
7.960000000000000000e+02 5.813250000000000000e+03
2.360000000000000000e+02 5.867750000000000000e+03
5.410000000000000000e+02 1.234500000000000028e+02
2.210000000000000000e+02 1.331500000000000057e+02
3.170000000000000000e+02 1.418000000000000114e+02
5.730000000000000000e+02 1.420999999999999943e+02
5.330000000000000000e+02 1.477500000000000000e+02
5.730000000000000000e+02 1.560000000000000000e+02
2.210000000000000000e+02 1.560999999999999943e+02
2.450000000000000000e+02 1.731500000000000057e+02
4.530000000000000000e+02 2.270500000000000114e+02
4.290000000000000000e+02 2.324500000000000171e+02
2.610000000000000000e+02 2.703000000000000114e+02
7.410000000000000000e+02 2.799499999999999886e+02
4.370000000000000000e+02 2.846000000000000227e+02
2.850000000000000000e+02 2.948000000000000114e+02
6.530000000000000000e+02 3.095000000000000000e+02
1.170000000000000000e+02 3.299000000000000341e+02
6.690000000000000000e+02 3.329000000000000341e+02
5.410000000000000000e+02 4.085500000000000114e+02
6.100000000000000000e+01 4.325000000000000000e+02
7.090000000000000000e+02 4.387500000000000000e+02
6.530000000000000000e+02 4.788500000000000227e+02
7.810000000000000000e+02 4.906999999999999886e+02
3.010000000000000000e+02 5.220499999999999545e+02
7.090000000000000000e+02 5.565500000000000682e+02
6.210000000000000000e+02 5.822500000000000000e+02
1.410000000000000000e+02 5.920500000000000682e+02
3.970000000000000000e+02 6.618000000000000682e+02
3.010000000000000000e+02 6.798999999999999773e+02
3.330000000000000000e+02 6.812000000000000455e+02
7.250000000000000000e+02 7.796499999999999773e+02
5.570000000000000000e+02 7.941499999999999773e+02
3.730000000000000000e+02 7.955500000000000682e+02
7.650000000000000000e+02 8.354500000000000455e+02
6.610000000000000000e+02 8.542500000000000000e+02
5.970000000000000000e+02 8.637000000000000455e+02
6.930000000000000000e+02 8.790500000000000682e+02
7.890000000000000000e+02 8.843500000000000227e+02
4.850000000000000000e+02 9.037500000000000000e+02
7.010000000000000000e+02 9.120500000000000682e+02
4.450000000000000000e+02 9.207000000000000455e+02
5.490000000000000000e+02 9.261499999999999773e+02
6.100000000000000000e+01 9.395000000000000000e+02
4.500000000000000000e+01 9.567000000000000455e+02
5.970000000000000000e+02 9.990000000000000000e+02
2.370000000000000000e+02 1.013700000000000045e+03
5.810000000000000000e+02 1.034450000000000045e+03
2.450000000000000000e+02 1.037400000000000091e+03
7.490000000000000000e+02 1.056150000000000091e+03
6.850000000000000000e+02 1.086299999999999955e+03
3.650000000000000000e+02 1.108049999999999955e+03
2.690000000000000000e+02 1.124000000000000000e+03
1.570000000000000000e+02 1.132200000000000045e+03
2.450000000000000000e+02 1.174200000000000045e+03
4.130000000000000000e+02 1.187750000000000000e+03
5.010000000000000000e+02 1.205100000000000136e+03
7.250000000000000000e+02 1.297200000000000045e+03
5.330000000000000000e+02 1.299450000000000045e+03
3.490000000000000000e+02 1.303450000000000045e+03
4.930000000000000000e+02 1.304200000000000045e+03
7.970000000000000000e+02 1.314450000000000045e+03
4.370000000000000000e+02 1.322549999999999955e+03
5.650000000000000000e+02 1.341450000000000045e+03
4.530000000000000000e+02 1.356950000000000045e+03
1.250000000000000000e+02 1.367750000000000000e+03
7.570000000000000000e+02 1.396250000000000000e+03
9.300000000000000000e+01 1.398650000000000091e+03
2.290000000000000000e+02 1.420900000000000091e+03
7.330000000000000000e+02 1.447799999999999955e+03
4.210000000000000000e+02 1.452549999999999955e+03
6.370000000000000000e+02 1.467850000000000136e+03
1.250000000000000000e+02 1.476250000000000000e+03
2.290000000000000000e+02 1.486000000000000000e+03
2.930000000000000000e+02 1.530049999999999955e+03
4.530000000000000000e+02 1.543500000000000000e+03
3.730000000000000000e+02 1.558350000000000136e+03
5.570000000000000000e+02 1.558900000000000091e+03
4.290000000000000000e+02 1.607950000000000045e+03
1.410000000000000000e+02 1.609250000000000000e+03
4.930000000000000000e+02 1.629950000000000045e+03
5.250000000000000000e+02 1.682250000000000000e+03
4.450000000000000000e+02 1.752100000000000136e+03
6.450000000000000000e+02 1.839650000000000091e+03
3.010000000000000000e+02 1.859600000000000136e+03
5.970000000000000000e+02 1.864900000000000091e+03
5.000000000000000000e+00 1.867299999999999955e+03
6.850000000000000000e+02 1.885549999999999955e+03
2.770000000000000000e+02 1.897900000000000091e+03
5.000000000000000000e+00 1.901049999999999955e+03
1.090000000000000000e+02 1.901549999999999955e+03
3.010000000000000000e+02 1.904750000000000000e+03
5.970000000000000000e+02 1.922150000000000091e+03
3.090000000000000000e+02 1.925450000000000045e+03
7.170000000000000000e+02 1.938299999999999955e+03
5.330000000000000000e+02 1.975900000000000091e+03
1.570000000000000000e+02 2.038700000000000045e+03
3.250000000000000000e+02 2.049750000000000000e+03
3.890000000000000000e+02 2.083849999999999909e+03
2.530000000000000000e+02 2.085750000000000000e+03
2.050000000000000000e+02 2.091449999999999818e+03
1.300000000000000000e+01 2.100099999999999909e+03
3.010000000000000000e+02 2.110099999999999909e+03
3.700000000000000000e+01 2.113500000000000000e+03
7.730000000000000000e+02 2.169849999999999909e+03
1.490000000000000000e+02 2.171050000000000182e+03
3.890000000000000000e+02 2.172750000000000000e+03
5.000000000000000000e+00 2.221200000000000273e+03
1.730000000000000000e+02 2.247550000000000182e+03
7.890000000000000000e+02 2.273150000000000091e+03
7.490000000000000000e+02 2.283650000000000091e+03
1.010000000000000000e+02 2.294450000000000273e+03
5.000000000000000000e+00 2.319400000000000091e+03
3.410000000000000000e+02 2.340650000000000091e+03
2.290000000000000000e+02 2.360750000000000000e+03
5.410000000000000000e+02 2.373550000000000182e+03
5.810000000000000000e+02 2.397000000000000000e+03
6.530000000000000000e+02 2.418099999999999909e+03
7.330000000000000000e+02 2.420650000000000091e+03
6.290000000000000000e+02 2.484900000000000091e+03
3.570000000000000000e+02 2.512550000000000182e+03
7.650000000000000000e+02 2.520599999999999909e+03
5.010000000000000000e+02 2.542200000000000273e+03
6.530000000000000000e+02 2.548900000000000091e+03
4.130000000000000000e+02 2.580700000000000273e+03
3.650000000000000000e+02 2.602000000000000000e+03
1.650000000000000000e+02 2.641400000000000091e+03
6.610000000000000000e+02 2.658900000000000091e+03
4.450000000000000000e+02 2.766550000000000182e+03
3.410000000000000000e+02 2.814099999999999909e+03
3.010000000000000000e+02 2.820099999999999909e+03
6.210000000000000000e+02 2.832500000000000000e+03
3.090000000000000000e+02 2.832750000000000000e+03
2.690000000000000000e+02 2.840650000000000091e+03
9.300000000000000000e+01 2.862400000000000091e+03
7.010000000000000000e+02 2.890000000000000000e+03
5.170000000000000000e+02 2.896599999999999909e+03
4.210000000000000000e+02 2.902150000000000091e+03
2.900000000000000000e+01 2.954200000000000273e+03
8.500000000000000000e+01 2.985700000000000273e+03
2.100000000000000000e+01 3.005900000000000091e+03
6.290000000000000000e+02 3.006200000000000273e+03
6.210000000000000000e+02 3.006250000000000000e+03
3.490000000000000000e+02 3.008150000000000091e+03
7.090000000000000000e+02 3.008250000000000000e+03
1.490000000000000000e+02 3.008400000000000091e+03
3.330000000000000000e+02 3.008900000000000091e+03
7.010000000000000000e+02 3.009099999999999909e+03
3.650000000000000000e+02 3.009200000000000273e+03
5.090000000000000000e+02 3.009349999999999909e+03
5.010000000000000000e+02 3.009450000000000273e+03
5.730000000000000000e+02 3.009450000000000273e+03
4.770000000000000000e+02 3.009550000000000182e+03
2.450000000000000000e+02 3.009800000000000182e+03
1.570000000000000000e+02 3.010000000000000000e+03
4.850000000000000000e+02 3.010099999999999909e+03
6.770000000000000000e+02 3.010750000000000000e+03
3.890000000000000000e+02 3.010900000000000091e+03
4.290000000000000000e+02 3.010950000000000273e+03
4.930000000000000000e+02 3.011099999999999909e+03
5.970000000000000000e+02 3.011099999999999909e+03
7.330000000000000000e+02 3.011050000000000182e+03
3.170000000000000000e+02 3.011200000000000273e+03
3.090000000000000000e+02 3.011300000000000182e+03
3.970000000000000000e+02 3.011550000000000182e+03
2.100000000000000000e+01 3.011650000000000091e+03
2.850000000000000000e+02 3.011650000000000091e+03
4.370000000000000000e+02 3.011650000000000091e+03
7.170000000000000000e+02 3.011900000000000091e+03
1.890000000000000000e+02 3.011950000000000273e+03
4.500000000000000000e+01 3.012099999999999909e+03
1.010000000000000000e+02 3.012050000000000182e+03
3.250000000000000000e+02 3.012050000000000182e+03
6.130000000000000000e+02 3.012200000000000273e+03
6.050000000000000000e+02 3.012300000000000182e+03
5.300000000000000000e+01 3.012599999999999909e+03
1.300000000000000000e+01 3.013300000000000182e+03
5.170000000000000000e+02 3.013250000000000000e+03
6.850000000000000000e+02 3.013349999999999909e+03
4.530000000000000000e+02 3.013500000000000000e+03
5.250000000000000000e+02 3.013700000000000273e+03
6.530000000000000000e+02 3.013800000000000182e+03
4.610000000000000000e+02 3.014200000000000273e+03
3.410000000000000000e+02 3.014450000000000273e+03
6.900000000000000000e+01 3.016250000000000000e+03
2.930000000000000000e+02 3.016800000000000182e+03
7.090000000000000000e+02 3.017300000000000182e+03
1.490000000000000000e+02 3.018349999999999909e+03
3.570000000000000000e+02 3.018500000000000000e+03
3.810000000000000000e+02 3.018599999999999909e+03
5.970000000000000000e+02 3.018800000000000182e+03
2.900000000000000000e+01 3.018849999999999909e+03
5.410000000000000000e+02 3.018900000000000091e+03
7.890000000000000000e+02 3.019300000000000182e+03
5.000000000000000000e+00 3.019599999999999909e+03
3.970000000000000000e+02 3.019550000000000182e+03
4.290000000000000000e+02 3.019650000000000091e+03
7.490000000000000000e+02 3.019650000000000091e+03
4.690000000000000000e+02 3.019750000000000000e+03
3.700000000000000000e+01 3.019900000000000091e+03
6.100000000000000000e+01 3.019900000000000091e+03
5.810000000000000000e+02 3.020200000000000273e+03
7.010000000000000000e+02 3.020200000000000273e+03
1.410000000000000000e+02 3.020300000000000182e+03
4.370000000000000000e+02 3.020349999999999909e+03
1.170000000000000000e+02 3.020450000000000273e+03
5.250000000000000000e+02 3.020500000000000000e+03
1.970000000000000000e+02 3.020599999999999909e+03
7.730000000000000000e+02 3.020599999999999909e+03
6.690000000000000000e+02 3.020700000000000273e+03
2.530000000000000000e+02 3.020900000000000091e+03
3.650000000000000000e+02 3.020849999999999909e+03
1.330000000000000000e+02 3.021200000000000273e+03
1.090000000000000000e+02 3.021400000000000091e+03
6.850000000000000000e+02 3.022400000000000091e+03
5.090000000000000000e+02 3.022650000000000091e+03
2.050000000000000000e+02 3.022750000000000000e+03
4.210000000000000000e+02 3.022800000000000182e+03
2.100000000000000000e+01 3.025950000000000273e+03
3.570000000000000000e+02 3.026400000000000091e+03
8.500000000000000000e+01 3.026700000000000273e+03
3.890000000000000000e+02 3.026650000000000091e+03
6.370000000000000000e+02 3.026900000000000091e+03
4.370000000000000000e+02 3.026950000000000273e+03
6.130000000000000000e+02 3.028150000000000091e+03
1.250000000000000000e+02 3.028300000000000182e+03
2.130000000000000000e+02 3.028900000000000091e+03
7.010000000000000000e+02 3.029000000000000000e+03
3.170000000000000000e+02 3.029500000000000000e+03
3.010000000000000000e+02 3.029599999999999909e+03
4.450000000000000000e+02 3.029550000000000182e+03
1.890000000000000000e+02 3.029650000000000091e+03
2.770000000000000000e+02 3.029650000000000091e+03
2.850000000000000000e+02 3.029700000000000273e+03
4.290000000000000000e+02 3.029800000000000182e+03
7.570000000000000000e+02 3.029750000000000000e+03
5.170000000000000000e+02 3.030050000000000182e+03
7.410000000000000000e+02 3.030200000000000273e+03
5.650000000000000000e+02 3.030250000000000000e+03
1.090000000000000000e+02 3.030400000000000091e+03
4.130000000000000000e+02 3.030400000000000091e+03
7.650000000000000000e+02 3.030400000000000091e+03
2.610000000000000000e+02 3.030650000000000091e+03
3.090000000000000000e+02 3.030800000000000182e+03
1.330000000000000000e+02 3.030849999999999909e+03
2.370000000000000000e+02 3.030849999999999909e+03
1.730000000000000000e+02 3.030950000000000273e+03
7.700000000000000000e+01 3.031150000000000091e+03
7.970000000000000000e+02 3.031200000000000273e+03
2.210000000000000000e+02 3.031650000000000091e+03
6.050000000000000000e+02 3.038200000000000273e+03
5.300000000000000000e+01 3.038599999999999909e+03
8.500000000000000000e+01 3.038849999999999909e+03
1.490000000000000000e+02 3.038950000000000273e+03
5.250000000000000000e+02 3.039599999999999909e+03
5.330000000000000000e+02 3.040050000000000182e+03
5.890000000000000000e+02 3.040300000000000182e+03
7.490000000000000000e+02 3.040400000000000091e+03
1.570000000000000000e+02 3.040450000000000273e+03
3.490000000000000000e+02 3.040550000000000182e+03
7.650000000000000000e+02 3.041099999999999909e+03
3.250000000000000000e+02 3.041150000000000091e+03
3.330000000000000000e+02 3.041500000000000000e+03
4.850000000000000000e+02 3.041800000000000182e+03
4.610000000000000000e+02 3.042349999999999909e+03
1.970000000000000000e+02 3.042550000000000182e+03
4.370000000000000000e+02 3.042800000000000182e+03
6.900000000000000000e+01 3.043050000000000182e+03
7.890000000000000000e+02 3.043550000000000182e+03
1.170000000000000000e+02 3.046750000000000000e+03
7.250000000000000000e+02 3.048200000000000273e+03
4.050000000000000000e+02 3.048450000000000273e+03
1.010000000000000000e+02 3.048800000000000182e+03
4.930000000000000000e+02 3.049400000000000091e+03
3.570000000000000000e+02 3.050450000000000273e+03
9.300000000000000000e+01 3.050900000000000091e+03
1.730000000000000000e+02 3.050849999999999909e+03
6.610000000000000000e+02 3.050900000000000091e+03
2.530000000000000000e+02 3.050950000000000273e+03
7.410000000000000000e+02 3.050950000000000273e+03
7.810000000000000000e+02 3.051099999999999909e+03
6.290000000000000000e+02 3.051150000000000091e+03
1.300000000000000000e+01 3.051300000000000182e+03
2.210000000000000000e+02 3.051500000000000000e+03
7.170000000000000000e+02 3.051599999999999909e+03
7.490000000000000000e+02 3.051750000000000000e+03
6.900000000000000000e+01 3.051950000000000273e+03
8.500000000000000000e+01 3.051950000000000273e+03
4.450000000000000000e+02 3.051950000000000273e+03
6.450000000000000000e+02 3.051950000000000273e+03
6.770000000000000000e+02 3.052099999999999909e+03
7.970000000000000000e+02 3.052099999999999909e+03
5.300000000000000000e+01 3.052300000000000182e+03
6.530000000000000000e+02 3.052349999999999909e+03
1.970000000000000000e+02 3.052450000000000273e+03
2.770000000000000000e+02 3.052450000000000273e+03
3.890000000000000000e+02 3.052650000000000091e+03
4.850000000000000000e+02 3.053099999999999909e+03
5.730000000000000000e+02 3.053050000000000182e+03
1.490000000000000000e+02 3.057849999999999909e+03
2.100000000000000000e+01 3.060300000000000182e+03
4.530000000000000000e+02 3.060300000000000182e+03
5.570000000000000000e+02 3.061300000000000182e+03
6.100000000000000000e+01 3.061599999999999909e+03
2.850000000000000000e+02 3.061950000000000273e+03
4.290000000000000000e+02 3.061950000000000273e+03
5.170000000000000000e+02 3.061950000000000273e+03
5.000000000000000000e+00 3.062099999999999909e+03
1.250000000000000000e+02 3.062400000000000091e+03
1.970000000000000000e+02 3.062700000000000273e+03
1.330000000000000000e+02 3.063000000000000000e+03
2.690000000000000000e+02 3.062950000000000273e+03
2.130000000000000000e+02 3.063050000000000182e+03
3.090000000000000000e+02 3.063250000000000000e+03
6.850000000000000000e+02 3.063300000000000182e+03
2.610000000000000000e+02 3.063599999999999909e+03
5.810000000000000000e+02 3.063700000000000273e+03
1.410000000000000000e+02 3.063849999999999909e+03
6.370000000000000000e+02 3.063849999999999909e+03
3.810000000000000000e+02 3.068250000000000000e+03
4.500000000000000000e+01 3.070200000000000273e+03
5.890000000000000000e+02 3.071000000000000000e+03
5.490000000000000000e+02 3.071200000000000273e+03
5.650000000000000000e+02 3.071500000000000000e+03
4.050000000000000000e+02 3.071800000000000182e+03
7.170000000000000000e+02 3.072300000000000182e+03
4.610000000000000000e+02 3.072900000000000091e+03
4.690000000000000000e+02 3.072900000000000091e+03
7.650000000000000000e+02 3.072900000000000091e+03
2.290000000000000000e+02 3.073150000000000091e+03
3.730000000000000000e+02 3.073300000000000182e+03
3.170000000000000000e+02 3.074200000000000273e+03
4.210000000000000000e+02 3.074650000000000091e+03
1.090000000000000000e+02 3.074849999999999909e+03
7.970000000000000000e+02 3.076900000000000091e+03
4.450000000000000000e+02 3.077000000000000000e+03
1.890000000000000000e+02 3.077099999999999909e+03
6.100000000000000000e+01 3.078050000000000182e+03
7.250000000000000000e+02 3.078050000000000182e+03
3.970000000000000000e+02 3.078700000000000273e+03
6.930000000000000000e+02 3.080099999999999909e+03
2.770000000000000000e+02 3.080150000000000091e+03
2.050000000000000000e+02 3.080599999999999909e+03
6.690000000000000000e+02 3.081250000000000000e+03
6.210000000000000000e+02 3.082700000000000273e+03
6.850000000000000000e+02 3.082700000000000273e+03
2.900000000000000000e+01 3.082750000000000000e+03
1.300000000000000000e+01 3.083050000000000182e+03
2.530000000000000000e+02 3.083349999999999909e+03
1.410000000000000000e+02 3.083450000000000273e+03
2.930000000000000000e+02 3.083550000000000182e+03
4.130000000000000000e+02 3.083700000000000273e+03
1.490000000000000000e+02 3.083849999999999909e+03
7.890000000000000000e+02 3.083849999999999909e+03
3.410000000000000000e+02 3.084150000000000091e+03
6.050000000000000000e+02 3.084200000000000273e+03
7.700000000000000000e+01 3.084500000000000000e+03
5.250000000000000000e+02 3.084550000000000182e+03
2.690000000000000000e+02 3.084900000000000091e+03
6.530000000000000000e+02 3.084900000000000091e+03
4.530000000000000000e+02 3.085200000000000273e+03
5.890000000000000000e+02 3.085599999999999909e+03
1.170000000000000000e+02 3.092550000000000182e+03
7.090000000000000000e+02 3.092750000000000000e+03
5.300000000000000000e+01 3.093950000000000273e+03
5.810000000000000000e+02 3.094500000000000000e+03
4.500000000000000000e+01 3.094599999999999909e+03
1.970000000000000000e+02 3.094599999999999909e+03
6.290000000000000000e+02 3.094599999999999909e+03
1.570000000000000000e+02 3.094700000000000273e+03
8.500000000000000000e+01 3.094950000000000273e+03
5.410000000000000000e+02 3.094950000000000273e+03
6.690000000000000000e+02 3.095099999999999909e+03
5.970000000000000000e+02 3.096450000000000273e+03
3.330000000000000000e+02 3.097700000000000273e+03
5.250000000000000000e+02 3.098099999999999909e+03
7.010000000000000000e+02 3.098150000000000091e+03
6.930000000000000000e+02 3.098950000000000273e+03
4.530000000000000000e+02 3.100300000000000182e+03
4.130000000000000000e+02 3.101000000000000000e+03
6.210000000000000000e+02 3.102000000000000000e+03
4.850000000000000000e+02 3.102250000000000000e+03
8.500000000000000000e+01 3.102550000000000182e+03
6.530000000000000000e+02 3.102550000000000182e+03
6.370000000000000000e+02 3.103000000000000000e+03
1.330000000000000000e+02 3.103650000000000091e+03
7.330000000000000000e+02 3.104900000000000091e+03
2.900000000000000000e+01 3.105599999999999909e+03
4.610000000000000000e+02 3.105599999999999909e+03
3.170000000000000000e+02 3.105800000000000182e+03
7.410000000000000000e+02 3.106000000000000000e+03
6.100000000000000000e+01 3.107450000000000273e+03
7.700000000000000000e+01 3.107800000000000182e+03
3.810000000000000000e+02 3.107950000000000273e+03
5.970000000000000000e+02 3.108150000000000091e+03
2.690000000000000000e+02 3.109200000000000273e+03
4.930000000000000000e+02 3.109750000000000000e+03
3.330000000000000000e+02 3.111900000000000091e+03
5.410000000000000000e+02 3.113700000000000273e+03
3.970000000000000000e+02 3.113750000000000000e+03
6.450000000000000000e+02 3.113750000000000000e+03
4.530000000000000000e+02 3.115099999999999909e+03
6.900000000000000000e+01 3.115800000000000182e+03
7.090000000000000000e+02 3.115950000000000273e+03
5.010000000000000000e+02 3.116500000000000000e+03
7.250000000000000000e+02 3.116500000000000000e+03
1.810000000000000000e+02 3.116650000000000091e+03
1.250000000000000000e+02 3.116950000000000273e+03
1.490000000000000000e+02 3.117000000000000000e+03
1.890000000000000000e+02 3.117000000000000000e+03
6.610000000000000000e+02 3.117349999999999909e+03
1.010000000000000000e+02 3.117550000000000182e+03
2.450000000000000000e+02 3.117800000000000182e+03
2.850000000000000000e+02 3.117750000000000000e+03
6.690000000000000000e+02 3.118150000000000091e+03
1.410000000000000000e+02 3.118400000000000091e+03
3.330000000000000000e+02 3.118700000000000273e+03
7.010000000000000000e+02 3.119000000000000000e+03
7.570000000000000000e+02 3.124400000000000091e+03
5.300000000000000000e+01 3.124650000000000091e+03
5.010000000000000000e+02 3.125800000000000182e+03
3.650000000000000000e+02 3.126300000000000182e+03
3.730000000000000000e+02 3.127250000000000000e+03
7.410000000000000000e+02 3.127400000000000091e+03
1.730000000000000000e+02 3.127900000000000091e+03
6.050000000000000000e+02 3.128150000000000091e+03
4.770000000000000000e+02 3.128250000000000000e+03
6.100000000000000000e+01 3.128349999999999909e+03
4.370000000000000000e+02 3.128500000000000000e+03
6.210000000000000000e+02 3.128650000000000091e+03
3.490000000000000000e+02 3.129250000000000000e+03
4.610000000000000000e+02 3.129599999999999909e+03
2.290000000000000000e+02 3.133700000000000273e+03
2.690000000000000000e+02 3.134650000000000091e+03
7.810000000000000000e+02 3.135450000000000273e+03
2.050000000000000000e+02 3.136450000000000273e+03
2.130000000000000000e+02 3.137450000000000273e+03
2.770000000000000000e+02 3.137500000000000000e+03
5.490000000000000000e+02 3.138150000000000091e+03
1.570000000000000000e+02 3.139800000000000182e+03
3.010000000000000000e+02 3.141349999999999909e+03
6.210000000000000000e+02 3.141800000000000182e+03
2.610000000000000000e+02 3.141950000000000273e+03
1.330000000000000000e+02 3.142450000000000273e+03
6.610000000000000000e+02 3.143000000000000000e+03
7.330000000000000000e+02 3.143150000000000091e+03
2.850000000000000000e+02 3.143900000000000091e+03
2.900000000000000000e+01 3.144400000000000091e+03
3.090000000000000000e+02 3.144849999999999909e+03
4.210000000000000000e+02 3.144950000000000273e+03
8.500000000000000000e+01 3.145150000000000091e+03
1.970000000000000000e+02 3.145150000000000091e+03
4.290000000000000000e+02 3.145250000000000000e+03
4.850000000000000000e+02 3.145349999999999909e+03
3.490000000000000000e+02 3.145800000000000182e+03
9.300000000000000000e+01 3.145900000000000091e+03
1.410000000000000000e+02 3.145849999999999909e+03
1.090000000000000000e+02 3.146849999999999909e+03
4.610000000000000000e+02 3.147550000000000182e+03
7.570000000000000000e+02 3.147750000000000000e+03
7.170000000000000000e+02 3.149250000000000000e+03
3.570000000000000000e+02 3.150500000000000000e+03
6.290000000000000000e+02 3.150650000000000091e+03
2.770000000000000000e+02 3.151050000000000182e+03
7.810000000000000000e+02 3.151099999999999909e+03
4.370000000000000000e+02 3.151200000000000273e+03
7.730000000000000000e+02 3.152250000000000000e+03
5.570000000000000000e+02 3.152599999999999909e+03
3.650000000000000000e+02 3.153200000000000273e+03
7.490000000000000000e+02 3.153400000000000091e+03
7.650000000000000000e+02 3.153500000000000000e+03
2.930000000000000000e+02 3.155099999999999909e+03
3.010000000000000000e+02 3.155099999999999909e+03
5.090000000000000000e+02 3.161250000000000000e+03
3.170000000000000000e+02 3.162800000000000182e+03
6.100000000000000000e+01 3.163000000000000000e+03
5.730000000000000000e+02 3.163000000000000000e+03
7.010000000000000000e+02 3.162950000000000273e+03
4.210000000000000000e+02 3.163200000000000273e+03
7.090000000000000000e+02 3.163200000000000273e+03
2.130000000000000000e+02 3.163250000000000000e+03
3.410000000000000000e+02 3.163550000000000182e+03
3.890000000000000000e+02 3.163750000000000000e+03
5.170000000000000000e+02 3.163900000000000091e+03
5.970000000000000000e+02 3.163849999999999909e+03
5.250000000000000000e+02 3.168099999999999909e+03
4.770000000000000000e+02 3.171700000000000273e+03
6.850000000000000000e+02 3.172349999999999909e+03
2.100000000000000000e+01 3.173150000000000091e+03
5.410000000000000000e+02 3.173150000000000091e+03
1.570000000000000000e+02 3.173750000000000000e+03
3.490000000000000000e+02 3.173800000000000182e+03
5.490000000000000000e+02 3.174450000000000273e+03
4.610000000000000000e+02 3.177650000000000091e+03
4.690000000000000000e+02 3.179349999999999909e+03
5.330000000000000000e+02 3.181700000000000273e+03
2.050000000000000000e+02 3.181800000000000182e+03
7.700000000000000000e+01 3.181900000000000091e+03
4.290000000000000000e+02 3.182650000000000091e+03
4.450000000000000000e+02 3.183150000000000091e+03
7.730000000000000000e+02 3.183200000000000273e+03
7.810000000000000000e+02 3.183300000000000182e+03
2.210000000000000000e+02 3.183400000000000091e+03
3.650000000000000000e+02 3.183400000000000091e+03
6.290000000000000000e+02 3.183450000000000273e+03
4.130000000000000000e+02 3.184099999999999909e+03
5.170000000000000000e+02 3.184250000000000000e+03
5.650000000000000000e+02 3.184950000000000273e+03
2.610000000000000000e+02 3.188900000000000091e+03
6.930000000000000000e+02 3.190150000000000091e+03
5.410000000000000000e+02 3.191099999999999909e+03
6.610000000000000000e+02 3.191750000000000000e+03
4.500000000000000000e+01 3.192200000000000273e+03
7.330000000000000000e+02 3.192150000000000091e+03
9.300000000000000000e+01 3.192599999999999909e+03
3.970000000000000000e+02 3.192599999999999909e+03
1.730000000000000000e+02 3.192950000000000273e+03
1.570000000000000000e+02 3.193150000000000091e+03
7.970000000000000000e+02 3.193150000000000091e+03
1.490000000000000000e+02 3.193250000000000000e+03
7.700000000000000000e+01 3.198000000000000000e+03
3.490000000000000000e+02 3.199300000000000182e+03
4.770000000000000000e+02 3.199300000000000182e+03
6.370000000000000000e+02 3.199450000000000273e+03
1.010000000000000000e+02 3.199950000000000273e+03
6.900000000000000000e+01 3.200400000000000091e+03
7.410000000000000000e+02 3.200650000000000091e+03
2.290000000000000000e+02 3.201400000000000091e+03
7.170000000000000000e+02 3.202400000000000091e+03
7.490000000000000000e+02 3.202599999999999909e+03
3.410000000000000000e+02 3.203099999999999909e+03
6.050000000000000000e+02 3.203950000000000273e+03
2.450000000000000000e+02 3.205200000000000273e+03
5.010000000000000000e+02 3.205400000000000091e+03
6.770000000000000000e+02 3.205750000000000000e+03
4.690000000000000000e+02 3.206349999999999909e+03
1.890000000000000000e+02 3.206750000000000000e+03
3.170000000000000000e+02 3.206849999999999909e+03
2.050000000000000000e+02 3.207650000000000091e+03
6.450000000000000000e+02 3.208599999999999909e+03
2.610000000000000000e+02 3.209250000000000000e+03
1.650000000000000000e+02 3.209700000000000273e+03
4.130000000000000000e+02 3.209650000000000091e+03
4.290000000000000000e+02 3.210200000000000273e+03
1.010000000000000000e+02 3.211150000000000091e+03
3.890000000000000000e+02 3.211500000000000000e+03
7.730000000000000000e+02 3.211700000000000273e+03
5.410000000000000000e+02 3.211900000000000091e+03
7.010000000000000000e+02 3.212450000000000273e+03
4.930000000000000000e+02 3.213450000000000273e+03
6.690000000000000000e+02 3.217099999999999909e+03
2.130000000000000000e+02 3.218750000000000000e+03
7.810000000000000000e+02 3.219550000000000182e+03
4.130000000000000000e+02 3.220900000000000091e+03
7.410000000000000000e+02 3.220900000000000091e+03
5.170000000000000000e+02 3.220950000000000273e+03
4.770000000000000000e+02 3.223099999999999909e+03
1.170000000000000000e+02 3.223150000000000091e+03
1.570000000000000000e+02 3.223800000000000182e+03
4.530000000000000000e+02 3.224599999999999909e+03
7.490000000000000000e+02 3.224950000000000273e+03
3.810000000000000000e+02 3.225750000000000000e+03
2.100000000000000000e+01 3.226250000000000000e+03
5.890000000000000000e+02 3.227450000000000273e+03
3.090000000000000000e+02 3.228550000000000182e+03
5.090000000000000000e+02 3.228550000000000182e+03
3.650000000000000000e+02 3.229000000000000000e+03
3.330000000000000000e+02 3.229450000000000273e+03
4.610000000000000000e+02 3.229700000000000273e+03
1.090000000000000000e+02 3.230099999999999909e+03
1.970000000000000000e+02 3.230200000000000273e+03
6.900000000000000000e+01 3.230800000000000182e+03
7.170000000000000000e+02 3.231750000000000000e+03
8.500000000000000000e+01 3.233550000000000182e+03
1.730000000000000000e+02 3.236700000000000273e+03
4.050000000000000000e+02 3.237450000000000273e+03
6.290000000000000000e+02 3.237750000000000000e+03
2.210000000000000000e+02 3.238250000000000000e+03
7.700000000000000000e+01 3.239200000000000273e+03
1.970000000000000000e+02 3.240300000000000182e+03
7.010000000000000000e+02 3.240400000000000091e+03
5.970000000000000000e+02 3.240750000000000000e+03
7.410000000000000000e+02 3.242000000000000000e+03
5.570000000000000000e+02 3.243849999999999909e+03
7.810000000000000000e+02 3.244650000000000091e+03
2.530000000000000000e+02 3.244800000000000182e+03
3.700000000000000000e+01 3.244950000000000273e+03
1.300000000000000000e+01 3.245450000000000273e+03
7.650000000000000000e+02 3.245550000000000182e+03
2.610000000000000000e+02 3.245650000000000091e+03
6.530000000000000000e+02 3.246000000000000000e+03
4.210000000000000000e+02 3.246700000000000273e+03
7.890000000000000000e+02 3.247050000000000182e+03
4.690000000000000000e+02 3.248400000000000091e+03
3.250000000000000000e+02 3.249099999999999909e+03
4.610000000000000000e+02 3.249050000000000182e+03
7.090000000000000000e+02 3.249099999999999909e+03
6.610000000000000000e+02 3.249300000000000182e+03
4.290000000000000000e+02 3.250000000000000000e+03
8.500000000000000000e+01 3.250400000000000091e+03
4.930000000000000000e+02 3.251650000000000091e+03
2.850000000000000000e+02 3.252849999999999909e+03
2.690000000000000000e+02 3.253349999999999909e+03
2.050000000000000000e+02 3.254300000000000182e+03
6.100000000000000000e+01 3.254450000000000273e+03
5.000000000000000000e+00 3.255450000000000273e+03
6.130000000000000000e+02 3.255500000000000000e+03
5.890000000000000000e+02 3.255550000000000182e+03
2.530000000000000000e+02 3.255900000000000091e+03
1.810000000000000000e+02 3.256099999999999909e+03
3.890000000000000000e+02 3.256750000000000000e+03
7.730000000000000000e+02 3.256750000000000000e+03
3.170000000000000000e+02 3.257000000000000000e+03
3.810000000000000000e+02 3.257099999999999909e+03
2.100000000000000000e+01 3.258099999999999909e+03
6.290000000000000000e+02 3.258700000000000273e+03
7.250000000000000000e+02 3.259300000000000182e+03
4.850000000000000000e+02 3.259800000000000182e+03
3.250000000000000000e+02 3.261750000000000000e+03
1.650000000000000000e+02 3.262200000000000273e+03
2.130000000000000000e+02 3.263599999999999909e+03
5.410000000000000000e+02 3.265200000000000273e+03
6.900000000000000000e+01 3.265300000000000182e+03
5.000000000000000000e+00 3.265500000000000000e+03
2.850000000000000000e+02 3.265500000000000000e+03
2.290000000000000000e+02 3.265550000000000182e+03
1.250000000000000000e+02 3.265750000000000000e+03
2.930000000000000000e+02 3.265849999999999909e+03
4.450000000000000000e+02 3.266000000000000000e+03
2.610000000000000000e+02 3.266300000000000182e+03
1.730000000000000000e+02 3.266849999999999909e+03
5.010000000000000000e+02 3.267000000000000000e+03
4.610000000000000000e+02 3.271150000000000091e+03
5.970000000000000000e+02 3.273099999999999909e+03
1.970000000000000000e+02 3.273150000000000091e+03
5.090000000000000000e+02 3.274050000000000182e+03
7.970000000000000000e+02 3.275200000000000273e+03
3.700000000000000000e+01 3.275950000000000273e+03
4.850000000000000000e+02 3.276400000000000091e+03
3.410000000000000000e+02 3.276650000000000091e+03
7.330000000000000000e+02 3.276700000000000273e+03
5.810000000000000000e+02 3.276849999999999909e+03
7.650000000000000000e+02 3.276849999999999909e+03
1.410000000000000000e+02 3.277099999999999909e+03
7.700000000000000000e+01 3.282250000000000000e+03
6.050000000000000000e+02 3.283750000000000000e+03
2.450000000000000000e+02 3.283950000000000273e+03
3.890000000000000000e+02 3.284000000000000000e+03
6.210000000000000000e+02 3.284400000000000091e+03
6.900000000000000000e+01 3.284500000000000000e+03
7.890000000000000000e+02 3.284700000000000273e+03
4.450000000000000000e+02 3.284750000000000000e+03
3.490000000000000000e+02 3.284900000000000091e+03
5.490000000000000000e+02 3.284900000000000091e+03
5.570000000000000000e+02 3.284900000000000091e+03
5.010000000000000000e+02 3.285050000000000182e+03
3.810000000000000000e+02 3.285200000000000273e+03
1.250000000000000000e+02 3.285250000000000000e+03
5.410000000000000000e+02 3.285250000000000000e+03
5.650000000000000000e+02 3.285300000000000182e+03
2.900000000000000000e+01 3.285400000000000091e+03
7.010000000000000000e+02 3.285400000000000091e+03
5.250000000000000000e+02 3.285450000000000273e+03
7.090000000000000000e+02 3.285450000000000273e+03
7.410000000000000000e+02 3.285550000000000182e+03
1.170000000000000000e+02 3.285849999999999909e+03
6.770000000000000000e+02 3.285849999999999909e+03
7.570000000000000000e+02 3.285849999999999909e+03
1.570000000000000000e+02 3.286000000000000000e+03
1.650000000000000000e+02 3.286050000000000182e+03
7.970000000000000000e+02 3.286300000000000182e+03
6.450000000000000000e+02 3.286400000000000091e+03
4.850000000000000000e+02 3.295250000000000000e+03
2.690000000000000000e+02 3.296200000000000273e+03
7.250000000000000000e+02 3.297050000000000182e+03
4.610000000000000000e+02 3.297500000000000000e+03
1.570000000000000000e+02 3.298000000000000000e+03
5.410000000000000000e+02 3.298000000000000000e+03
5.890000000000000000e+02 3.298050000000000182e+03
2.450000000000000000e+02 3.299349999999999909e+03
6.530000000000000000e+02 3.299650000000000091e+03
7.730000000000000000e+02 3.300050000000000182e+03
7.010000000000000000e+02 3.301000000000000000e+03
6.450000000000000000e+02 3.302099999999999909e+03
5.650000000000000000e+02 3.303349999999999909e+03
1.650000000000000000e+02 3.304750000000000000e+03
6.610000000000000000e+02 3.305050000000000182e+03
7.410000000000000000e+02 3.305750000000000000e+03
5.970000000000000000e+02 3.306349999999999909e+03
3.010000000000000000e+02 3.307450000000000273e+03
7.330000000000000000e+02 3.307650000000000091e+03
5.300000000000000000e+01 3.309599999999999909e+03
2.210000000000000000e+02 3.309599999999999909e+03
7.810000000000000000e+02 3.309849999999999909e+03
1.730000000000000000e+02 3.310300000000000182e+03
3.170000000000000000e+02 3.310349999999999909e+03
3.490000000000000000e+02 3.310400000000000091e+03
1.010000000000000000e+02 3.310650000000000091e+03
2.770000000000000000e+02 3.310700000000000273e+03
7.650000000000000000e+02 3.311750000000000000e+03
1.810000000000000000e+02 3.312300000000000182e+03
2.930000000000000000e+02 3.312750000000000000e+03
3.570000000000000000e+02 3.314599999999999909e+03
4.130000000000000000e+02 3.314950000000000273e+03
5.010000000000000000e+02 3.315300000000000182e+03
4.690000000000000000e+02 3.316500000000000000e+03
4.770000000000000000e+02 3.318000000000000000e+03
5.490000000000000000e+02 3.318000000000000000e+03
4.530000000000000000e+02 3.318800000000000182e+03
7.330000000000000000e+02 3.318950000000000273e+03
2.130000000000000000e+02 3.320050000000000182e+03
6.690000000000000000e+02 3.324500000000000000e+03
4.210000000000000000e+02 3.325500000000000000e+03
2.530000000000000000e+02 3.326000000000000000e+03
1.730000000000000000e+02 3.326349999999999909e+03
5.330000000000000000e+02 3.326450000000000273e+03
4.610000000000000000e+02 3.326800000000000182e+03
4.130000000000000000e+02 3.327000000000000000e+03
1.890000000000000000e+02 3.328050000000000182e+03
1.010000000000000000e+02 3.329500000000000000e+03
1.090000000000000000e+02 3.330150000000000091e+03
1.970000000000000000e+02 3.331300000000000182e+03
6.050000000000000000e+02 3.332700000000000273e+03
6.850000000000000000e+02 3.333849999999999909e+03
4.050000000000000000e+02 3.334700000000000273e+03
1.810000000000000000e+02 3.334750000000000000e+03
5.300000000000000000e+01 3.335150000000000091e+03
4.500000000000000000e+01 3.335400000000000091e+03
3.650000000000000000e+02 3.335400000000000091e+03
3.810000000000000000e+02 3.335700000000000273e+03
7.090000000000000000e+02 3.336099999999999909e+03
6.130000000000000000e+02 3.336150000000000091e+03
6.210000000000000000e+02 3.336300000000000182e+03
3.090000000000000000e+02 3.336750000000000000e+03
6.450000000000000000e+02 3.337050000000000182e+03
1.650000000000000000e+02 3.337900000000000091e+03
1.410000000000000000e+02 3.339400000000000091e+03
5.490000000000000000e+02 3.340599999999999909e+03
7.890000000000000000e+02 3.341500000000000000e+03
5.650000000000000000e+02 3.341900000000000091e+03
6.370000000000000000e+02 3.341900000000000091e+03
7.250000000000000000e+02 3.342200000000000273e+03
7.730000000000000000e+02 3.342500000000000000e+03
9.300000000000000000e+01 3.342849999999999909e+03
1.300000000000000000e+01 3.348250000000000000e+03
7.810000000000000000e+02 3.349200000000000273e+03
2.850000000000000000e+02 3.349900000000000091e+03
7.490000000000000000e+02 3.350000000000000000e+03
5.000000000000000000e+00 3.350050000000000182e+03
2.370000000000000000e+02 3.350599999999999909e+03
5.970000000000000000e+02 3.350650000000000091e+03
7.970000000000000000e+02 3.351200000000000273e+03
6.100000000000000000e+01 3.359900000000000091e+03
4.290000000000000000e+02 3.362800000000000182e+03
6.900000000000000000e+01 3.369800000000000182e+03
6.930000000000000000e+02 3.372000000000000000e+03
1.810000000000000000e+02 3.374349999999999909e+03
3.490000000000000000e+02 3.374500000000000000e+03
5.170000000000000000e+02 3.375950000000000273e+03
2.850000000000000000e+02 3.378500000000000000e+03
7.650000000000000000e+02 3.386950000000000273e+03
7.970000000000000000e+02 3.393050000000000182e+03
2.450000000000000000e+02 3.396200000000000273e+03
4.850000000000000000e+02 3.396800000000000182e+03
1.570000000000000000e+02 3.397550000000000182e+03
6.690000000000000000e+02 3.398349999999999909e+03
2.770000000000000000e+02 3.404050000000000182e+03
4.500000000000000000e+01 3.412750000000000000e+03
5.330000000000000000e+02 3.415950000000000273e+03
5.890000000000000000e+02 3.427349999999999909e+03
1.970000000000000000e+02 3.444700000000000273e+03
3.970000000000000000e+02 3.470300000000000182e+03
4.530000000000000000e+02 3.480599999999999909e+03
2.050000000000000000e+02 3.491599999999999909e+03
1.970000000000000000e+02 3.565250000000000000e+03
1.250000000000000000e+02 3.584300000000000182e+03
3.970000000000000000e+02 3.593099999999999909e+03
2.100000000000000000e+01 3.596700000000000273e+03
5.170000000000000000e+02 3.617300000000000182e+03
7.090000000000000000e+02 3.623450000000000273e+03
2.210000000000000000e+02 3.624000000000000000e+03
5.970000000000000000e+02 3.624349999999999909e+03
3.810000000000000000e+02 3.625000000000000000e+03
7.250000000000000000e+02 3.626500000000000000e+03
3.090000000000000000e+02 3.629349999999999909e+03
6.130000000000000000e+02 3.630099999999999909e+03
1.250000000000000000e+02 3.632550000000000182e+03
2.770000000000000000e+02 3.632950000000000273e+03
6.900000000000000000e+01 3.633250000000000000e+03
6.450000000000000000e+02 3.633500000000000000e+03
6.850000000000000000e+02 3.633950000000000273e+03
7.650000000000000000e+02 3.634300000000000182e+03
1.410000000000000000e+02 3.634400000000000091e+03
3.650000000000000000e+02 3.634500000000000000e+03
6.610000000000000000e+02 3.634700000000000273e+03
7.490000000000000000e+02 3.635099999999999909e+03
6.210000000000000000e+02 3.635150000000000091e+03
1.970000000000000000e+02 3.635349999999999909e+03
6.530000000000000000e+02 3.635349999999999909e+03
4.690000000000000000e+02 3.635900000000000091e+03
5.730000000000000000e+02 3.636349999999999909e+03
7.330000000000000000e+02 3.636550000000000182e+03
5.000000000000000000e+00 3.636650000000000091e+03
6.050000000000000000e+02 3.636650000000000091e+03
7.890000000000000000e+02 3.636700000000000273e+03
2.290000000000000000e+02 3.636750000000000000e+03
4.450000000000000000e+02 3.636750000000000000e+03
2.850000000000000000e+02 3.637000000000000000e+03
5.250000000000000000e+02 3.636950000000000273e+03
5.410000000000000000e+02 3.637200000000000273e+03
2.900000000000000000e+01 3.637250000000000000e+03
1.890000000000000000e+02 3.637250000000000000e+03
4.130000000000000000e+02 3.637349999999999909e+03
8.500000000000000000e+01 3.637550000000000182e+03
2.130000000000000000e+02 3.637650000000000091e+03
7.970000000000000000e+02 3.637700000000000273e+03
1.570000000000000000e+02 3.637800000000000182e+03
3.890000000000000000e+02 3.637800000000000182e+03
6.770000000000000000e+02 3.637750000000000000e+03
7.700000000000000000e+01 3.637900000000000091e+03
3.490000000000000000e+02 3.637950000000000273e+03
5.650000000000000000e+02 3.638000000000000000e+03
6.100000000000000000e+01 3.638099999999999909e+03
3.010000000000000000e+02 3.638050000000000182e+03
4.850000000000000000e+02 3.638050000000000182e+03
4.930000000000000000e+02 3.638050000000000182e+03
6.290000000000000000e+02 3.638050000000000182e+03
2.210000000000000000e+02 3.638200000000000273e+03
1.090000000000000000e+02 3.638300000000000182e+03
5.490000000000000000e+02 3.638300000000000182e+03
5.810000000000000000e+02 3.638300000000000182e+03
3.700000000000000000e+01 3.638400000000000091e+03
2.370000000000000000e+02 3.638349999999999909e+03
7.010000000000000000e+02 3.638349999999999909e+03
2.450000000000000000e+02 3.638500000000000000e+03
2.610000000000000000e+02 3.638500000000000000e+03
2.690000000000000000e+02 3.638450000000000273e+03
3.410000000000000000e+02 3.638500000000000000e+03
7.650000000000000000e+02 3.638500000000000000e+03
5.300000000000000000e+01 3.638599999999999909e+03
6.900000000000000000e+01 3.638599999999999909e+03
2.930000000000000000e+02 3.638550000000000182e+03
5.330000000000000000e+02 3.638599999999999909e+03
7.410000000000000000e+02 3.638599999999999909e+03
1.810000000000000000e+02 3.638650000000000091e+03
3.970000000000000000e+02 3.638650000000000091e+03
4.370000000000000000e+02 3.638700000000000273e+03
1.970000000000000000e+02 3.638800000000000182e+03
3.250000000000000000e+02 3.638800000000000182e+03
4.210000000000000000e+02 3.638800000000000182e+03
4.610000000000000000e+02 3.638800000000000182e+03
1.300000000000000000e+01 3.638900000000000091e+03
1.730000000000000000e+02 3.638900000000000091e+03
3.170000000000000000e+02 3.638900000000000091e+03
3.650000000000000000e+02 3.638849999999999909e+03
4.530000000000000000e+02 3.638900000000000091e+03
6.130000000000000000e+02 3.638900000000000091e+03
2.100000000000000000e+01 3.639000000000000000e+03
4.500000000000000000e+01 3.639000000000000000e+03
9.300000000000000000e+01 3.638950000000000273e+03
1.410000000000000000e+02 3.639000000000000000e+03
3.570000000000000000e+02 3.638950000000000273e+03
6.370000000000000000e+02 3.639000000000000000e+03
7.570000000000000000e+02 3.639000000000000000e+03
1.170000000000000000e+02 3.639050000000000182e+03
2.050000000000000000e+02 3.639099999999999909e+03
2.770000000000000000e+02 3.639050000000000182e+03
4.770000000000000000e+02 3.639099999999999909e+03
6.450000000000000000e+02 3.639099999999999909e+03
6.690000000000000000e+02 3.639099999999999909e+03
6.930000000000000000e+02 3.639099999999999909e+03
7.490000000000000000e+02 3.639050000000000182e+03
2.530000000000000000e+02 3.639150000000000091e+03
6.530000000000000000e+02 3.639150000000000091e+03
1.650000000000000000e+02 3.639300000000000182e+03
4.050000000000000000e+02 3.639300000000000182e+03
6.210000000000000000e+02 3.639250000000000000e+03
1.490000000000000000e+02 3.639349999999999909e+03
3.810000000000000000e+02 3.639349999999999909e+03
5.170000000000000000e+02 3.639349999999999909e+03
1.010000000000000000e+02 3.639500000000000000e+03
7.730000000000000000e+02 3.639500000000000000e+03
7.090000000000000000e+02 3.639599999999999909e+03
1.250000000000000000e+02 3.639800000000000182e+03
1.330000000000000000e+02 3.639800000000000182e+03
3.090000000000000000e+02 3.639900000000000091e+03
5.010000000000000000e+02 3.639849999999999909e+03
3.730000000000000000e+02 3.640099999999999909e+03
3.330000000000000000e+02 3.640200000000000273e+03
7.810000000000000000e+02 3.640150000000000091e+03
6.850000000000000000e+02 3.640300000000000182e+03
7.330000000000000000e+02 3.640400000000000091e+03
5.090000000000000000e+02 3.640450000000000273e+03
4.450000000000000000e+02 3.643000000000000000e+03
2.850000000000000000e+02 3.643400000000000091e+03
4.290000000000000000e+02 3.643700000000000273e+03
7.410000000000000000e+02 3.645550000000000182e+03
7.700000000000000000e+01 3.646200000000000273e+03
3.330000000000000000e+02 3.649050000000000182e+03
7.810000000000000000e+02 3.657000000000000000e+03
5.410000000000000000e+02 3.660599999999999909e+03
2.770000000000000000e+02 3.664849999999999909e+03
1.250000000000000000e+02 3.666099999999999909e+03
2.610000000000000000e+02 3.667450000000000273e+03
4.130000000000000000e+02 3.668200000000000273e+03
6.050000000000000000e+02 3.668550000000000182e+03
4.370000000000000000e+02 3.675450000000000273e+03
1.170000000000000000e+02 3.678450000000000273e+03
7.250000000000000000e+02 3.678450000000000273e+03
2.690000000000000000e+02 3.678950000000000273e+03
2.100000000000000000e+01 3.680800000000000182e+03
2.850000000000000000e+02 3.686200000000000273e+03
6.370000000000000000e+02 3.686450000000000273e+03
6.450000000000000000e+02 3.688500000000000000e+03
3.730000000000000000e+02 3.688650000000000091e+03
4.290000000000000000e+02 3.688950000000000273e+03
7.490000000000000000e+02 3.709800000000000182e+03
1.650000000000000000e+02 3.714250000000000000e+03
1.170000000000000000e+02 3.715250000000000000e+03
1.970000000000000000e+02 3.723849999999999909e+03
8.500000000000000000e+01 3.734800000000000182e+03
6.900000000000000000e+01 3.738300000000000182e+03
7.970000000000000000e+02 3.739300000000000182e+03
7.810000000000000000e+02 3.743250000000000000e+03
3.650000000000000000e+02 3.773400000000000091e+03
3.730000000000000000e+02 3.783950000000000273e+03
3.010000000000000000e+02 3.817099999999999909e+03
5.090000000000000000e+02 3.854950000000000273e+03
2.850000000000000000e+02 3.900849999999999909e+03
4.290000000000000000e+02 3.920950000000000273e+03
1.810000000000000000e+02 3.922300000000000182e+03
2.100000000000000000e+01 3.956349999999999909e+03
5.010000000000000000e+02 3.957400000000000091e+03
3.810000000000000000e+02 3.962550000000000182e+03
5.730000000000000000e+02 3.965500000000000000e+03
2.370000000000000000e+02 3.965950000000000273e+03
1.330000000000000000e+02 3.990900000000000091e+03
5.490000000000000000e+02 4.004150000000000091e+03
5.000000000000000000e+00 4.012550000000000182e+03
5.730000000000000000e+02 4.013550000000000182e+03
4.610000000000000000e+02 4.014300000000000182e+03
7.730000000000000000e+02 4.015150000000000091e+03
4.690000000000000000e+02 4.015650000000000091e+03
3.330000000000000000e+02 4.020599999999999909e+03
6.770000000000000000e+02 4.021250000000000000e+03
1.570000000000000000e+02 4.022349999999999909e+03
1.650000000000000000e+02 4.022800000000000182e+03
5.300000000000000000e+01 4.023050000000000182e+03
5.250000000000000000e+02 4.023400000000000091e+03
4.530000000000000000e+02 4.023450000000000273e+03
7.410000000000000000e+02 4.023599999999999909e+03
1.890000000000000000e+02 4.023700000000000273e+03
5.970000000000000000e+02 4.023750000000000000e+03
7.490000000000000000e+02 4.023800000000000182e+03
3.250000000000000000e+02 4.023900000000000091e+03
3.410000000000000000e+02 4.024000000000000000e+03
5.410000000000000000e+02 4.024000000000000000e+03
1.490000000000000000e+02 4.024050000000000182e+03
4.210000000000000000e+02 4.024150000000000091e+03
1.010000000000000000e+02 4.024250000000000000e+03
5.330000000000000000e+02 4.024300000000000182e+03
6.530000000000000000e+02 4.024300000000000182e+03
6.930000000000000000e+02 4.024250000000000000e+03
7.010000000000000000e+02 4.024300000000000182e+03
2.050000000000000000e+02 4.024349999999999909e+03
4.050000000000000000e+02 4.024450000000000273e+03
4.850000000000000000e+02 4.024500000000000000e+03
6.130000000000000000e+02 4.024500000000000000e+03
7.970000000000000000e+02 4.024599999999999909e+03
6.900000000000000000e+01 4.024700000000000273e+03
1.730000000000000000e+02 4.024700000000000273e+03
1.970000000000000000e+02 4.024700000000000273e+03
6.450000000000000000e+02 4.024700000000000273e+03
9.300000000000000000e+01 4.024800000000000182e+03
1.810000000000000000e+02 4.024750000000000000e+03
2.530000000000000000e+02 4.024800000000000182e+03
4.450000000000000000e+02 4.024800000000000182e+03
7.650000000000000000e+02 4.024800000000000182e+03
4.130000000000000000e+02 4.024900000000000091e+03
5.650000000000000000e+02 4.024900000000000091e+03
5.730000000000000000e+02 4.024900000000000091e+03
6.210000000000000000e+02 4.024849999999999909e+03
3.730000000000000000e+02 4.024950000000000273e+03
6.850000000000000000e+02 4.025000000000000000e+03
7.090000000000000000e+02 4.024950000000000273e+03
5.000000000000000000e+00 4.025099999999999909e+03
6.100000000000000000e+01 4.025050000000000182e+03
1.250000000000000000e+02 4.025050000000000182e+03
1.410000000000000000e+02 4.025099999999999909e+03
3.490000000000000000e+02 4.025099999999999909e+03
3.650000000000000000e+02 4.025050000000000182e+03
4.610000000000000000e+02 4.025050000000000182e+03
5.810000000000000000e+02 4.025099999999999909e+03
7.810000000000000000e+02 4.025050000000000182e+03
7.700000000000000000e+01 4.025200000000000273e+03
2.610000000000000000e+02 4.025150000000000091e+03
3.090000000000000000e+02 4.025200000000000273e+03
3.810000000000000000e+02 4.025200000000000273e+03
5.090000000000000000e+02 4.025200000000000273e+03
1.300000000000000000e+01 4.025300000000000182e+03
2.450000000000000000e+02 4.025300000000000182e+03
3.170000000000000000e+02 4.025250000000000000e+03
3.330000000000000000e+02 4.025300000000000182e+03
3.970000000000000000e+02 4.025300000000000182e+03
4.370000000000000000e+02 4.025250000000000000e+03
6.690000000000000000e+02 4.025250000000000000e+03
2.290000000000000000e+02 4.025400000000000091e+03
2.370000000000000000e+02 4.025400000000000091e+03
5.570000000000000000e+02 4.025400000000000091e+03
5.890000000000000000e+02 4.025400000000000091e+03
6.770000000000000000e+02 4.025349999999999909e+03
7.730000000000000000e+02 4.025400000000000091e+03
2.900000000000000000e+01 4.025450000000000273e+03
3.700000000000000000e+01 4.025450000000000273e+03
2.130000000000000000e+02 4.025500000000000000e+03
3.010000000000000000e+02 4.025500000000000000e+03
5.490000000000000000e+02 4.025450000000000273e+03
2.850000000000000000e+02 4.025550000000000182e+03
3.570000000000000000e+02 4.025599999999999909e+03
4.930000000000000000e+02 4.025599999999999909e+03
5.010000000000000000e+02 4.025550000000000182e+03
1.570000000000000000e+02 4.025650000000000091e+03
2.100000000000000000e+01 4.025750000000000000e+03
1.330000000000000000e+02 4.025800000000000182e+03
2.690000000000000000e+02 4.025750000000000000e+03
3.890000000000000000e+02 4.025800000000000182e+03
6.370000000000000000e+02 4.025750000000000000e+03
6.610000000000000000e+02 4.025750000000000000e+03
4.500000000000000000e+01 4.025900000000000091e+03
8.500000000000000000e+01 4.025849999999999909e+03
4.770000000000000000e+02 4.025849999999999909e+03
6.290000000000000000e+02 4.025900000000000091e+03
7.170000000000000000e+02 4.025900000000000091e+03
7.250000000000000000e+02 4.025900000000000091e+03
7.570000000000000000e+02 4.025900000000000091e+03
1.170000000000000000e+02 4.026099999999999909e+03
2.770000000000000000e+02 4.026050000000000182e+03
4.290000000000000000e+02 4.026050000000000182e+03
7.890000000000000000e+02 4.026099999999999909e+03
1.090000000000000000e+02 4.026200000000000273e+03
4.690000000000000000e+02 4.026200000000000273e+03
5.300000000000000000e+01 4.026300000000000182e+03
2.210000000000000000e+02 4.026250000000000000e+03
5.170000000000000000e+02 4.026349999999999909e+03
2.930000000000000000e+02 4.026450000000000273e+03
6.050000000000000000e+02 4.026900000000000091e+03
5.410000000000000000e+02 4.027000000000000000e+03
1.650000000000000000e+02 4.027900000000000091e+03
7.330000000000000000e+02 4.029099999999999909e+03
4.450000000000000000e+02 4.029300000000000182e+03
6.130000000000000000e+02 4.029500000000000000e+03
5.010000000000000000e+02 4.029700000000000273e+03
2.850000000000000000e+02 4.030250000000000000e+03
4.690000000000000000e+02 4.030400000000000091e+03
1.250000000000000000e+02 4.030650000000000091e+03
1.010000000000000000e+02 4.030750000000000000e+03
4.370000000000000000e+02 4.031000000000000000e+03
7.810000000000000000e+02 4.031000000000000000e+03
6.610000000000000000e+02 4.031500000000000000e+03
6.850000000000000000e+02 4.043550000000000182e+03
1.730000000000000000e+02 4.048700000000000273e+03
4.610000000000000000e+02 4.053900000000000091e+03
5.330000000000000000e+02 4.054000000000000000e+03
7.330000000000000000e+02 4.054900000000000091e+03
6.050000000000000000e+02 4.056000000000000000e+03
1.090000000000000000e+02 4.056349999999999909e+03
7.410000000000000000e+02 4.063700000000000273e+03
5.250000000000000000e+02 4.070150000000000091e+03
7.650000000000000000e+02 4.074000000000000000e+03
1.890000000000000000e+02 4.078750000000000000e+03
4.930000000000000000e+02 4.080550000000000182e+03
2.450000000000000000e+02 4.086150000000000091e+03
1.410000000000000000e+02 4.087150000000000091e+03
6.130000000000000000e+02 4.087400000000000091e+03
2.850000000000000000e+02 4.088349999999999909e+03
5.300000000000000000e+01 4.088900000000000091e+03
5.170000000000000000e+02 4.092000000000000000e+03
6.900000000000000000e+01 4.093650000000000091e+03
3.330000000000000000e+02 4.098699999999999818e+03
1.890000000000000000e+02 4.104850000000000364e+03
2.610000000000000000e+02 4.120350000000000364e+03
5.730000000000000000e+02 4.121449999999999818e+03
4.050000000000000000e+02 4.128350000000000364e+03
7.730000000000000000e+02 4.174149999999999636e+03
2.610000000000000000e+02 4.197500000000000000e+03
7.330000000000000000e+02 4.207500000000000000e+03
5.330000000000000000e+02 4.230100000000000364e+03
7.330000000000000000e+02 4.257600000000000364e+03
2.130000000000000000e+02 4.266699999999999818e+03
1.490000000000000000e+02 4.273850000000000364e+03
7.250000000000000000e+02 4.298050000000000182e+03
4.500000000000000000e+01 4.298350000000000364e+03
4.050000000000000000e+02 4.303199999999999818e+03
6.770000000000000000e+02 4.319050000000000182e+03
6.050000000000000000e+02 4.327250000000000000e+03
2.370000000000000000e+02 4.340000000000000000e+03
5.000000000000000000e+00 4.368399999999999636e+03
3.410000000000000000e+02 4.371650000000000546e+03
9.300000000000000000e+01 4.371900000000000546e+03
3.700000000000000000e+01 4.373949999999999818e+03
7.490000000000000000e+02 4.376500000000000000e+03
2.530000000000000000e+02 4.376800000000000182e+03
5.170000000000000000e+02 4.378000000000000000e+03
1.650000000000000000e+02 4.380000000000000000e+03
1.810000000000000000e+02 4.380000000000000000e+03
1.330000000000000000e+02 4.381000000000000000e+03
7.730000000000000000e+02 4.381850000000000364e+03
5.650000000000000000e+02 4.382250000000000000e+03
4.850000000000000000e+02 4.382350000000000364e+03
2.130000000000000000e+02 4.382650000000000546e+03
5.490000000000000000e+02 4.382650000000000546e+03
6.290000000000000000e+02 4.382800000000000182e+03
6.210000000000000000e+02 4.382850000000000364e+03
4.210000000000000000e+02 4.383850000000000364e+03
1.010000000000000000e+02 4.384250000000000000e+03
5.970000000000000000e+02 4.384250000000000000e+03
6.900000000000000000e+01 4.385150000000000546e+03
1.570000000000000000e+02 4.385199999999999818e+03
4.770000000000000000e+02 4.385449999999999818e+03
5.730000000000000000e+02 4.385699999999999818e+03
5.000000000000000000e+00 4.385850000000000364e+03
5.090000000000000000e+02 4.385900000000000546e+03
5.330000000000000000e+02 4.386000000000000000e+03
3.650000000000000000e+02 4.386199999999999818e+03
4.530000000000000000e+02 4.386199999999999818e+03
7.010000000000000000e+02 4.386150000000000546e+03
7.570000000000000000e+02 4.386150000000000546e+03
3.250000000000000000e+02 4.386250000000000000e+03
3.730000000000000000e+02 4.386250000000000000e+03
6.930000000000000000e+02 4.386250000000000000e+03
3.890000000000000000e+02 4.386350000000000364e+03
3.010000000000000000e+02 4.386449999999999818e+03
4.450000000000000000e+02 4.386500000000000000e+03
4.690000000000000000e+02 4.386500000000000000e+03
2.210000000000000000e+02 4.386550000000000182e+03
2.610000000000000000e+02 4.386550000000000182e+03
6.370000000000000000e+02 4.386550000000000182e+03
1.490000000000000000e+02 4.386650000000000546e+03
6.690000000000000000e+02 4.386650000000000546e+03
7.410000000000000000e+02 4.386650000000000546e+03
1.730000000000000000e+02 4.386750000000000000e+03
2.850000000000000000e+02 4.386750000000000000e+03
6.130000000000000000e+02 4.386800000000000182e+03
7.650000000000000000e+02 4.386750000000000000e+03
3.090000000000000000e+02 4.386900000000000546e+03
7.330000000000000000e+02 4.386900000000000546e+03
5.300000000000000000e+01 4.387000000000000000e+03
6.100000000000000000e+01 4.386949999999999818e+03
6.770000000000000000e+02 4.387000000000000000e+03
1.810000000000000000e+02 4.387050000000000182e+03
4.850000000000000000e+02 4.387050000000000182e+03
6.450000000000000000e+02 4.387050000000000182e+03
7.090000000000000000e+02 4.387100000000000364e+03
2.900000000000000000e+01 4.387150000000000546e+03
2.450000000000000000e+02 4.387199999999999818e+03
3.570000000000000000e+02 4.387150000000000546e+03
3.810000000000000000e+02 4.387199999999999818e+03
4.610000000000000000e+02 4.387150000000000546e+03
5.490000000000000000e+02 4.387199999999999818e+03
2.100000000000000000e+01 4.387300000000000182e+03
1.090000000000000000e+02 4.387250000000000000e+03
1.170000000000000000e+02 4.387250000000000000e+03
1.330000000000000000e+02 4.387250000000000000e+03
2.370000000000000000e+02 4.387300000000000182e+03
4.130000000000000000e+02 4.387300000000000182e+03
5.810000000000000000e+02 4.387250000000000000e+03
6.050000000000000000e+02 4.387250000000000000e+03
7.490000000000000000e+02 4.387300000000000182e+03
7.970000000000000000e+02 4.387250000000000000e+03
1.300000000000000000e+01 4.387350000000000364e+03
4.500000000000000000e+01 4.387350000000000364e+03
3.490000000000000000e+02 4.387400000000000546e+03
5.010000000000000000e+02 4.387400000000000546e+03
5.250000000000000000e+02 4.387400000000000546e+03
7.700000000000000000e+01 4.387500000000000000e+03
1.250000000000000000e+02 4.387449999999999818e+03
1.650000000000000000e+02 4.387449999999999818e+03
3.970000000000000000e+02 4.387500000000000000e+03
4.050000000000000000e+02 4.387449999999999818e+03
5.170000000000000000e+02 4.387500000000000000e+03
6.290000000000000000e+02 4.387449999999999818e+03
7.250000000000000000e+02 4.387449999999999818e+03
1.010000000000000000e+02 4.387550000000000182e+03
4.930000000000000000e+02 4.387550000000000182e+03
7.170000000000000000e+02 4.387600000000000364e+03
3.700000000000000000e+01 4.387699999999999818e+03
9.300000000000000000e+01 4.387650000000000546e+03
2.930000000000000000e+02 4.387650000000000546e+03
3.170000000000000000e+02 4.387699999999999818e+03
5.570000000000000000e+02 4.387699999999999818e+03
6.210000000000000000e+02 4.387650000000000546e+03
1.410000000000000000e+02 4.387750000000000000e+03
4.210000000000000000e+02 4.387750000000000000e+03
6.530000000000000000e+02 4.387800000000000182e+03
6.610000000000000000e+02 4.387800000000000182e+03
6.850000000000000000e+02 4.387750000000000000e+03
7.810000000000000000e+02 4.387750000000000000e+03
1.890000000000000000e+02 4.387850000000000364e+03
2.130000000000000000e+02 4.387900000000000546e+03
2.690000000000000000e+02 4.387900000000000546e+03
3.330000000000000000e+02 4.387850000000000364e+03
4.370000000000000000e+02 4.387850000000000364e+03
7.890000000000000000e+02 4.387900000000000546e+03
2.290000000000000000e+02 4.387949999999999818e+03
3.410000000000000000e+02 4.388000000000000000e+03
7.730000000000000000e+02 4.388000000000000000e+03
6.900000000000000000e+01 4.388050000000000182e+03
2.770000000000000000e+02 4.388050000000000182e+03
2.050000000000000000e+02 4.388199999999999818e+03
2.530000000000000000e+02 4.388150000000000546e+03
1.570000000000000000e+02 4.388300000000000182e+03
4.290000000000000000e+02 4.388300000000000182e+03
8.500000000000000000e+01 4.388350000000000364e+03
4.770000000000000000e+02 4.388500000000000000e+03
5.650000000000000000e+02 4.388750000000000000e+03
3.890000000000000000e+02 4.394350000000000364e+03
3.810000000000000000e+02 4.395699999999999818e+03
3.730000000000000000e+02 4.396400000000000546e+03
6.610000000000000000e+02 4.396750000000000000e+03
2.050000000000000000e+02 4.396949999999999818e+03
5.490000000000000000e+02 4.396949999999999818e+03
7.010000000000000000e+02 4.396949999999999818e+03
5.300000000000000000e+01 4.397500000000000000e+03
1.970000000000000000e+02 4.397600000000000364e+03
5.890000000000000000e+02 4.397600000000000364e+03
6.850000000000000000e+02 4.397800000000000182e+03
4.530000000000000000e+02 4.398050000000000182e+03
5.000000000000000000e+00 4.398350000000000364e+03
1.090000000000000000e+02 4.398350000000000364e+03
1.570000000000000000e+02 4.398350000000000364e+03
1.890000000000000000e+02 4.398500000000000000e+03
2.210000000000000000e+02 4.398500000000000000e+03
5.410000000000000000e+02 4.398850000000000364e+03
4.450000000000000000e+02 4.399199999999999818e+03
4.290000000000000000e+02 4.408449999999999818e+03
7.090000000000000000e+02 4.415050000000000182e+03
4.370000000000000000e+02 4.415650000000000546e+03
5.410000000000000000e+02 4.428050000000000182e+03
2.930000000000000000e+02 4.428500000000000000e+03
4.210000000000000000e+02 4.432750000000000000e+03
5.170000000000000000e+02 4.440600000000000364e+03
6.130000000000000000e+02 4.444600000000000364e+03
5.090000000000000000e+02 4.446000000000000000e+03
7.700000000000000000e+01 4.449199999999999818e+03
2.210000000000000000e+02 4.449400000000000546e+03
3.570000000000000000e+02 4.450800000000000182e+03
3.730000000000000000e+02 4.451750000000000000e+03
6.210000000000000000e+02 4.467699999999999818e+03
2.100000000000000000e+01 4.475449999999999818e+03
3.090000000000000000e+02 4.475800000000000182e+03
2.850000000000000000e+02 4.477449999999999818e+03
6.770000000000000000e+02 4.482000000000000000e+03
1.300000000000000000e+01 4.486650000000000546e+03
5.170000000000000000e+02 4.488949999999999818e+03
3.170000000000000000e+02 4.498400000000000546e+03
2.530000000000000000e+02 4.499300000000000182e+03
5.250000000000000000e+02 4.499500000000000000e+03
3.810000000000000000e+02 4.499600000000000364e+03
1.570000000000000000e+02 4.505449999999999818e+03
3.650000000000000000e+02 4.508449999999999818e+03
1.890000000000000000e+02 4.519750000000000000e+03
6.690000000000000000e+02 4.521350000000000364e+03
2.130000000000000000e+02 4.538949999999999818e+03
6.930000000000000000e+02 4.577949999999999818e+03
7.250000000000000000e+02 4.578600000000000364e+03
5.010000000000000000e+02 4.597650000000000546e+03
3.810000000000000000e+02 4.606300000000000182e+03
6.210000000000000000e+02 4.610199999999999818e+03
9.300000000000000000e+01 4.615000000000000000e+03
4.130000000000000000e+02 4.615150000000000546e+03
3.890000000000000000e+02 4.634699999999999818e+03
7.250000000000000000e+02 4.637250000000000000e+03
5.410000000000000000e+02 4.637500000000000000e+03
2.210000000000000000e+02 4.642699999999999818e+03
1.490000000000000000e+02 4.646199999999999818e+03
1.810000000000000000e+02 4.649449999999999818e+03
4.530000000000000000e+02 4.653050000000000182e+03
7.170000000000000000e+02 4.656150000000000546e+03
3.970000000000000000e+02 4.660650000000000546e+03
1.330000000000000000e+02 4.661699999999999818e+03
6.930000000000000000e+02 4.662150000000000546e+03
5.330000000000000000e+02 4.662300000000000182e+03
3.730000000000000000e+02 4.665050000000000182e+03
2.100000000000000000e+01 4.666300000000000182e+03
5.090000000000000000e+02 4.667449999999999818e+03
7.010000000000000000e+02 4.668150000000000546e+03
6.050000000000000000e+02 4.668500000000000000e+03
4.130000000000000000e+02 4.669850000000000364e+03
5.490000000000000000e+02 4.670150000000000546e+03
7.570000000000000000e+02 4.670900000000000546e+03
7.730000000000000000e+02 4.670949999999999818e+03
4.290000000000000000e+02 4.671949999999999818e+03
5.970000000000000000e+02 4.672199999999999818e+03
7.410000000000000000e+02 4.672650000000000546e+03
4.450000000000000000e+02 4.673199999999999818e+03
1.170000000000000000e+02 4.673500000000000000e+03
4.050000000000000000e+02 4.673600000000000364e+03
4.930000000000000000e+02 4.673750000000000000e+03
3.730000000000000000e+02 4.673900000000000546e+03
4.370000000000000000e+02 4.673949999999999818e+03
4.770000000000000000e+02 4.674000000000000000e+03
1.810000000000000000e+02 4.674150000000000546e+03
3.810000000000000000e+02 4.674150000000000546e+03
1.250000000000000000e+02 4.674250000000000000e+03
6.530000000000000000e+02 4.674250000000000000e+03
7.650000000000000000e+02 4.674300000000000182e+03
4.500000000000000000e+01 4.674400000000000546e+03
1.010000000000000000e+02 4.674449999999999818e+03
6.290000000000000000e+02 4.674500000000000000e+03
7.090000000000000000e+02 4.674500000000000000e+03
3.650000000000000000e+02 4.674550000000000182e+03
1.090000000000000000e+02 4.674650000000000546e+03
2.610000000000000000e+02 4.674699999999999818e+03
3.170000000000000000e+02 4.674650000000000546e+03
4.530000000000000000e+02 4.674699999999999818e+03
5.170000000000000000e+02 4.674699999999999818e+03
2.290000000000000000e+02 4.674850000000000364e+03
4.690000000000000000e+02 4.675000000000000000e+03
5.000000000000000000e+00 4.675050000000000182e+03
3.010000000000000000e+02 4.675100000000000364e+03
3.570000000000000000e+02 4.675050000000000182e+03
3.250000000000000000e+02 4.675150000000000546e+03
6.770000000000000000e+02 4.675300000000000182e+03
5.730000000000000000e+02 4.675550000000000182e+03
1.890000000000000000e+02 4.675699999999999818e+03
4.210000000000000000e+02 4.675650000000000546e+03
5.890000000000000000e+02 4.675699999999999818e+03
7.730000000000000000e+02 4.675650000000000546e+03
9.300000000000000000e+01 4.675800000000000182e+03
5.300000000000000000e+01 4.675850000000000364e+03
1.330000000000000000e+02 4.675900000000000546e+03
3.090000000000000000e+02 4.675850000000000364e+03
3.890000000000000000e+02 4.675900000000000546e+03
2.770000000000000000e+02 4.676000000000000000e+03
8.500000000000000000e+01 4.676100000000000364e+03
6.450000000000000000e+02 4.676100000000000364e+03
5.410000000000000000e+02 4.676199999999999818e+03
5.570000000000000000e+02 4.676199999999999818e+03
6.210000000000000000e+02 4.676199999999999818e+03
3.700000000000000000e+01 4.676250000000000000e+03
3.330000000000000000e+02 4.676250000000000000e+03
3.970000000000000000e+02 4.676300000000000182e+03
1.970000000000000000e+02 4.676400000000000546e+03
6.610000000000000000e+02 4.676400000000000546e+03
7.490000000000000000e+02 4.676400000000000546e+03
1.300000000000000000e+01 4.676500000000000000e+03
2.100000000000000000e+01 4.676500000000000000e+03
1.650000000000000000e+02 4.676449999999999818e+03
4.130000000000000000e+02 4.676449999999999818e+03
4.290000000000000000e+02 4.676500000000000000e+03
5.490000000000000000e+02 4.676500000000000000e+03
7.170000000000000000e+02 4.676500000000000000e+03
2.370000000000000000e+02 4.676600000000000364e+03
6.050000000000000000e+02 4.676550000000000182e+03
6.100000000000000000e+01 4.676699999999999818e+03
2.210000000000000000e+02 4.676699999999999818e+03
3.490000000000000000e+02 4.676650000000000546e+03
4.610000000000000000e+02 4.676699999999999818e+03
5.650000000000000000e+02 4.676699999999999818e+03
6.130000000000000000e+02 4.676650000000000546e+03
7.410000000000000000e+02 4.676650000000000546e+03
1.410000000000000000e+02 4.676750000000000000e+03
1.490000000000000000e+02 4.676800000000000182e+03
5.970000000000000000e+02 4.676800000000000182e+03
2.050000000000000000e+02 4.676850000000000364e+03
5.810000000000000000e+02 4.676850000000000364e+03
7.970000000000000000e+02 4.676850000000000364e+03
7.700000000000000000e+01 4.677000000000000000e+03
1.170000000000000000e+02 4.677000000000000000e+03
4.450000000000000000e+02 4.677000000000000000e+03
5.090000000000000000e+02 4.676949999999999818e+03
7.010000000000000000e+02 4.677000000000000000e+03
2.850000000000000000e+02 4.677100000000000364e+03
4.850000000000000000e+02 4.677100000000000364e+03
6.850000000000000000e+02 4.677100000000000364e+03
6.900000000000000000e+01 4.677150000000000546e+03
6.690000000000000000e+02 4.677199999999999818e+03
7.570000000000000000e+02 4.677150000000000546e+03
2.530000000000000000e+02 4.677250000000000000e+03
5.010000000000000000e+02 4.677350000000000364e+03
5.250000000000000000e+02 4.677400000000000546e+03
5.330000000000000000e+02 4.677400000000000546e+03
6.930000000000000000e+02 4.677400000000000546e+03
5.970000000000000000e+02 4.687300000000000182e+03
2.930000000000000000e+02 4.690949999999999818e+03
2.900000000000000000e+01 4.693500000000000000e+03
7.890000000000000000e+02 4.693699999999999818e+03
2.100000000000000000e+01 4.698600000000000364e+03
2.130000000000000000e+02 4.703550000000000182e+03
7.700000000000000000e+01 4.703900000000000546e+03
4.500000000000000000e+01 4.705350000000000364e+03
5.570000000000000000e+02 4.709949999999999818e+03
4.050000000000000000e+02 4.719550000000000182e+03
1.010000000000000000e+02 4.723900000000000546e+03
3.250000000000000000e+02 4.726400000000000546e+03
1.890000000000000000e+02 4.726949999999999818e+03
1.810000000000000000e+02 4.727650000000000546e+03
6.050000000000000000e+02 4.728550000000000182e+03
7.410000000000000000e+02 4.729650000000000546e+03
7.810000000000000000e+02 4.730050000000000182e+03
4.850000000000000000e+02 4.730550000000000182e+03
4.500000000000000000e+01 4.731000000000000000e+03
2.770000000000000000e+02 4.731350000000000364e+03
1.170000000000000000e+02 4.732550000000000182e+03
2.290000000000000000e+02 4.732800000000000182e+03
1.300000000000000000e+01 4.733850000000000364e+03
6.290000000000000000e+02 4.740400000000000546e+03
6.930000000000000000e+02 4.747199999999999818e+03
2.900000000000000000e+01 4.750900000000000546e+03
7.650000000000000000e+02 4.752300000000000182e+03
6.610000000000000000e+02 4.752800000000000182e+03
2.130000000000000000e+02 4.752949999999999818e+03
7.250000000000000000e+02 4.759199999999999818e+03
6.370000000000000000e+02 4.766250000000000000e+03
4.850000000000000000e+02 4.769050000000000182e+03
7.410000000000000000e+02 4.775850000000000364e+03
5.730000000000000000e+02 4.782400000000000546e+03
4.050000000000000000e+02 4.790750000000000000e+03
4.450000000000000000e+02 4.835900000000000546e+03
3.650000000000000000e+02 4.838300000000000182e+03
6.690000000000000000e+02 4.850500000000000000e+03
4.500000000000000000e+01 4.868449999999999818e+03
7.090000000000000000e+02 4.869150000000000546e+03
7.010000000000000000e+02 4.881800000000000182e+03
1.970000000000000000e+02 4.890750000000000000e+03
3.170000000000000000e+02 4.914449999999999818e+03
2.690000000000000000e+02 4.922350000000000364e+03
2.210000000000000000e+02 4.924100000000000364e+03
5.730000000000000000e+02 4.924900000000000546e+03
6.210000000000000000e+02 4.928400000000000546e+03
2.850000000000000000e+02 4.940400000000000546e+03
5.410000000000000000e+02 4.941550000000000182e+03
3.730000000000000000e+02 4.942199999999999818e+03
5.650000000000000000e+02 4.946449999999999818e+03
7.410000000000000000e+02 4.946500000000000000e+03
7.570000000000000000e+02 4.948400000000000546e+03
2.290000000000000000e+02 4.950449999999999818e+03
4.370000000000000000e+02 4.950449999999999818e+03
1.490000000000000000e+02 4.950800000000000182e+03
2.100000000000000000e+01 4.951199999999999818e+03
7.490000000000000000e+02 4.951199999999999818e+03
3.490000000000000000e+02 4.951400000000000546e+03
5.730000000000000000e+02 4.951600000000000364e+03
5.010000000000000000e+02 4.951949999999999818e+03
6.050000000000000000e+02 4.951949999999999818e+03
7.090000000000000000e+02 4.951949999999999818e+03
6.690000000000000000e+02 4.952400000000000546e+03
3.330000000000000000e+02 4.952900000000000546e+03
8.500000000000000000e+01 4.953150000000000546e+03
1.650000000000000000e+02 4.953300000000000182e+03
2.930000000000000000e+02 4.953400000000000546e+03
2.370000000000000000e+02 4.953550000000000182e+03
7.890000000000000000e+02 4.954000000000000000e+03
3.410000000000000000e+02 4.954300000000000182e+03
1.570000000000000000e+02 4.954350000000000364e+03
3.170000000000000000e+02 4.954400000000000546e+03
5.410000000000000000e+02 4.954400000000000546e+03
2.450000000000000000e+02 4.954650000000000546e+03
9.300000000000000000e+01 4.954850000000000364e+03
3.890000000000000000e+02 4.955000000000000000e+03
1.010000000000000000e+02 4.955500000000000000e+03
1.730000000000000000e+02 4.955650000000000546e+03
4.210000000000000000e+02 4.955900000000000546e+03
3.090000000000000000e+02 4.955949999999999818e+03
4.370000000000000000e+02 4.956000000000000000e+03
6.770000000000000000e+02 4.956100000000000364e+03
1.890000000000000000e+02 4.956199999999999818e+03
3.650000000000000000e+02 4.956199999999999818e+03
3.970000000000000000e+02 4.956150000000000546e+03
6.290000000000000000e+02 4.956199999999999818e+03
6.930000000000000000e+02 4.956150000000000546e+03
2.690000000000000000e+02 4.956250000000000000e+03
7.010000000000000000e+02 4.956300000000000182e+03
6.100000000000000000e+01 4.956350000000000364e+03
6.900000000000000000e+01 4.956400000000000546e+03
2.130000000000000000e+02 4.956500000000000000e+03
6.450000000000000000e+02 4.956449999999999818e+03
7.700000000000000000e+01 4.956550000000000182e+03
3.810000000000000000e+02 4.956699999999999818e+03
3.700000000000000000e+01 4.956800000000000182e+03
6.130000000000000000e+02 4.956800000000000182e+03
4.500000000000000000e+01 4.956900000000000546e+03
1.170000000000000000e+02 4.956850000000000364e+03
1.810000000000000000e+02 4.956850000000000364e+03
4.290000000000000000e+02 4.956850000000000364e+03
5.890000000000000000e+02 4.956850000000000364e+03
5.000000000000000000e+00 4.957000000000000000e+03
1.330000000000000000e+02 4.956949999999999818e+03
2.370000000000000000e+02 4.957000000000000000e+03
4.930000000000000000e+02 4.956949999999999818e+03
5.250000000000000000e+02 4.956949999999999818e+03
7.330000000000000000e+02 4.957000000000000000e+03
2.100000000000000000e+01 4.957050000000000182e+03
3.010000000000000000e+02 4.957100000000000364e+03
3.330000000000000000e+02 4.957050000000000182e+03
4.450000000000000000e+02 4.957150000000000546e+03
4.690000000000000000e+02 4.957150000000000546e+03
1.300000000000000000e+01 4.957300000000000182e+03
3.570000000000000000e+02 4.957250000000000000e+03
4.050000000000000000e+02 4.957300000000000182e+03
6.210000000000000000e+02 4.957300000000000182e+03
7.170000000000000000e+02 4.957300000000000182e+03
2.900000000000000000e+01 4.957350000000000364e+03
1.250000000000000000e+02 4.957350000000000364e+03
2.770000000000000000e+02 4.957350000000000364e+03
3.730000000000000000e+02 4.957400000000000546e+03
5.330000000000000000e+02 4.957350000000000364e+03
6.370000000000000000e+02 4.957400000000000546e+03
6.610000000000000000e+02 4.957500000000000000e+03
2.290000000000000000e+02 4.957600000000000364e+03
2.530000000000000000e+02 4.957600000000000364e+03
2.850000000000000000e+02 4.957550000000000182e+03
4.130000000000000000e+02 4.957550000000000182e+03
4.850000000000000000e+02 4.957600000000000364e+03
6.530000000000000000e+02 4.957550000000000182e+03
7.810000000000000000e+02 4.957550000000000182e+03
5.650000000000000000e+02 4.957699999999999818e+03
7.250000000000000000e+02 4.957650000000000546e+03
7.570000000000000000e+02 4.957699999999999818e+03
7.650000000000000000e+02 4.957699999999999818e+03
8.500000000000000000e+01 4.957800000000000182e+03
3.410000000000000000e+02 4.957750000000000000e+03
4.530000000000000000e+02 4.957750000000000000e+03
5.010000000000000000e+02 4.957800000000000182e+03
5.170000000000000000e+02 4.957800000000000182e+03
5.570000000000000000e+02 4.957800000000000182e+03
5.810000000000000000e+02 4.957800000000000182e+03
1.410000000000000000e+02 4.957900000000000546e+03
1.970000000000000000e+02 4.957900000000000546e+03
3.890000000000000000e+02 4.957900000000000546e+03
4.610000000000000000e+02 4.957900000000000546e+03
5.970000000000000000e+02 4.957900000000000546e+03
7.090000000000000000e+02 4.957850000000000364e+03
5.730000000000000000e+02 4.958000000000000000e+03
6.690000000000000000e+02 4.958000000000000000e+03
6.850000000000000000e+02 4.958000000000000000e+03
1.090000000000000000e+02 4.958100000000000364e+03
7.410000000000000000e+02 4.958050000000000182e+03
1.650000000000000000e+02 4.958199999999999818e+03
2.930000000000000000e+02 4.958150000000000546e+03
6.050000000000000000e+02 4.958199999999999818e+03
7.970000000000000000e+02 4.958150000000000546e+03
2.610000000000000000e+02 4.958250000000000000e+03
5.300000000000000000e+01 4.958449999999999818e+03
2.050000000000000000e+02 4.966000000000000000e+03
7.330000000000000000e+02 4.967050000000000182e+03
2.900000000000000000e+01 4.967800000000000182e+03
2.530000000000000000e+02 4.969850000000000364e+03
3.010000000000000000e+02 4.970150000000000546e+03
1.890000000000000000e+02 4.983750000000000000e+03
2.610000000000000000e+02 4.992699999999999818e+03
3.330000000000000000e+02 4.993850000000000364e+03
3.170000000000000000e+02 4.994949999999999818e+03
7.810000000000000000e+02 4.995600000000000364e+03
5.970000000000000000e+02 5.001550000000000182e+03
6.100000000000000000e+01 5.002650000000000546e+03
4.210000000000000000e+02 5.002949999999999818e+03
4.850000000000000000e+02 5.005350000000000364e+03
7.330000000000000000e+02 5.005550000000000182e+03
1.010000000000000000e+02 5.007199999999999818e+03
6.290000000000000000e+02 5.007300000000000182e+03
3.570000000000000000e+02 5.014550000000000182e+03
5.000000000000000000e+00 5.014949999999999818e+03
6.850000000000000000e+02 5.020199999999999818e+03
7.010000000000000000e+02 5.024949999999999818e+03
3.330000000000000000e+02 5.039750000000000000e+03
3.890000000000000000e+02 5.042699999999999818e+03
4.050000000000000000e+02 5.055150000000000546e+03
6.690000000000000000e+02 5.073000000000000000e+03
7.330000000000000000e+02 5.073199999999999818e+03
4.690000000000000000e+02 5.076300000000000182e+03
4.130000000000000000e+02 5.090400000000000546e+03
3.010000000000000000e+02 5.095350000000000364e+03
3.890000000000000000e+02 5.115150000000000546e+03
2.610000000000000000e+02 5.117400000000000546e+03
4.770000000000000000e+02 5.119449999999999818e+03
3.330000000000000000e+02 5.123050000000000182e+03
3.970000000000000000e+02 5.149600000000000364e+03
3.570000000000000000e+02 5.150750000000000000e+03
9.300000000000000000e+01 5.156100000000000364e+03
3.010000000000000000e+02 5.161250000000000000e+03
3.810000000000000000e+02 5.165250000000000000e+03
4.500000000000000000e+01 5.177850000000000364e+03
5.970000000000000000e+02 5.186350000000000364e+03
7.810000000000000000e+02 5.215949999999999818e+03
2.050000000000000000e+02 5.421900000000000546e+03
3.970000000000000000e+02 5.479800000000000182e+03
4.690000000000000000e+02 5.543100000000000364e+03
2.450000000000000000e+02 5.571750000000000000e+03
5.250000000000000000e+02 5.630650000000000546e+03
3.010000000000000000e+02 5.649150000000000546e+03
2.370000000000000000e+02 5.660800000000000182e+03
6.130000000000000000e+02 5.664550000000000182e+03
6.770000000000000000e+02 5.707100000000000364e+03
2.050000000000000000e+02 5.778199999999999818e+03
7.650000000000000000e+02 5.788600000000000364e+03
4.530000000000000000e+02 5.854199999999999818e+03
4.050000000000000000e+02 5.885949999999999818e+03
5.490000000000000000e+02 5.910850000000000364e+03
6.210000000000000000e+02 5.993100000000000364e+03
7.980000000000000000e+02 1.015000000000000000e+02
3.000000000000000000e+01 1.031000000000000085e+02
5.020000000000000000e+02 1.168500000000000085e+02
1.580000000000000000e+02 1.396500000000000057e+02
2.700000000000000000e+02 1.403000000000000114e+02
5.340000000000000000e+02 1.718499999999999943e+02
1.500000000000000000e+02 1.889000000000000057e+02
7.180000000000000000e+02 2.129000000000000057e+02
9.400000000000000000e+01 2.305999999999999943e+02
2.700000000000000000e+02 2.583999999999999773e+02
7.900000000000000000e+02 3.573000000000000114e+02
5.180000000000000000e+02 4.085000000000000000e+02
3.340000000000000000e+02 4.254000000000000341e+02
4.300000000000000000e+02 4.337500000000000000e+02
6.060000000000000000e+02 4.433000000000000114e+02
3.800000000000000000e+01 4.461500000000000341e+02
1.820000000000000000e+02 4.474499999999999886e+02
6.780000000000000000e+02 4.639499999999999886e+02
2.460000000000000000e+02 4.987500000000000000e+02
7.260000000000000000e+02 5.279500000000000455e+02
5.020000000000000000e+02 5.582500000000000000e+02
1.400000000000000000e+01 5.781499999999999773e+02
1.180000000000000000e+02 5.803500000000000227e+02
3.980000000000000000e+02 5.819500000000000455e+02
1.580000000000000000e+02 5.901000000000000227e+02
4.860000000000000000e+02 6.164500000000000455e+02
1.740000000000000000e+02 6.267000000000000455e+02
7.020000000000000000e+02 6.422000000000000455e+02
1.900000000000000000e+02 6.738000000000000682e+02
5.180000000000000000e+02 6.828000000000000682e+02
6.000000000000000000e+00 6.901499999999999773e+02
3.500000000000000000e+02 7.133500000000000227e+02
7.660000000000000000e+02 7.168999999999999773e+02
7.100000000000000000e+02 7.274500000000000455e+02
1.340000000000000000e+02 7.313500000000000227e+02
4.220000000000000000e+02 7.354500000000000455e+02
1.260000000000000000e+02 7.744500000000000455e+02
1.500000000000000000e+02 7.901000000000000227e+02
5.660000000000000000e+02 7.945000000000000000e+02
2.380000000000000000e+02 8.191000000000000227e+02
2.460000000000000000e+02 8.377500000000000000e+02
3.660000000000000000e+02 8.417500000000000000e+02
5.100000000000000000e+02 8.456000000000000227e+02
6.220000000000000000e+02 8.670500000000000682e+02
5.740000000000000000e+02 9.117500000000000000e+02
1.580000000000000000e+02 9.127500000000000000e+02
1.900000000000000000e+02 9.376499999999999773e+02
5.340000000000000000e+02 9.726499999999999773e+02
1.100000000000000000e+02 9.912000000000000455e+02
6.700000000000000000e+02 1.001500000000000000e+03
4.940000000000000000e+02 1.007700000000000045e+03
1.900000000000000000e+02 1.087299999999999955e+03
3.260000000000000000e+02 1.116799999999999955e+03
7.900000000000000000e+02 1.131250000000000000e+03
6.460000000000000000e+02 1.184350000000000136e+03
1.820000000000000000e+02 1.223549999999999955e+03
7.820000000000000000e+02 1.241750000000000000e+03
4.780000000000000000e+02 1.266750000000000000e+03
3.020000000000000000e+02 1.287049999999999955e+03
5.020000000000000000e+02 1.304850000000000136e+03
4.540000000000000000e+02 1.313650000000000091e+03
6.220000000000000000e+02 1.317150000000000091e+03
6.700000000000000000e+02 1.324850000000000136e+03
3.020000000000000000e+02 1.343100000000000136e+03
7.020000000000000000e+02 1.375450000000000045e+03
1.020000000000000000e+02 1.393049999999999955e+03
1.740000000000000000e+02 1.399700000000000045e+03
6.300000000000000000e+02 1.405150000000000091e+03
7.260000000000000000e+02 1.414200000000000045e+03
3.900000000000000000e+02 1.415950000000000045e+03
2.940000000000000000e+02 1.430500000000000000e+03
4.060000000000000000e+02 1.430600000000000136e+03
2.140000000000000000e+02 1.434000000000000000e+03
3.580000000000000000e+02 1.435299999999999955e+03
7.180000000000000000e+02 1.435799999999999955e+03
1.400000000000000000e+01 1.450950000000000045e+03
1.020000000000000000e+02 1.451600000000000136e+03
3.980000000000000000e+02 1.479200000000000045e+03
2.940000000000000000e+02 1.497150000000000091e+03
4.540000000000000000e+02 1.586150000000000091e+03
5.900000000000000000e+02 1.619549999999999955e+03
1.740000000000000000e+02 1.628900000000000091e+03
1.100000000000000000e+02 1.640549999999999955e+03
7.500000000000000000e+02 1.648100000000000136e+03
5.340000000000000000e+02 1.650299999999999955e+03
7.580000000000000000e+02 1.652799999999999955e+03
7.100000000000000000e+02 1.652950000000000045e+03
6.860000000000000000e+02 1.702049999999999955e+03
1.580000000000000000e+02 1.717049999999999955e+03
6.000000000000000000e+00 1.729900000000000091e+03
6.460000000000000000e+02 1.739400000000000091e+03
4.860000000000000000e+02 1.740049999999999955e+03
2.140000000000000000e+02 1.743000000000000000e+03
5.580000000000000000e+02 1.753600000000000136e+03
1.820000000000000000e+02 1.770850000000000136e+03
2.620000000000000000e+02 1.773850000000000136e+03
7.260000000000000000e+02 1.785150000000000091e+03
6.300000000000000000e+02 1.792049999999999955e+03
1.660000000000000000e+02 1.794500000000000000e+03
1.580000000000000000e+02 1.808100000000000136e+03
3.180000000000000000e+02 1.815600000000000136e+03
7.260000000000000000e+02 1.827600000000000136e+03
6.300000000000000000e+02 1.842600000000000136e+03
6.700000000000000000e+02 1.871900000000000091e+03
3.500000000000000000e+02 1.900049999999999955e+03
6.000000000000000000e+00 1.908350000000000136e+03
2.060000000000000000e+02 1.911950000000000045e+03
2.540000000000000000e+02 1.926299999999999955e+03
4.860000000000000000e+02 1.943950000000000045e+03
4.060000000000000000e+02 1.953750000000000000e+03
1.900000000000000000e+02 1.955000000000000000e+03
3.500000000000000000e+02 1.956799999999999955e+03
2.300000000000000000e+02 1.957750000000000000e+03
2.220000000000000000e+02 1.971650000000000091e+03
7.500000000000000000e+02 1.974950000000000045e+03
2.060000000000000000e+02 1.998799999999999955e+03
5.100000000000000000e+02 1.999700000000000045e+03
4.780000000000000000e+02 2.004450000000000045e+03
6.000000000000000000e+00 2.026650000000000091e+03
7.800000000000000000e+01 2.078349999999999909e+03
4.220000000000000000e+02 2.089800000000000182e+03
1.100000000000000000e+02 2.093449999999999818e+03
6.620000000000000000e+02 2.126550000000000182e+03
6.140000000000000000e+02 2.132699999999999818e+03
2.300000000000000000e+02 2.151500000000000000e+03
7.740000000000000000e+02 2.200400000000000091e+03
1.500000000000000000e+02 2.238599999999999909e+03
6.000000000000000000e+00 2.266400000000000091e+03
1.660000000000000000e+02 2.275400000000000091e+03
5.500000000000000000e+02 2.297300000000000182e+03
4.540000000000000000e+02 2.316800000000000182e+03
1.660000000000000000e+02 2.333300000000000182e+03
2.620000000000000000e+02 2.368950000000000273e+03
3.100000000000000000e+02 2.389849999999999909e+03
3.580000000000000000e+02 2.396099999999999909e+03
2.620000000000000000e+02 2.401050000000000182e+03
1.980000000000000000e+02 2.411050000000000182e+03
5.400000000000000000e+01 2.413200000000000273e+03
1.400000000000000000e+01 2.414450000000000273e+03
5.660000000000000000e+02 2.420000000000000000e+03
5.420000000000000000e+02 2.434250000000000000e+03
6.780000000000000000e+02 2.511900000000000091e+03
7.660000000000000000e+02 2.535800000000000182e+03
5.420000000000000000e+02 2.551150000000000091e+03
5.420000000000000000e+02 2.605150000000000091e+03
1.580000000000000000e+02 2.635550000000000182e+03
7.020000000000000000e+02 2.682099999999999909e+03
4.460000000000000000e+02 2.705849999999999909e+03
7.580000000000000000e+02 2.716800000000000182e+03
6.380000000000000000e+02 2.744200000000000273e+03
6.700000000000000000e+02 2.783900000000000091e+03
6.060000000000000000e+02 2.793950000000000273e+03
7.420000000000000000e+02 2.857950000000000273e+03
6.140000000000000000e+02 2.865450000000000273e+03
7.020000000000000000e+02 2.865500000000000000e+03
5.580000000000000000e+02 2.866950000000000273e+03
6.300000000000000000e+02 2.867450000000000273e+03
4.220000000000000000e+02 2.878400000000000091e+03
3.500000000000000000e+02 2.886000000000000000e+03
5.900000000000000000e+02 2.886900000000000091e+03
6.940000000000000000e+02 2.889900000000000091e+03
5.740000000000000000e+02 2.891550000000000182e+03
4.600000000000000000e+01 2.907250000000000000e+03
1.500000000000000000e+02 2.911849999999999909e+03
3.260000000000000000e+02 2.919800000000000182e+03
1.400000000000000000e+01 2.924500000000000000e+03
8.600000000000000000e+01 2.936650000000000091e+03
7.980000000000000000e+02 2.949050000000000182e+03
6.060000000000000000e+02 2.992099999999999909e+03
5.100000000000000000e+02 3.005050000000000182e+03
1.500000000000000000e+02 3.005750000000000000e+03
1.340000000000000000e+02 3.007650000000000091e+03
5.660000000000000000e+02 3.009250000000000000e+03
4.060000000000000000e+02 3.009849999999999909e+03
1.980000000000000000e+02 3.009950000000000273e+03
3.020000000000000000e+02 3.009950000000000273e+03
6.460000000000000000e+02 3.010150000000000091e+03
6.200000000000000000e+01 3.010349999999999909e+03
3.180000000000000000e+02 3.010400000000000091e+03
6.000000000000000000e+00 3.010450000000000273e+03
2.300000000000000000e+02 3.010500000000000000e+03
5.420000000000000000e+02 3.010450000000000273e+03
4.700000000000000000e+02 3.010849999999999909e+03
2.780000000000000000e+02 3.011000000000000000e+03
6.060000000000000000e+02 3.011450000000000273e+03
6.300000000000000000e+02 3.011450000000000273e+03
6.620000000000000000e+02 3.011450000000000273e+03
1.180000000000000000e+02 3.011550000000000182e+03
7.180000000000000000e+02 3.011700000000000273e+03
3.800000000000000000e+01 3.011800000000000182e+03
5.740000000000000000e+02 3.011750000000000000e+03
6.780000000000000000e+02 3.011849999999999909e+03
2.200000000000000000e+01 3.012250000000000000e+03
4.140000000000000000e+02 3.012400000000000091e+03
6.860000000000000000e+02 3.012700000000000273e+03
7.900000000000000000e+02 3.012700000000000273e+03
3.000000000000000000e+01 3.012750000000000000e+03
2.620000000000000000e+02 3.013300000000000182e+03
4.220000000000000000e+02 3.014800000000000182e+03
2.700000000000000000e+02 3.015150000000000091e+03
5.980000000000000000e+02 3.015550000000000182e+03
4.540000000000000000e+02 3.016099999999999909e+03
6.200000000000000000e+01 3.016500000000000000e+03
7.020000000000000000e+02 3.016849999999999909e+03
6.220000000000000000e+02 3.017150000000000091e+03
1.340000000000000000e+02 3.017349999999999909e+03
2.140000000000000000e+02 3.017599999999999909e+03
7.000000000000000000e+01 3.017700000000000273e+03
3.900000000000000000e+02 3.017650000000000091e+03
6.700000000000000000e+02 3.017750000000000000e+03
1.740000000000000000e+02 3.018349999999999909e+03
6.940000000000000000e+02 3.018400000000000091e+03
3.980000000000000000e+02 3.018500000000000000e+03
2.060000000000000000e+02 3.018650000000000091e+03
5.260000000000000000e+02 3.018700000000000273e+03
7.500000000000000000e+02 3.018849999999999909e+03
4.380000000000000000e+02 3.019050000000000182e+03
4.860000000000000000e+02 3.019099999999999909e+03
5.820000000000000000e+02 3.019099999999999909e+03
1.260000000000000000e+02 3.019500000000000000e+03
7.260000000000000000e+02 3.019500000000000000e+03
3.020000000000000000e+02 3.019550000000000182e+03
1.400000000000000000e+01 3.019900000000000091e+03
6.060000000000000000e+02 3.019900000000000091e+03
6.780000000000000000e+02 3.019900000000000091e+03
7.740000000000000000e+02 3.020050000000000182e+03
6.300000000000000000e+02 3.020250000000000000e+03
1.100000000000000000e+02 3.020500000000000000e+03
1.980000000000000000e+02 3.020450000000000273e+03
5.660000000000000000e+02 3.020450000000000273e+03
3.000000000000000000e+01 3.020599999999999909e+03
3.800000000000000000e+01 3.020599999999999909e+03
5.180000000000000000e+02 3.020550000000000182e+03
7.100000000000000000e+02 3.020650000000000091e+03
7.340000000000000000e+02 3.020700000000000273e+03
4.600000000000000000e+01 3.020849999999999909e+03
3.420000000000000000e+02 3.020849999999999909e+03
4.220000000000000000e+02 3.020950000000000273e+03
1.420000000000000000e+02 3.021200000000000273e+03
1.660000000000000000e+02 3.021450000000000273e+03
4.780000000000000000e+02 3.021650000000000091e+03
2.540000000000000000e+02 3.021800000000000182e+03
1.580000000000000000e+02 3.021849999999999909e+03
2.620000000000000000e+02 3.021950000000000273e+03
5.340000000000000000e+02 3.022700000000000273e+03
7.980000000000000000e+02 3.022750000000000000e+03
7.800000000000000000e+01 3.024000000000000000e+03
5.020000000000000000e+02 3.025450000000000273e+03
1.900000000000000000e+02 3.026450000000000273e+03
5.980000000000000000e+02 3.027700000000000273e+03
3.820000000000000000e+02 3.027750000000000000e+03
5.580000000000000000e+02 3.027849999999999909e+03
1.500000000000000000e+02 3.028200000000000273e+03
1.820000000000000000e+02 3.028400000000000091e+03
7.900000000000000000e+02 3.028349999999999909e+03
2.300000000000000000e+02 3.028550000000000182e+03
3.260000000000000000e+02 3.028550000000000182e+03
2.940000000000000000e+02 3.028800000000000182e+03
4.300000000000000000e+02 3.028750000000000000e+03
6.460000000000000000e+02 3.028800000000000182e+03
2.060000000000000000e+02 3.028849999999999909e+03
7.180000000000000000e+02 3.029200000000000273e+03
4.060000000000000000e+02 3.029349999999999909e+03
5.660000000000000000e+02 3.029500000000000000e+03
2.700000000000000000e+02 3.029550000000000182e+03
4.460000000000000000e+02 3.029550000000000182e+03
5.900000000000000000e+02 3.029599999999999909e+03
7.100000000000000000e+02 3.029750000000000000e+03
4.940000000000000000e+02 3.030050000000000182e+03
2.200000000000000000e+01 3.030300000000000182e+03
5.400000000000000000e+01 3.030300000000000182e+03
5.100000000000000000e+02 3.030450000000000273e+03
6.060000000000000000e+02 3.030450000000000273e+03
3.740000000000000000e+02 3.030599999999999909e+03
5.260000000000000000e+02 3.030599999999999909e+03
6.780000000000000000e+02 3.030650000000000091e+03
1.580000000000000000e+02 3.030750000000000000e+03
2.860000000000000000e+02 3.032250000000000000e+03
4.600000000000000000e+01 3.032500000000000000e+03
8.600000000000000000e+01 3.033300000000000182e+03
3.340000000000000000e+02 3.034849999999999909e+03
3.020000000000000000e+02 3.038000000000000000e+03
1.260000000000000000e+02 3.039500000000000000e+03
9.400000000000000000e+01 3.039849999999999909e+03
3.000000000000000000e+01 3.040050000000000182e+03
2.380000000000000000e+02 3.040500000000000000e+03
1.180000000000000000e+02 3.040599999999999909e+03
6.200000000000000000e+01 3.041200000000000273e+03
6.780000000000000000e+02 3.041150000000000091e+03
3.980000000000000000e+02 3.041349999999999909e+03
3.420000000000000000e+02 3.041500000000000000e+03
3.660000000000000000e+02 3.041500000000000000e+03
6.380000000000000000e+02 3.041800000000000182e+03
1.400000000000000000e+01 3.041849999999999909e+03
7.500000000000000000e+02 3.042150000000000091e+03
5.020000000000000000e+02 3.042450000000000273e+03
6.000000000000000000e+00 3.043150000000000091e+03
6.140000000000000000e+02 3.043150000000000091e+03
3.800000000000000000e+01 3.044849999999999909e+03
7.900000000000000000e+02 3.047650000000000091e+03
2.220000000000000000e+02 3.048849999999999909e+03
5.740000000000000000e+02 3.049000000000000000e+03
4.860000000000000000e+02 3.049200000000000273e+03
1.180000000000000000e+02 3.049400000000000091e+03
3.180000000000000000e+02 3.049349999999999909e+03
1.100000000000000000e+02 3.049500000000000000e+03
5.100000000000000000e+02 3.049700000000000273e+03
3.740000000000000000e+02 3.050099999999999909e+03
3.580000000000000000e+02 3.050150000000000091e+03
6.220000000000000000e+02 3.050300000000000182e+03
5.260000000000000000e+02 3.050349999999999909e+03
4.220000000000000000e+02 3.050750000000000000e+03
2.700000000000000000e+02 3.051150000000000091e+03
5.820000000000000000e+02 3.051200000000000273e+03
7.020000000000000000e+02 3.051200000000000273e+03
7.820000000000000000e+02 3.051150000000000091e+03
3.340000000000000000e+02 3.051349999999999909e+03
2.540000000000000000e+02 3.051500000000000000e+03
1.500000000000000000e+02 3.051750000000000000e+03
2.780000000000000000e+02 3.051900000000000091e+03
4.380000000000000000e+02 3.051950000000000273e+03
5.020000000000000000e+02 3.052000000000000000e+03
7.260000000000000000e+02 3.052200000000000273e+03
5.500000000000000000e+02 3.052250000000000000e+03
3.900000000000000000e+02 3.052450000000000273e+03
3.020000000000000000e+02 3.053000000000000000e+03
7.000000000000000000e+01 3.056550000000000182e+03
7.660000000000000000e+02 3.060050000000000182e+03
4.620000000000000000e+02 3.060300000000000182e+03
7.500000000000000000e+02 3.060300000000000182e+03
5.580000000000000000e+02 3.060400000000000091e+03
6.460000000000000000e+02 3.060849999999999909e+03
6.700000000000000000e+02 3.061000000000000000e+03
2.140000000000000000e+02 3.061450000000000273e+03
1.340000000000000000e+02 3.062450000000000273e+03
1.740000000000000000e+02 3.062900000000000091e+03
3.820000000000000000e+02 3.062900000000000091e+03
4.540000000000000000e+02 3.062849999999999909e+03
5.500000000000000000e+02 3.062849999999999909e+03
6.220000000000000000e+02 3.062849999999999909e+03
2.460000000000000000e+02 3.063400000000000091e+03
6.300000000000000000e+02 3.064349999999999909e+03
2.780000000000000000e+02 3.064950000000000273e+03
8.600000000000000000e+01 3.070349999999999909e+03
7.800000000000000000e+01 3.071500000000000000e+03
5.900000000000000000e+02 3.071500000000000000e+03
3.020000000000000000e+02 3.071700000000000273e+03
2.620000000000000000e+02 3.071750000000000000e+03
3.500000000000000000e+02 3.071900000000000091e+03
5.180000000000000000e+02 3.072950000000000273e+03
7.420000000000000000e+02 3.073150000000000091e+03
5.820000000000000000e+02 3.073300000000000182e+03
2.780000000000000000e+02 3.075700000000000273e+03
6.860000000000000000e+02 3.075950000000000273e+03
5.400000000000000000e+01 3.077599999999999909e+03
4.300000000000000000e+02 3.078150000000000091e+03
3.820000000000000000e+02 3.079700000000000273e+03
7.900000000000000000e+02 3.081900000000000091e+03
7.180000000000000000e+02 3.082400000000000091e+03
3.580000000000000000e+02 3.082550000000000182e+03
1.660000000000000000e+02 3.082800000000000182e+03
1.420000000000000000e+02 3.083000000000000000e+03
5.660000000000000000e+02 3.083050000000000182e+03
7.020000000000000000e+02 3.083150000000000091e+03
3.660000000000000000e+02 3.083450000000000273e+03
2.140000000000000000e+02 3.083750000000000000e+03
9.400000000000000000e+01 3.084000000000000000e+03
2.460000000000000000e+02 3.084200000000000273e+03
5.020000000000000000e+02 3.084150000000000091e+03
4.380000000000000000e+02 3.084250000000000000e+03
6.860000000000000000e+02 3.084500000000000000e+03
4.700000000000000000e+02 3.084700000000000273e+03
5.180000000000000000e+02 3.084650000000000091e+03
5.340000000000000000e+02 3.085050000000000182e+03
8.600000000000000000e+01 3.085250000000000000e+03
5.100000000000000000e+02 3.087700000000000273e+03
6.620000000000000000e+02 3.088099999999999909e+03
1.260000000000000000e+02 3.092900000000000091e+03
6.780000000000000000e+02 3.092900000000000091e+03
7.800000000000000000e+01 3.093150000000000091e+03
4.300000000000000000e+02 3.094150000000000091e+03
7.340000000000000000e+02 3.094200000000000273e+03
7.580000000000000000e+02 3.094750000000000000e+03
1.580000000000000000e+02 3.095300000000000182e+03
3.340000000000000000e+02 3.097300000000000182e+03
5.400000000000000000e+01 3.097400000000000091e+03
7.740000000000000000e+02 3.097750000000000000e+03
1.740000000000000000e+02 3.099550000000000182e+03
5.900000000000000000e+02 3.100550000000000182e+03
3.260000000000000000e+02 3.100950000000000273e+03
2.380000000000000000e+02 3.101200000000000273e+03
3.740000000000000000e+02 3.101150000000000091e+03
3.500000000000000000e+02 3.102099999999999909e+03
7.420000000000000000e+02 3.102349999999999909e+03
1.900000000000000000e+02 3.102750000000000000e+03
2.060000000000000000e+02 3.102950000000000273e+03
5.660000000000000000e+02 3.103000000000000000e+03
2.780000000000000000e+02 3.105700000000000273e+03
4.780000000000000000e+02 3.106150000000000091e+03
6.380000000000000000e+02 3.107250000000000000e+03
4.220000000000000000e+02 3.107400000000000091e+03
2.700000000000000000e+02 3.108250000000000000e+03
1.020000000000000000e+02 3.109300000000000182e+03
7.340000000000000000e+02 3.109849999999999909e+03
4.380000000000000000e+02 3.110050000000000182e+03
5.740000000000000000e+02 3.113500000000000000e+03
1.180000000000000000e+02 3.115200000000000273e+03
4.300000000000000000e+02 3.115300000000000182e+03
5.340000000000000000e+02 3.115750000000000000e+03
2.380000000000000000e+02 3.116150000000000091e+03
6.940000000000000000e+02 3.116650000000000091e+03
5.420000000000000000e+02 3.116849999999999909e+03
1.100000000000000000e+02 3.117050000000000182e+03
7.000000000000000000e+01 3.117250000000000000e+03
7.980000000000000000e+02 3.117750000000000000e+03
5.500000000000000000e+02 3.117900000000000091e+03
2.140000000000000000e+02 3.118050000000000182e+03
4.540000000000000000e+02 3.118050000000000182e+03
6.700000000000000000e+02 3.118150000000000091e+03
4.700000000000000000e+02 3.118250000000000000e+03
6.620000000000000000e+02 3.118250000000000000e+03
6.220000000000000000e+02 3.118349999999999909e+03
1.580000000000000000e+02 3.118500000000000000e+03
6.000000000000000000e+00 3.118800000000000182e+03
3.980000000000000000e+02 3.118849999999999909e+03
1.660000000000000000e+02 3.121250000000000000e+03
3.580000000000000000e+02 3.126400000000000091e+03
6.860000000000000000e+02 3.126650000000000091e+03
4.460000000000000000e+02 3.126849999999999909e+03
7.580000000000000000e+02 3.127099999999999909e+03
3.020000000000000000e+02 3.127400000000000091e+03
7.900000000000000000e+02 3.127400000000000091e+03
1.400000000000000000e+01 3.127450000000000273e+03
4.860000000000000000e+02 3.127650000000000091e+03
6.940000000000000000e+02 3.127900000000000091e+03
3.180000000000000000e+02 3.128050000000000182e+03
5.020000000000000000e+02 3.128050000000000182e+03
6.140000000000000000e+02 3.128050000000000182e+03
7.820000000000000000e+02 3.128150000000000091e+03
7.500000000000000000e+02 3.128250000000000000e+03
7.740000000000000000e+02 3.129349999999999909e+03
1.260000000000000000e+02 3.131950000000000273e+03
3.100000000000000000e+02 3.132000000000000000e+03
6.780000000000000000e+02 3.133700000000000273e+03
5.820000000000000000e+02 3.135900000000000091e+03
3.800000000000000000e+01 3.136750000000000000e+03
5.100000000000000000e+02 3.136849999999999909e+03
6.220000000000000000e+02 3.137300000000000182e+03
4.620000000000000000e+02 3.137400000000000091e+03
6.620000000000000000e+02 3.137750000000000000e+03
6.540000000000000000e+02 3.139150000000000091e+03
4.060000000000000000e+02 3.140599999999999909e+03
2.060000000000000000e+02 3.141349999999999909e+03
3.000000000000000000e+01 3.141700000000000273e+03
7.980000000000000000e+02 3.141900000000000091e+03
2.780000000000000000e+02 3.142200000000000273e+03
7.020000000000000000e+02 3.142550000000000182e+03
7.500000000000000000e+02 3.144150000000000091e+03
7.580000000000000000e+02 3.144750000000000000e+03
7.260000000000000000e+02 3.145250000000000000e+03
1.400000000000000000e+01 3.145550000000000182e+03
7.800000000000000000e+01 3.148650000000000091e+03
6.220000000000000000e+02 3.148900000000000091e+03
1.020000000000000000e+02 3.153849999999999909e+03
1.100000000000000000e+02 3.153849999999999909e+03
4.700000000000000000e+02 3.154250000000000000e+03
4.600000000000000000e+01 3.154400000000000091e+03
7.580000000000000000e+02 3.154450000000000273e+03
2.780000000000000000e+02 3.155150000000000091e+03
7.420000000000000000e+02 3.155349999999999909e+03
2.620000000000000000e+02 3.157200000000000273e+03
5.260000000000000000e+02 3.160050000000000182e+03
1.980000000000000000e+02 3.161250000000000000e+03
3.180000000000000000e+02 3.161950000000000273e+03
4.380000000000000000e+02 3.162050000000000182e+03
8.600000000000000000e+01 3.162700000000000273e+03
5.420000000000000000e+02 3.162650000000000091e+03
7.500000000000000000e+02 3.162750000000000000e+03
1.180000000000000000e+02 3.162900000000000091e+03
4.620000000000000000e+02 3.163099999999999909e+03
7.180000000000000000e+02 3.163150000000000091e+03
7.000000000000000000e+01 3.163750000000000000e+03
3.900000000000000000e+02 3.163750000000000000e+03
1.420000000000000000e+02 3.163900000000000091e+03
2.200000000000000000e+01 3.163950000000000273e+03
7.020000000000000000e+02 3.163950000000000273e+03
3.800000000000000000e+01 3.164400000000000091e+03
7.900000000000000000e+02 3.167650000000000091e+03
6.700000000000000000e+02 3.172250000000000000e+03
4.140000000000000000e+02 3.172950000000000273e+03
2.220000000000000000e+02 3.173400000000000091e+03
6.860000000000000000e+02 3.173400000000000091e+03
6.540000000000000000e+02 3.173550000000000182e+03
2.300000000000000000e+02 3.173950000000000273e+03
3.500000000000000000e+02 3.174099999999999909e+03
4.060000000000000000e+02 3.174050000000000182e+03
7.100000000000000000e+02 3.174250000000000000e+03
7.340000000000000000e+02 3.174250000000000000e+03
1.900000000000000000e+02 3.174400000000000091e+03
1.740000000000000000e+02 3.176500000000000000e+03
5.580000000000000000e+02 3.181599999999999909e+03
7.580000000000000000e+02 3.182050000000000182e+03
6.380000000000000000e+02 3.182150000000000091e+03
5.020000000000000000e+02 3.182300000000000182e+03
1.900000000000000000e+02 3.182400000000000091e+03
3.820000000000000000e+02 3.182349999999999909e+03
1.820000000000000000e+02 3.182650000000000091e+03
3.900000000000000000e+02 3.182700000000000273e+03
7.000000000000000000e+01 3.182900000000000091e+03
7.340000000000000000e+02 3.182849999999999909e+03
7.820000000000000000e+02 3.182950000000000273e+03
9.400000000000000000e+01 3.183050000000000182e+03
4.300000000000000000e+02 3.183300000000000182e+03
4.220000000000000000e+02 3.183400000000000091e+03
5.400000000000000000e+01 3.183750000000000000e+03
5.660000000000000000e+02 3.184150000000000091e+03
2.620000000000000000e+02 3.189099999999999909e+03
4.940000000000000000e+02 3.189200000000000273e+03
2.380000000000000000e+02 3.191000000000000000e+03
1.500000000000000000e+02 3.191750000000000000e+03
7.660000000000000000e+02 3.191750000000000000e+03
2.460000000000000000e+02 3.191900000000000091e+03
7.740000000000000000e+02 3.191849999999999909e+03
2.860000000000000000e+02 3.191950000000000273e+03
6.200000000000000000e+01 3.192050000000000182e+03
4.060000000000000000e+02 3.192050000000000182e+03
2.220000000000000000e+02 3.192450000000000273e+03
5.820000000000000000e+02 3.192550000000000182e+03
5.900000000000000000e+02 3.193200000000000273e+03
3.420000000000000000e+02 3.193500000000000000e+03
4.140000000000000000e+02 3.194849999999999909e+03
3.580000000000000000e+02 3.198800000000000182e+03
1.900000000000000000e+02 3.200050000000000182e+03
4.380000000000000000e+02 3.200450000000000273e+03
4.860000000000000000e+02 3.200450000000000273e+03
5.180000000000000000e+02 3.200700000000000273e+03
7.660000000000000000e+02 3.200849999999999909e+03
3.260000000000000000e+02 3.201849999999999909e+03
1.260000000000000000e+02 3.202200000000000273e+03
1.020000000000000000e+02 3.202300000000000182e+03
6.700000000000000000e+02 3.203550000000000182e+03
7.980000000000000000e+02 3.203750000000000000e+03
4.540000000000000000e+02 3.203950000000000273e+03
5.740000000000000000e+02 3.204300000000000182e+03
1.980000000000000000e+02 3.205000000000000000e+03
3.800000000000000000e+01 3.205599999999999909e+03
3.000000000000000000e+01 3.206050000000000182e+03
1.660000000000000000e+02 3.206450000000000273e+03
6.460000000000000000e+02 3.206800000000000182e+03
1.740000000000000000e+02 3.207550000000000182e+03
7.900000000000000000e+02 3.207750000000000000e+03
7.500000000000000000e+02 3.209300000000000182e+03
1.340000000000000000e+02 3.209550000000000182e+03
1.500000000000000000e+02 3.209650000000000091e+03
6.780000000000000000e+02 3.210500000000000000e+03
5.500000000000000000e+02 3.210849999999999909e+03
3.420000000000000000e+02 3.211050000000000182e+03
7.820000000000000000e+02 3.211400000000000091e+03
1.580000000000000000e+02 3.211849999999999909e+03
4.220000000000000000e+02 3.212599999999999909e+03
1.900000000000000000e+02 3.213450000000000273e+03
5.400000000000000000e+01 3.215050000000000182e+03
4.600000000000000000e+01 3.215349999999999909e+03
2.780000000000000000e+02 3.215750000000000000e+03
3.820000000000000000e+02 3.215800000000000182e+03
7.100000000000000000e+02 3.216150000000000091e+03
5.100000000000000000e+02 3.217800000000000182e+03
7.580000000000000000e+02 3.218099999999999909e+03
5.900000000000000000e+02 3.221900000000000091e+03
2.380000000000000000e+02 3.222900000000000091e+03
4.380000000000000000e+02 3.223000000000000000e+03
4.220000000000000000e+02 3.224200000000000273e+03
1.980000000000000000e+02 3.227800000000000182e+03
7.820000000000000000e+02 3.229050000000000182e+03
7.800000000000000000e+01 3.229300000000000182e+03
5.180000000000000000e+02 3.229250000000000000e+03
2.140000000000000000e+02 3.229500000000000000e+03
6.780000000000000000e+02 3.230050000000000182e+03
6.060000000000000000e+02 3.230700000000000273e+03
4.540000000000000000e+02 3.230900000000000091e+03
7.980000000000000000e+02 3.230849999999999909e+03
2.060000000000000000e+02 3.230950000000000273e+03
4.060000000000000000e+02 3.232800000000000182e+03
5.100000000000000000e+02 3.233099999999999909e+03
6.140000000000000000e+02 3.233150000000000091e+03
7.740000000000000000e+02 3.237599999999999909e+03
7.000000000000000000e+01 3.238500000000000000e+03
5.500000000000000000e+02 3.238450000000000273e+03
6.620000000000000000e+02 3.239000000000000000e+03
2.540000000000000000e+02 3.239050000000000182e+03
1.820000000000000000e+02 3.239650000000000091e+03
1.020000000000000000e+02 3.240099999999999909e+03
3.980000000000000000e+02 3.240250000000000000e+03
2.780000000000000000e+02 3.240950000000000273e+03
3.020000000000000000e+02 3.243450000000000273e+03
7.900000000000000000e+02 3.245200000000000273e+03
5.660000000000000000e+02 3.245500000000000000e+03
3.180000000000000000e+02 3.246150000000000091e+03
1.180000000000000000e+02 3.246349999999999909e+03
6.380000000000000000e+02 3.246950000000000273e+03
4.600000000000000000e+01 3.248400000000000091e+03
3.660000000000000000e+02 3.250099999999999909e+03
4.780000000000000000e+02 3.250650000000000091e+03
1.260000000000000000e+02 3.251700000000000273e+03
2.700000000000000000e+02 3.252450000000000273e+03
3.100000000000000000e+02 3.252950000000000273e+03
2.060000000000000000e+02 3.253450000000000273e+03
6.780000000000000000e+02 3.254050000000000182e+03
2.780000000000000000e+02 3.254250000000000000e+03
5.660000000000000000e+02 3.254300000000000182e+03
2.300000000000000000e+02 3.254400000000000091e+03
6.000000000000000000e+00 3.254450000000000273e+03
5.260000000000000000e+02 3.254650000000000091e+03
5.900000000000000000e+02 3.255200000000000273e+03
3.260000000000000000e+02 3.256050000000000182e+03
1.500000000000000000e+02 3.256250000000000000e+03
3.180000000000000000e+02 3.256650000000000091e+03
2.200000000000000000e+01 3.257050000000000182e+03
5.980000000000000000e+02 3.263200000000000273e+03
6.460000000000000000e+02 3.263800000000000182e+03
4.860000000000000000e+02 3.263900000000000091e+03
3.660000000000000000e+02 3.264300000000000182e+03
7.820000000000000000e+02 3.264800000000000182e+03
4.140000000000000000e+02 3.264900000000000091e+03
4.620000000000000000e+02 3.264900000000000091e+03
6.200000000000000000e+01 3.265099999999999909e+03
5.400000000000000000e+01 3.265349999999999909e+03
6.940000000000000000e+02 3.265550000000000182e+03
1.740000000000000000e+02 3.265700000000000273e+03
1.180000000000000000e+02 3.266150000000000091e+03
3.820000000000000000e+02 3.266150000000000091e+03
5.660000000000000000e+02 3.266800000000000182e+03
1.260000000000000000e+02 3.267200000000000273e+03
1.660000000000000000e+02 3.267150000000000091e+03
5.420000000000000000e+02 3.267250000000000000e+03
6.060000000000000000e+02 3.267250000000000000e+03
6.620000000000000000e+02 3.267400000000000091e+03
7.000000000000000000e+01 3.268900000000000091e+03
3.500000000000000000e+02 3.271650000000000091e+03
6.700000000000000000e+02 3.273050000000000182e+03
5.500000000000000000e+02 3.273750000000000000e+03
2.060000000000000000e+02 3.274150000000000091e+03
3.340000000000000000e+02 3.274200000000000273e+03
4.600000000000000000e+01 3.275250000000000000e+03
7.180000000000000000e+02 3.275550000000000182e+03
3.180000000000000000e+02 3.275700000000000273e+03
4.220000000000000000e+02 3.275650000000000091e+03
3.580000000000000000e+02 3.276099999999999909e+03
2.860000000000000000e+02 3.276300000000000182e+03
6.380000000000000000e+02 3.276349999999999909e+03
9.400000000000000000e+01 3.277650000000000091e+03
3.020000000000000000e+02 3.279050000000000182e+03
7.420000000000000000e+02 3.279650000000000091e+03
6.300000000000000000e+02 3.280800000000000182e+03
7.100000000000000000e+02 3.280849999999999909e+03
5.180000000000000000e+02 3.283400000000000091e+03
6.220000000000000000e+02 3.283750000000000000e+03
6.140000000000000000e+02 3.283849999999999909e+03
6.540000000000000000e+02 3.284099999999999909e+03
3.900000000000000000e+02 3.284200000000000273e+03
5.820000000000000000e+02 3.284700000000000273e+03
1.260000000000000000e+02 3.284750000000000000e+03
5.400000000000000000e+01 3.284849999999999909e+03
2.200000000000000000e+01 3.285000000000000000e+03
7.000000000000000000e+01 3.285050000000000182e+03
3.420000000000000000e+02 3.285050000000000182e+03
7.580000000000000000e+02 3.285099999999999909e+03
1.400000000000000000e+01 3.285150000000000091e+03
2.300000000000000000e+02 3.285200000000000273e+03
7.900000000000000000e+02 3.285400000000000091e+03
5.260000000000000000e+02 3.285500000000000000e+03
3.000000000000000000e+01 3.285800000000000182e+03
5.580000000000000000e+02 3.285800000000000182e+03
7.980000000000000000e+02 3.285800000000000182e+03
1.740000000000000000e+02 3.286300000000000182e+03
2.700000000000000000e+02 3.286650000000000091e+03
7.260000000000000000e+02 3.286900000000000091e+03
5.100000000000000000e+02 3.293900000000000091e+03
2.060000000000000000e+02 3.294099999999999909e+03
5.020000000000000000e+02 3.295800000000000182e+03
1.020000000000000000e+02 3.296800000000000182e+03
5.980000000000000000e+02 3.297300000000000182e+03
1.580000000000000000e+02 3.297500000000000000e+03
5.340000000000000000e+02 3.297599999999999909e+03
3.980000000000000000e+02 3.297650000000000091e+03
4.860000000000000000e+02 3.297849999999999909e+03
3.820000000000000000e+02 3.298900000000000091e+03
3.660000000000000000e+02 3.298950000000000273e+03
3.580000000000000000e+02 3.299150000000000091e+03
3.800000000000000000e+01 3.299800000000000182e+03
1.500000000000000000e+02 3.300000000000000000e+03
7.660000000000000000e+02 3.300250000000000000e+03
2.860000000000000000e+02 3.302150000000000091e+03
2.700000000000000000e+02 3.305400000000000091e+03
1.900000000000000000e+02 3.306700000000000273e+03
5.400000000000000000e+01 3.308099999999999909e+03
4.540000000000000000e+02 3.308500000000000000e+03
7.800000000000000000e+01 3.308849999999999909e+03
6.620000000000000000e+02 3.309099999999999909e+03
6.380000000000000000e+02 3.309800000000000182e+03
6.460000000000000000e+02 3.310400000000000091e+03
7.180000000000000000e+02 3.310349999999999909e+03
9.400000000000000000e+01 3.311099999999999909e+03
4.780000000000000000e+02 3.311900000000000091e+03
2.220000000000000000e+02 3.312099999999999909e+03
3.980000000000000000e+02 3.312099999999999909e+03
1.660000000000000000e+02 3.316400000000000091e+03
6.860000000000000000e+02 3.316849999999999909e+03
1.100000000000000000e+02 3.318150000000000091e+03
2.620000000000000000e+02 3.318849999999999909e+03
7.260000000000000000e+02 3.318849999999999909e+03
6.000000000000000000e+00 3.319099999999999909e+03
2.060000000000000000e+02 3.319150000000000091e+03
1.980000000000000000e+02 3.319300000000000182e+03
3.000000000000000000e+01 3.319400000000000091e+03
2.940000000000000000e+02 3.319650000000000091e+03
8.600000000000000000e+01 3.321349999999999909e+03
7.820000000000000000e+02 3.322050000000000182e+03
3.420000000000000000e+02 3.323750000000000000e+03
4.220000000000000000e+02 3.325750000000000000e+03
4.380000000000000000e+02 3.325750000000000000e+03
4.060000000000000000e+02 3.326349999999999909e+03
1.820000000000000000e+02 3.326950000000000273e+03
3.260000000000000000e+02 3.327250000000000000e+03
6.300000000000000000e+02 3.327300000000000182e+03
3.800000000000000000e+01 3.327700000000000273e+03
5.500000000000000000e+02 3.327650000000000091e+03
7.580000000000000000e+02 3.327650000000000091e+03
5.660000000000000000e+02 3.327800000000000182e+03
6.780000000000000000e+02 3.327849999999999909e+03
2.780000000000000000e+02 3.328150000000000091e+03
7.800000000000000000e+01 3.328550000000000182e+03
1.180000000000000000e+02 3.328550000000000182e+03
7.900000000000000000e+02 3.328550000000000182e+03
4.940000000000000000e+02 3.329000000000000000e+03
3.340000000000000000e+02 3.329300000000000182e+03
2.140000000000000000e+02 3.331099999999999909e+03
4.540000000000000000e+02 3.333950000000000273e+03
7.340000000000000000e+02 3.334900000000000091e+03
3.740000000000000000e+02 3.335099999999999909e+03
7.500000000000000000e+02 3.335200000000000273e+03
6.220000000000000000e+02 3.335250000000000000e+03
6.940000000000000000e+02 3.335550000000000182e+03
4.600000000000000000e+01 3.335849999999999909e+03
2.780000000000000000e+02 3.336300000000000182e+03
2.200000000000000000e+01 3.336500000000000000e+03
3.000000000000000000e+01 3.336849999999999909e+03
6.140000000000000000e+02 3.337300000000000182e+03
3.900000000000000000e+02 3.340650000000000091e+03
5.260000000000000000e+02 3.340750000000000000e+03
2.300000000000000000e+02 3.341650000000000091e+03
1.660000000000000000e+02 3.342800000000000182e+03
4.060000000000000000e+02 3.342750000000000000e+03
1.400000000000000000e+01 3.343550000000000182e+03
3.800000000000000000e+01 3.346300000000000182e+03
6.380000000000000000e+02 3.347550000000000182e+03
7.500000000000000000e+02 3.348700000000000273e+03
2.380000000000000000e+02 3.348950000000000273e+03
3.820000000000000000e+02 3.349400000000000091e+03
7.020000000000000000e+02 3.350200000000000273e+03
3.980000000000000000e+02 3.350500000000000000e+03
4.940000000000000000e+02 3.368400000000000091e+03
2.540000000000000000e+02 3.369900000000000091e+03
3.580000000000000000e+02 3.371950000000000273e+03
5.740000000000000000e+02 3.372500000000000000e+03
7.180000000000000000e+02 3.374250000000000000e+03
7.980000000000000000e+02 3.376050000000000182e+03
1.100000000000000000e+02 3.376700000000000273e+03
1.580000000000000000e+02 3.377250000000000000e+03
3.020000000000000000e+02 3.377599999999999909e+03
3.500000000000000000e+02 3.388150000000000091e+03
7.100000000000000000e+02 3.388200000000000273e+03
6.140000000000000000e+02 3.394349999999999909e+03
7.340000000000000000e+02 3.397900000000000091e+03
4.860000000000000000e+02 3.400300000000000182e+03
5.980000000000000000e+02 3.418349999999999909e+03
5.500000000000000000e+02 3.420150000000000091e+03
7.800000000000000000e+01 3.431550000000000182e+03
3.500000000000000000e+02 3.432900000000000091e+03
2.540000000000000000e+02 3.434750000000000000e+03
7.340000000000000000e+02 3.447650000000000091e+03
5.100000000000000000e+02 3.478550000000000182e+03
1.500000000000000000e+02 3.481000000000000000e+03
6.060000000000000000e+02 3.491250000000000000e+03
3.420000000000000000e+02 3.500800000000000182e+03
2.780000000000000000e+02 3.504450000000000273e+03
3.820000000000000000e+02 3.509500000000000000e+03
7.000000000000000000e+01 3.515500000000000000e+03
2.700000000000000000e+02 3.564000000000000000e+03
7.820000000000000000e+02 3.574050000000000182e+03
7.180000000000000000e+02 3.577900000000000091e+03
3.900000000000000000e+02 3.597500000000000000e+03
7.980000000000000000e+02 3.604900000000000091e+03
1.820000000000000000e+02 3.606550000000000182e+03
4.540000000000000000e+02 3.607750000000000000e+03
1.740000000000000000e+02 3.607849999999999909e+03
6.460000000000000000e+02 3.608700000000000273e+03
2.200000000000000000e+01 3.613500000000000000e+03
1.900000000000000000e+02 3.613950000000000273e+03
1.180000000000000000e+02 3.626099999999999909e+03
3.020000000000000000e+02 3.628900000000000091e+03
7.100000000000000000e+02 3.632250000000000000e+03
2.860000000000000000e+02 3.633500000000000000e+03
2.780000000000000000e+02 3.633950000000000273e+03
6.940000000000000000e+02 3.634300000000000182e+03
2.940000000000000000e+02 3.634349999999999909e+03
7.340000000000000000e+02 3.635000000000000000e+03
2.380000000000000000e+02 3.635599999999999909e+03
5.580000000000000000e+02 3.635650000000000091e+03
7.800000000000000000e+01 3.635900000000000091e+03
5.260000000000000000e+02 3.636099999999999909e+03
4.780000000000000000e+02 3.636349999999999909e+03
5.740000000000000000e+02 3.636400000000000091e+03
3.740000000000000000e+02 3.636500000000000000e+03
7.180000000000000000e+02 3.636500000000000000e+03
9.400000000000000000e+01 3.636599999999999909e+03
2.060000000000000000e+02 3.636550000000000182e+03
2.700000000000000000e+02 3.636599999999999909e+03
1.420000000000000000e+02 3.636800000000000182e+03
6.380000000000000000e+02 3.636800000000000182e+03
8.600000000000000000e+01 3.636849999999999909e+03
3.580000000000000000e+02 3.636849999999999909e+03
3.260000000000000000e+02 3.637000000000000000e+03
4.700000000000000000e+02 3.636950000000000273e+03
4.380000000000000000e+02 3.637150000000000091e+03
5.420000000000000000e+02 3.637200000000000273e+03
5.500000000000000000e+02 3.637200000000000273e+03
3.900000000000000000e+02 3.637250000000000000e+03
4.300000000000000000e+02 3.637500000000000000e+03
5.100000000000000000e+02 3.637450000000000273e+03
4.540000000000000000e+02 3.637599999999999909e+03
1.100000000000000000e+02 3.637700000000000273e+03
2.140000000000000000e+02 3.637650000000000091e+03
2.460000000000000000e+02 3.637700000000000273e+03
3.500000000000000000e+02 3.637650000000000091e+03
5.180000000000000000e+02 3.637700000000000273e+03
1.580000000000000000e+02 3.637800000000000182e+03
1.660000000000000000e+02 3.637800000000000182e+03
3.020000000000000000e+02 3.637750000000000000e+03
6.000000000000000000e+00 3.637849999999999909e+03
4.460000000000000000e+02 3.637900000000000091e+03
5.340000000000000000e+02 3.637900000000000091e+03
6.780000000000000000e+02 3.637849999999999909e+03
4.940000000000000000e+02 3.638050000000000182e+03
1.340000000000000000e+02 3.638150000000000091e+03
1.500000000000000000e+02 3.638150000000000091e+03
6.200000000000000000e+01 3.638250000000000000e+03
5.820000000000000000e+02 3.638300000000000182e+03
6.300000000000000000e+02 3.638250000000000000e+03
3.180000000000000000e+02 3.638349999999999909e+03
3.660000000000000000e+02 3.638400000000000091e+03
7.580000000000000000e+02 3.638349999999999909e+03
1.400000000000000000e+01 3.638450000000000273e+03
7.000000000000000000e+01 3.638500000000000000e+03
4.860000000000000000e+02 3.638500000000000000e+03
3.420000000000000000e+02 3.638599999999999909e+03
4.140000000000000000e+02 3.638599999999999909e+03
6.460000000000000000e+02 3.638599999999999909e+03
1.820000000000000000e+02 3.638650000000000091e+03
5.900000000000000000e+02 3.638700000000000273e+03
6.060000000000000000e+02 3.638700000000000273e+03
6.220000000000000000e+02 3.638700000000000273e+03
6.860000000000000000e+02 3.638700000000000273e+03
3.000000000000000000e+01 3.638800000000000182e+03
3.100000000000000000e+02 3.638750000000000000e+03
4.220000000000000000e+02 3.638750000000000000e+03
6.940000000000000000e+02 3.638800000000000182e+03
7.980000000000000000e+02 3.638800000000000182e+03
3.340000000000000000e+02 3.638849999999999909e+03
4.060000000000000000e+02 3.638900000000000091e+03
7.500000000000000000e+02 3.638900000000000091e+03
3.800000000000000000e+01 3.638950000000000273e+03
1.180000000000000000e+02 3.639000000000000000e+03
2.540000000000000000e+02 3.639000000000000000e+03
7.740000000000000000e+02 3.639000000000000000e+03
7.900000000000000000e+02 3.638950000000000273e+03
1.900000000000000000e+02 3.639050000000000182e+03
2.220000000000000000e+02 3.639099999999999909e+03
7.020000000000000000e+02 3.639050000000000182e+03
4.620000000000000000e+02 3.639150000000000091e+03
5.580000000000000000e+02 3.639150000000000091e+03
5.660000000000000000e+02 3.639200000000000273e+03
6.620000000000000000e+02 3.639200000000000273e+03
6.700000000000000000e+02 3.639200000000000273e+03
7.260000000000000000e+02 3.639200000000000273e+03
1.980000000000000000e+02 3.639300000000000182e+03
7.340000000000000000e+02 3.639300000000000182e+03
7.420000000000000000e+02 3.639250000000000000e+03
1.260000000000000000e+02 3.639400000000000091e+03
2.620000000000000000e+02 3.639349999999999909e+03
2.940000000000000000e+02 3.639349999999999909e+03
2.200000000000000000e+01 3.639450000000000273e+03
1.020000000000000000e+02 3.639450000000000273e+03
4.780000000000000000e+02 3.639450000000000273e+03
5.980000000000000000e+02 3.639500000000000000e+03
6.540000000000000000e+02 3.639550000000000182e+03
2.300000000000000000e+02 3.639650000000000091e+03
3.820000000000000000e+02 3.639650000000000091e+03
1.740000000000000000e+02 3.639750000000000000e+03
2.860000000000000000e+02 3.639800000000000182e+03
7.820000000000000000e+02 3.639800000000000182e+03
6.140000000000000000e+02 3.639849999999999909e+03
7.800000000000000000e+01 3.639950000000000273e+03
5.400000000000000000e+01 3.640050000000000182e+03
2.780000000000000000e+02 3.640250000000000000e+03
7.100000000000000000e+02 3.640349999999999909e+03
3.260000000000000000e+02 3.640500000000000000e+03
5.500000000000000000e+02 3.640650000000000091e+03
5.420000000000000000e+02 3.640849999999999909e+03
4.460000000000000000e+02 3.641599999999999909e+03
1.660000000000000000e+02 3.642200000000000273e+03
3.980000000000000000e+02 3.642349999999999909e+03
2.380000000000000000e+02 3.644500000000000000e+03
6.700000000000000000e+02 3.645650000000000091e+03
7.420000000000000000e+02 3.645950000000000273e+03
5.660000000000000000e+02 3.646450000000000273e+03
7.820000000000000000e+02 3.647000000000000000e+03
8.600000000000000000e+01 3.647349999999999909e+03
5.980000000000000000e+02 3.648250000000000000e+03
2.700000000000000000e+02 3.656550000000000182e+03
6.300000000000000000e+02 3.658750000000000000e+03
6.940000000000000000e+02 3.659849999999999909e+03
3.000000000000000000e+01 3.662500000000000000e+03
5.180000000000000000e+02 3.665800000000000182e+03
3.980000000000000000e+02 3.666000000000000000e+03
3.500000000000000000e+02 3.666500000000000000e+03
2.940000000000000000e+02 3.668450000000000273e+03
3.100000000000000000e+02 3.683050000000000182e+03
6.620000000000000000e+02 3.685150000000000091e+03
5.260000000000000000e+02 3.692300000000000182e+03
2.140000000000000000e+02 3.693349999999999909e+03
6.940000000000000000e+02 3.698550000000000182e+03
1.580000000000000000e+02 3.701599999999999909e+03
5.580000000000000000e+02 3.708849999999999909e+03
5.400000000000000000e+01 3.727900000000000091e+03
1.340000000000000000e+02 3.729450000000000273e+03
4.380000000000000000e+02 3.734300000000000182e+03
5.580000000000000000e+02 3.746900000000000091e+03
3.500000000000000000e+02 3.754700000000000273e+03
3.000000000000000000e+01 3.770150000000000091e+03
7.500000000000000000e+02 3.813900000000000091e+03
1.660000000000000000e+02 3.821700000000000273e+03
4.380000000000000000e+02 3.825599999999999909e+03
3.800000000000000000e+01 3.826950000000000273e+03
3.000000000000000000e+01 3.897000000000000000e+03
1.100000000000000000e+02 3.901599999999999909e+03
3.420000000000000000e+02 3.919050000000000182e+03
5.980000000000000000e+02 3.930050000000000182e+03
6.220000000000000000e+02 3.932599999999999909e+03
2.700000000000000000e+02 3.935349999999999909e+03
2.060000000000000000e+02 3.947849999999999909e+03
3.020000000000000000e+02 3.956250000000000000e+03
1.260000000000000000e+02 3.975750000000000000e+03
7.340000000000000000e+02 3.983800000000000182e+03
6.940000000000000000e+02 3.983900000000000091e+03
7.580000000000000000e+02 3.988400000000000091e+03
3.820000000000000000e+02 3.993349999999999909e+03
2.300000000000000000e+02 3.999000000000000000e+03
5.740000000000000000e+02 4.004750000000000000e+03
3.900000000000000000e+02 4.005099999999999909e+03
6.460000000000000000e+02 4.012849999999999909e+03
4.380000000000000000e+02 4.016400000000000091e+03
7.580000000000000000e+02 4.020400000000000091e+03
3.580000000000000000e+02 4.021800000000000182e+03
7.740000000000000000e+02 4.022099999999999909e+03
2.380000000000000000e+02 4.022599999999999909e+03
1.900000000000000000e+02 4.022900000000000091e+03
7.900000000000000000e+02 4.023000000000000000e+03
7.800000000000000000e+01 4.023349999999999909e+03
1.980000000000000000e+02 4.023700000000000273e+03
4.060000000000000000e+02 4.023700000000000273e+03
1.580000000000000000e+02 4.023750000000000000e+03
4.140000000000000000e+02 4.024000000000000000e+03
6.220000000000000000e+02 4.024000000000000000e+03
1.400000000000000000e+01 4.024050000000000182e+03
6.620000000000000000e+02 4.024050000000000182e+03
7.980000000000000000e+02 4.024050000000000182e+03
4.860000000000000000e+02 4.024200000000000273e+03
6.000000000000000000e+00 4.024300000000000182e+03
1.180000000000000000e+02 4.024250000000000000e+03
1.340000000000000000e+02 4.024250000000000000e+03
2.220000000000000000e+02 4.024300000000000182e+03
2.540000000000000000e+02 4.024250000000000000e+03
1.020000000000000000e+02 4.024400000000000091e+03
1.660000000000000000e+02 4.024400000000000091e+03
1.260000000000000000e+02 4.024450000000000273e+03
4.380000000000000000e+02 4.024700000000000273e+03
3.340000000000000000e+02 4.024750000000000000e+03
5.020000000000000000e+02 4.024800000000000182e+03
5.180000000000000000e+02 4.024750000000000000e+03
6.940000000000000000e+02 4.024750000000000000e+03
7.260000000000000000e+02 4.024800000000000182e+03
1.820000000000000000e+02 4.024900000000000091e+03
2.860000000000000000e+02 4.024849999999999909e+03
4.460000000000000000e+02 4.024900000000000091e+03
5.980000000000000000e+02 4.024849999999999909e+03
2.460000000000000000e+02 4.024950000000000273e+03
5.420000000000000000e+02 4.024950000000000273e+03
7.340000000000000000e+02 4.024950000000000273e+03
2.700000000000000000e+02 4.025050000000000182e+03
3.180000000000000000e+02 4.025099999999999909e+03
3.260000000000000000e+02 4.025050000000000182e+03
5.260000000000000000e+02 4.025099999999999909e+03
5.500000000000000000e+02 4.025050000000000182e+03
5.820000000000000000e+02 4.025099999999999909e+03
2.200000000000000000e+01 4.025150000000000091e+03
1.740000000000000000e+02 4.025200000000000273e+03
2.780000000000000000e+02 4.025150000000000091e+03
3.100000000000000000e+02 4.025150000000000091e+03
5.660000000000000000e+02 4.025200000000000273e+03
6.300000000000000000e+02 4.025200000000000273e+03
6.780000000000000000e+02 4.025200000000000273e+03
7.020000000000000000e+02 4.025200000000000273e+03
7.660000000000000000e+02 4.025200000000000273e+03
3.820000000000000000e+02 4.025300000000000182e+03
3.900000000000000000e+02 4.025300000000000182e+03
6.860000000000000000e+02 4.025300000000000182e+03
7.580000000000000000e+02 4.025300000000000182e+03
9.400000000000000000e+01 4.025349999999999909e+03
1.420000000000000000e+02 4.025400000000000091e+03
2.940000000000000000e+02 4.025400000000000091e+03
3.020000000000000000e+02 4.025400000000000091e+03
3.500000000000000000e+02 4.025400000000000091e+03
4.540000000000000000e+02 4.025400000000000091e+03
4.600000000000000000e+01 4.025500000000000000e+03
8.600000000000000000e+01 4.025500000000000000e+03
1.500000000000000000e+02 4.025450000000000273e+03
4.220000000000000000e+02 4.025500000000000000e+03
7.820000000000000000e+02 4.025450000000000273e+03
3.800000000000000000e+01 4.025599999999999909e+03
7.000000000000000000e+01 4.025599999999999909e+03
1.100000000000000000e+02 4.025599999999999909e+03
2.300000000000000000e+02 4.025599999999999909e+03
3.660000000000000000e+02 4.025550000000000182e+03
3.980000000000000000e+02 4.025550000000000182e+03
7.420000000000000000e+02 4.025550000000000182e+03
5.400000000000000000e+01 4.025700000000000273e+03
2.060000000000000000e+02 4.025700000000000273e+03
2.620000000000000000e+02 4.025650000000000091e+03
3.740000000000000000e+02 4.025700000000000273e+03
5.740000000000000000e+02 4.025650000000000091e+03
6.060000000000000000e+02 4.025650000000000091e+03
7.180000000000000000e+02 4.025700000000000273e+03
6.200000000000000000e+01 4.025750000000000000e+03
4.620000000000000000e+02 4.025750000000000000e+03
6.380000000000000000e+02 4.025750000000000000e+03
4.300000000000000000e+02 4.025849999999999909e+03
4.940000000000000000e+02 4.025849999999999909e+03
5.340000000000000000e+02 4.025849999999999909e+03
6.140000000000000000e+02 4.025900000000000091e+03
7.500000000000000000e+02 4.025849999999999909e+03
7.740000000000000000e+02 4.025849999999999909e+03
3.000000000000000000e+01 4.026000000000000000e+03
4.700000000000000000e+02 4.025950000000000273e+03
7.900000000000000000e+02 4.025950000000000273e+03
3.580000000000000000e+02 4.026099999999999909e+03
3.420000000000000000e+02 4.026150000000000091e+03
6.540000000000000000e+02 4.026150000000000091e+03
6.700000000000000000e+02 4.026150000000000091e+03
2.140000000000000000e+02 4.026300000000000182e+03
2.380000000000000000e+02 4.026250000000000000e+03
5.100000000000000000e+02 4.026250000000000000e+03
5.900000000000000000e+02 4.026250000000000000e+03
7.100000000000000000e+02 4.026250000000000000e+03
1.900000000000000000e+02 4.026349999999999909e+03
6.460000000000000000e+02 4.026450000000000273e+03
4.780000000000000000e+02 4.026550000000000182e+03
6.620000000000000000e+02 4.028400000000000091e+03
7.800000000000000000e+01 4.028800000000000182e+03
3.180000000000000000e+02 4.029200000000000273e+03
1.580000000000000000e+02 4.029250000000000000e+03
3.340000000000000000e+02 4.029550000000000182e+03
2.220000000000000000e+02 4.029650000000000091e+03
7.340000000000000000e+02 4.029700000000000273e+03
2.460000000000000000e+02 4.029750000000000000e+03
6.780000000000000000e+02 4.029750000000000000e+03
1.340000000000000000e+02 4.029849999999999909e+03
6.300000000000000000e+02 4.030099999999999909e+03
1.400000000000000000e+01 4.030200000000000273e+03
5.340000000000000000e+02 4.030150000000000091e+03
2.300000000000000000e+02 4.030349999999999909e+03
5.820000000000000000e+02 4.030349999999999909e+03
1.820000000000000000e+02 4.030450000000000273e+03
3.980000000000000000e+02 4.030500000000000000e+03
4.540000000000000000e+02 4.030450000000000273e+03
4.060000000000000000e+02 4.030599999999999909e+03
3.900000000000000000e+02 4.031050000000000182e+03
5.580000000000000000e+02 4.031050000000000182e+03
6.140000000000000000e+02 4.031050000000000182e+03
1.740000000000000000e+02 4.031150000000000091e+03
5.420000000000000000e+02 4.031200000000000273e+03
3.820000000000000000e+02 4.031250000000000000e+03
1.100000000000000000e+02 4.031450000000000273e+03
1.260000000000000000e+02 4.031599999999999909e+03
5.500000000000000000e+02 4.031900000000000091e+03
7.260000000000000000e+02 4.045099999999999909e+03
4.220000000000000000e+02 4.047700000000000273e+03
6.860000000000000000e+02 4.051400000000000091e+03
4.860000000000000000e+02 4.060150000000000091e+03
6.460000000000000000e+02 4.061500000000000000e+03
5.100000000000000000e+02 4.062349999999999909e+03
3.340000000000000000e+02 4.063599999999999909e+03
4.600000000000000000e+01 4.077250000000000000e+03
2.940000000000000000e+02 4.078349999999999909e+03
4.300000000000000000e+02 4.084849999999999909e+03
6.700000000000000000e+02 4.089800000000000182e+03
5.260000000000000000e+02 4.096600000000000364e+03
5.980000000000000000e+02 4.105050000000000182e+03
7.420000000000000000e+02 4.111050000000000182e+03
3.580000000000000000e+02 4.125750000000000000e+03
2.620000000000000000e+02 4.131100000000000364e+03
3.800000000000000000e+01 4.165250000000000000e+03
2.700000000000000000e+02 4.221250000000000000e+03
9.400000000000000000e+01 4.239100000000000364e+03
3.420000000000000000e+02 4.259399999999999636e+03
6.200000000000000000e+01 4.292100000000000364e+03
2.540000000000000000e+02 4.344449999999999818e+03
3.020000000000000000e+02 4.346649999999999636e+03
7.580000000000000000e+02 4.353850000000000364e+03
3.260000000000000000e+02 4.356449999999999818e+03
1.900000000000000000e+02 4.361399999999999636e+03
6.620000000000000000e+02 4.362250000000000000e+03
3.500000000000000000e+02 4.362800000000000182e+03
4.620000000000000000e+02 4.379500000000000000e+03
2.940000000000000000e+02 4.380550000000000182e+03
7.900000000000000000e+02 4.380650000000000546e+03
1.820000000000000000e+02 4.381699999999999818e+03
1.340000000000000000e+02 4.381800000000000182e+03
1.260000000000000000e+02 4.381850000000000364e+03
5.420000000000000000e+02 4.381850000000000364e+03
8.600000000000000000e+01 4.382600000000000364e+03
7.740000000000000000e+02 4.384550000000000182e+03
6.620000000000000000e+02 4.384800000000000182e+03
1.180000000000000000e+02 4.385150000000000546e+03
5.580000000000000000e+02 4.385400000000000546e+03
3.000000000000000000e+01 4.385500000000000000e+03
1.100000000000000000e+02 4.385550000000000182e+03
4.780000000000000000e+02 4.385600000000000364e+03
4.300000000000000000e+02 4.385850000000000364e+03
9.400000000000000000e+01 4.386150000000000546e+03
2.860000000000000000e+02 4.386150000000000546e+03
3.420000000000000000e+02 4.386150000000000546e+03
3.800000000000000000e+01 4.386300000000000182e+03
7.900000000000000000e+02 4.386250000000000000e+03
7.020000000000000000e+02 4.386400000000000546e+03
1.020000000000000000e+02 4.386500000000000000e+03
5.820000000000000000e+02 4.386449999999999818e+03
7.100000000000000000e+02 4.386500000000000000e+03
7.420000000000000000e+02 4.386500000000000000e+03
7.820000000000000000e+02 4.386500000000000000e+03
1.740000000000000000e+02 4.386600000000000364e+03
3.340000000000000000e+02 4.386550000000000182e+03
6.540000000000000000e+02 4.386550000000000182e+03
6.700000000000000000e+02 4.386699999999999818e+03
1.660000000000000000e+02 4.386800000000000182e+03
3.260000000000000000e+02 4.386750000000000000e+03
3.580000000000000000e+02 4.386800000000000182e+03
6.460000000000000000e+02 4.386800000000000182e+03
6.000000000000000000e+00 4.386900000000000546e+03
2.200000000000000000e+01 4.386900000000000546e+03
3.740000000000000000e+02 4.386900000000000546e+03
5.020000000000000000e+02 4.386850000000000364e+03
7.660000000000000000e+02 4.386850000000000364e+03
2.620000000000000000e+02 4.387000000000000000e+03
3.820000000000000000e+02 4.386949999999999818e+03
4.140000000000000000e+02 4.386949999999999818e+03
5.500000000000000000e+02 4.386949999999999818e+03
4.600000000000000000e+01 4.387050000000000182e+03
2.220000000000000000e+02 4.387100000000000364e+03
2.940000000000000000e+02 4.387050000000000182e+03
3.180000000000000000e+02 4.387050000000000182e+03
5.260000000000000000e+02 4.387100000000000364e+03
6.060000000000000000e+02 4.387100000000000364e+03
2.300000000000000000e+02 4.387150000000000546e+03
3.100000000000000000e+02 4.387199999999999818e+03
3.660000000000000000e+02 4.387199999999999818e+03
6.380000000000000000e+02 4.387150000000000546e+03
7.260000000000000000e+02 4.387150000000000546e+03
1.400000000000000000e+01 4.387300000000000182e+03
2.540000000000000000e+02 4.387300000000000182e+03
5.660000000000000000e+02 4.387250000000000000e+03
6.220000000000000000e+02 4.387300000000000182e+03
1.580000000000000000e+02 4.387400000000000546e+03
2.140000000000000000e+02 4.387350000000000364e+03
3.980000000000000000e+02 4.387400000000000546e+03
5.340000000000000000e+02 4.387400000000000546e+03
5.420000000000000000e+02 4.387350000000000364e+03
6.780000000000000000e+02 4.387350000000000364e+03
6.940000000000000000e+02 4.387350000000000364e+03
7.180000000000000000e+02 4.387400000000000546e+03
7.000000000000000000e+01 4.387500000000000000e+03
1.500000000000000000e+02 4.387449999999999818e+03
1.980000000000000000e+02 4.387500000000000000e+03
3.500000000000000000e+02 4.387449999999999818e+03
4.540000000000000000e+02 4.387449999999999818e+03
5.980000000000000000e+02 4.387500000000000000e+03
6.300000000000000000e+02 4.387500000000000000e+03
6.200000000000000000e+01 4.387600000000000364e+03
2.380000000000000000e+02 4.387550000000000182e+03
2.460000000000000000e+02 4.387600000000000364e+03
2.780000000000000000e+02 4.387550000000000182e+03
7.980000000000000000e+02 4.387550000000000182e+03
8.600000000000000000e+01 4.387650000000000546e+03
4.700000000000000000e+02 4.387699999999999818e+03
7.340000000000000000e+02 4.387650000000000546e+03
7.580000000000000000e+02 4.387650000000000546e+03
4.060000000000000000e+02 4.387750000000000000e+03
4.220000000000000000e+02 4.387750000000000000e+03
5.400000000000000000e+01 4.387850000000000364e+03
3.020000000000000000e+02 4.387850000000000364e+03
4.860000000000000000e+02 4.387850000000000364e+03
5.180000000000000000e+02 4.387850000000000364e+03
6.140000000000000000e+02 4.387900000000000546e+03
7.740000000000000000e+02 4.387850000000000364e+03
1.340000000000000000e+02 4.388000000000000000e+03
1.420000000000000000e+02 4.387949999999999818e+03
1.900000000000000000e+02 4.387949999999999818e+03
5.100000000000000000e+02 4.388000000000000000e+03
7.500000000000000000e+02 4.387949999999999818e+03
4.940000000000000000e+02 4.388100000000000364e+03
1.260000000000000000e+02 4.388150000000000546e+03
2.700000000000000000e+02 4.388199999999999818e+03
4.620000000000000000e+02 4.388150000000000546e+03
5.740000000000000000e+02 4.388150000000000546e+03
6.620000000000000000e+02 4.388300000000000182e+03
3.000000000000000000e+01 4.388350000000000364e+03
2.060000000000000000e+02 4.388350000000000364e+03
6.860000000000000000e+02 4.388400000000000546e+03
4.140000000000000000e+02 4.392150000000000546e+03
2.940000000000000000e+02 4.393500000000000000e+03
5.580000000000000000e+02 4.394199999999999818e+03
7.420000000000000000e+02 4.394199999999999818e+03
5.900000000000000000e+02 4.395449999999999818e+03
1.580000000000000000e+02 4.395550000000000182e+03
7.500000000000000000e+02 4.395800000000000182e+03
6.200000000000000000e+01 4.396300000000000182e+03
3.340000000000000000e+02 4.396400000000000546e+03
2.860000000000000000e+02 4.397199999999999818e+03
5.260000000000000000e+02 4.397650000000000546e+03
2.200000000000000000e+01 4.397800000000000182e+03
4.700000000000000000e+02 4.397800000000000182e+03
7.020000000000000000e+02 4.397800000000000182e+03
7.800000000000000000e+01 4.397900000000000546e+03
2.060000000000000000e+02 4.398150000000000546e+03
9.400000000000000000e+01 4.398600000000000364e+03
3.980000000000000000e+02 4.399250000000000000e+03
6.940000000000000000e+02 4.400550000000000182e+03
5.820000000000000000e+02 4.406400000000000546e+03
4.380000000000000000e+02 4.407250000000000000e+03
6.060000000000000000e+02 4.412350000000000364e+03
7.260000000000000000e+02 4.415550000000000182e+03
3.260000000000000000e+02 4.433550000000000182e+03
4.600000000000000000e+01 4.443199999999999818e+03
4.860000000000000000e+02 4.447300000000000182e+03
1.660000000000000000e+02 4.450000000000000000e+03
3.580000000000000000e+02 4.461199999999999818e+03
7.000000000000000000e+01 4.462449999999999818e+03
7.820000000000000000e+02 4.462699999999999818e+03
5.820000000000000000e+02 4.463050000000000182e+03
6.060000000000000000e+02 4.463449999999999818e+03
3.660000000000000000e+02 4.464750000000000000e+03
2.780000000000000000e+02 4.469300000000000182e+03
1.740000000000000000e+02 4.477500000000000000e+03
7.500000000000000000e+02 4.497350000000000364e+03
5.740000000000000000e+02 4.504100000000000364e+03
7.980000000000000000e+02 4.507250000000000000e+03
2.200000000000000000e+01 4.512199999999999818e+03
3.020000000000000000e+02 4.512900000000000546e+03
6.860000000000000000e+02 4.513900000000000546e+03
1.020000000000000000e+02 4.517750000000000000e+03
2.140000000000000000e+02 4.523750000000000000e+03
3.660000000000000000e+02 4.526100000000000364e+03
2.860000000000000000e+02 4.539500000000000000e+03
6.620000000000000000e+02 4.542800000000000182e+03
4.940000000000000000e+02 4.554800000000000182e+03
6.460000000000000000e+02 4.554949999999999818e+03
5.500000000000000000e+02 4.566400000000000546e+03
3.580000000000000000e+02 4.576850000000000364e+03
3.420000000000000000e+02 4.584900000000000546e+03
4.700000000000000000e+02 4.586900000000000546e+03
3.000000000000000000e+01 4.594050000000000182e+03
2.300000000000000000e+02 4.597750000000000000e+03
6.200000000000000000e+01 4.607050000000000182e+03
2.620000000000000000e+02 4.612199999999999818e+03
6.140000000000000000e+02 4.626750000000000000e+03
1.820000000000000000e+02 4.636850000000000364e+03
5.020000000000000000e+02 4.644400000000000546e+03
3.420000000000000000e+02 4.647350000000000364e+03
7.000000000000000000e+01 4.648449999999999818e+03
6.000000000000000000e+00 4.649949999999999818e+03
1.260000000000000000e+02 4.659250000000000000e+03
1.180000000000000000e+02 4.659400000000000546e+03
3.000000000000000000e+01 4.661750000000000000e+03
5.740000000000000000e+02 4.662500000000000000e+03
7.180000000000000000e+02 4.662800000000000182e+03
2.460000000000000000e+02 4.664150000000000546e+03
4.140000000000000000e+02 4.667050000000000182e+03
4.780000000000000000e+02 4.667199999999999818e+03
3.740000000000000000e+02 4.669400000000000546e+03
7.100000000000000000e+02 4.669750000000000000e+03
7.820000000000000000e+02 4.670050000000000182e+03
2.540000000000000000e+02 4.670550000000000182e+03
3.980000000000000000e+02 4.671350000000000364e+03
6.380000000000000000e+02 4.671800000000000182e+03
6.200000000000000000e+01 4.672100000000000364e+03
6.540000000000000000e+02 4.672150000000000546e+03
4.060000000000000000e+02 4.672600000000000364e+03
1.980000000000000000e+02 4.672900000000000546e+03
2.700000000000000000e+02 4.672900000000000546e+03
5.420000000000000000e+02 4.673000000000000000e+03
1.420000000000000000e+02 4.673150000000000546e+03
4.700000000000000000e+02 4.673350000000000364e+03
7.980000000000000000e+02 4.673600000000000364e+03
3.580000000000000000e+02 4.673699999999999818e+03
6.140000000000000000e+02 4.673699999999999818e+03
3.820000000000000000e+02 4.673750000000000000e+03
1.100000000000000000e+02 4.673850000000000364e+03
2.780000000000000000e+02 4.673949999999999818e+03
3.020000000000000000e+02 4.674000000000000000e+03
7.420000000000000000e+02 4.673949999999999818e+03
4.600000000000000000e+01 4.674199999999999818e+03
2.300000000000000000e+02 4.674449999999999818e+03
2.460000000000000000e+02 4.674600000000000364e+03
3.180000000000000000e+02 4.674600000000000364e+03
5.260000000000000000e+02 4.674600000000000364e+03
2.380000000000000000e+02 4.674650000000000546e+03
3.340000000000000000e+02 4.674650000000000546e+03
4.780000000000000000e+02 4.674800000000000182e+03
4.380000000000000000e+02 4.675000000000000000e+03
4.460000000000000000e+02 4.675000000000000000e+03
7.180000000000000000e+02 4.675000000000000000e+03
4.540000000000000000e+02 4.675050000000000182e+03
5.400000000000000000e+01 4.675199999999999818e+03
1.900000000000000000e+02 4.675150000000000546e+03
1.260000000000000000e+02 4.675300000000000182e+03
1.740000000000000000e+02 4.675300000000000182e+03
1.820000000000000000e+02 4.675300000000000182e+03
2.220000000000000000e+02 4.675250000000000000e+03
1.400000000000000000e+01 4.675400000000000546e+03
5.980000000000000000e+02 4.675449999999999818e+03
6.460000000000000000e+02 4.675449999999999818e+03
3.000000000000000000e+01 4.675550000000000182e+03
4.940000000000000000e+02 4.675600000000000364e+03
7.260000000000000000e+02 4.675650000000000546e+03
5.580000000000000000e+02 4.675750000000000000e+03
1.340000000000000000e+02 4.675850000000000364e+03
7.100000000000000000e+02 4.675900000000000546e+03
7.800000000000000000e+01 4.676000000000000000e+03
3.800000000000000000e+01 4.676100000000000364e+03
9.400000000000000000e+01 4.676100000000000364e+03
6.060000000000000000e+02 4.676100000000000364e+03
6.540000000000000000e+02 4.676050000000000182e+03
6.860000000000000000e+02 4.676100000000000364e+03
7.500000000000000000e+02 4.676100000000000364e+03
6.000000000000000000e+00 4.676150000000000546e+03
2.060000000000000000e+02 4.676199999999999818e+03
3.740000000000000000e+02 4.676199999999999818e+03
3.900000000000000000e+02 4.676150000000000546e+03
5.020000000000000000e+02 4.676150000000000546e+03
5.660000000000000000e+02 4.676250000000000000e+03
5.820000000000000000e+02 4.676250000000000000e+03
7.820000000000000000e+02 4.676300000000000182e+03
1.500000000000000000e+02 4.676350000000000364e+03
3.980000000000000000e+02 4.676400000000000546e+03
6.780000000000000000e+02 4.676350000000000364e+03
6.940000000000000000e+02 4.676350000000000364e+03
7.580000000000000000e+02 4.676350000000000364e+03
3.420000000000000000e+02 4.676449999999999818e+03
3.500000000000000000e+02 4.676500000000000000e+03
3.660000000000000000e+02 4.676449999999999818e+03
5.340000000000000000e+02 4.676500000000000000e+03
5.740000000000000000e+02 4.676449999999999818e+03
7.340000000000000000e+02 4.676500000000000000e+03
2.860000000000000000e+02 4.676600000000000364e+03
1.580000000000000000e+02 4.676699999999999818e+03
3.100000000000000000e+02 4.676699999999999818e+03
4.220000000000000000e+02 4.676699999999999818e+03
2.200000000000000000e+01 4.676800000000000182e+03
1.660000000000000000e+02 4.676750000000000000e+03
2.540000000000000000e+02 4.676750000000000000e+03
6.300000000000000000e+02 4.676800000000000182e+03
4.060000000000000000e+02 4.676850000000000364e+03
4.140000000000000000e+02 4.676850000000000364e+03
5.500000000000000000e+02 4.676850000000000364e+03
6.380000000000000000e+02 4.676850000000000364e+03
7.000000000000000000e+01 4.677000000000000000e+03
1.420000000000000000e+02 4.677000000000000000e+03
1.980000000000000000e+02 4.676949999999999818e+03
4.860000000000000000e+02 4.676949999999999818e+03
3.820000000000000000e+02 4.677100000000000364e+03
6.220000000000000000e+02 4.677100000000000364e+03
6.200000000000000000e+01 4.677150000000000546e+03
2.940000000000000000e+02 4.677199999999999818e+03
5.180000000000000000e+02 4.677150000000000546e+03
6.700000000000000000e+02 4.677199999999999818e+03
5.100000000000000000e+02 4.677350000000000364e+03
7.900000000000000000e+02 4.677400000000000546e+03
8.600000000000000000e+01 4.677500000000000000e+03
4.620000000000000000e+02 4.677500000000000000e+03
2.140000000000000000e+02 4.677550000000000182e+03
2.700000000000000000e+02 4.677949999999999818e+03
1.100000000000000000e+02 4.684000000000000000e+03
4.300000000000000000e+02 4.688949999999999818e+03
6.220000000000000000e+02 4.689300000000000182e+03
3.580000000000000000e+02 4.692400000000000546e+03
5.420000000000000000e+02 4.692500000000000000e+03
3.820000000000000000e+02 4.692600000000000364e+03
6.380000000000000000e+02 4.692750000000000000e+03
6.540000000000000000e+02 4.709199999999999818e+03
4.600000000000000000e+01 4.709650000000000546e+03
3.180000000000000000e+02 4.709850000000000364e+03
4.220000000000000000e+02 4.715300000000000182e+03
5.100000000000000000e+02 4.718199999999999818e+03
3.260000000000000000e+02 4.719250000000000000e+03
4.540000000000000000e+02 4.720449999999999818e+03
5.900000000000000000e+02 4.727600000000000364e+03
6.220000000000000000e+02 4.729949999999999818e+03
1.900000000000000000e+02 4.730699999999999818e+03
5.180000000000000000e+02 4.731350000000000364e+03
7.260000000000000000e+02 4.732199999999999818e+03
1.660000000000000000e+02 4.732550000000000182e+03
7.660000000000000000e+02 4.735199999999999818e+03
3.980000000000000000e+02 4.737199999999999818e+03
2.460000000000000000e+02 4.740699999999999818e+03
1.020000000000000000e+02 4.744600000000000364e+03
3.340000000000000000e+02 4.750150000000000546e+03
5.820000000000000000e+02 4.752800000000000182e+03
6.000000000000000000e+00 4.753199999999999818e+03
1.400000000000000000e+01 4.760650000000000546e+03
7.800000000000000000e+01 4.770350000000000364e+03
7.020000000000000000e+02 4.795550000000000182e+03
7.660000000000000000e+02 4.802100000000000364e+03
6.380000000000000000e+02 4.810500000000000000e+03
9.400000000000000000e+01 4.811699999999999818e+03
6.700000000000000000e+02 4.817350000000000364e+03
3.980000000000000000e+02 4.844050000000000182e+03
7.820000000000000000e+02 4.855949999999999818e+03
4.860000000000000000e+02 4.861000000000000000e+03
6.140000000000000000e+02 4.884150000000000546e+03
4.380000000000000000e+02 4.896699999999999818e+03
2.700000000000000000e+02 4.922150000000000546e+03
7.420000000000000000e+02 4.940050000000000182e+03
6.380000000000000000e+02 4.941100000000000364e+03
5.980000000000000000e+02 4.947300000000000182e+03
4.220000000000000000e+02 4.949449999999999818e+03
6.540000000000000000e+02 4.949699999999999818e+03
6.060000000000000000e+02 4.950150000000000546e+03
2.220000000000000000e+02 4.950449999999999818e+03
8.600000000000000000e+01 4.951500000000000000e+03
5.100000000000000000e+02 4.951699999999999818e+03
6.860000000000000000e+02 4.951699999999999818e+03
7.980000000000000000e+02 4.951800000000000182e+03
7.100000000000000000e+02 4.952000000000000000e+03
1.340000000000000000e+02 4.952300000000000182e+03
2.060000000000000000e+02 4.952449999999999818e+03
1.820000000000000000e+02 4.952650000000000546e+03
2.860000000000000000e+02 4.952900000000000546e+03
6.140000000000000000e+02 4.952850000000000364e+03
6.220000000000000000e+02 4.953199999999999818e+03
4.780000000000000000e+02 4.953300000000000182e+03
6.700000000000000000e+02 4.953550000000000182e+03
2.460000000000000000e+02 4.953650000000000546e+03
7.340000000000000000e+02 4.954300000000000182e+03
4.940000000000000000e+02 4.954650000000000546e+03
5.260000000000000000e+02 4.954650000000000546e+03
3.820000000000000000e+02 4.954800000000000182e+03
1.500000000000000000e+02 4.955199999999999818e+03
5.900000000000000000e+02 4.955199999999999818e+03
3.260000000000000000e+02 4.955400000000000546e+03
7.260000000000000000e+02 4.955350000000000364e+03
3.800000000000000000e+01 4.955449999999999818e+03
1.420000000000000000e+02 4.955449999999999818e+03
2.940000000000000000e+02 4.955600000000000364e+03
7.180000000000000000e+02 4.955550000000000182e+03
1.020000000000000000e+02 4.955750000000000000e+03
6.620000000000000000e+02 4.955750000000000000e+03
3.000000000000000000e+01 4.955850000000000364e+03
2.700000000000000000e+02 4.956000000000000000e+03
3.900000000000000000e+02 4.956100000000000364e+03
7.500000000000000000e+02 4.956100000000000364e+03
3.420000000000000000e+02 4.956199999999999818e+03
7.820000000000000000e+02 4.956400000000000546e+03
2.200000000000000000e+01 4.956500000000000000e+03
9.400000000000000000e+01 4.956449999999999818e+03
1.740000000000000000e+02 4.956449999999999818e+03
3.180000000000000000e+02 4.956449999999999818e+03
3.580000000000000000e+02 4.956500000000000000e+03
6.460000000000000000e+02 4.956500000000000000e+03
1.180000000000000000e+02 4.956550000000000182e+03
5.500000000000000000e+02 4.956550000000000182e+03
1.100000000000000000e+02 4.956699999999999818e+03
1.660000000000000000e+02 4.956650000000000546e+03
2.380000000000000000e+02 4.956699999999999818e+03
5.980000000000000000e+02 4.956650000000000546e+03
6.940000000000000000e+02 4.956699999999999818e+03
1.340000000000000000e+02 4.956800000000000182e+03
4.140000000000000000e+02 4.956750000000000000e+03
4.380000000000000000e+02 4.956800000000000182e+03
1.580000000000000000e+02 4.956850000000000364e+03
3.660000000000000000e+02 4.956900000000000546e+03
6.780000000000000000e+02 4.956850000000000364e+03
4.600000000000000000e+01 4.957000000000000000e+03
1.900000000000000000e+02 4.957000000000000000e+03
2.620000000000000000e+02 4.957000000000000000e+03
1.980000000000000000e+02 4.957050000000000182e+03
2.140000000000000000e+02 4.957050000000000182e+03
2.780000000000000000e+02 4.957100000000000364e+03
5.740000000000000000e+02 4.957100000000000364e+03
3.740000000000000000e+02 4.957150000000000546e+03
4.460000000000000000e+02 4.957150000000000546e+03
4.620000000000000000e+02 4.957199999999999818e+03
6.060000000000000000e+02 4.957150000000000546e+03
6.380000000000000000e+02 4.957150000000000546e+03
3.500000000000000000e+02 4.957250000000000000e+03
5.100000000000000000e+02 4.957300000000000182e+03
6.700000000000000000e+02 4.957300000000000182e+03
7.980000000000000000e+02 4.957250000000000000e+03
6.000000000000000000e+00 4.957350000000000364e+03
1.400000000000000000e+01 4.957400000000000546e+03
3.020000000000000000e+02 4.957400000000000546e+03
3.100000000000000000e+02 4.957400000000000546e+03
3.340000000000000000e+02 4.957350000000000364e+03
5.180000000000000000e+02 4.957350000000000364e+03
5.420000000000000000e+02 4.957400000000000546e+03
6.860000000000000000e+02 4.957350000000000364e+03
7.580000000000000000e+02 4.957350000000000364e+03
7.740000000000000000e+02 4.957400000000000546e+03
4.060000000000000000e+02 4.957500000000000000e+03
5.340000000000000000e+02 4.957449999999999818e+03
7.100000000000000000e+02 4.957500000000000000e+03
2.540000000000000000e+02 4.957600000000000364e+03
6.140000000000000000e+02 4.957600000000000364e+03
1.260000000000000000e+02 4.957699999999999818e+03
2.460000000000000000e+02 4.957699999999999818e+03
3.980000000000000000e+02 4.957650000000000546e+03
4.300000000000000000e+02 4.957650000000000546e+03
4.700000000000000000e+02 4.957650000000000546e+03
5.820000000000000000e+02 4.957650000000000546e+03
7.020000000000000000e+02 4.957699999999999818e+03
4.220000000000000000e+02 4.957750000000000000e+03
6.220000000000000000e+02 4.957750000000000000e+03
7.340000000000000000e+02 4.957800000000000182e+03
7.800000000000000000e+01 4.957850000000000364e+03
8.600000000000000000e+01 4.957900000000000546e+03
5.660000000000000000e+02 4.957850000000000364e+03
2.860000000000000000e+02 4.958000000000000000e+03
1.820000000000000000e+02 4.958100000000000364e+03
7.900000000000000000e+02 4.958199999999999818e+03
5.580000000000000000e+02 4.958250000000000000e+03
6.300000000000000000e+02 4.958300000000000182e+03
4.540000000000000000e+02 4.958350000000000364e+03
4.780000000000000000e+02 4.966699999999999818e+03
3.820000000000000000e+02 4.967800000000000182e+03
3.420000000000000000e+02 4.968800000000000182e+03
6.300000000000000000e+02 4.970400000000000546e+03
7.420000000000000000e+02 4.970400000000000546e+03
2.300000000000000000e+02 4.970949999999999818e+03
6.780000000000000000e+02 4.976100000000000364e+03
5.180000000000000000e+02 4.978400000000000546e+03
7.740000000000000000e+02 4.978350000000000364e+03
4.620000000000000000e+02 4.978650000000000546e+03
6.700000000000000000e+02 4.990699999999999818e+03
3.000000000000000000e+01 4.993699999999999818e+03
1.980000000000000000e+02 4.996800000000000182e+03
2.140000000000000000e+02 5.005550000000000182e+03
7.980000000000000000e+02 5.005600000000000364e+03
3.900000000000000000e+02 5.005699999999999818e+03
6.380000000000000000e+02 5.018600000000000364e+03
7.800000000000000000e+01 5.023250000000000000e+03
2.620000000000000000e+02 5.031699999999999818e+03
1.420000000000000000e+02 5.038500000000000000e+03
4.620000000000000000e+02 5.039500000000000000e+03
3.000000000000000000e+01 5.088000000000000000e+03
6.700000000000000000e+02 5.088250000000000000e+03
1.180000000000000000e+02 5.090500000000000000e+03
3.740000000000000000e+02 5.096500000000000000e+03
6.940000000000000000e+02 5.098850000000000364e+03
1.820000000000000000e+02 5.108850000000000364e+03
4.940000000000000000e+02 5.121550000000000182e+03
6.060000000000000000e+02 5.124400000000000546e+03
4.460000000000000000e+02 5.166699999999999818e+03
4.780000000000000000e+02 5.184250000000000000e+03
6.220000000000000000e+02 5.196400000000000546e+03
3.180000000000000000e+02 5.197449999999999818e+03
7.820000000000000000e+02 5.214300000000000182e+03
7.500000000000000000e+02 5.215000000000000000e+03
6.780000000000000000e+02 5.302250000000000000e+03
3.740000000000000000e+02 5.304050000000000182e+03
7.800000000000000000e+01 5.310199999999999818e+03
7.740000000000000000e+02 5.350350000000000364e+03
5.340000000000000000e+02 5.401100000000000364e+03
6.060000000000000000e+02 5.461000000000000000e+03
1.400000000000000000e+01 5.532900000000000546e+03
1.820000000000000000e+02 5.600550000000000182e+03
6.380000000000000000e+02 5.607050000000000182e+03
7.340000000000000000e+02 5.613300000000000182e+03
6.220000000000000000e+02 5.624800000000000182e+03
7.580000000000000000e+02 5.626100000000000364e+03
5.900000000000000000e+02 5.634550000000000182e+03
7.980000000000000000e+02 5.636250000000000000e+03
3.800000000000000000e+01 5.637000000000000000e+03
7.820000000000000000e+02 5.636949999999999818e+03
2.940000000000000000e+02 5.664150000000000546e+03
2.220000000000000000e+02 5.744449999999999818e+03
6.380000000000000000e+02 5.788250000000000000e+03
3.000000000000000000e+01 5.807750000000000000e+03
7.580000000000000000e+02 5.816150000000000546e+03
1.420000000000000000e+02 5.846850000000000364e+03
2.940000000000000000e+02 5.906650000000000546e+03
4.300000000000000000e+02 5.947050000000000182e+03
7.750000000000000000e+02 1.041500000000000057e+02
6.300000000000000000e+01 1.099500000000000028e+02
2.150000000000000000e+02 1.135000000000000000e+02
6.710000000000000000e+02 1.150499999999999972e+02
2.390000000000000000e+02 1.168500000000000085e+02
1.270000000000000000e+02 1.307500000000000000e+02
4.390000000000000000e+02 1.360500000000000114e+02
1.990000000000000000e+02 1.400999999999999943e+02
5.190000000000000000e+02 2.005500000000000114e+02
6.630000000000000000e+02 2.335000000000000000e+02
3.830000000000000000e+02 2.445500000000000114e+02
5.910000000000000000e+02 2.534000000000000057e+02
5.430000000000000000e+02 2.706000000000000227e+02
6.950000000000000000e+02 2.736500000000000341e+02
4.700000000000000000e+01 3.210000000000000000e+02
6.150000000000000000e+02 3.302500000000000000e+02
6.390000000000000000e+02 3.434499999999999886e+02
4.550000000000000000e+02 3.730000000000000000e+02
3.270000000000000000e+02 4.078000000000000114e+02
3.110000000000000000e+02 4.310500000000000114e+02
7.670000000000000000e+02 4.336999999999999886e+02
7.590000000000000000e+02 4.626000000000000227e+02
7.750000000000000000e+02 4.805500000000000114e+02
3.190000000000000000e+02 5.023000000000000114e+02
6.710000000000000000e+02 6.242500000000000000e+02
3.100000000000000000e+01 6.385500000000000682e+02
2.470000000000000000e+02 6.688500000000000227e+02
2.390000000000000000e+02 6.870000000000000000e+02
5.190000000000000000e+02 7.138999999999999773e+02
7.270000000000000000e+02 7.895500000000000682e+02
7.510000000000000000e+02 7.964500000000000455e+02
7.750000000000000000e+02 8.073999999999999773e+02
4.870000000000000000e+02 8.373500000000000227e+02
1.430000000000000000e+02 8.435500000000000682e+02
1.190000000000000000e+02 8.455500000000000682e+02
1.830000000000000000e+02 8.518000000000000682e+02
4.870000000000000000e+02 8.631000000000000227e+02
3.430000000000000000e+02 8.889500000000000455e+02
1.500000000000000000e+01 9.108999999999999773e+02
7.030000000000000000e+02 9.272000000000000455e+02
2.070000000000000000e+02 9.333500000000000227e+02
6.950000000000000000e+02 9.533500000000000227e+02
5.030000000000000000e+02 9.673000000000000682e+02
1.030000000000000000e+02 9.857500000000000000e+02
3.350000000000000000e+02 1.049049999999999955e+03
7.830000000000000000e+02 1.067950000000000045e+03
7.030000000000000000e+02 1.068650000000000091e+03
1.750000000000000000e+02 1.074000000000000000e+03
6.550000000000000000e+02 1.088900000000000091e+03
6.390000000000000000e+02 1.117600000000000136e+03
4.070000000000000000e+02 1.121299999999999955e+03
7.910000000000000000e+02 1.130750000000000000e+03
5.830000000000000000e+02 1.131200000000000045e+03
6.710000000000000000e+02 1.156650000000000091e+03
7.750000000000000000e+02 1.173450000000000045e+03
2.310000000000000000e+02 1.200400000000000091e+03
3.430000000000000000e+02 1.234650000000000091e+03
2.230000000000000000e+02 1.238450000000000045e+03
9.500000000000000000e+01 1.239000000000000000e+03
5.500000000000000000e+01 1.264799999999999955e+03
3.510000000000000000e+02 1.265100000000000136e+03
6.070000000000000000e+02 1.289750000000000000e+03
5.270000000000000000e+02 1.299400000000000091e+03
1.030000000000000000e+02 1.308900000000000091e+03
7.350000000000000000e+02 1.313000000000000000e+03
2.070000000000000000e+02 1.319200000000000045e+03
4.390000000000000000e+02 1.321049999999999955e+03
7.110000000000000000e+02 1.323450000000000045e+03
4.950000000000000000e+02 1.331950000000000045e+03
5.030000000000000000e+02 1.355549999999999955e+03
7.590000000000000000e+02 1.355600000000000136e+03
5.270000000000000000e+02 1.358950000000000045e+03
2.310000000000000000e+02 1.367000000000000000e+03
4.070000000000000000e+02 1.379950000000000045e+03
4.310000000000000000e+02 1.419850000000000136e+03
6.310000000000000000e+02 1.446299999999999955e+03
6.870000000000000000e+02 1.449150000000000091e+03
1.430000000000000000e+02 1.484400000000000091e+03
4.630000000000000000e+02 1.510299999999999955e+03
2.710000000000000000e+02 1.511450000000000045e+03
1.190000000000000000e+02 1.522799999999999955e+03
6.950000000000000000e+02 1.524450000000000045e+03
3.670000000000000000e+02 1.533549999999999955e+03
7.830000000000000000e+02 1.553049999999999955e+03
1.030000000000000000e+02 1.586100000000000136e+03
6.230000000000000000e+02 1.599700000000000045e+03
7.270000000000000000e+02 1.610250000000000000e+03
2.070000000000000000e+02 1.646350000000000136e+03
1.110000000000000000e+02 1.658150000000000091e+03
5.030000000000000000e+02 1.660350000000000136e+03
1.510000000000000000e+02 1.674250000000000000e+03
3.910000000000000000e+02 1.753450000000000045e+03
7.350000000000000000e+02 1.793950000000000045e+03
4.070000000000000000e+02 1.826299999999999955e+03
7.350000000000000000e+02 1.830100000000000136e+03
5.500000000000000000e+01 1.834450000000000045e+03
7.110000000000000000e+02 1.840700000000000045e+03
7.670000000000000000e+02 1.842650000000000091e+03
7.270000000000000000e+02 1.896150000000000091e+03
2.070000000000000000e+02 1.901100000000000136e+03
7.910000000000000000e+02 1.912500000000000000e+03
5.110000000000000000e+02 1.921950000000000045e+03
2.230000000000000000e+02 1.948200000000000045e+03
7.900000000000000000e+01 2.027200000000000045e+03
7.350000000000000000e+02 2.064949999999999818e+03
5.910000000000000000e+02 2.067800000000000182e+03
3.830000000000000000e+02 2.074849999999999909e+03
7.990000000000000000e+02 2.109849999999999909e+03
5.990000000000000000e+02 2.111199999999999818e+03
3.590000000000000000e+02 2.118400000000000091e+03
7.100000000000000000e+01 2.123800000000000182e+03
4.230000000000000000e+02 2.134650000000000091e+03
8.700000000000000000e+01 2.135599999999999909e+03
6.550000000000000000e+02 2.142650000000000091e+03
7.100000000000000000e+01 2.149300000000000182e+03
7.900000000000000000e+01 2.172750000000000000e+03
1.030000000000000000e+02 2.184449999999999818e+03
2.300000000000000000e+01 2.252050000000000182e+03
7.430000000000000000e+02 2.272800000000000182e+03
2.630000000000000000e+02 2.302800000000000182e+03
6.070000000000000000e+02 2.330599999999999909e+03
4.630000000000000000e+02 2.332950000000000273e+03
5.110000000000000000e+02 2.335800000000000182e+03
7.110000000000000000e+02 2.372849999999999909e+03
6.470000000000000000e+02 2.382000000000000000e+03
2.310000000000000000e+02 2.400400000000000091e+03
3.990000000000000000e+02 2.406300000000000182e+03
3.900000000000000000e+01 2.408000000000000000e+03
4.150000000000000000e+02 2.419750000000000000e+03
5.270000000000000000e+02 2.429550000000000182e+03
2.870000000000000000e+02 2.467750000000000000e+03
3.110000000000000000e+02 2.516550000000000182e+03
2.710000000000000000e+02 2.533450000000000273e+03
2.870000000000000000e+02 2.559550000000000182e+03
6.790000000000000000e+02 2.565050000000000182e+03
6.470000000000000000e+02 2.618099999999999909e+03
5.190000000000000000e+02 2.632500000000000000e+03
3.830000000000000000e+02 2.684750000000000000e+03
1.430000000000000000e+02 2.721099999999999909e+03
3.590000000000000000e+02 2.753250000000000000e+03
3.900000000000000000e+01 2.778599999999999909e+03
5.270000000000000000e+02 2.789050000000000182e+03
3.510000000000000000e+02 2.791200000000000273e+03
7.910000000000000000e+02 2.824500000000000000e+03
7.430000000000000000e+02 2.861650000000000091e+03
2.710000000000000000e+02 2.878900000000000091e+03
7.990000000000000000e+02 2.882950000000000273e+03
1.500000000000000000e+01 2.883250000000000000e+03
6.150000000000000000e+02 2.885000000000000000e+03
1.830000000000000000e+02 2.908099999999999909e+03
4.870000000000000000e+02 2.925050000000000182e+03
6.950000000000000000e+02 2.982349999999999909e+03
6.230000000000000000e+02 2.996500000000000000e+03
3.100000000000000000e+01 2.997550000000000182e+03
1.350000000000000000e+02 3.001099999999999909e+03
3.030000000000000000e+02 3.004700000000000273e+03
1.670000000000000000e+02 3.005800000000000182e+03
6.790000000000000000e+02 3.007250000000000000e+03
4.950000000000000000e+02 3.007900000000000091e+03
3.900000000000000000e+01 3.007950000000000273e+03
4.790000000000000000e+02 3.008400000000000091e+03
7.030000000000000000e+02 3.009250000000000000e+03
2.550000000000000000e+02 3.009550000000000182e+03
1.750000000000000000e+02 3.009700000000000273e+03
7.000000000000000000e+00 3.010000000000000000e+03
2.070000000000000000e+02 3.009950000000000273e+03
2.310000000000000000e+02 3.010150000000000091e+03
3.750000000000000000e+02 3.010250000000000000e+03
7.510000000000000000e+02 3.010450000000000273e+03
7.590000000000000000e+02 3.010500000000000000e+03
3.110000000000000000e+02 3.010800000000000182e+03
5.670000000000000000e+02 3.010800000000000182e+03
5.500000000000000000e+01 3.011000000000000000e+03
7.750000000000000000e+02 3.011099999999999909e+03
2.150000000000000000e+02 3.011300000000000182e+03
7.270000000000000000e+02 3.011400000000000091e+03
6.950000000000000000e+02 3.011550000000000182e+03
3.830000000000000000e+02 3.012200000000000273e+03
4.470000000000000000e+02 3.012150000000000091e+03
5.270000000000000000e+02 3.012200000000000273e+03
2.230000000000000000e+02 3.012950000000000273e+03
5.110000000000000000e+02 3.013000000000000000e+03
7.430000000000000000e+02 3.013500000000000000e+03
6.310000000000000000e+02 3.014550000000000182e+03
7.900000000000000000e+01 3.015050000000000182e+03
3.430000000000000000e+02 3.015500000000000000e+03
6.630000000000000000e+02 3.015599999999999909e+03
6.300000000000000000e+01 3.016500000000000000e+03
2.300000000000000000e+01 3.018300000000000182e+03
3.270000000000000000e+02 3.018599999999999909e+03
2.390000000000000000e+02 3.018650000000000091e+03
5.030000000000000000e+02 3.018700000000000273e+03
3.510000000000000000e+02 3.018750000000000000e+03
5.750000000000000000e+02 3.018750000000000000e+03
3.190000000000000000e+02 3.019000000000000000e+03
6.390000000000000000e+02 3.019200000000000273e+03
5.510000000000000000e+02 3.019450000000000273e+03
6.470000000000000000e+02 3.019550000000000182e+03
7.990000000000000000e+02 3.019599999999999909e+03
2.550000000000000000e+02 3.019650000000000091e+03
4.390000000000000000e+02 3.019650000000000091e+03
3.910000000000000000e+02 3.019750000000000000e+03
7.430000000000000000e+02 3.019849999999999909e+03
1.270000000000000000e+02 3.019950000000000273e+03
6.150000000000000000e+02 3.020000000000000000e+03
1.500000000000000000e+01 3.020200000000000273e+03
4.070000000000000000e+02 3.020150000000000091e+03
7.100000000000000000e+01 3.020400000000000091e+03
3.990000000000000000e+02 3.020550000000000182e+03
1.430000000000000000e+02 3.020800000000000182e+03
5.430000000000000000e+02 3.020800000000000182e+03
5.110000000000000000e+02 3.021000000000000000e+03
1.510000000000000000e+02 3.021099999999999909e+03
4.150000000000000000e+02 3.021050000000000182e+03
2.710000000000000000e+02 3.021800000000000182e+03
8.700000000000000000e+01 3.021950000000000273e+03
3.900000000000000000e+01 3.024849999999999909e+03
3.270000000000000000e+02 3.027000000000000000e+03
6.310000000000000000e+02 3.027750000000000000e+03
4.550000000000000000e+02 3.028000000000000000e+03
4.630000000000000000e+02 3.028150000000000091e+03
4.950000000000000000e+02 3.028200000000000273e+03
1.110000000000000000e+02 3.028300000000000182e+03
4.710000000000000000e+02 3.028550000000000182e+03
2.790000000000000000e+02 3.028650000000000091e+03
3.670000000000000000e+02 3.028700000000000273e+03
3.350000000000000000e+02 3.028900000000000091e+03
2.870000000000000000e+02 3.029200000000000273e+03
7.110000000000000000e+02 3.029200000000000273e+03
2.300000000000000000e+01 3.029349999999999909e+03
1.030000000000000000e+02 3.029349999999999909e+03
5.590000000000000000e+02 3.030200000000000273e+03
5.830000000000000000e+02 3.030200000000000273e+03
7.030000000000000000e+02 3.030400000000000091e+03
3.590000000000000000e+02 3.030550000000000182e+03
3.030000000000000000e+02 3.030700000000000273e+03
3.510000000000000000e+02 3.030700000000000273e+03
3.750000000000000000e+02 3.030800000000000182e+03
5.190000000000000000e+02 3.030950000000000273e+03
5.270000000000000000e+02 3.030950000000000273e+03
1.830000000000000000e+02 3.031050000000000182e+03
1.270000000000000000e+02 3.031300000000000182e+03
7.510000000000000000e+02 3.031300000000000182e+03
7.990000000000000000e+02 3.031349999999999909e+03
6.300000000000000000e+01 3.031550000000000182e+03
1.910000000000000000e+02 3.031599999999999909e+03
6.870000000000000000e+02 3.031700000000000273e+03
3.100000000000000000e+01 3.032400000000000091e+03
6.950000000000000000e+02 3.037150000000000091e+03
7.100000000000000000e+01 3.038200000000000273e+03
6.070000000000000000e+02 3.038599999999999909e+03
1.430000000000000000e+02 3.039250000000000000e+03
1.910000000000000000e+02 3.039300000000000182e+03
4.070000000000000000e+02 3.039900000000000091e+03
6.310000000000000000e+02 3.040000000000000000e+03
1.110000000000000000e+02 3.040200000000000273e+03
1.500000000000000000e+01 3.040450000000000273e+03
3.190000000000000000e+02 3.040700000000000273e+03
2.070000000000000000e+02 3.040849999999999909e+03
7.750000000000000000e+02 3.041349999999999909e+03
1.990000000000000000e+02 3.041500000000000000e+03
5.500000000000000000e+01 3.041750000000000000e+03
1.190000000000000000e+02 3.041849999999999909e+03
6.710000000000000000e+02 3.041900000000000091e+03
6.630000000000000000e+02 3.041950000000000273e+03
2.470000000000000000e+02 3.042349999999999909e+03
3.430000000000000000e+02 3.042450000000000273e+03
3.110000000000000000e+02 3.043550000000000182e+03
2.710000000000000000e+02 3.044900000000000091e+03
6.150000000000000000e+02 3.045900000000000091e+03
2.630000000000000000e+02 3.046950000000000273e+03
5.990000000000000000e+02 3.047550000000000182e+03
5.030000000000000000e+02 3.048950000000000273e+03
7.990000000000000000e+02 3.049150000000000091e+03
3.830000000000000000e+02 3.049400000000000091e+03
6.950000000000000000e+02 3.049400000000000091e+03
3.750000000000000000e+02 3.049650000000000091e+03
1.030000000000000000e+02 3.049950000000000273e+03
7.590000000000000000e+02 3.050200000000000273e+03
6.550000000000000000e+02 3.050500000000000000e+03
6.870000000000000000e+02 3.050450000000000273e+03
6.230000000000000000e+02 3.050650000000000091e+03
2.310000000000000000e+02 3.050849999999999909e+03
9.500000000000000000e+01 3.050950000000000273e+03
3.350000000000000000e+02 3.050950000000000273e+03
6.790000000000000000e+02 3.050950000000000273e+03
7.510000000000000000e+02 3.050950000000000273e+03
4.470000000000000000e+02 3.051050000000000182e+03
5.670000000000000000e+02 3.051200000000000273e+03
7.350000000000000000e+02 3.051400000000000091e+03
3.030000000000000000e+02 3.051450000000000273e+03
4.150000000000000000e+02 3.051500000000000000e+03
4.950000000000000000e+02 3.051599999999999909e+03
5.590000000000000000e+02 3.051599999999999909e+03
1.750000000000000000e+02 3.051750000000000000e+03
4.310000000000000000e+02 3.051800000000000182e+03
2.150000000000000000e+02 3.051849999999999909e+03
2.550000000000000000e+02 3.052200000000000273e+03
1.270000000000000000e+02 3.052400000000000091e+03
4.710000000000000000e+02 3.052450000000000273e+03
2.390000000000000000e+02 3.052599999999999909e+03
3.110000000000000000e+02 3.052599999999999909e+03
1.190000000000000000e+02 3.053000000000000000e+03
7.830000000000000000e+02 3.059150000000000091e+03
1.510000000000000000e+02 3.060550000000000182e+03
5.990000000000000000e+02 3.060599999999999909e+03
4.790000000000000000e+02 3.060650000000000091e+03
3.510000000000000000e+02 3.060750000000000000e+03
3.190000000000000000e+02 3.061200000000000273e+03
7.900000000000000000e+01 3.061400000000000091e+03
5.110000000000000000e+02 3.061450000000000273e+03
2.230000000000000000e+02 3.061700000000000273e+03
4.550000000000000000e+02 3.061849999999999909e+03
7.670000000000000000e+02 3.061849999999999909e+03
5.510000000000000000e+02 3.061950000000000273e+03
7.190000000000000000e+02 3.062200000000000273e+03
7.430000000000000000e+02 3.062300000000000182e+03
2.550000000000000000e+02 3.062700000000000273e+03
2.150000000000000000e+02 3.062800000000000182e+03
2.390000000000000000e+02 3.063500000000000000e+03
6.230000000000000000e+02 3.063450000000000273e+03
6.390000000000000000e+02 3.063500000000000000e+03
7.750000000000000000e+02 3.063450000000000273e+03
2.070000000000000000e+02 3.064000000000000000e+03
6.870000000000000000e+02 3.064400000000000091e+03
1.190000000000000000e+02 3.065250000000000000e+03
2.300000000000000000e+01 3.066150000000000091e+03
1.430000000000000000e+02 3.069200000000000273e+03
6.950000000000000000e+02 3.069400000000000091e+03
4.630000000000000000e+02 3.070900000000000091e+03
2.790000000000000000e+02 3.071700000000000273e+03
6.300000000000000000e+01 3.071900000000000091e+03
1.110000000000000000e+02 3.072349999999999909e+03
6.710000000000000000e+02 3.072550000000000182e+03
3.100000000000000000e+01 3.072700000000000273e+03
1.590000000000000000e+02 3.072650000000000091e+03
7.000000000000000000e+00 3.073099999999999909e+03
3.430000000000000000e+02 3.073400000000000091e+03
5.350000000000000000e+02 3.073950000000000273e+03
5.500000000000000000e+01 3.074200000000000273e+03
6.470000000000000000e+02 3.074200000000000273e+03
2.870000000000000000e+02 3.074500000000000000e+03
7.430000000000000000e+02 3.074700000000000273e+03
7.270000000000000000e+02 3.075250000000000000e+03
3.030000000000000000e+02 3.075450000000000273e+03
7.350000000000000000e+02 3.077300000000000182e+03
2.300000000000000000e+01 3.077849999999999909e+03
1.750000000000000000e+02 3.078000000000000000e+03
5.750000000000000000e+02 3.081000000000000000e+03
7.100000000000000000e+01 3.081900000000000091e+03
5.270000000000000000e+02 3.083099999999999909e+03
4.700000000000000000e+01 3.083150000000000091e+03
5.510000000000000000e+02 3.083200000000000273e+03
6.550000000000000000e+02 3.083300000000000182e+03
2.870000000000000000e+02 3.083450000000000273e+03
7.990000000000000000e+02 3.083500000000000000e+03
2.310000000000000000e+02 3.083550000000000182e+03
1.270000000000000000e+02 3.083700000000000273e+03
4.790000000000000000e+02 3.083800000000000182e+03
3.270000000000000000e+02 3.083900000000000091e+03
2.790000000000000000e+02 3.084000000000000000e+03
8.700000000000000000e+01 3.084150000000000091e+03
4.390000000000000000e+02 3.084150000000000091e+03
7.510000000000000000e+02 3.084400000000000091e+03
2.950000000000000000e+02 3.084599999999999909e+03
6.870000000000000000e+02 3.084599999999999909e+03
7.910000000000000000e+02 3.084650000000000091e+03
5.190000000000000000e+02 3.084849999999999909e+03
7.110000000000000000e+02 3.084900000000000091e+03
3.990000000000000000e+02 3.088950000000000273e+03
7.830000000000000000e+02 3.091950000000000273e+03
7.030000000000000000e+02 3.092400000000000091e+03
3.670000000000000000e+02 3.093950000000000273e+03
6.390000000000000000e+02 3.094349999999999909e+03
5.910000000000000000e+02 3.094450000000000273e+03
6.470000000000000000e+02 3.094500000000000000e+03
3.830000000000000000e+02 3.095250000000000000e+03
4.550000000000000000e+02 3.095500000000000000e+03
7.270000000000000000e+02 3.095450000000000273e+03
6.230000000000000000e+02 3.096150000000000091e+03
1.910000000000000000e+02 3.096849999999999909e+03
3.270000000000000000e+02 3.097000000000000000e+03
1.830000000000000000e+02 3.097650000000000091e+03
5.510000000000000000e+02 3.100849999999999909e+03
6.710000000000000000e+02 3.101250000000000000e+03
6.300000000000000000e+01 3.101700000000000273e+03
3.750000000000000000e+02 3.102849999999999909e+03
1.350000000000000000e+02 3.103250000000000000e+03
2.550000000000000000e+02 3.104400000000000091e+03
7.900000000000000000e+01 3.104500000000000000e+03
6.230000000000000000e+02 3.104700000000000273e+03
6.310000000000000000e+02 3.105650000000000091e+03
2.710000000000000000e+02 3.105900000000000091e+03
4.470000000000000000e+02 3.105950000000000273e+03
6.870000000000000000e+02 3.106650000000000091e+03
7.030000000000000000e+02 3.106849999999999909e+03
1.670000000000000000e+02 3.107900000000000091e+03
2.630000000000000000e+02 3.108050000000000182e+03
7.830000000000000000e+02 3.108050000000000182e+03
4.870000000000000000e+02 3.108700000000000273e+03
5.430000000000000000e+02 3.108950000000000273e+03
3.190000000000000000e+02 3.109650000000000091e+03
4.710000000000000000e+02 3.110250000000000000e+03
2.310000000000000000e+02 3.110349999999999909e+03
3.110000000000000000e+02 3.114099999999999909e+03
4.070000000000000000e+02 3.114150000000000091e+03
4.630000000000000000e+02 3.115500000000000000e+03
7.430000000000000000e+02 3.116150000000000091e+03
5.590000000000000000e+02 3.116550000000000182e+03
7.990000000000000000e+02 3.116599999999999909e+03
5.190000000000000000e+02 3.117300000000000182e+03
3.350000000000000000e+02 3.117400000000000091e+03
5.750000000000000000e+02 3.117450000000000273e+03
6.070000000000000000e+02 3.117500000000000000e+03
6.150000000000000000e+02 3.117750000000000000e+03
7.510000000000000000e+02 3.117900000000000091e+03
7.270000000000000000e+02 3.118400000000000091e+03
1.350000000000000000e+02 3.118500000000000000e+03
5.110000000000000000e+02 3.118550000000000182e+03
2.230000000000000000e+02 3.122099999999999909e+03
5.030000000000000000e+02 3.125099999999999909e+03
2.470000000000000000e+02 3.126849999999999909e+03
3.910000000000000000e+02 3.127200000000000273e+03
2.300000000000000000e+01 3.127250000000000000e+03
3.750000000000000000e+02 3.127450000000000273e+03
5.670000000000000000e+02 3.127500000000000000e+03
5.510000000000000000e+02 3.127599999999999909e+03
3.030000000000000000e+02 3.127750000000000000e+03
3.430000000000000000e+02 3.127900000000000091e+03
4.150000000000000000e+02 3.128099999999999909e+03
4.790000000000000000e+02 3.128099999999999909e+03
6.630000000000000000e+02 3.128050000000000182e+03
1.830000000000000000e+02 3.128150000000000091e+03
3.590000000000000000e+02 3.136099999999999909e+03
1.910000000000000000e+02 3.136300000000000182e+03
3.190000000000000000e+02 3.136750000000000000e+03
6.300000000000000000e+01 3.136950000000000273e+03
5.990000000000000000e+02 3.137099999999999909e+03
1.270000000000000000e+02 3.137250000000000000e+03
2.470000000000000000e+02 3.137400000000000091e+03
4.700000000000000000e+01 3.138250000000000000e+03
3.270000000000000000e+02 3.138550000000000182e+03
2.310000000000000000e+02 3.139300000000000182e+03
3.900000000000000000e+01 3.139700000000000273e+03
3.990000000000000000e+02 3.140150000000000091e+03
4.150000000000000000e+02 3.142400000000000091e+03
7.100000000000000000e+01 3.143849999999999909e+03
5.670000000000000000e+02 3.144050000000000182e+03
2.230000000000000000e+02 3.144200000000000273e+03
4.550000000000000000e+02 3.144599999999999909e+03
5.350000000000000000e+02 3.144700000000000273e+03
4.230000000000000000e+02 3.144849999999999909e+03
5.270000000000000000e+02 3.145450000000000273e+03
7.990000000000000000e+02 3.145650000000000091e+03
7.000000000000000000e+00 3.146000000000000000e+03
6.070000000000000000e+02 3.147500000000000000e+03
5.910000000000000000e+02 3.149950000000000273e+03
6.710000000000000000e+02 3.150750000000000000e+03
4.630000000000000000e+02 3.151300000000000182e+03
2.790000000000000000e+02 3.152099999999999909e+03
6.230000000000000000e+02 3.152200000000000273e+03
5.030000000000000000e+02 3.152650000000000091e+03
7.510000000000000000e+02 3.152650000000000091e+03
7.430000000000000000e+02 3.152750000000000000e+03
1.270000000000000000e+02 3.153000000000000000e+03
2.150000000000000000e+02 3.153349999999999909e+03
2.550000000000000000e+02 3.154349999999999909e+03
3.830000000000000000e+02 3.154550000000000182e+03
4.790000000000000000e+02 3.154650000000000091e+03
1.910000000000000000e+02 3.160200000000000273e+03
5.430000000000000000e+02 3.161000000000000000e+03
4.310000000000000000e+02 3.161599999999999909e+03
1.430000000000000000e+02 3.161800000000000182e+03
3.100000000000000000e+01 3.161950000000000273e+03
6.310000000000000000e+02 3.162349999999999909e+03
1.190000000000000000e+02 3.163050000000000182e+03
2.950000000000000000e+02 3.163050000000000182e+03
6.790000000000000000e+02 3.163250000000000000e+03
5.750000000000000000e+02 3.163400000000000091e+03
2.470000000000000000e+02 3.163750000000000000e+03
5.590000000000000000e+02 3.163950000000000273e+03
7.830000000000000000e+02 3.164000000000000000e+03
6.870000000000000000e+02 3.164050000000000182e+03
4.790000000000000000e+02 3.164700000000000273e+03
4.390000000000000000e+02 3.164900000000000091e+03
7.430000000000000000e+02 3.165099999999999909e+03
6.550000000000000000e+02 3.167500000000000000e+03
2.710000000000000000e+02 3.168650000000000091e+03
1.750000000000000000e+02 3.172300000000000182e+03
2.390000000000000000e+02 3.173300000000000182e+03
3.900000000000000000e+01 3.173950000000000273e+03
7.190000000000000000e+02 3.174700000000000273e+03
3.670000000000000000e+02 3.175000000000000000e+03
7.030000000000000000e+02 3.175599999999999909e+03
1.030000000000000000e+02 3.179300000000000182e+03
4.550000000000000000e+02 3.180450000000000273e+03
7.910000000000000000e+02 3.180950000000000273e+03
7.510000000000000000e+02 3.181400000000000091e+03
5.670000000000000000e+02 3.181650000000000091e+03
5.910000000000000000e+02 3.182050000000000182e+03
5.110000000000000000e+02 3.182550000000000182e+03
7.990000000000000000e+02 3.183050000000000182e+03
2.070000000000000000e+02 3.183300000000000182e+03
7.110000000000000000e+02 3.183250000000000000e+03
3.910000000000000000e+02 3.183800000000000182e+03
4.390000000000000000e+02 3.184000000000000000e+03
6.070000000000000000e+02 3.185050000000000182e+03
6.230000000000000000e+02 3.191000000000000000e+03
1.510000000000000000e+02 3.191250000000000000e+03
4.700000000000000000e+01 3.191500000000000000e+03
7.750000000000000000e+02 3.192200000000000273e+03
2.790000000000000000e+02 3.192300000000000182e+03
7.100000000000000000e+01 3.192650000000000091e+03
8.700000000000000000e+01 3.192800000000000182e+03
4.150000000000000000e+02 3.192849999999999909e+03
9.500000000000000000e+01 3.193000000000000000e+03
6.300000000000000000e+01 3.193150000000000091e+03
2.550000000000000000e+02 3.193250000000000000e+03
4.870000000000000000e+02 3.193500000000000000e+03
7.430000000000000000e+02 3.193450000000000273e+03
3.510000000000000000e+02 3.193900000000000091e+03
6.550000000000000000e+02 3.195099999999999909e+03
5.830000000000000000e+02 3.195250000000000000e+03
4.470000000000000000e+02 3.195750000000000000e+03
7.670000000000000000e+02 3.196150000000000091e+03
5.270000000000000000e+02 3.197750000000000000e+03
2.070000000000000000e+02 3.198500000000000000e+03
5.190000000000000000e+02 3.198450000000000273e+03
6.470000000000000000e+02 3.198800000000000182e+03
5.990000000000000000e+02 3.200150000000000091e+03
3.350000000000000000e+02 3.201349999999999909e+03
3.830000000000000000e+02 3.201450000000000273e+03
5.430000000000000000e+02 3.201599999999999909e+03
5.510000000000000000e+02 3.202000000000000000e+03
4.230000000000000000e+02 3.202599999999999909e+03
1.590000000000000000e+02 3.203900000000000091e+03
5.270000000000000000e+02 3.205950000000000273e+03
2.300000000000000000e+01 3.206099999999999909e+03
1.830000000000000000e+02 3.206150000000000091e+03
4.790000000000000000e+02 3.206550000000000182e+03
1.190000000000000000e+02 3.207800000000000182e+03
5.830000000000000000e+02 3.208200000000000273e+03
3.030000000000000000e+02 3.208300000000000182e+03
4.070000000000000000e+02 3.208300000000000182e+03
3.900000000000000000e+01 3.208900000000000091e+03
6.390000000000000000e+02 3.208849999999999909e+03
7.830000000000000000e+02 3.210300000000000182e+03
8.700000000000000000e+01 3.210599999999999909e+03
4.710000000000000000e+02 3.211050000000000182e+03
6.300000000000000000e+01 3.212000000000000000e+03
5.190000000000000000e+02 3.212349999999999909e+03
9.500000000000000000e+01 3.216150000000000091e+03
6.230000000000000000e+02 3.216400000000000091e+03
4.700000000000000000e+01 3.217099999999999909e+03
6.310000000000000000e+02 3.217099999999999909e+03
5.510000000000000000e+02 3.219050000000000182e+03
3.100000000000000000e+01 3.219349999999999909e+03
6.950000000000000000e+02 3.219349999999999909e+03
3.350000000000000000e+02 3.219599999999999909e+03
2.150000000000000000e+02 3.220200000000000273e+03
1.500000000000000000e+01 3.220849999999999909e+03
1.430000000000000000e+02 3.222000000000000000e+03
4.310000000000000000e+02 3.223250000000000000e+03
2.390000000000000000e+02 3.223349999999999909e+03
1.830000000000000000e+02 3.223950000000000273e+03
1.750000000000000000e+02 3.226250000000000000e+03
2.630000000000000000e+02 3.226800000000000182e+03
2.550000000000000000e+02 3.226950000000000273e+03
1.030000000000000000e+02 3.227900000000000091e+03
2.310000000000000000e+02 3.228050000000000182e+03
4.710000000000000000e+02 3.228250000000000000e+03
3.190000000000000000e+02 3.228599999999999909e+03
5.110000000000000000e+02 3.229700000000000273e+03
6.710000000000000000e+02 3.229800000000000182e+03
4.150000000000000000e+02 3.229900000000000091e+03
2.950000000000000000e+02 3.230400000000000091e+03
5.670000000000000000e+02 3.230349999999999909e+03
4.390000000000000000e+02 3.230700000000000273e+03
5.910000000000000000e+02 3.231200000000000273e+03
3.110000000000000000e+02 3.231450000000000273e+03
5.270000000000000000e+02 3.231650000000000091e+03
3.670000000000000000e+02 3.231800000000000182e+03
7.100000000000000000e+01 3.234200000000000273e+03
7.590000000000000000e+02 3.235349999999999909e+03
1.990000000000000000e+02 3.236150000000000091e+03
3.350000000000000000e+02 3.236250000000000000e+03
7.750000000000000000e+02 3.236750000000000000e+03
7.670000000000000000e+02 3.237000000000000000e+03
2.300000000000000000e+01 3.238300000000000182e+03
4.790000000000000000e+02 3.238550000000000182e+03
4.310000000000000000e+02 3.238700000000000273e+03
5.350000000000000000e+02 3.239050000000000182e+03
7.830000000000000000e+02 3.239050000000000182e+03
1.590000000000000000e+02 3.239300000000000182e+03
3.590000000000000000e+02 3.239400000000000091e+03
7.900000000000000000e+01 3.240000000000000000e+03
3.430000000000000000e+02 3.243050000000000182e+03
5.750000000000000000e+02 3.243750000000000000e+03
2.310000000000000000e+02 3.243849999999999909e+03
7.910000000000000000e+02 3.244750000000000000e+03
3.750000000000000000e+02 3.244849999999999909e+03
7.350000000000000000e+02 3.245300000000000182e+03
4.390000000000000000e+02 3.246099999999999909e+03
1.430000000000000000e+02 3.248000000000000000e+03
4.710000000000000000e+02 3.248099999999999909e+03
4.630000000000000000e+02 3.248950000000000273e+03
4.470000000000000000e+02 3.250300000000000182e+03
4.230000000000000000e+02 3.252150000000000091e+03
4.150000000000000000e+02 3.252750000000000000e+03
6.630000000000000000e+02 3.254450000000000273e+03
7.910000000000000000e+02 3.255250000000000000e+03
7.110000000000000000e+02 3.255599999999999909e+03
7.030000000000000000e+02 3.255849999999999909e+03
1.500000000000000000e+01 3.256099999999999909e+03
7.000000000000000000e+00 3.256500000000000000e+03
5.590000000000000000e+02 3.259349999999999909e+03
3.190000000000000000e+02 3.259500000000000000e+03
7.590000000000000000e+02 3.262700000000000273e+03
5.990000000000000000e+02 3.263800000000000182e+03
6.950000000000000000e+02 3.263900000000000091e+03
5.110000000000000000e+02 3.264599999999999909e+03
1.510000000000000000e+02 3.264650000000000091e+03
4.710000000000000000e+02 3.264800000000000182e+03
4.470000000000000000e+02 3.265599999999999909e+03
3.910000000000000000e+02 3.265700000000000273e+03
3.590000000000000000e+02 3.265900000000000091e+03
6.230000000000000000e+02 3.266099999999999909e+03
2.550000000000000000e+02 3.266150000000000091e+03
3.990000000000000000e+02 3.266550000000000182e+03
5.190000000000000000e+02 3.266650000000000091e+03
2.300000000000000000e+01 3.266750000000000000e+03
9.500000000000000000e+01 3.266900000000000091e+03
3.270000000000000000e+02 3.266900000000000091e+03
1.430000000000000000e+02 3.267000000000000000e+03
1.350000000000000000e+02 3.267200000000000273e+03
4.950000000000000000e+02 3.272200000000000273e+03
4.630000000000000000e+02 3.272700000000000273e+03
6.300000000000000000e+01 3.274900000000000091e+03
7.990000000000000000e+02 3.275000000000000000e+03
1.190000000000000000e+02 3.275099999999999909e+03
4.310000000000000000e+02 3.276000000000000000e+03
4.390000000000000000e+02 3.276099999999999909e+03
5.350000000000000000e+02 3.276150000000000091e+03
5.030000000000000000e+02 3.276550000000000182e+03
2.230000000000000000e+02 3.276800000000000182e+03
7.830000000000000000e+02 3.277300000000000182e+03
1.110000000000000000e+02 3.281099999999999909e+03
2.870000000000000000e+02 3.282800000000000182e+03
7.000000000000000000e+00 3.283000000000000000e+03
1.750000000000000000e+02 3.283349999999999909e+03
1.670000000000000000e+02 3.283550000000000182e+03
4.470000000000000000e+02 3.284300000000000182e+03
8.700000000000000000e+01 3.284349999999999909e+03
1.030000000000000000e+02 3.284650000000000091e+03
2.630000000000000000e+02 3.284800000000000182e+03
5.500000000000000000e+01 3.284849999999999909e+03
7.350000000000000000e+02 3.284900000000000091e+03
6.070000000000000000e+02 3.285150000000000091e+03
6.710000000000000000e+02 3.285200000000000273e+03
1.350000000000000000e+02 3.285250000000000000e+03
1.990000000000000000e+02 3.285400000000000091e+03
2.310000000000000000e+02 3.285349999999999909e+03
3.900000000000000000e+01 3.285800000000000182e+03
2.390000000000000000e+02 3.285800000000000182e+03
2.470000000000000000e+02 3.285800000000000182e+03
7.190000000000000000e+02 3.285750000000000000e+03
7.590000000000000000e+02 3.285800000000000182e+03
3.430000000000000000e+02 3.285900000000000091e+03
4.230000000000000000e+02 3.285900000000000091e+03
5.350000000000000000e+02 3.285900000000000091e+03
2.070000000000000000e+02 3.286000000000000000e+03
4.790000000000000000e+02 3.286000000000000000e+03
5.590000000000000000e+02 3.286050000000000182e+03
3.030000000000000000e+02 3.295150000000000091e+03
1.500000000000000000e+01 3.297200000000000273e+03
1.990000000000000000e+02 3.297700000000000273e+03
1.430000000000000000e+02 3.298150000000000091e+03
6.150000000000000000e+02 3.299099999999999909e+03
3.110000000000000000e+02 3.299349999999999909e+03
4.790000000000000000e+02 3.299550000000000182e+03
3.670000000000000000e+02 3.301349999999999909e+03
3.100000000000000000e+01 3.304450000000000273e+03
4.550000000000000000e+02 3.304599999999999909e+03
7.670000000000000000e+02 3.306750000000000000e+03
5.750000000000000000e+02 3.307200000000000273e+03
1.830000000000000000e+02 3.308000000000000000e+03
5.910000000000000000e+02 3.308599999999999909e+03
6.300000000000000000e+01 3.308849999999999909e+03
2.070000000000000000e+02 3.309000000000000000e+03
6.790000000000000000e+02 3.309099999999999909e+03
7.110000000000000000e+02 3.309300000000000182e+03
3.510000000000000000e+02 3.310700000000000273e+03
7.900000000000000000e+01 3.311300000000000182e+03
6.710000000000000000e+02 3.311900000000000091e+03
2.300000000000000000e+01 3.312300000000000182e+03
2.950000000000000000e+02 3.313250000000000000e+03
5.350000000000000000e+02 3.314800000000000182e+03
3.590000000000000000e+02 3.316849999999999909e+03
4.230000000000000000e+02 3.317650000000000091e+03
4.790000000000000000e+02 3.317650000000000091e+03
6.870000000000000000e+02 3.317750000000000000e+03
7.590000000000000000e+02 3.317950000000000273e+03
3.030000000000000000e+02 3.318250000000000000e+03
6.470000000000000000e+02 3.318500000000000000e+03
3.990000000000000000e+02 3.318599999999999909e+03
5.430000000000000000e+02 3.318800000000000182e+03
7.830000000000000000e+02 3.319250000000000000e+03
3.670000000000000000e+02 3.319800000000000182e+03
5.830000000000000000e+02 3.321150000000000091e+03
4.870000000000000000e+02 3.321849999999999909e+03
4.630000000000000000e+02 3.324500000000000000e+03
1.270000000000000000e+02 3.325650000000000091e+03
7.270000000000000000e+02 3.325900000000000091e+03
2.550000000000000000e+02 3.326200000000000273e+03
1.030000000000000000e+02 3.326700000000000273e+03
6.550000000000000000e+02 3.327400000000000091e+03
2.150000000000000000e+02 3.327650000000000091e+03
6.310000000000000000e+02 3.327750000000000000e+03
4.070000000000000000e+02 3.328200000000000273e+03
7.430000000000000000e+02 3.330950000000000273e+03
4.700000000000000000e+01 3.332700000000000273e+03
1.190000000000000000e+02 3.333500000000000000e+03
5.670000000000000000e+02 3.333450000000000273e+03
6.070000000000000000e+02 3.334500000000000000e+03
1.510000000000000000e+02 3.334599999999999909e+03
1.750000000000000000e+02 3.335200000000000273e+03
2.950000000000000000e+02 3.335150000000000091e+03
4.550000000000000000e+02 3.335550000000000182e+03
1.830000000000000000e+02 3.338300000000000182e+03
3.510000000000000000e+02 3.338750000000000000e+03
2.550000000000000000e+02 3.339000000000000000e+03
5.350000000000000000e+02 3.341250000000000000e+03
6.870000000000000000e+02 3.342000000000000000e+03
3.270000000000000000e+02 3.344300000000000182e+03
3.900000000000000000e+01 3.345400000000000091e+03
2.630000000000000000e+02 3.345500000000000000e+03
5.500000000000000000e+01 3.346450000000000273e+03
7.900000000000000000e+01 3.347500000000000000e+03
4.700000000000000000e+01 3.347750000000000000e+03
5.430000000000000000e+02 3.348300000000000182e+03
1.270000000000000000e+02 3.348750000000000000e+03
4.630000000000000000e+02 3.348750000000000000e+03
5.670000000000000000e+02 3.348900000000000091e+03
5.830000000000000000e+02 3.349450000000000273e+03
3.030000000000000000e+02 3.349550000000000182e+03
7.830000000000000000e+02 3.350150000000000091e+03
6.470000000000000000e+02 3.350500000000000000e+03
6.150000000000000000e+02 3.350950000000000273e+03
8.700000000000000000e+01 3.353700000000000273e+03
5.910000000000000000e+02 3.353650000000000091e+03
5.510000000000000000e+02 3.356900000000000091e+03
5.350000000000000000e+02 3.364800000000000182e+03
3.100000000000000000e+01 3.365250000000000000e+03
1.350000000000000000e+02 3.365450000000000273e+03
2.470000000000000000e+02 3.370349999999999909e+03
2.300000000000000000e+01 3.373099999999999909e+03
1.500000000000000000e+01 3.376050000000000182e+03
5.590000000000000000e+02 3.376450000000000273e+03
2.310000000000000000e+02 3.388050000000000182e+03
4.390000000000000000e+02 3.390500000000000000e+03
6.310000000000000000e+02 3.393349999999999909e+03
7.100000000000000000e+01 3.396400000000000091e+03
5.110000000000000000e+02 3.397800000000000182e+03
7.000000000000000000e+00 3.408099999999999909e+03
2.300000000000000000e+01 3.414349999999999909e+03
6.950000000000000000e+02 3.436000000000000000e+03
6.470000000000000000e+02 3.438849999999999909e+03
2.550000000000000000e+02 3.465150000000000091e+03
5.270000000000000000e+02 3.470150000000000091e+03
2.710000000000000000e+02 3.497599999999999909e+03
7.510000000000000000e+02 3.531849999999999909e+03
2.150000000000000000e+02 3.535550000000000182e+03
1.590000000000000000e+02 3.566400000000000091e+03
2.870000000000000000e+02 3.585000000000000000e+03
3.510000000000000000e+02 3.596450000000000273e+03
3.350000000000000000e+02 3.598550000000000182e+03
5.190000000000000000e+02 3.605650000000000091e+03
1.510000000000000000e+02 3.619849999999999909e+03
5.910000000000000000e+02 3.624900000000000091e+03
7.670000000000000000e+02 3.625349999999999909e+03
7.830000000000000000e+02 3.626000000000000000e+03
4.470000000000000000e+02 3.629400000000000091e+03
9.500000000000000000e+01 3.632000000000000000e+03
4.630000000000000000e+02 3.632800000000000182e+03
1.830000000000000000e+02 3.633650000000000091e+03
4.390000000000000000e+02 3.634050000000000182e+03
2.300000000000000000e+01 3.634650000000000091e+03
1.190000000000000000e+02 3.634700000000000273e+03
5.190000000000000000e+02 3.635400000000000091e+03
1.270000000000000000e+02 3.635900000000000091e+03
1.910000000000000000e+02 3.636000000000000000e+03
2.630000000000000000e+02 3.636300000000000182e+03
6.710000000000000000e+02 3.636300000000000182e+03
1.030000000000000000e+02 3.636400000000000091e+03
5.590000000000000000e+02 3.636450000000000273e+03
6.950000000000000000e+02 3.636450000000000273e+03
3.190000000000000000e+02 3.636750000000000000e+03
6.630000000000000000e+02 3.636800000000000182e+03
7.190000000000000000e+02 3.636750000000000000e+03
2.550000000000000000e+02 3.637000000000000000e+03
4.870000000000000000e+02 3.636950000000000273e+03
5.110000000000000000e+02 3.637000000000000000e+03
1.990000000000000000e+02 3.637250000000000000e+03
3.900000000000000000e+01 3.637349999999999909e+03
4.150000000000000000e+02 3.637400000000000091e+03
3.590000000000000000e+02 3.637450000000000273e+03
5.500000000000000000e+01 3.637550000000000182e+03
4.700000000000000000e+01 3.637700000000000273e+03
9.500000000000000000e+01 3.637700000000000273e+03
3.830000000000000000e+02 3.637700000000000273e+03
7.270000000000000000e+02 3.637650000000000091e+03
2.950000000000000000e+02 3.637750000000000000e+03
3.100000000000000000e+01 3.637900000000000091e+03
1.750000000000000000e+02 3.637849999999999909e+03
2.790000000000000000e+02 3.637900000000000091e+03
2.870000000000000000e+02 3.637849999999999909e+03
7.590000000000000000e+02 3.637900000000000091e+03
7.000000000000000000e+00 3.638000000000000000e+03
1.500000000000000000e+01 3.638000000000000000e+03
2.230000000000000000e+02 3.637950000000000273e+03
3.910000000000000000e+02 3.637950000000000273e+03
5.270000000000000000e+02 3.638000000000000000e+03
5.990000000000000000e+02 3.638000000000000000e+03
6.230000000000000000e+02 3.638000000000000000e+03
6.390000000000000000e+02 3.637950000000000273e+03
7.670000000000000000e+02 3.637950000000000273e+03
5.670000000000000000e+02 3.638099999999999909e+03
7.990000000000000000e+02 3.638050000000000182e+03
6.300000000000000000e+01 3.638150000000000091e+03
4.630000000000000000e+02 3.638150000000000091e+03
6.550000000000000000e+02 3.638150000000000091e+03
5.830000000000000000e+02 3.638300000000000182e+03
5.430000000000000000e+02 3.638400000000000091e+03
6.870000000000000000e+02 3.638349999999999909e+03
7.430000000000000000e+02 3.638400000000000091e+03
1.510000000000000000e+02 3.638500000000000000e+03
3.110000000000000000e+02 3.638450000000000273e+03
3.270000000000000000e+02 3.638500000000000000e+03
3.990000000000000000e+02 3.638500000000000000e+03
6.470000000000000000e+02 3.638500000000000000e+03
7.830000000000000000e+02 3.638450000000000273e+03
1.430000000000000000e+02 3.638550000000000182e+03
1.830000000000000000e+02 3.638550000000000182e+03
2.390000000000000000e+02 3.638550000000000182e+03
7.510000000000000000e+02 3.638599999999999909e+03
7.900000000000000000e+01 3.638700000000000273e+03
8.700000000000000000e+01 3.638650000000000091e+03
4.230000000000000000e+02 3.638800000000000182e+03
4.310000000000000000e+02 3.638800000000000182e+03
4.790000000000000000e+02 3.638750000000000000e+03
7.110000000000000000e+02 3.638750000000000000e+03
7.350000000000000000e+02 3.638750000000000000e+03
3.030000000000000000e+02 3.638900000000000091e+03
3.750000000000000000e+02 3.638849999999999909e+03
7.030000000000000000e+02 3.638849999999999909e+03
2.150000000000000000e+02 3.639000000000000000e+03
3.350000000000000000e+02 3.638950000000000273e+03
3.510000000000000000e+02 3.638950000000000273e+03
5.510000000000000000e+02 3.638950000000000273e+03
5.750000000000000000e+02 3.638950000000000273e+03
6.070000000000000000e+02 3.638950000000000273e+03
7.100000000000000000e+01 3.639099999999999909e+03
1.110000000000000000e+02 3.639050000000000182e+03
1.670000000000000000e+02 3.639050000000000182e+03
5.030000000000000000e+02 3.639099999999999909e+03
6.310000000000000000e+02 3.639050000000000182e+03
1.190000000000000000e+02 3.639150000000000091e+03
7.750000000000000000e+02 3.639150000000000091e+03
3.430000000000000000e+02 3.639250000000000000e+03
4.550000000000000000e+02 3.639349999999999909e+03
5.190000000000000000e+02 3.639349999999999909e+03
6.150000000000000000e+02 3.639349999999999909e+03
4.470000000000000000e+02 3.639500000000000000e+03
5.350000000000000000e+02 3.639450000000000273e+03
2.300000000000000000e+01 3.639599999999999909e+03
1.910000000000000000e+02 3.639550000000000182e+03
4.710000000000000000e+02 3.639550000000000182e+03
4.950000000000000000e+02 3.639700000000000273e+03
6.630000000000000000e+02 3.639650000000000091e+03
1.030000000000000000e+02 3.639800000000000182e+03
1.350000000000000000e+02 3.639800000000000182e+03
2.070000000000000000e+02 3.639800000000000182e+03
2.310000000000000000e+02 3.639800000000000182e+03
5.910000000000000000e+02 3.639800000000000182e+03
6.790000000000000000e+02 3.639750000000000000e+03
7.190000000000000000e+02 3.639800000000000182e+03
2.470000000000000000e+02 3.639950000000000273e+03
3.670000000000000000e+02 3.639950000000000273e+03
6.950000000000000000e+02 3.640050000000000182e+03
2.710000000000000000e+02 3.640349999999999909e+03
4.070000000000000000e+02 3.640599999999999909e+03
2.550000000000000000e+02 3.640750000000000000e+03
3.590000000000000000e+02 3.644099999999999909e+03
7.590000000000000000e+02 3.644599999999999909e+03
5.110000000000000000e+02 3.644800000000000182e+03
5.590000000000000000e+02 3.647300000000000182e+03
4.230000000000000000e+02 3.647349999999999909e+03
4.390000000000000000e+02 3.647599999999999909e+03
7.670000000000000000e+02 3.657349999999999909e+03
3.110000000000000000e+02 3.666700000000000273e+03
7.190000000000000000e+02 3.666849999999999909e+03
5.500000000000000000e+01 3.675750000000000000e+03
6.390000000000000000e+02 3.676349999999999909e+03
5.270000000000000000e+02 3.677099999999999909e+03
2.150000000000000000e+02 3.678800000000000182e+03
9.500000000000000000e+01 3.679800000000000182e+03
5.910000000000000000e+02 3.680750000000000000e+03
1.350000000000000000e+02 3.688250000000000000e+03
6.630000000000000000e+02 3.688450000000000273e+03
7.670000000000000000e+02 3.688500000000000000e+03
2.790000000000000000e+02 3.688900000000000091e+03
2.310000000000000000e+02 3.690650000000000091e+03
4.390000000000000000e+02 3.690700000000000273e+03
1.500000000000000000e+01 3.708400000000000091e+03
7.110000000000000000e+02 3.708599999999999909e+03
5.830000000000000000e+02 3.710000000000000000e+03
7.190000000000000000e+02 3.711500000000000000e+03
4.070000000000000000e+02 3.729300000000000182e+03
7.830000000000000000e+02 3.739550000000000182e+03
2.070000000000000000e+02 3.751599999999999909e+03
5.510000000000000000e+02 3.753950000000000273e+03
5.030000000000000000e+02 3.763599999999999909e+03
1.110000000000000000e+02 3.764000000000000000e+03
4.710000000000000000e+02 3.766650000000000091e+03
1.670000000000000000e+02 3.781950000000000273e+03
7.830000000000000000e+02 3.808750000000000000e+03
3.830000000000000000e+02 3.814349999999999909e+03
4.070000000000000000e+02 3.845250000000000000e+03
1.590000000000000000e+02 3.892849999999999909e+03
4.070000000000000000e+02 3.902599999999999909e+03
6.630000000000000000e+02 3.932099999999999909e+03
8.700000000000000000e+01 3.962450000000000273e+03
1.430000000000000000e+02 3.968200000000000273e+03
1.750000000000000000e+02 3.977849999999999909e+03
3.100000000000000000e+01 3.982150000000000091e+03
4.150000000000000000e+02 3.983400000000000091e+03
1.830000000000000000e+02 3.984150000000000091e+03
1.350000000000000000e+02 4.001349999999999909e+03
6.310000000000000000e+02 4.003900000000000091e+03
1.030000000000000000e+02 4.011200000000000273e+03
7.430000000000000000e+02 4.011900000000000091e+03
3.900000000000000000e+01 4.013300000000000182e+03
5.830000000000000000e+02 4.013849999999999909e+03
7.000000000000000000e+00 4.013950000000000273e+03
2.150000000000000000e+02 4.014099999999999909e+03
1.270000000000000000e+02 4.014349999999999909e+03
2.630000000000000000e+02 4.014800000000000182e+03
7.110000000000000000e+02 4.014900000000000091e+03
7.590000000000000000e+02 4.017849999999999909e+03
9.500000000000000000e+01 4.018800000000000182e+03
5.350000000000000000e+02 4.019450000000000273e+03
1.510000000000000000e+02 4.021650000000000091e+03
7.270000000000000000e+02 4.021849999999999909e+03
7.750000000000000000e+02 4.021950000000000273e+03
6.310000000000000000e+02 4.022349999999999909e+03
1.910000000000000000e+02 4.022599999999999909e+03
4.150000000000000000e+02 4.022550000000000182e+03
1.750000000000000000e+02 4.022950000000000273e+03
1.670000000000000000e+02 4.023150000000000091e+03
7.910000000000000000e+02 4.023300000000000182e+03
2.550000000000000000e+02 4.023349999999999909e+03
5.030000000000000000e+02 4.023400000000000091e+03
1.110000000000000000e+02 4.023450000000000273e+03
3.670000000000000000e+02 4.023450000000000273e+03
2.070000000000000000e+02 4.023550000000000182e+03
6.390000000000000000e+02 4.023750000000000000e+03
4.390000000000000000e+02 4.023849999999999909e+03
7.030000000000000000e+02 4.023900000000000091e+03
7.900000000000000000e+01 4.024099999999999909e+03
2.710000000000000000e+02 4.024200000000000273e+03
3.430000000000000000e+02 4.024150000000000091e+03
6.790000000000000000e+02 4.024250000000000000e+03
1.190000000000000000e+02 4.024400000000000091e+03
3.830000000000000000e+02 4.024450000000000273e+03
1.590000000000000000e+02 4.024550000000000182e+03
5.500000000000000000e+01 4.024650000000000091e+03
2.150000000000000000e+02 4.024700000000000273e+03
3.350000000000000000e+02 4.024700000000000273e+03
6.470000000000000000e+02 4.024700000000000273e+03
2.470000000000000000e+02 4.024800000000000182e+03
4.310000000000000000e+02 4.024800000000000182e+03
4.710000000000000000e+02 4.024750000000000000e+03
4.870000000000000000e+02 4.024800000000000182e+03
5.590000000000000000e+02 4.024750000000000000e+03
7.110000000000000000e+02 4.024800000000000182e+03
7.190000000000000000e+02 4.024800000000000182e+03
4.630000000000000000e+02 4.024900000000000091e+03
5.190000000000000000e+02 4.024849999999999909e+03
5.830000000000000000e+02 4.024900000000000091e+03
8.700000000000000000e+01 4.025000000000000000e+03
1.030000000000000000e+02 4.025000000000000000e+03
1.830000000000000000e+02 4.025000000000000000e+03
5.430000000000000000e+02 4.024950000000000273e+03
5.990000000000000000e+02 4.025000000000000000e+03
6.710000000000000000e+02 4.025000000000000000e+03
5.110000000000000000e+02 4.025050000000000182e+03
2.230000000000000000e+02 4.025200000000000273e+03
3.510000000000000000e+02 4.025200000000000273e+03
3.750000000000000000e+02 4.025150000000000091e+03
6.150000000000000000e+02 4.025150000000000091e+03
2.630000000000000000e+02 4.025300000000000182e+03
2.950000000000000000e+02 4.025300000000000182e+03
3.030000000000000000e+02 4.025250000000000000e+03
3.270000000000000000e+02 4.025300000000000182e+03
4.070000000000000000e+02 4.025300000000000182e+03
4.470000000000000000e+02 4.025250000000000000e+03
5.270000000000000000e+02 4.025250000000000000e+03
6.550000000000000000e+02 4.025300000000000182e+03
7.350000000000000000e+02 4.025250000000000000e+03
7.510000000000000000e+02 4.025250000000000000e+03
1.500000000000000000e+01 4.025400000000000091e+03
4.700000000000000000e+01 4.025349999999999909e+03
2.790000000000000000e+02 4.025349999999999909e+03
3.190000000000000000e+02 4.025349999999999909e+03
4.550000000000000000e+02 4.025349999999999909e+03
4.950000000000000000e+02 4.025400000000000091e+03
5.670000000000000000e+02 4.025349999999999909e+03
6.870000000000000000e+02 4.025400000000000091e+03
1.510000000000000000e+02 4.025450000000000273e+03
2.870000000000000000e+02 4.025450000000000273e+03
5.910000000000000000e+02 4.025500000000000000e+03
6.070000000000000000e+02 4.025450000000000273e+03
7.590000000000000000e+02 4.025500000000000000e+03
7.670000000000000000e+02 4.025500000000000000e+03
1.430000000000000000e+02 4.025599999999999909e+03
2.390000000000000000e+02 4.025550000000000182e+03
4.230000000000000000e+02 4.025550000000000182e+03
5.350000000000000000e+02 4.025550000000000182e+03
7.430000000000000000e+02 4.025599999999999909e+03
3.910000000000000000e+02 4.025650000000000091e+03
7.000000000000000000e+00 4.025800000000000182e+03
3.110000000000000000e+02 4.025750000000000000e+03
4.790000000000000000e+02 4.025750000000000000e+03
5.750000000000000000e+02 4.025800000000000182e+03
6.950000000000000000e+02 4.025800000000000182e+03
7.100000000000000000e+01 4.025849999999999909e+03
9.500000000000000000e+01 4.025849999999999909e+03
1.270000000000000000e+02 4.025900000000000091e+03
1.990000000000000000e+02 4.025849999999999909e+03
2.310000000000000000e+02 4.025849999999999909e+03
6.630000000000000000e+02 4.025900000000000091e+03
7.830000000000000000e+02 4.025849999999999909e+03
2.300000000000000000e+01 4.026000000000000000e+03
3.900000000000000000e+01 4.026000000000000000e+03
1.350000000000000000e+02 4.026000000000000000e+03
1.910000000000000000e+02 4.025950000000000273e+03
3.590000000000000000e+02 4.025950000000000273e+03
4.150000000000000000e+02 4.026000000000000000e+03
5.510000000000000000e+02 4.026099999999999909e+03
7.990000000000000000e+02 4.026099999999999909e+03
3.100000000000000000e+01 4.026150000000000091e+03
3.990000000000000000e+02 4.026200000000000273e+03
5.030000000000000000e+02 4.026200000000000273e+03
7.750000000000000000e+02 4.026250000000000000e+03
7.910000000000000000e+02 4.026250000000000000e+03
6.230000000000000000e+02 4.026349999999999909e+03
6.300000000000000000e+01 4.026450000000000273e+03
2.550000000000000000e+02 4.026500000000000000e+03
1.670000000000000000e+02 4.026550000000000182e+03
7.030000000000000000e+02 4.027050000000000182e+03
2.710000000000000000e+02 4.028200000000000273e+03
1.750000000000000000e+02 4.028250000000000000e+03
7.190000000000000000e+02 4.028400000000000091e+03
7.110000000000000000e+02 4.029050000000000182e+03
2.470000000000000000e+02 4.029200000000000273e+03
5.190000000000000000e+02 4.029550000000000182e+03
4.470000000000000000e+02 4.029650000000000091e+03
2.310000000000000000e+02 4.030099999999999909e+03
4.950000000000000000e+02 4.030050000000000182e+03
1.190000000000000000e+02 4.030250000000000000e+03
4.790000000000000000e+02 4.030550000000000182e+03
6.150000000000000000e+02 4.030650000000000091e+03
1.510000000000000000e+02 4.030750000000000000e+03
1.590000000000000000e+02 4.030849999999999909e+03
2.230000000000000000e+02 4.031050000000000182e+03
3.110000000000000000e+02 4.031099999999999909e+03
5.670000000000000000e+02 4.031050000000000182e+03
1.350000000000000000e+02 4.031349999999999909e+03
5.830000000000000000e+02 4.031650000000000091e+03
5.350000000000000000e+02 4.031800000000000182e+03
7.670000000000000000e+02 4.040849999999999909e+03
5.500000000000000000e+01 4.043000000000000000e+03
5.030000000000000000e+02 4.052099999999999909e+03
1.190000000000000000e+02 4.053250000000000000e+03
3.910000000000000000e+02 4.053599999999999909e+03
4.790000000000000000e+02 4.057750000000000000e+03
6.710000000000000000e+02 4.060250000000000000e+03
2.950000000000000000e+02 4.061099999999999909e+03
5.430000000000000000e+02 4.063800000000000182e+03
7.590000000000000000e+02 4.068150000000000091e+03
2.870000000000000000e+02 4.072099999999999909e+03
3.110000000000000000e+02 4.076849999999999909e+03
1.590000000000000000e+02 4.082300000000000182e+03
3.990000000000000000e+02 4.087150000000000091e+03
1.350000000000000000e+02 4.089650000000000091e+03
1.750000000000000000e+02 4.089650000000000091e+03
1.830000000000000000e+02 4.090500000000000000e+03
3.590000000000000000e+02 4.095700000000000273e+03
2.870000000000000000e+02 4.098350000000000364e+03
3.110000000000000000e+02 4.101800000000000182e+03
7.100000000000000000e+01 4.114350000000000364e+03
4.710000000000000000e+02 4.121850000000000364e+03
1.110000000000000000e+02 4.123550000000000182e+03
3.030000000000000000e+02 4.127250000000000000e+03
4.630000000000000000e+02 4.147399999999999636e+03
5.910000000000000000e+02 4.175300000000000182e+03
5.350000000000000000e+02 4.181750000000000000e+03
2.470000000000000000e+02 4.184750000000000000e+03
7.900000000000000000e+01 4.231550000000000182e+03
7.510000000000000000e+02 4.287100000000000364e+03
7.110000000000000000e+02 4.297899999999999636e+03
7.350000000000000000e+02 4.307100000000000364e+03
7.910000000000000000e+02 4.316000000000000000e+03
2.550000000000000000e+02 4.318600000000000364e+03
9.500000000000000000e+01 4.320500000000000000e+03
3.510000000000000000e+02 4.334449999999999818e+03
1.910000000000000000e+02 4.345550000000000182e+03
6.230000000000000000e+02 4.347350000000000364e+03
1.750000000000000000e+02 4.360449999999999818e+03
5.030000000000000000e+02 4.373000000000000000e+03
1.190000000000000000e+02 4.374300000000000182e+03
6.950000000000000000e+02 4.375550000000000182e+03
7.750000000000000000e+02 4.375650000000000546e+03
3.350000000000000000e+02 4.378400000000000546e+03
2.630000000000000000e+02 4.378650000000000546e+03
4.470000000000000000e+02 4.380350000000000364e+03
7.000000000000000000e+00 4.380500000000000000e+03
2.230000000000000000e+02 4.381449999999999818e+03
3.990000000000000000e+02 4.381500000000000000e+03
2.950000000000000000e+02 4.381699999999999818e+03
4.950000000000000000e+02 4.382050000000000182e+03
2.870000000000000000e+02 4.382750000000000000e+03
6.790000000000000000e+02 4.382900000000000546e+03
7.910000000000000000e+02 4.383600000000000364e+03
6.710000000000000000e+02 4.384199999999999818e+03
1.910000000000000000e+02 4.384500000000000000e+03
5.750000000000000000e+02 4.384900000000000546e+03
4.230000000000000000e+02 4.385150000000000546e+03
2.070000000000000000e+02 4.385250000000000000e+03
4.700000000000000000e+01 4.385350000000000364e+03
5.500000000000000000e+01 4.385400000000000546e+03
7.590000000000000000e+02 4.385650000000000546e+03
3.900000000000000000e+01 4.385750000000000000e+03
9.500000000000000000e+01 4.385750000000000000e+03
1.030000000000000000e+02 4.385850000000000364e+03
4.070000000000000000e+02 4.386000000000000000e+03
2.390000000000000000e+02 4.386100000000000364e+03
5.670000000000000000e+02 4.386100000000000364e+03
6.470000000000000000e+02 4.386199999999999818e+03
3.190000000000000000e+02 4.386250000000000000e+03
3.910000000000000000e+02 4.386250000000000000e+03
2.150000000000000000e+02 4.386350000000000364e+03
4.150000000000000000e+02 4.386400000000000546e+03
4.870000000000000000e+02 4.386400000000000546e+03
6.150000000000000000e+02 4.386350000000000364e+03
2.710000000000000000e+02 4.386500000000000000e+03
3.030000000000000000e+02 4.386500000000000000e+03
7.830000000000000000e+02 4.386550000000000182e+03
7.900000000000000000e+01 4.386699999999999818e+03
1.350000000000000000e+02 4.386699999999999818e+03
3.430000000000000000e+02 4.386650000000000546e+03
6.070000000000000000e+02 4.386699999999999818e+03
8.700000000000000000e+01 4.386800000000000182e+03
3.510000000000000000e+02 4.386750000000000000e+03
6.630000000000000000e+02 4.386800000000000182e+03
7.030000000000000000e+02 4.386800000000000182e+03
3.590000000000000000e+02 4.386900000000000546e+03
4.390000000000000000e+02 4.386850000000000364e+03
5.430000000000000000e+02 4.386900000000000546e+03
7.000000000000000000e+00 4.386949999999999818e+03
1.750000000000000000e+02 4.386949999999999818e+03
5.910000000000000000e+02 4.387000000000000000e+03
6.310000000000000000e+02 4.387000000000000000e+03
3.750000000000000000e+02 4.387100000000000364e+03
4.790000000000000000e+02 4.387050000000000182e+03
7.110000000000000000e+02 4.387100000000000364e+03
7.430000000000000000e+02 4.387050000000000182e+03
7.670000000000000000e+02 4.387050000000000182e+03
1.270000000000000000e+02 4.387199999999999818e+03
1.830000000000000000e+02 4.387199999999999818e+03
2.470000000000000000e+02 4.387199999999999818e+03
2.550000000000000000e+02 4.387199999999999818e+03
2.790000000000000000e+02 4.387150000000000546e+03
4.310000000000000000e+02 4.387199999999999818e+03
4.710000000000000000e+02 4.387150000000000546e+03
5.030000000000000000e+02 4.387199999999999818e+03
5.830000000000000000e+02 4.387199999999999818e+03
6.790000000000000000e+02 4.387150000000000546e+03
6.950000000000000000e+02 4.387150000000000546e+03
7.100000000000000000e+01 4.387250000000000000e+03
1.190000000000000000e+02 4.387250000000000000e+03
1.430000000000000000e+02 4.387250000000000000e+03
1.670000000000000000e+02 4.387250000000000000e+03
1.990000000000000000e+02 4.387300000000000182e+03
3.110000000000000000e+02 4.387300000000000182e+03
5.350000000000000000e+02 4.387250000000000000e+03
5.590000000000000000e+02 4.387300000000000182e+03
6.230000000000000000e+02 4.387300000000000182e+03
7.750000000000000000e+02 4.387250000000000000e+03
2.630000000000000000e+02 4.387350000000000364e+03
3.270000000000000000e+02 4.387400000000000546e+03
6.870000000000000000e+02 4.387350000000000364e+03
7.350000000000000000e+02 4.387350000000000364e+03
2.300000000000000000e+01 4.387500000000000000e+03
6.300000000000000000e+01 4.387500000000000000e+03
1.510000000000000000e+02 4.387449999999999818e+03
2.950000000000000000e+02 4.387449999999999818e+03
3.830000000000000000e+02 4.387449999999999818e+03
3.990000000000000000e+02 4.387449999999999818e+03
4.550000000000000000e+02 4.387500000000000000e+03
5.190000000000000000e+02 4.387449999999999818e+03
5.510000000000000000e+02 4.387500000000000000e+03
7.510000000000000000e+02 4.387449999999999818e+03
7.990000000000000000e+02 4.387500000000000000e+03
3.100000000000000000e+01 4.387600000000000364e+03
2.870000000000000000e+02 4.387550000000000182e+03
4.470000000000000000e+02 4.387600000000000364e+03
5.990000000000000000e+02 4.387600000000000364e+03
1.500000000000000000e+01 4.387650000000000546e+03
3.670000000000000000e+02 4.387650000000000546e+03
7.270000000000000000e+02 4.387650000000000546e+03
1.590000000000000000e+02 4.387800000000000182e+03
4.950000000000000000e+02 4.387800000000000182e+03
2.230000000000000000e+02 4.387900000000000546e+03
3.350000000000000000e+02 4.387850000000000364e+03
5.270000000000000000e+02 4.387900000000000546e+03
6.390000000000000000e+02 4.387900000000000546e+03
7.910000000000000000e+02 4.387850000000000364e+03
1.910000000000000000e+02 4.388000000000000000e+03
2.310000000000000000e+02 4.388000000000000000e+03
4.630000000000000000e+02 4.388050000000000182e+03
5.110000000000000000e+02 4.388050000000000182e+03
6.710000000000000000e+02 4.388100000000000364e+03
4.230000000000000000e+02 4.388250000000000000e+03
6.550000000000000000e+02 4.388250000000000000e+03
7.590000000000000000e+02 4.388900000000000546e+03
3.100000000000000000e+01 4.394250000000000000e+03
6.870000000000000000e+02 4.396449999999999818e+03
7.990000000000000000e+02 4.396750000000000000e+03
6.310000000000000000e+02 4.397250000000000000e+03
1.030000000000000000e+02 4.397400000000000546e+03
5.910000000000000000e+02 4.397350000000000364e+03
7.430000000000000000e+02 4.397449999999999818e+03
7.350000000000000000e+02 4.397600000000000364e+03
5.750000000000000000e+02 4.397750000000000000e+03
2.550000000000000000e+02 4.397900000000000546e+03
5.830000000000000000e+02 4.398150000000000546e+03
7.590000000000000000e+02 4.398199999999999818e+03
2.230000000000000000e+02 4.398400000000000546e+03
6.070000000000000000e+02 4.398400000000000546e+03
1.430000000000000000e+02 4.398449999999999818e+03
2.470000000000000000e+02 4.398600000000000364e+03
1.830000000000000000e+02 4.398949999999999818e+03
5.350000000000000000e+02 4.398949999999999818e+03
5.510000000000000000e+02 4.398949999999999818e+03
6.550000000000000000e+02 4.399000000000000000e+03
2.790000000000000000e+02 4.399250000000000000e+03
5.030000000000000000e+02 4.399350000000000364e+03
3.510000000000000000e+02 4.405199999999999818e+03
4.950000000000000000e+02 4.411250000000000000e+03
8.700000000000000000e+01 4.412250000000000000e+03
2.870000000000000000e+02 4.416100000000000364e+03
1.510000000000000000e+02 4.423000000000000000e+03
4.630000000000000000e+02 4.426300000000000182e+03
5.270000000000000000e+02 4.442600000000000364e+03
5.500000000000000000e+01 4.444600000000000364e+03
4.550000000000000000e+02 4.449949999999999818e+03
6.870000000000000000e+02 4.451500000000000000e+03
1.500000000000000000e+01 4.453000000000000000e+03
6.070000000000000000e+02 4.453150000000000546e+03
2.150000000000000000e+02 4.461150000000000546e+03
7.030000000000000000e+02 4.468900000000000546e+03
4.310000000000000000e+02 4.471850000000000364e+03
7.990000000000000000e+02 4.482050000000000182e+03
6.870000000000000000e+02 4.482900000000000546e+03
6.390000000000000000e+02 4.499550000000000182e+03
2.070000000000000000e+02 4.501600000000000364e+03
7.670000000000000000e+02 4.507150000000000546e+03
4.150000000000000000e+02 4.509600000000000364e+03
7.990000000000000000e+02 4.518300000000000182e+03
1.830000000000000000e+02 4.528350000000000364e+03
7.900000000000000000e+01 4.558000000000000000e+03
2.950000000000000000e+02 4.567300000000000182e+03
7.590000000000000000e+02 4.582750000000000000e+03
1.110000000000000000e+02 4.589550000000000182e+03
2.070000000000000000e+02 4.594000000000000000e+03
2.550000000000000000e+02 4.612350000000000364e+03
2.710000000000000000e+02 4.613050000000000182e+03
1.590000000000000000e+02 4.625150000000000546e+03
3.590000000000000000e+02 4.626949999999999818e+03
5.510000000000000000e+02 4.630350000000000364e+03
5.500000000000000000e+01 4.633650000000000546e+03
5.590000000000000000e+02 4.639300000000000182e+03
7.270000000000000000e+02 4.649150000000000546e+03
7.990000000000000000e+02 4.657550000000000182e+03
4.790000000000000000e+02 4.659850000000000364e+03
6.390000000000000000e+02 4.660199999999999818e+03
3.270000000000000000e+02 4.663250000000000000e+03
2.950000000000000000e+02 4.669000000000000000e+03
9.500000000000000000e+01 4.669800000000000182e+03
6.790000000000000000e+02 4.669800000000000182e+03
5.430000000000000000e+02 4.670199999999999818e+03
7.000000000000000000e+00 4.670900000000000546e+03
3.910000000000000000e+02 4.671250000000000000e+03
4.070000000000000000e+02 4.671250000000000000e+03
5.590000000000000000e+02 4.671400000000000546e+03
2.630000000000000000e+02 4.671900000000000546e+03
2.300000000000000000e+01 4.672150000000000546e+03
4.700000000000000000e+01 4.672350000000000364e+03
6.550000000000000000e+02 4.672449999999999818e+03
3.900000000000000000e+01 4.673350000000000364e+03
4.310000000000000000e+02 4.673350000000000364e+03
2.070000000000000000e+02 4.673750000000000000e+03
4.710000000000000000e+02 4.674100000000000364e+03
3.110000000000000000e+02 4.674250000000000000e+03
7.750000000000000000e+02 4.674300000000000182e+03
6.470000000000000000e+02 4.674949999999999818e+03
6.950000000000000000e+02 4.675000000000000000e+03
1.670000000000000000e+02 4.675100000000000364e+03
5.750000000000000000e+02 4.675050000000000182e+03
7.990000000000000000e+02 4.675100000000000364e+03
4.870000000000000000e+02 4.675199999999999818e+03
5.270000000000000000e+02 4.675300000000000182e+03
4.470000000000000000e+02 4.675400000000000546e+03
7.430000000000000000e+02 4.675350000000000364e+03
6.300000000000000000e+01 4.675500000000000000e+03
3.750000000000000000e+02 4.675500000000000000e+03
7.350000000000000000e+02 4.675500000000000000e+03
5.500000000000000000e+01 4.675550000000000182e+03
1.910000000000000000e+02 4.675550000000000182e+03
3.030000000000000000e+02 4.675550000000000182e+03
2.230000000000000000e+02 4.675800000000000182e+03
2.310000000000000000e+02 4.675800000000000182e+03
3.670000000000000000e+02 4.675800000000000182e+03
5.830000000000000000e+02 4.675900000000000546e+03
6.150000000000000000e+02 4.675850000000000364e+03
7.830000000000000000e+02 4.675850000000000364e+03
2.150000000000000000e+02 4.675949999999999818e+03
3.430000000000000000e+02 4.676000000000000000e+03
4.950000000000000000e+02 4.675949999999999818e+03
7.030000000000000000e+02 4.675949999999999818e+03
1.510000000000000000e+02 4.676050000000000182e+03
6.710000000000000000e+02 4.676100000000000364e+03
1.190000000000000000e+02 4.676199999999999818e+03
5.350000000000000000e+02 4.676150000000000546e+03
5.910000000000000000e+02 4.676199999999999818e+03
9.500000000000000000e+01 4.676250000000000000e+03
1.270000000000000000e+02 4.676250000000000000e+03
1.590000000000000000e+02 4.676250000000000000e+03
1.750000000000000000e+02 4.676300000000000182e+03
1.830000000000000000e+02 4.676250000000000000e+03
2.710000000000000000e+02 4.676300000000000182e+03
2.790000000000000000e+02 4.676300000000000182e+03
3.190000000000000000e+02 4.676300000000000182e+03
3.590000000000000000e+02 4.676250000000000000e+03
3.830000000000000000e+02 4.676300000000000182e+03
5.030000000000000000e+02 4.676250000000000000e+03
5.110000000000000000e+02 4.676250000000000000e+03
6.390000000000000000e+02 4.676250000000000000e+03
7.910000000000000000e+02 4.676250000000000000e+03
3.510000000000000000e+02 4.676350000000000364e+03
3.990000000000000000e+02 4.676400000000000546e+03
4.150000000000000000e+02 4.676350000000000364e+03
5.990000000000000000e+02 4.676400000000000546e+03
4.070000000000000000e+02 4.676449999999999818e+03
4.550000000000000000e+02 4.676500000000000000e+03
7.190000000000000000e+02 4.676449999999999818e+03
7.900000000000000000e+01 4.676600000000000364e+03
1.350000000000000000e+02 4.676550000000000182e+03
2.950000000000000000e+02 4.676550000000000182e+03
7.590000000000000000e+02 4.676550000000000182e+03
7.100000000000000000e+01 4.676650000000000546e+03
8.700000000000000000e+01 4.676650000000000546e+03
1.110000000000000000e+02 4.676650000000000546e+03
6.870000000000000000e+02 4.676650000000000546e+03
4.390000000000000000e+02 4.676750000000000000e+03
4.630000000000000000e+02 4.676750000000000000e+03
5.190000000000000000e+02 4.676800000000000182e+03
5.430000000000000000e+02 4.676800000000000182e+03
2.390000000000000000e+02 4.676850000000000364e+03
1.030000000000000000e+02 4.676949999999999818e+03
3.910000000000000000e+02 4.677000000000000000e+03
5.510000000000000000e+02 4.676949999999999818e+03
7.110000000000000000e+02 4.676949999999999818e+03
6.630000000000000000e+02 4.677050000000000182e+03
1.430000000000000000e+02 4.677199999999999818e+03
2.550000000000000000e+02 4.677150000000000546e+03
3.900000000000000000e+01 4.677300000000000182e+03
4.700000000000000000e+01 4.677300000000000182e+03
4.310000000000000000e+02 4.677250000000000000e+03
4.790000000000000000e+02 4.677600000000000364e+03
7.270000000000000000e+02 4.677550000000000182e+03
7.750000000000000000e+02 4.677650000000000546e+03
1.510000000000000000e+02 4.689400000000000546e+03
2.390000000000000000e+02 4.689600000000000364e+03
2.230000000000000000e+02 4.691699999999999818e+03
1.990000000000000000e+02 4.692199999999999818e+03
4.230000000000000000e+02 4.692650000000000546e+03
5.990000000000000000e+02 4.698750000000000000e+03
3.750000000000000000e+02 4.698900000000000546e+03
5.750000000000000000e+02 4.700100000000000364e+03
5.350000000000000000e+02 4.700500000000000000e+03
3.350000000000000000e+02 4.714449999999999818e+03
6.470000000000000000e+02 4.715400000000000546e+03
1.750000000000000000e+02 4.718050000000000182e+03
1.670000000000000000e+02 4.719400000000000546e+03
4.390000000000000000e+02 4.723850000000000364e+03
6.070000000000000000e+02 4.725449999999999818e+03
7.190000000000000000e+02 4.727050000000000182e+03
1.500000000000000000e+01 4.729900000000000546e+03
4.150000000000000000e+02 4.730250000000000000e+03
4.070000000000000000e+02 4.730350000000000364e+03
4.710000000000000000e+02 4.731350000000000364e+03
5.670000000000000000e+02 4.731500000000000000e+03
1.830000000000000000e+02 4.731650000000000546e+03
5.500000000000000000e+01 4.732100000000000364e+03
6.150000000000000000e+02 4.732400000000000546e+03
1.910000000000000000e+02 4.733400000000000546e+03
4.950000000000000000e+02 4.733350000000000364e+03
7.430000000000000000e+02 4.744600000000000364e+03
7.750000000000000000e+02 4.751050000000000182e+03
3.110000000000000000e+02 4.755150000000000546e+03
2.870000000000000000e+02 4.769750000000000000e+03
5.270000000000000000e+02 4.771650000000000546e+03
2.070000000000000000e+02 4.782350000000000364e+03
3.900000000000000000e+01 4.782900000000000546e+03
3.510000000000000000e+02 4.792050000000000182e+03
2.310000000000000000e+02 4.801350000000000364e+03
4.070000000000000000e+02 4.812900000000000546e+03
3.270000000000000000e+02 4.813100000000000364e+03
5.190000000000000000e+02 4.845650000000000546e+03
7.350000000000000000e+02 4.864199999999999818e+03
4.700000000000000000e+01 4.892850000000000364e+03
3.190000000000000000e+02 4.895199999999999818e+03
2.470000000000000000e+02 4.913449999999999818e+03
1.110000000000000000e+02 4.916150000000000546e+03
4.150000000000000000e+02 4.924600000000000364e+03
6.550000000000000000e+02 4.932449999999999818e+03
5.190000000000000000e+02 4.932650000000000546e+03
7.030000000000000000e+02 4.937250000000000000e+03
1.030000000000000000e+02 4.937850000000000364e+03
4.630000000000000000e+02 4.938300000000000182e+03
3.510000000000000000e+02 4.945449999999999818e+03
7.270000000000000000e+02 4.945949999999999818e+03
1.510000000000000000e+02 4.948300000000000182e+03
1.990000000000000000e+02 4.948750000000000000e+03
5.510000000000000000e+02 4.949150000000000546e+03
6.710000000000000000e+02 4.949250000000000000e+03
3.100000000000000000e+01 4.949550000000000182e+03
4.150000000000000000e+02 4.949600000000000364e+03
1.190000000000000000e+02 4.949699999999999818e+03
3.030000000000000000e+02 4.951000000000000000e+03
4.070000000000000000e+02 4.951050000000000182e+03
4.310000000000000000e+02 4.951699999999999818e+03
6.790000000000000000e+02 4.953500000000000000e+03
3.910000000000000000e+02 4.953550000000000182e+03
4.790000000000000000e+02 4.953699999999999818e+03
5.990000000000000000e+02 4.954600000000000364e+03
5.830000000000000000e+02 4.954900000000000546e+03
7.000000000000000000e+00 4.955000000000000000e+03
3.670000000000000000e+02 4.955050000000000182e+03
2.550000000000000000e+02 4.955350000000000364e+03
8.700000000000000000e+01 4.955449999999999818e+03
5.510000000000000000e+02 4.955449999999999818e+03
1.500000000000000000e+01 4.955550000000000182e+03
3.900000000000000000e+01 4.955550000000000182e+03
6.950000000000000000e+02 4.955550000000000182e+03
4.710000000000000000e+02 4.955650000000000546e+03
1.830000000000000000e+02 4.955800000000000182e+03
7.110000000000000000e+02 4.955800000000000182e+03
1.510000000000000000e+02 4.955900000000000546e+03
2.150000000000000000e+02 4.956000000000000000e+03
6.150000000000000000e+02 4.955949999999999818e+03
7.830000000000000000e+02 4.956000000000000000e+03
2.300000000000000000e+01 4.956100000000000364e+03
1.590000000000000000e+02 4.956100000000000364e+03
4.950000000000000000e+02 4.956100000000000364e+03
7.750000000000000000e+02 4.956050000000000182e+03
1.990000000000000000e+02 4.956150000000000546e+03
5.750000000000000000e+02 4.956199999999999818e+03
6.230000000000000000e+02 4.956150000000000546e+03
7.430000000000000000e+02 4.956300000000000182e+03
7.670000000000000000e+02 4.956300000000000182e+03
3.100000000000000000e+01 4.956350000000000364e+03
3.830000000000000000e+02 4.956350000000000364e+03
5.270000000000000000e+02 4.956350000000000364e+03
6.550000000000000000e+02 4.956600000000000364e+03
3.030000000000000000e+02 4.956699999999999818e+03
9.500000000000000000e+01 4.956750000000000000e+03
1.750000000000000000e+02 4.956750000000000000e+03
4.550000000000000000e+02 4.956750000000000000e+03
1.350000000000000000e+02 4.956949999999999818e+03
2.070000000000000000e+02 4.956949999999999818e+03
4.870000000000000000e+02 4.957000000000000000e+03
5.190000000000000000e+02 4.956949999999999818e+03
1.910000000000000000e+02 4.957050000000000182e+03
2.310000000000000000e+02 4.957100000000000364e+03
3.190000000000000000e+02 4.957050000000000182e+03
6.470000000000000000e+02 4.957050000000000182e+03
7.350000000000000000e+02 4.957050000000000182e+03
4.700000000000000000e+01 4.957199999999999818e+03
2.950000000000000000e+02 4.957150000000000546e+03
5.110000000000000000e+02 4.957150000000000546e+03
5.350000000000000000e+02 4.957150000000000546e+03
5.590000000000000000e+02 4.957199999999999818e+03
6.870000000000000000e+02 4.957199999999999818e+03
7.190000000000000000e+02 4.957150000000000546e+03
1.430000000000000000e+02 4.957300000000000182e+03
7.590000000000000000e+02 4.957300000000000182e+03
1.270000000000000000e+02 4.957400000000000546e+03
2.390000000000000000e+02 4.957350000000000364e+03
3.270000000000000000e+02 4.957350000000000364e+03
3.750000000000000000e+02 4.957400000000000546e+03
3.990000000000000000e+02 4.957350000000000364e+03
6.300000000000000000e+01 4.957449999999999818e+03
2.470000000000000000e+02 4.957449999999999818e+03
4.390000000000000000e+02 4.957449999999999818e+03
5.030000000000000000e+02 4.957500000000000000e+03
5.430000000000000000e+02 4.957449999999999818e+03
6.710000000000000000e+02 4.957500000000000000e+03
7.990000000000000000e+02 4.957500000000000000e+03
1.670000000000000000e+02 4.957600000000000364e+03
2.870000000000000000e+02 4.957550000000000182e+03
4.230000000000000000e+02 4.957600000000000364e+03
6.790000000000000000e+02 4.957550000000000182e+03
7.030000000000000000e+02 4.957550000000000182e+03
1.030000000000000000e+02 4.957650000000000546e+03
2.230000000000000000e+02 4.957650000000000546e+03
2.790000000000000000e+02 4.957650000000000546e+03
3.110000000000000000e+02 4.957699999999999818e+03
4.790000000000000000e+02 4.957650000000000546e+03
5.990000000000000000e+02 4.957699999999999818e+03
7.900000000000000000e+01 4.957750000000000000e+03
1.110000000000000000e+02 4.957850000000000364e+03
2.630000000000000000e+02 4.957850000000000364e+03
3.350000000000000000e+02 4.957850000000000364e+03
4.470000000000000000e+02 4.957850000000000364e+03
6.310000000000000000e+02 4.957900000000000546e+03
7.510000000000000000e+02 4.957900000000000546e+03
3.430000000000000000e+02 4.957949999999999818e+03
4.310000000000000000e+02 4.957949999999999818e+03
5.670000000000000000e+02 4.958000000000000000e+03
2.710000000000000000e+02 4.958050000000000182e+03
3.510000000000000000e+02 4.958100000000000364e+03
4.070000000000000000e+02 4.958050000000000182e+03
4.150000000000000000e+02 4.958100000000000364e+03
4.630000000000000000e+02 4.958150000000000546e+03
6.070000000000000000e+02 4.958150000000000546e+03
5.500000000000000000e+01 4.958250000000000000e+03
7.910000000000000000e+02 4.958250000000000000e+03
5.500000000000000000e+01 4.966650000000000546e+03
1.030000000000000000e+02 4.970400000000000546e+03
2.790000000000000000e+02 4.970600000000000364e+03
1.110000000000000000e+02 4.972000000000000000e+03
2.630000000000000000e+02 4.973300000000000182e+03
3.830000000000000000e+02 4.976650000000000546e+03
2.710000000000000000e+02 4.979199999999999818e+03
4.390000000000000000e+02 4.980100000000000364e+03
3.030000000000000000e+02 4.984550000000000182e+03
2.070000000000000000e+02 4.988850000000000364e+03
7.670000000000000000e+02 4.989850000000000364e+03
2.150000000000000000e+02 4.995300000000000182e+03
3.900000000000000000e+01 4.995850000000000364e+03
1.430000000000000000e+02 4.999600000000000364e+03
5.830000000000000000e+02 5.001449999999999818e+03
4.390000000000000000e+02 5.001800000000000182e+03
6.870000000000000000e+02 5.002500000000000000e+03
7.430000000000000000e+02 5.003050000000000182e+03
3.990000000000000000e+02 5.004850000000000364e+03
5.590000000000000000e+02 5.005300000000000182e+03
3.830000000000000000e+02 5.006750000000000000e+03
1.990000000000000000e+02 5.015900000000000546e+03
3.430000000000000000e+02 5.020150000000000546e+03
4.390000000000000000e+02 5.025199999999999818e+03
2.870000000000000000e+02 5.027699999999999818e+03
3.910000000000000000e+02 5.029000000000000000e+03
6.230000000000000000e+02 5.029150000000000546e+03
7.910000000000000000e+02 5.039250000000000000e+03
1.270000000000000000e+02 5.062699999999999818e+03
2.710000000000000000e+02 5.069050000000000182e+03
5.990000000000000000e+02 5.081350000000000364e+03
3.670000000000000000e+02 5.082600000000000364e+03
7.190000000000000000e+02 5.103949999999999818e+03
7.030000000000000000e+02 5.125750000000000000e+03
5.350000000000000000e+02 5.140600000000000364e+03
1.910000000000000000e+02 5.140850000000000364e+03
1.190000000000000000e+02 5.143800000000000182e+03
7.000000000000000000e+00 5.144949999999999818e+03
4.150000000000000000e+02 5.152150000000000546e+03
1.030000000000000000e+02 5.154750000000000000e+03
4.790000000000000000e+02 5.160699999999999818e+03
2.870000000000000000e+02 5.235050000000000182e+03
5.110000000000000000e+02 5.344900000000000546e+03
6.950000000000000000e+02 5.352500000000000000e+03
5.030000000000000000e+02 5.403100000000000364e+03
4.870000000000000000e+02 5.460850000000000364e+03
1.030000000000000000e+02 5.557699999999999818e+03
1.590000000000000000e+02 5.561850000000000364e+03
4.150000000000000000e+02 5.594699999999999818e+03
3.430000000000000000e+02 5.663449999999999818e+03
4.150000000000000000e+02 5.698050000000000182e+03
1.590000000000000000e+02 5.698699999999999818e+03
3.900000000000000000e+01 5.722250000000000000e+03
7.990000000000000000e+02 5.732000000000000000e+03
3.750000000000000000e+02 5.758400000000000546e+03
3.190000000000000000e+02 5.784949999999999818e+03
4.150000000000000000e+02 5.824699999999999818e+03
2.070000000000000000e+02 5.835150000000000546e+03
7.350000000000000000e+02 5.847199999999999818e+03
