3.664000000000000000e+03 1.029500000000000028e+02
3.424000000000000000e+03 1.229500000000000028e+02
3.472000000000000000e+03 1.567000000000000171e+02
3.664000000000000000e+03 1.699500000000000171e+02
3.648000000000000000e+03 2.127000000000000171e+02
3.640000000000000000e+03 2.324000000000000057e+02
3.728000000000000000e+03 2.576999999999999886e+02
3.648000000000000000e+03 2.693500000000000227e+02
3.672000000000000000e+03 2.846999999999999886e+02
3.296000000000000000e+03 2.925500000000000114e+02
3.808000000000000000e+03 3.966000000000000227e+02
3.416000000000000000e+03 4.104499999999999886e+02
3.408000000000000000e+03 4.311000000000000227e+02
3.584000000000000000e+03 4.643000000000000114e+02
3.800000000000000000e+03 5.038500000000000227e+02
3.864000000000000000e+03 5.670000000000000000e+02
3.224000000000000000e+03 5.813000000000000682e+02
3.272000000000000000e+03 5.847500000000000000e+02
3.912000000000000000e+03 6.027500000000000000e+02
3.584000000000000000e+03 6.248999999999999773e+02
3.864000000000000000e+03 6.267000000000000455e+02
3.208000000000000000e+03 6.650500000000000682e+02
3.800000000000000000e+03 6.911000000000000227e+02
3.712000000000000000e+03 7.184500000000000455e+02
3.536000000000000000e+03 7.256000000000000227e+02
3.344000000000000000e+03 7.297000000000000455e+02
3.808000000000000000e+03 7.318500000000000227e+02
3.992000000000000000e+03 7.656499999999999773e+02
3.232000000000000000e+03 7.703999999999999773e+02
3.520000000000000000e+03 7.758000000000000682e+02
3.504000000000000000e+03 7.801000000000000227e+02
3.888000000000000000e+03 7.942500000000000000e+02
3.960000000000000000e+03 7.963000000000000682e+02
3.576000000000000000e+03 7.967500000000000000e+02
3.424000000000000000e+03 8.038999999999999773e+02
3.600000000000000000e+03 8.391000000000000227e+02
3.472000000000000000e+03 9.108000000000000682e+02
3.560000000000000000e+03 9.403500000000000227e+02
3.408000000000000000e+03 9.643000000000000682e+02
3.312000000000000000e+03 9.906000000000000227e+02
3.848000000000000000e+03 1.023450000000000045e+03
3.624000000000000000e+03 1.029250000000000000e+03
3.648000000000000000e+03 1.036900000000000091e+03
3.944000000000000000e+03 1.037549999999999955e+03
3.376000000000000000e+03 1.042950000000000045e+03
3.848000000000000000e+03 1.049299999999999955e+03
3.992000000000000000e+03 1.066900000000000091e+03
3.336000000000000000e+03 1.086599999999999909e+03
3.928000000000000000e+03 1.105950000000000045e+03
3.592000000000000000e+03 1.116299999999999955e+03
3.520000000000000000e+03 1.131049999999999955e+03
3.440000000000000000e+03 1.142200000000000045e+03
3.672000000000000000e+03 1.142799999999999955e+03
3.968000000000000000e+03 1.158100000000000136e+03
3.720000000000000000e+03 1.161650000000000091e+03
3.528000000000000000e+03 1.186900000000000091e+03
3.800000000000000000e+03 1.194799999999999955e+03
3.984000000000000000e+03 1.205950000000000045e+03
3.592000000000000000e+03 1.207000000000000000e+03
3.912000000000000000e+03 1.221150000000000091e+03
3.296000000000000000e+03 1.237850000000000136e+03
3.792000000000000000e+03 1.238950000000000045e+03
3.472000000000000000e+03 1.251150000000000091e+03
3.280000000000000000e+03 1.254049999999999955e+03
3.968000000000000000e+03 1.256350000000000136e+03
3.600000000000000000e+03 1.259549999999999955e+03
3.376000000000000000e+03 1.280200000000000045e+03
3.792000000000000000e+03 1.281049999999999955e+03
3.528000000000000000e+03 1.304100000000000136e+03
3.824000000000000000e+03 1.314950000000000045e+03
3.936000000000000000e+03 1.356200000000000045e+03
3.640000000000000000e+03 1.364299999999999955e+03
3.288000000000000000e+03 1.374100000000000136e+03
3.488000000000000000e+03 1.398100000000000136e+03
3.264000000000000000e+03 1.398799999999999955e+03
3.840000000000000000e+03 1.433549999999999955e+03
3.344000000000000000e+03 1.462250000000000000e+03
3.952000000000000000e+03 1.481799999999999955e+03
3.856000000000000000e+03 1.508200000000000045e+03
3.528000000000000000e+03 1.523350000000000136e+03
3.664000000000000000e+03 1.551700000000000045e+03
3.568000000000000000e+03 1.552799999999999955e+03
3.984000000000000000e+03 1.553450000000000045e+03
3.608000000000000000e+03 1.560049999999999955e+03
3.968000000000000000e+03 1.571900000000000091e+03
3.304000000000000000e+03 1.573150000000000091e+03
3.624000000000000000e+03 1.597549999999999955e+03
3.480000000000000000e+03 1.598450000000000045e+03
3.480000000000000000e+03 1.646400000000000091e+03
3.792000000000000000e+03 1.658900000000000091e+03
3.592000000000000000e+03 1.668049999999999955e+03
3.544000000000000000e+03 1.670850000000000136e+03
3.304000000000000000e+03 1.680549999999999955e+03
3.224000000000000000e+03 1.699900000000000091e+03
3.536000000000000000e+03 1.703400000000000091e+03
3.560000000000000000e+03 1.704150000000000091e+03
3.576000000000000000e+03 1.714700000000000045e+03
3.432000000000000000e+03 1.719250000000000000e+03
3.816000000000000000e+03 1.737850000000000136e+03
3.792000000000000000e+03 1.791900000000000091e+03
3.664000000000000000e+03 1.803750000000000000e+03
3.416000000000000000e+03 1.811500000000000000e+03
3.400000000000000000e+03 1.833150000000000091e+03
3.872000000000000000e+03 1.843700000000000045e+03
3.560000000000000000e+03 1.844900000000000091e+03
3.856000000000000000e+03 1.857600000000000136e+03
3.480000000000000000e+03 1.864400000000000091e+03
3.352000000000000000e+03 1.876000000000000000e+03
3.912000000000000000e+03 1.881200000000000045e+03
3.480000000000000000e+03 1.914299999999999955e+03
3.536000000000000000e+03 1.923400000000000091e+03
3.416000000000000000e+03 1.954950000000000045e+03
3.504000000000000000e+03 1.968450000000000045e+03
3.552000000000000000e+03 2.007049999999999955e+03
3.792000000000000000e+03 2.016250000000000000e+03
3.800000000000000000e+03 2.017600000000000136e+03
3.384000000000000000e+03 2.046299999999999955e+03
3.528000000000000000e+03 2.080000000000000000e+03
3.240000000000000000e+03 2.081800000000000182e+03
3.352000000000000000e+03 2.085400000000000091e+03
3.480000000000000000e+03 2.101500000000000000e+03
3.352000000000000000e+03 2.104650000000000091e+03
3.472000000000000000e+03 2.136349999999999909e+03
3.496000000000000000e+03 2.156449999999999818e+03
3.544000000000000000e+03 2.158599999999999909e+03
3.536000000000000000e+03 2.162800000000000182e+03
4.000000000000000000e+03 2.163750000000000000e+03
3.352000000000000000e+03 2.172150000000000091e+03
3.232000000000000000e+03 2.182250000000000000e+03
3.432000000000000000e+03 2.187800000000000182e+03
3.344000000000000000e+03 2.212150000000000091e+03
3.448000000000000000e+03 2.212950000000000273e+03
3.904000000000000000e+03 2.230950000000000273e+03
3.992000000000000000e+03 2.253150000000000091e+03
3.560000000000000000e+03 2.256900000000000091e+03
3.224000000000000000e+03 2.261750000000000000e+03
3.976000000000000000e+03 2.263750000000000000e+03
3.240000000000000000e+03 2.265400000000000091e+03
3.800000000000000000e+03 2.265550000000000182e+03
3.464000000000000000e+03 2.267250000000000000e+03
3.952000000000000000e+03 2.275400000000000091e+03
3.912000000000000000e+03 2.278750000000000000e+03
3.624000000000000000e+03 2.283349999999999909e+03
3.792000000000000000e+03 2.292849999999999909e+03
3.536000000000000000e+03 2.305550000000000182e+03
3.872000000000000000e+03 2.311300000000000182e+03
3.272000000000000000e+03 2.312599999999999909e+03
3.568000000000000000e+03 2.358900000000000091e+03
3.600000000000000000e+03 2.366150000000000091e+03
3.664000000000000000e+03 2.369849999999999909e+03
3.808000000000000000e+03 2.397400000000000091e+03
3.824000000000000000e+03 2.404500000000000000e+03
3.856000000000000000e+03 2.405849999999999909e+03
3.624000000000000000e+03 2.416900000000000091e+03
3.992000000000000000e+03 2.447849999999999909e+03
3.864000000000000000e+03 2.453349999999999909e+03
3.520000000000000000e+03 2.512300000000000182e+03
3.640000000000000000e+03 2.513300000000000182e+03
3.320000000000000000e+03 2.537550000000000182e+03
3.912000000000000000e+03 2.544400000000000091e+03
3.752000000000000000e+03 2.547900000000000091e+03
3.720000000000000000e+03 2.564500000000000000e+03
3.560000000000000000e+03 2.568050000000000182e+03
3.432000000000000000e+03 2.568950000000000273e+03
3.952000000000000000e+03 2.572200000000000273e+03
3.768000000000000000e+03 2.633950000000000273e+03
3.672000000000000000e+03 2.638450000000000273e+03
3.248000000000000000e+03 2.644800000000000182e+03
3.960000000000000000e+03 2.653950000000000273e+03
3.912000000000000000e+03 2.664300000000000182e+03
3.920000000000000000e+03 2.676099999999999909e+03
3.456000000000000000e+03 2.736400000000000091e+03
3.280000000000000000e+03 2.763750000000000000e+03
3.808000000000000000e+03 2.796050000000000182e+03
3.456000000000000000e+03 2.824200000000000273e+03
3.624000000000000000e+03 2.825650000000000091e+03
3.568000000000000000e+03 2.836849999999999909e+03
4.000000000000000000e+03 2.910550000000000182e+03
3.208000000000000000e+03 2.926150000000000091e+03
3.264000000000000000e+03 2.951500000000000000e+03
3.528000000000000000e+03 2.971500000000000000e+03
3.896000000000000000e+03 2.985450000000000273e+03
3.648000000000000000e+03 3.004300000000000182e+03
3.400000000000000000e+03 3.006150000000000091e+03
3.432000000000000000e+03 3.420700000000000273e+03
3.840000000000000000e+03 3.426950000000000273e+03
3.360000000000000000e+03 3.442700000000000273e+03
3.216000000000000000e+03 3.479900000000000091e+03
3.504000000000000000e+03 3.491750000000000000e+03
3.816000000000000000e+03 3.493050000000000182e+03
3.216000000000000000e+03 3.494900000000000091e+03
3.792000000000000000e+03 3.505250000000000000e+03
3.752000000000000000e+03 3.527450000000000273e+03
3.608000000000000000e+03 3.527800000000000182e+03
3.264000000000000000e+03 3.527950000000000273e+03
3.344000000000000000e+03 3.529800000000000182e+03
3.304000000000000000e+03 3.531300000000000182e+03
3.256000000000000000e+03 3.543550000000000182e+03
3.440000000000000000e+03 3.555700000000000273e+03
3.832000000000000000e+03 3.571700000000000273e+03
3.512000000000000000e+03 3.574349999999999909e+03
3.768000000000000000e+03 3.603900000000000091e+03
3.328000000000000000e+03 3.624099999999999909e+03
3.528000000000000000e+03 3.625050000000000182e+03
3.904000000000000000e+03 3.717849999999999909e+03
3.464000000000000000e+03 3.722300000000000182e+03
3.440000000000000000e+03 3.753099999999999909e+03
3.336000000000000000e+03 3.755750000000000000e+03
3.424000000000000000e+03 3.767200000000000273e+03
3.808000000000000000e+03 3.781099999999999909e+03
3.872000000000000000e+03 3.782950000000000273e+03
3.400000000000000000e+03 3.824050000000000182e+03
3.936000000000000000e+03 3.838500000000000000e+03
3.704000000000000000e+03 3.860400000000000091e+03
3.768000000000000000e+03 3.870900000000000091e+03
3.296000000000000000e+03 3.874450000000000273e+03
3.248000000000000000e+03 3.884900000000000091e+03
3.624000000000000000e+03 3.903450000000000273e+03
3.576000000000000000e+03 3.912750000000000000e+03
3.912000000000000000e+03 3.941800000000000182e+03
3.960000000000000000e+03 3.942750000000000000e+03
3.336000000000000000e+03 3.947650000000000091e+03
3.640000000000000000e+03 3.955950000000000273e+03
3.720000000000000000e+03 3.960150000000000091e+03
3.472000000000000000e+03 4.116000000000000000e+03
3.232000000000000000e+03 4.212449999999999818e+03
3.608000000000000000e+03 4.220250000000000000e+03
3.328000000000000000e+03 4.280649999999999636e+03
3.680000000000000000e+03 4.286500000000000000e+03
3.280000000000000000e+03 4.294850000000000364e+03
3.616000000000000000e+03 4.295100000000000364e+03
3.496000000000000000e+03 4.310600000000000364e+03
3.800000000000000000e+03 4.324649999999999636e+03
3.496000000000000000e+03 4.360699999999999818e+03
3.584000000000000000e+03 4.369750000000000000e+03
3.552000000000000000e+03 4.378400000000000546e+03
3.536000000000000000e+03 4.485199999999999818e+03
3.408000000000000000e+03 4.528250000000000000e+03
3.336000000000000000e+03 4.569000000000000000e+03
3.288000000000000000e+03 4.598750000000000000e+03
3.336000000000000000e+03 4.616750000000000000e+03
3.232000000000000000e+03 4.621949999999999818e+03
3.792000000000000000e+03 4.624949999999999818e+03
3.776000000000000000e+03 4.638300000000000182e+03
3.768000000000000000e+03 4.653449999999999818e+03
3.608000000000000000e+03 4.743350000000000364e+03
3.296000000000000000e+03 4.783949999999999818e+03
3.208000000000000000e+03 4.887300000000000182e+03
3.744000000000000000e+03 4.894449999999999818e+03
3.672000000000000000e+03 4.911949999999999818e+03
3.616000000000000000e+03 5.053750000000000000e+03
3.368000000000000000e+03 5.088550000000000182e+03
3.480000000000000000e+03 5.235400000000000546e+03
3.208000000000000000e+03 5.291350000000000364e+03
3.336000000000000000e+03 5.297250000000000000e+03
3.920000000000000000e+03 5.383949999999999818e+03
3.240000000000000000e+03 5.405050000000000182e+03
3.648000000000000000e+03 5.593150000000000546e+03
3.464000000000000000e+03 5.694800000000000182e+03
3.608000000000000000e+03 5.939400000000000546e+03
3.968000000000000000e+03 5.944250000000000000e+03
3.976000000000000000e+03 5.961199999999999818e+03
3.928000000000000000e+03 5.995500000000000000e+03
3.289000000000000000e+03 1.155499999999999972e+02
3.609000000000000000e+03 1.164500000000000028e+02
3.345000000000000000e+03 1.785000000000000000e+02
3.705000000000000000e+03 1.920999999999999943e+02
3.545000000000000000e+03 1.925000000000000000e+02
3.889000000000000000e+03 1.940000000000000000e+02
3.497000000000000000e+03 2.144000000000000057e+02
3.441000000000000000e+03 2.294500000000000171e+02
3.273000000000000000e+03 2.355999999999999943e+02
3.313000000000000000e+03 2.566999999999999886e+02
3.737000000000000000e+03 2.714499999999999886e+02
3.249000000000000000e+03 3.089000000000000341e+02
3.945000000000000000e+03 3.293000000000000114e+02
3.513000000000000000e+03 3.297500000000000000e+02
3.545000000000000000e+03 3.608500000000000227e+02
3.593000000000000000e+03 3.792500000000000000e+02
3.289000000000000000e+03 3.864499999999999886e+02
3.625000000000000000e+03 3.983000000000000114e+02
3.873000000000000000e+03 4.113500000000000227e+02
3.689000000000000000e+03 4.304000000000000341e+02
3.393000000000000000e+03 4.391999999999999886e+02
3.529000000000000000e+03 4.604499999999999886e+02
3.769000000000000000e+03 4.671999999999999886e+02
3.449000000000000000e+03 4.741500000000000341e+02
3.937000000000000000e+03 5.404500000000000455e+02
3.433000000000000000e+03 5.417999999999999545e+02
3.217000000000000000e+03 5.988500000000000227e+02
3.609000000000000000e+03 5.993500000000000227e+02
3.225000000000000000e+03 6.071000000000000227e+02
3.945000000000000000e+03 6.152000000000000455e+02
3.425000000000000000e+03 6.171499999999999773e+02
3.401000000000000000e+03 6.483500000000000227e+02
3.353000000000000000e+03 6.516000000000000227e+02
3.665000000000000000e+03 6.718500000000000227e+02
3.769000000000000000e+03 7.085000000000000000e+02
3.825000000000000000e+03 7.458000000000000682e+02
3.977000000000000000e+03 7.581499999999999773e+02
3.273000000000000000e+03 7.585000000000000000e+02
3.641000000000000000e+03 7.585000000000000000e+02
3.937000000000000000e+03 7.677500000000000000e+02
3.377000000000000000e+03 7.775500000000000682e+02
3.961000000000000000e+03 7.901000000000000227e+02
3.697000000000000000e+03 7.982500000000000000e+02
3.329000000000000000e+03 8.148500000000000227e+02
3.425000000000000000e+03 8.171000000000000227e+02
3.441000000000000000e+03 8.263999999999999773e+02
3.369000000000000000e+03 8.448000000000000682e+02
3.329000000000000000e+03 8.663500000000000227e+02
3.425000000000000000e+03 8.722500000000000000e+02
3.377000000000000000e+03 8.838999999999999773e+02
3.905000000000000000e+03 9.122500000000000000e+02
3.281000000000000000e+03 9.135000000000000000e+02
3.969000000000000000e+03 9.225500000000000682e+02
3.889000000000000000e+03 9.283500000000000227e+02
3.449000000000000000e+03 9.831000000000000227e+02
3.865000000000000000e+03 9.886000000000000227e+02
3.241000000000000000e+03 1.074299999999999955e+03
3.801000000000000000e+03 1.085500000000000000e+03
3.977000000000000000e+03 1.110799999999999955e+03
3.825000000000000000e+03 1.128350000000000136e+03
3.793000000000000000e+03 1.143200000000000045e+03
3.241000000000000000e+03 1.149150000000000091e+03
3.705000000000000000e+03 1.184299999999999955e+03
3.625000000000000000e+03 1.207650000000000091e+03
3.785000000000000000e+03 1.256700000000000045e+03
3.881000000000000000e+03 1.258000000000000000e+03
3.281000000000000000e+03 1.263150000000000091e+03
3.825000000000000000e+03 1.271350000000000136e+03
3.665000000000000000e+03 1.285250000000000000e+03
3.401000000000000000e+03 1.346049999999999955e+03
3.801000000000000000e+03 1.347700000000000045e+03
3.873000000000000000e+03 1.365450000000000045e+03
3.681000000000000000e+03 1.371400000000000091e+03
3.281000000000000000e+03 1.420500000000000000e+03
3.321000000000000000e+03 1.440900000000000091e+03
3.689000000000000000e+03 1.495900000000000091e+03
3.833000000000000000e+03 1.512250000000000000e+03
3.641000000000000000e+03 1.530150000000000091e+03
3.289000000000000000e+03 1.543799999999999955e+03
3.625000000000000000e+03 1.544850000000000136e+03
3.281000000000000000e+03 1.553850000000000136e+03
3.425000000000000000e+03 1.567950000000000045e+03
3.889000000000000000e+03 1.586100000000000136e+03
3.497000000000000000e+03 1.602950000000000045e+03
3.281000000000000000e+03 1.618700000000000045e+03
3.609000000000000000e+03 1.620549999999999955e+03
3.913000000000000000e+03 1.629799999999999955e+03
3.721000000000000000e+03 1.731700000000000045e+03
3.825000000000000000e+03 1.743049999999999955e+03
3.721000000000000000e+03 1.767299999999999955e+03
3.385000000000000000e+03 1.769150000000000091e+03
3.489000000000000000e+03 1.772250000000000000e+03
3.737000000000000000e+03 1.780299999999999955e+03
3.201000000000000000e+03 1.795650000000000091e+03
3.441000000000000000e+03 1.795900000000000091e+03
3.897000000000000000e+03 1.801600000000000136e+03
3.737000000000000000e+03 1.825299999999999955e+03
3.937000000000000000e+03 1.840799999999999955e+03
3.697000000000000000e+03 1.860350000000000136e+03
3.217000000000000000e+03 1.864000000000000000e+03
3.889000000000000000e+03 1.866650000000000091e+03
3.385000000000000000e+03 1.880549999999999955e+03
3.569000000000000000e+03 1.945100000000000136e+03
3.321000000000000000e+03 1.958950000000000045e+03
3.337000000000000000e+03 1.982049999999999955e+03
3.553000000000000000e+03 2.047500000000000000e+03
3.857000000000000000e+03 2.047450000000000045e+03
3.409000000000000000e+03 2.055650000000000091e+03
3.953000000000000000e+03 2.059849999999999909e+03
3.297000000000000000e+03 2.097250000000000000e+03
3.241000000000000000e+03 2.097800000000000182e+03
3.201000000000000000e+03 2.112050000000000182e+03
3.897000000000000000e+03 2.138750000000000000e+03
3.825000000000000000e+03 2.169750000000000000e+03
3.881000000000000000e+03 2.181250000000000000e+03
3.457000000000000000e+03 2.210300000000000182e+03
3.425000000000000000e+03 2.218000000000000000e+03
3.801000000000000000e+03 2.244750000000000000e+03
3.497000000000000000e+03 2.250750000000000000e+03
3.881000000000000000e+03 2.259050000000000182e+03
3.257000000000000000e+03 2.264200000000000273e+03
3.665000000000000000e+03 2.277400000000000091e+03
3.793000000000000000e+03 2.278800000000000182e+03
3.841000000000000000e+03 2.284550000000000182e+03
3.865000000000000000e+03 2.291450000000000273e+03
3.577000000000000000e+03 2.292000000000000000e+03
3.649000000000000000e+03 2.318800000000000182e+03
3.241000000000000000e+03 2.321750000000000000e+03
3.505000000000000000e+03 2.334200000000000273e+03
3.865000000000000000e+03 2.336300000000000182e+03
3.585000000000000000e+03 2.358150000000000091e+03
3.665000000000000000e+03 2.365150000000000091e+03
3.809000000000000000e+03 2.368550000000000182e+03
3.657000000000000000e+03 2.383950000000000273e+03
3.705000000000000000e+03 2.401349999999999909e+03
3.969000000000000000e+03 2.405300000000000182e+03
3.705000000000000000e+03 2.414349999999999909e+03
3.681000000000000000e+03 2.427900000000000091e+03
3.633000000000000000e+03 2.443500000000000000e+03
3.897000000000000000e+03 2.449750000000000000e+03
3.273000000000000000e+03 2.454450000000000273e+03
3.529000000000000000e+03 2.464800000000000182e+03
3.641000000000000000e+03 2.464849999999999909e+03
3.993000000000000000e+03 2.465250000000000000e+03
3.817000000000000000e+03 2.465950000000000273e+03
3.905000000000000000e+03 2.521050000000000182e+03
3.713000000000000000e+03 2.534900000000000091e+03
3.529000000000000000e+03 2.538099999999999909e+03
3.505000000000000000e+03 2.567800000000000182e+03
3.529000000000000000e+03 2.580050000000000182e+03
3.537000000000000000e+03 2.617099999999999909e+03
3.881000000000000000e+03 2.618500000000000000e+03
3.609000000000000000e+03 2.624200000000000273e+03
3.913000000000000000e+03 2.665950000000000273e+03
3.433000000000000000e+03 2.669599999999999909e+03
3.329000000000000000e+03 2.694349999999999909e+03
3.665000000000000000e+03 2.702250000000000000e+03
3.969000000000000000e+03 2.714099999999999909e+03
3.865000000000000000e+03 2.715950000000000273e+03
3.465000000000000000e+03 2.720400000000000091e+03
3.985000000000000000e+03 2.733400000000000091e+03
3.825000000000000000e+03 2.753750000000000000e+03
3.289000000000000000e+03 2.813500000000000000e+03
3.465000000000000000e+03 2.848800000000000182e+03
3.753000000000000000e+03 2.856849999999999909e+03
3.961000000000000000e+03 2.865349999999999909e+03
3.609000000000000000e+03 2.975099999999999909e+03
3.409000000000000000e+03 3.429450000000000273e+03
3.449000000000000000e+03 3.433500000000000000e+03
3.273000000000000000e+03 3.435950000000000273e+03
3.633000000000000000e+03 3.443750000000000000e+03
3.697000000000000000e+03 3.457950000000000273e+03
3.977000000000000000e+03 3.460550000000000182e+03
3.729000000000000000e+03 3.471250000000000000e+03
3.321000000000000000e+03 3.477950000000000273e+03
3.873000000000000000e+03 3.486950000000000273e+03
3.585000000000000000e+03 3.489750000000000000e+03
3.553000000000000000e+03 3.498500000000000000e+03
3.233000000000000000e+03 3.498950000000000273e+03
3.497000000000000000e+03 3.515750000000000000e+03
3.313000000000000000e+03 3.531800000000000182e+03
3.641000000000000000e+03 3.548450000000000273e+03
3.257000000000000000e+03 3.557250000000000000e+03
3.905000000000000000e+03 3.563950000000000273e+03
3.417000000000000000e+03 3.578050000000000182e+03
3.777000000000000000e+03 3.616150000000000091e+03
3.297000000000000000e+03 3.717849999999999909e+03
3.217000000000000000e+03 3.729800000000000182e+03
3.833000000000000000e+03 3.731349999999999909e+03
3.609000000000000000e+03 3.735450000000000273e+03
3.833000000000000000e+03 3.799750000000000000e+03
3.657000000000000000e+03 3.830599999999999909e+03
3.769000000000000000e+03 3.839950000000000273e+03
3.633000000000000000e+03 3.871800000000000182e+03
3.281000000000000000e+03 3.883700000000000273e+03
3.937000000000000000e+03 3.911450000000000273e+03
3.721000000000000000e+03 3.925550000000000182e+03
3.585000000000000000e+03 3.947099999999999909e+03
3.617000000000000000e+03 3.951150000000000091e+03
3.553000000000000000e+03 3.956250000000000000e+03
3.977000000000000000e+03 3.962450000000000273e+03
3.849000000000000000e+03 3.966450000000000273e+03
3.273000000000000000e+03 3.987050000000000182e+03
3.737000000000000000e+03 4.085500000000000000e+03
3.913000000000000000e+03 4.127500000000000000e+03
3.801000000000000000e+03 4.132899999999999636e+03
3.601000000000000000e+03 4.140750000000000000e+03
3.929000000000000000e+03 4.157100000000000364e+03
3.961000000000000000e+03 4.158100000000000364e+03
3.649000000000000000e+03 4.162050000000000182e+03
3.857000000000000000e+03 4.164649999999999636e+03
3.241000000000000000e+03 4.195899999999999636e+03
3.809000000000000000e+03 4.202250000000000000e+03
3.481000000000000000e+03 4.212399999999999636e+03
3.225000000000000000e+03 4.237300000000000182e+03
3.913000000000000000e+03 4.248750000000000000e+03
3.497000000000000000e+03 4.249000000000000000e+03
3.521000000000000000e+03 4.249100000000000364e+03
3.729000000000000000e+03 4.251399999999999636e+03
3.529000000000000000e+03 4.257300000000000182e+03
3.993000000000000000e+03 4.264449999999999818e+03
3.593000000000000000e+03 4.272699999999999818e+03
3.929000000000000000e+03 4.285899999999999636e+03
3.361000000000000000e+03 4.297149999999999636e+03
3.953000000000000000e+03 4.306550000000000182e+03
3.297000000000000000e+03 4.307550000000000182e+03
3.545000000000000000e+03 4.334649999999999636e+03
3.225000000000000000e+03 4.338899999999999636e+03
3.913000000000000000e+03 4.346550000000000182e+03
3.265000000000000000e+03 4.369449999999999818e+03
3.665000000000000000e+03 4.378199999999999818e+03
3.865000000000000000e+03 4.472900000000000546e+03
3.249000000000000000e+03 4.568000000000000000e+03
3.785000000000000000e+03 4.578850000000000364e+03
3.745000000000000000e+03 4.582449999999999818e+03
3.985000000000000000e+03 4.599150000000000546e+03
3.337000000000000000e+03 4.615250000000000000e+03
3.577000000000000000e+03 4.639500000000000000e+03
3.761000000000000000e+03 4.782800000000000182e+03
3.553000000000000000e+03 4.791050000000000182e+03
3.465000000000000000e+03 4.820000000000000000e+03
3.473000000000000000e+03 4.848600000000000364e+03
3.865000000000000000e+03 4.871150000000000546e+03
3.561000000000000000e+03 4.872699999999999818e+03
3.265000000000000000e+03 4.883199999999999818e+03
3.913000000000000000e+03 4.899250000000000000e+03
3.689000000000000000e+03 4.923400000000000546e+03
3.993000000000000000e+03 4.935500000000000000e+03
3.489000000000000000e+03 4.939100000000000364e+03
3.769000000000000000e+03 4.945550000000000182e+03
3.217000000000000000e+03 4.947949999999999818e+03
3.537000000000000000e+03 5.061150000000000546e+03
3.481000000000000000e+03 5.069949999999999818e+03
3.873000000000000000e+03 5.081400000000000546e+03
3.881000000000000000e+03 5.097100000000000364e+03
3.809000000000000000e+03 5.105750000000000000e+03
3.321000000000000000e+03 5.185550000000000182e+03
3.209000000000000000e+03 5.187949999999999818e+03
3.297000000000000000e+03 5.205250000000000000e+03
3.457000000000000000e+03 5.282699999999999818e+03
3.337000000000000000e+03 5.316050000000000182e+03
3.465000000000000000e+03 5.346750000000000000e+03
3.625000000000000000e+03 5.411199999999999818e+03
3.281000000000000000e+03 5.437850000000000364e+03
3.569000000000000000e+03 5.546949999999999818e+03
3.785000000000000000e+03 5.649050000000000182e+03
3.297000000000000000e+03 5.814699999999999818e+03
3.529000000000000000e+03 5.849699999999999818e+03
3.497000000000000000e+03 5.853900000000000546e+03
3.353000000000000000e+03 5.901300000000000182e+03
3.577000000000000000e+03 5.901400000000000546e+03
3.945000000000000000e+03 5.904350000000000364e+03
3.578000000000000000e+03 1.029500000000000028e+02
3.954000000000000000e+03 1.415000000000000000e+02
3.922000000000000000e+03 1.694500000000000171e+02
3.554000000000000000e+03 1.717500000000000000e+02
3.938000000000000000e+03 2.120000000000000000e+02
3.338000000000000000e+03 2.339000000000000057e+02
3.538000000000000000e+03 2.723000000000000114e+02
3.594000000000000000e+03 2.726499999999999773e+02
3.450000000000000000e+03 2.997500000000000000e+02
3.738000000000000000e+03 3.084499999999999886e+02
3.970000000000000000e+03 3.301500000000000341e+02
3.202000000000000000e+03 3.437500000000000000e+02
3.618000000000000000e+03 3.918500000000000227e+02
3.410000000000000000e+03 4.069000000000000341e+02
3.866000000000000000e+03 4.231000000000000227e+02
3.538000000000000000e+03 4.304499999999999886e+02
3.682000000000000000e+03 4.355000000000000000e+02
3.466000000000000000e+03 4.371000000000000227e+02
3.770000000000000000e+03 4.399499999999999886e+02
3.290000000000000000e+03 4.421000000000000227e+02
3.610000000000000000e+03 4.593000000000000114e+02
3.330000000000000000e+03 4.658500000000000227e+02
3.554000000000000000e+03 4.729000000000000341e+02
3.658000000000000000e+03 4.734499999999999886e+02
3.786000000000000000e+03 4.921000000000000227e+02
3.562000000000000000e+03 5.767000000000000455e+02
3.298000000000000000e+03 6.032500000000000000e+02
3.610000000000000000e+03 6.132000000000000455e+02
3.322000000000000000e+03 6.270500000000000682e+02
3.850000000000000000e+03 6.383500000000000227e+02
3.554000000000000000e+03 6.699500000000000455e+02
3.586000000000000000e+03 7.171499999999999773e+02
3.330000000000000000e+03 7.335000000000000000e+02
3.778000000000000000e+03 7.368000000000000682e+02
3.642000000000000000e+03 7.451499999999999773e+02
3.410000000000000000e+03 7.660000000000000000e+02
3.618000000000000000e+03 7.678999999999999773e+02
3.994000000000000000e+03 7.842500000000000000e+02
3.218000000000000000e+03 7.959500000000000455e+02
3.466000000000000000e+03 8.240000000000000000e+02
3.466000000000000000e+03 8.638500000000000227e+02
3.434000000000000000e+03 8.895000000000000000e+02
3.210000000000000000e+03 9.851000000000000227e+02
3.314000000000000000e+03 9.932500000000000000e+02
3.898000000000000000e+03 1.006450000000000045e+03
3.778000000000000000e+03 1.009399999999999977e+03
3.498000000000000000e+03 1.013350000000000023e+03
3.994000000000000000e+03 1.014100000000000023e+03
3.514000000000000000e+03 1.029049999999999955e+03
3.842000000000000000e+03 1.036250000000000000e+03
3.562000000000000000e+03 1.038400000000000091e+03
3.634000000000000000e+03 1.038500000000000000e+03
3.402000000000000000e+03 1.055650000000000091e+03
3.346000000000000000e+03 1.110900000000000091e+03
3.890000000000000000e+03 1.158750000000000000e+03
3.858000000000000000e+03 1.207850000000000136e+03
3.426000000000000000e+03 1.213250000000000000e+03
3.562000000000000000e+03 1.237200000000000045e+03
3.626000000000000000e+03 1.247000000000000000e+03
3.874000000000000000e+03 1.249150000000000091e+03
3.234000000000000000e+03 1.255049999999999955e+03
3.546000000000000000e+03 1.293600000000000136e+03
3.202000000000000000e+03 1.296650000000000091e+03
3.514000000000000000e+03 1.297049999999999955e+03
3.850000000000000000e+03 1.304450000000000045e+03
3.330000000000000000e+03 1.325850000000000136e+03
3.914000000000000000e+03 1.348600000000000136e+03
3.442000000000000000e+03 1.367299999999999955e+03
3.266000000000000000e+03 1.371049999999999955e+03
3.890000000000000000e+03 1.383350000000000136e+03
3.858000000000000000e+03 1.387549999999999955e+03
3.322000000000000000e+03 1.422299999999999955e+03
3.338000000000000000e+03 1.433100000000000136e+03
3.722000000000000000e+03 1.434600000000000136e+03
3.698000000000000000e+03 1.496250000000000000e+03
3.946000000000000000e+03 1.522250000000000000e+03
3.458000000000000000e+03 1.539700000000000045e+03
3.474000000000000000e+03 1.550700000000000045e+03
3.482000000000000000e+03 1.559350000000000136e+03
3.754000000000000000e+03 1.568150000000000091e+03
3.218000000000000000e+03 1.598400000000000091e+03
3.682000000000000000e+03 1.608450000000000045e+03
3.930000000000000000e+03 1.616299999999999955e+03
3.970000000000000000e+03 1.666450000000000045e+03
3.274000000000000000e+03 1.682350000000000136e+03
3.722000000000000000e+03 1.699049999999999955e+03
3.610000000000000000e+03 1.706549999999999955e+03
3.490000000000000000e+03 1.710799999999999955e+03
3.642000000000000000e+03 1.711850000000000136e+03
3.794000000000000000e+03 1.714750000000000000e+03
3.962000000000000000e+03 1.720250000000000000e+03
3.282000000000000000e+03 1.730600000000000136e+03
3.674000000000000000e+03 1.739049999999999955e+03
3.210000000000000000e+03 1.739950000000000045e+03
3.426000000000000000e+03 1.742750000000000000e+03
3.994000000000000000e+03 1.772450000000000045e+03
3.354000000000000000e+03 1.808900000000000091e+03
3.698000000000000000e+03 1.816049999999999955e+03
3.250000000000000000e+03 1.826299999999999955e+03
3.682000000000000000e+03 1.853049999999999955e+03
3.250000000000000000e+03 1.853450000000000045e+03
3.274000000000000000e+03 1.856150000000000091e+03
3.802000000000000000e+03 1.896700000000000045e+03
3.882000000000000000e+03 1.920650000000000091e+03
3.698000000000000000e+03 1.922799999999999955e+03
3.930000000000000000e+03 1.928549999999999955e+03
3.578000000000000000e+03 1.933750000000000000e+03
3.546000000000000000e+03 1.945750000000000000e+03
3.618000000000000000e+03 1.982400000000000091e+03
3.970000000000000000e+03 1.983250000000000000e+03
3.274000000000000000e+03 1.989200000000000045e+03
3.506000000000000000e+03 2.027650000000000091e+03
3.898000000000000000e+03 2.056199999999999818e+03
3.434000000000000000e+03 2.067000000000000000e+03
3.378000000000000000e+03 2.104099999999999909e+03
3.938000000000000000e+03 2.164449999999999818e+03
3.746000000000000000e+03 2.172550000000000182e+03
3.370000000000000000e+03 2.190800000000000182e+03
3.602000000000000000e+03 2.203500000000000000e+03
3.538000000000000000e+03 2.233250000000000000e+03
3.570000000000000000e+03 2.244150000000000091e+03
3.450000000000000000e+03 2.244800000000000182e+03
3.586000000000000000e+03 2.271800000000000182e+03
3.394000000000000000e+03 2.277650000000000091e+03
3.674000000000000000e+03 2.281150000000000091e+03
3.266000000000000000e+03 2.286950000000000273e+03
3.346000000000000000e+03 2.294150000000000091e+03
3.498000000000000000e+03 2.312250000000000000e+03
3.338000000000000000e+03 2.335550000000000182e+03
3.242000000000000000e+03 2.366650000000000091e+03
3.314000000000000000e+03 2.386200000000000273e+03
3.234000000000000000e+03 2.428849999999999909e+03
3.978000000000000000e+03 2.451150000000000091e+03
3.970000000000000000e+03 2.451450000000000273e+03
3.250000000000000000e+03 2.454400000000000091e+03
3.682000000000000000e+03 2.454750000000000000e+03
3.386000000000000000e+03 2.460250000000000000e+03
3.530000000000000000e+03 2.464400000000000091e+03
3.890000000000000000e+03 2.478650000000000091e+03
3.226000000000000000e+03 2.482200000000000273e+03
3.810000000000000000e+03 2.496150000000000091e+03
3.490000000000000000e+03 2.508200000000000273e+03
3.578000000000000000e+03 2.531400000000000091e+03
3.658000000000000000e+03 2.547500000000000000e+03
3.602000000000000000e+03 2.550300000000000182e+03
3.754000000000000000e+03 2.577400000000000091e+03
3.354000000000000000e+03 2.578050000000000182e+03
3.730000000000000000e+03 2.613000000000000000e+03
3.578000000000000000e+03 2.620349999999999909e+03
3.890000000000000000e+03 2.672500000000000000e+03
3.706000000000000000e+03 2.683599999999999909e+03
3.978000000000000000e+03 2.694099999999999909e+03
3.434000000000000000e+03 2.705099999999999909e+03
3.554000000000000000e+03 2.712500000000000000e+03
3.210000000000000000e+03 2.716200000000000273e+03
3.890000000000000000e+03 2.740800000000000182e+03
3.746000000000000000e+03 2.745650000000000091e+03
3.634000000000000000e+03 2.793950000000000273e+03
3.882000000000000000e+03 2.799400000000000091e+03
3.986000000000000000e+03 2.814400000000000091e+03
3.794000000000000000e+03 2.839150000000000091e+03
3.914000000000000000e+03 2.849849999999999909e+03
3.250000000000000000e+03 2.850700000000000273e+03
3.306000000000000000e+03 2.853450000000000273e+03
3.850000000000000000e+03 2.870800000000000182e+03
3.546000000000000000e+03 2.877150000000000091e+03
3.330000000000000000e+03 2.881400000000000091e+03
3.266000000000000000e+03 2.891000000000000000e+03
3.234000000000000000e+03 2.892650000000000091e+03
3.954000000000000000e+03 2.932800000000000182e+03
3.290000000000000000e+03 2.944250000000000000e+03
3.426000000000000000e+03 2.944500000000000000e+03
3.306000000000000000e+03 2.945700000000000273e+03
3.858000000000000000e+03 2.982349999999999909e+03
3.626000000000000000e+03 3.457950000000000273e+03
3.250000000000000000e+03 3.460099999999999909e+03
3.738000000000000000e+03 3.460849999999999909e+03
3.546000000000000000e+03 3.515599999999999909e+03
3.970000000000000000e+03 3.522349999999999909e+03
3.986000000000000000e+03 3.524300000000000182e+03
3.650000000000000000e+03 3.529849999999999909e+03
3.570000000000000000e+03 3.531550000000000182e+03
3.514000000000000000e+03 3.576250000000000000e+03
3.778000000000000000e+03 3.594800000000000182e+03
3.610000000000000000e+03 3.603400000000000091e+03
3.562000000000000000e+03 3.710050000000000182e+03
3.354000000000000000e+03 3.727000000000000000e+03
3.714000000000000000e+03 3.740300000000000182e+03
3.626000000000000000e+03 3.777400000000000091e+03
3.242000000000000000e+03 3.779000000000000000e+03
3.442000000000000000e+03 3.782000000000000000e+03
3.874000000000000000e+03 3.782650000000000091e+03
3.554000000000000000e+03 3.795300000000000182e+03
3.698000000000000000e+03 3.801900000000000091e+03
3.738000000000000000e+03 3.818400000000000091e+03
3.930000000000000000e+03 3.825099999999999909e+03
3.738000000000000000e+03 3.834849999999999909e+03
3.826000000000000000e+03 3.919200000000000273e+03
3.322000000000000000e+03 3.919349999999999909e+03
3.218000000000000000e+03 3.935750000000000000e+03
3.986000000000000000e+03 3.955500000000000000e+03
3.922000000000000000e+03 4.013250000000000000e+03
3.538000000000000000e+03 4.156000000000000000e+03
3.626000000000000000e+03 4.176000000000000000e+03
3.362000000000000000e+03 4.176399999999999636e+03
3.810000000000000000e+03 4.181899999999999636e+03
3.386000000000000000e+03 4.184949999999999818e+03
3.802000000000000000e+03 4.196000000000000000e+03
3.242000000000000000e+03 4.248699999999999818e+03
3.754000000000000000e+03 4.250600000000000364e+03
3.522000000000000000e+03 4.268000000000000000e+03
3.610000000000000000e+03 4.268649999999999636e+03
3.762000000000000000e+03 4.271500000000000000e+03
3.914000000000000000e+03 4.286250000000000000e+03
3.818000000000000000e+03 4.333300000000000182e+03
3.738000000000000000e+03 4.341399999999999636e+03
3.986000000000000000e+03 4.351600000000000364e+03
3.298000000000000000e+03 4.378500000000000000e+03
3.210000000000000000e+03 4.471100000000000364e+03
3.386000000000000000e+03 4.477300000000000182e+03
3.690000000000000000e+03 4.500449999999999818e+03
3.466000000000000000e+03 4.592150000000000546e+03
3.322000000000000000e+03 4.594000000000000000e+03
3.778000000000000000e+03 4.608449999999999818e+03
3.882000000000000000e+03 4.620750000000000000e+03
3.794000000000000000e+03 4.625500000000000000e+03
3.674000000000000000e+03 4.650100000000000364e+03
3.762000000000000000e+03 4.811050000000000182e+03
3.306000000000000000e+03 4.861949999999999818e+03
3.618000000000000000e+03 4.873150000000000546e+03
3.410000000000000000e+03 4.881949999999999818e+03
3.538000000000000000e+03 4.901400000000000546e+03
3.594000000000000000e+03 4.915500000000000000e+03
3.242000000000000000e+03 4.926350000000000364e+03
3.730000000000000000e+03 5.033300000000000182e+03
3.546000000000000000e+03 5.056600000000000364e+03
3.898000000000000000e+03 5.069400000000000546e+03
3.946000000000000000e+03 5.071050000000000182e+03
3.530000000000000000e+03 5.094800000000000182e+03
3.778000000000000000e+03 5.098699999999999818e+03
3.306000000000000000e+03 5.099000000000000000e+03
3.658000000000000000e+03 5.101699999999999818e+03
3.386000000000000000e+03 5.103400000000000546e+03
3.730000000000000000e+03 5.104500000000000000e+03
3.570000000000000000e+03 5.168650000000000546e+03
3.738000000000000000e+03 5.177600000000000364e+03
3.714000000000000000e+03 5.298350000000000364e+03
3.698000000000000000e+03 5.342300000000000182e+03
3.338000000000000000e+03 5.366750000000000000e+03
3.794000000000000000e+03 5.400600000000000364e+03
3.906000000000000000e+03 5.442400000000000546e+03
3.642000000000000000e+03 5.490000000000000000e+03
3.898000000000000000e+03 5.543000000000000000e+03
3.258000000000000000e+03 5.562949999999999818e+03
3.898000000000000000e+03 5.584300000000000182e+03
3.618000000000000000e+03 5.643300000000000182e+03
3.866000000000000000e+03 5.665150000000000546e+03
3.874000000000000000e+03 5.701949999999999818e+03
3.482000000000000000e+03 5.705000000000000000e+03
3.354000000000000000e+03 5.737050000000000182e+03
3.850000000000000000e+03 5.752449999999999818e+03
3.394000000000000000e+03 5.786699999999999818e+03
3.626000000000000000e+03 5.890449999999999818e+03
3.707000000000000000e+03 1.284499999999999886e+02
3.755000000000000000e+03 1.543499999999999943e+02
3.923000000000000000e+03 1.565999999999999943e+02
3.731000000000000000e+03 1.790000000000000000e+02
3.491000000000000000e+03 1.801500000000000057e+02
3.643000000000000000e+03 1.864000000000000057e+02
3.523000000000000000e+03 2.018499999999999943e+02
3.299000000000000000e+03 2.602500000000000000e+02
3.555000000000000000e+03 2.770500000000000114e+02
3.723000000000000000e+03 2.931500000000000341e+02
3.491000000000000000e+03 3.014499999999999886e+02
3.603000000000000000e+03 3.103000000000000114e+02
3.627000000000000000e+03 3.114000000000000341e+02
3.715000000000000000e+03 3.753000000000000114e+02
3.411000000000000000e+03 3.810000000000000000e+02
3.755000000000000000e+03 4.499000000000000341e+02
3.315000000000000000e+03 4.681500000000000341e+02
3.995000000000000000e+03 4.690500000000000114e+02
3.323000000000000000e+03 4.709499999999999886e+02
3.203000000000000000e+03 5.071000000000000227e+02
3.995000000000000000e+03 5.151499999999999773e+02
3.435000000000000000e+03 5.270499999999999545e+02
3.315000000000000000e+03 5.395000000000000000e+02
3.387000000000000000e+03 5.473999999999999773e+02
3.827000000000000000e+03 5.752000000000000455e+02
3.675000000000000000e+03 6.176499999999999773e+02
3.355000000000000000e+03 6.256499999999999773e+02
3.347000000000000000e+03 6.435500000000000682e+02
3.531000000000000000e+03 6.471499999999999773e+02
3.947000000000000000e+03 6.553500000000000227e+02
3.867000000000000000e+03 6.788000000000000682e+02
3.483000000000000000e+03 6.803000000000000682e+02
3.675000000000000000e+03 6.813500000000000227e+02
3.851000000000000000e+03 6.926000000000000227e+02
3.867000000000000000e+03 7.015500000000000682e+02
3.379000000000000000e+03 7.051000000000000227e+02
3.635000000000000000e+03 7.056000000000000227e+02
3.267000000000000000e+03 7.141000000000000227e+02
3.491000000000000000e+03 7.258500000000000227e+02
3.531000000000000000e+03 7.432500000000000000e+02
3.651000000000000000e+03 7.442000000000000455e+02
3.683000000000000000e+03 7.472000000000000455e+02
3.787000000000000000e+03 8.033000000000000682e+02
3.547000000000000000e+03 8.194500000000000455e+02
3.875000000000000000e+03 8.525500000000000682e+02
3.539000000000000000e+03 8.529500000000000455e+02
3.675000000000000000e+03 8.728500000000000227e+02
3.651000000000000000e+03 8.774500000000000455e+02
3.755000000000000000e+03 8.972500000000000000e+02
3.371000000000000000e+03 9.150500000000000682e+02
3.771000000000000000e+03 9.272000000000000455e+02
3.419000000000000000e+03 9.407000000000000455e+02
3.891000000000000000e+03 9.477500000000000000e+02
3.251000000000000000e+03 9.585500000000000682e+02
3.267000000000000000e+03 9.988500000000000227e+02
3.483000000000000000e+03 1.057150000000000091e+03
3.867000000000000000e+03 1.070400000000000091e+03
3.771000000000000000e+03 1.115299999999999955e+03
3.523000000000000000e+03 1.157450000000000045e+03
3.499000000000000000e+03 1.183549999999999955e+03
3.339000000000000000e+03 1.195700000000000045e+03
3.803000000000000000e+03 1.204750000000000000e+03
3.835000000000000000e+03 1.220900000000000091e+03
3.699000000000000000e+03 1.240150000000000091e+03
3.931000000000000000e+03 1.256049999999999955e+03
3.251000000000000000e+03 1.287049999999999955e+03
3.299000000000000000e+03 1.293150000000000091e+03
3.595000000000000000e+03 1.297200000000000045e+03
3.323000000000000000e+03 1.297350000000000136e+03
3.219000000000000000e+03 1.326350000000000136e+03
3.203000000000000000e+03 1.399200000000000045e+03
3.739000000000000000e+03 1.418100000000000136e+03
3.203000000000000000e+03 1.431500000000000000e+03
3.891000000000000000e+03 1.447700000000000045e+03
3.283000000000000000e+03 1.476000000000000000e+03
3.667000000000000000e+03 1.484299999999999955e+03
3.491000000000000000e+03 1.527650000000000091e+03
3.979000000000000000e+03 1.545350000000000136e+03
3.963000000000000000e+03 1.560500000000000000e+03
3.987000000000000000e+03 1.568049999999999955e+03
3.619000000000000000e+03 1.578950000000000045e+03
3.859000000000000000e+03 1.585000000000000000e+03
3.835000000000000000e+03 1.588150000000000091e+03
3.395000000000000000e+03 1.601500000000000000e+03
3.587000000000000000e+03 1.608250000000000000e+03
3.451000000000000000e+03 1.628799999999999955e+03
3.387000000000000000e+03 1.629250000000000000e+03
3.699000000000000000e+03 1.629850000000000136e+03
3.995000000000000000e+03 1.631150000000000091e+03
3.763000000000000000e+03 1.634400000000000091e+03
3.211000000000000000e+03 1.656200000000000045e+03
3.547000000000000000e+03 1.667900000000000091e+03
3.963000000000000000e+03 1.671700000000000045e+03
3.667000000000000000e+03 1.673200000000000045e+03
3.683000000000000000e+03 1.677700000000000045e+03
3.219000000000000000e+03 1.684100000000000136e+03
3.987000000000000000e+03 1.691299999999999955e+03
3.811000000000000000e+03 1.701200000000000045e+03
3.211000000000000000e+03 1.702250000000000000e+03
3.883000000000000000e+03 1.755000000000000000e+03
3.427000000000000000e+03 1.759299999999999955e+03
3.723000000000000000e+03 1.770750000000000000e+03
3.675000000000000000e+03 1.776049999999999955e+03
3.435000000000000000e+03 1.816100000000000136e+03
3.643000000000000000e+03 1.834750000000000000e+03
3.747000000000000000e+03 1.836850000000000136e+03
3.523000000000000000e+03 1.841900000000000091e+03
3.451000000000000000e+03 1.852450000000000045e+03
3.611000000000000000e+03 1.873750000000000000e+03
3.283000000000000000e+03 1.912549999999999955e+03
3.643000000000000000e+03 1.922100000000000136e+03
3.475000000000000000e+03 1.943400000000000091e+03
3.411000000000000000e+03 1.944549999999999955e+03
3.803000000000000000e+03 1.972150000000000091e+03
3.451000000000000000e+03 1.974600000000000136e+03
3.707000000000000000e+03 2.027049999999999955e+03
3.923000000000000000e+03 2.034049999999999955e+03
3.891000000000000000e+03 2.036400000000000091e+03
3.555000000000000000e+03 2.045799999999999955e+03
3.563000000000000000e+03 2.082599999999999909e+03
3.763000000000000000e+03 2.083650000000000091e+03
3.419000000000000000e+03 2.089449999999999818e+03
3.883000000000000000e+03 2.100900000000000091e+03
3.779000000000000000e+03 2.107400000000000091e+03
3.227000000000000000e+03 2.107699999999999818e+03
3.411000000000000000e+03 2.138250000000000000e+03
3.275000000000000000e+03 2.148449999999999818e+03
3.675000000000000000e+03 2.162650000000000091e+03
3.667000000000000000e+03 2.172849999999999909e+03
3.387000000000000000e+03 2.173849999999999909e+03
3.211000000000000000e+03 2.194200000000000273e+03
3.707000000000000000e+03 2.207099999999999909e+03
3.963000000000000000e+03 2.210000000000000000e+03
3.907000000000000000e+03 2.213800000000000182e+03
3.371000000000000000e+03 2.234700000000000273e+03
3.307000000000000000e+03 2.236400000000000091e+03
3.219000000000000000e+03 2.243349999999999909e+03
3.747000000000000000e+03 2.244450000000000273e+03
3.859000000000000000e+03 2.244500000000000000e+03
3.779000000000000000e+03 2.253599999999999909e+03
3.795000000000000000e+03 2.254250000000000000e+03
3.547000000000000000e+03 2.263500000000000000e+03
3.867000000000000000e+03 2.263450000000000273e+03
3.763000000000000000e+03 2.275900000000000091e+03
3.827000000000000000e+03 2.279050000000000182e+03
3.859000000000000000e+03 2.279900000000000091e+03
3.331000000000000000e+03 2.287450000000000273e+03
3.683000000000000000e+03 2.303000000000000000e+03
3.835000000000000000e+03 2.358500000000000000e+03
3.667000000000000000e+03 2.366849999999999909e+03
3.555000000000000000e+03 2.367400000000000091e+03
3.875000000000000000e+03 2.368550000000000182e+03
3.907000000000000000e+03 2.370800000000000182e+03
3.811000000000000000e+03 2.377650000000000091e+03
3.635000000000000000e+03 2.378349999999999909e+03
3.355000000000000000e+03 2.390099999999999909e+03
3.403000000000000000e+03 2.451099999999999909e+03
3.555000000000000000e+03 2.462099999999999909e+03
3.763000000000000000e+03 2.463900000000000091e+03
3.987000000000000000e+03 2.476400000000000091e+03
3.523000000000000000e+03 2.478400000000000091e+03
3.483000000000000000e+03 2.510250000000000000e+03
3.659000000000000000e+03 2.536349999999999909e+03
3.931000000000000000e+03 2.549550000000000182e+03
3.211000000000000000e+03 2.573450000000000273e+03
3.691000000000000000e+03 2.593950000000000273e+03
3.411000000000000000e+03 2.603700000000000273e+03
3.771000000000000000e+03 2.648300000000000182e+03
3.971000000000000000e+03 2.662700000000000273e+03
3.659000000000000000e+03 2.671150000000000091e+03
3.523000000000000000e+03 2.677349999999999909e+03
3.795000000000000000e+03 2.695150000000000091e+03
3.451000000000000000e+03 2.711750000000000000e+03
3.651000000000000000e+03 2.720900000000000091e+03
3.491000000000000000e+03 2.725050000000000182e+03
3.459000000000000000e+03 2.738300000000000182e+03
3.787000000000000000e+03 2.756599999999999909e+03
3.371000000000000000e+03 2.808099999999999909e+03
3.435000000000000000e+03 2.850650000000000091e+03
3.843000000000000000e+03 2.896349999999999909e+03
3.555000000000000000e+03 2.950849999999999909e+03
3.547000000000000000e+03 2.957000000000000000e+03
3.539000000000000000e+03 2.967349999999999909e+03
3.803000000000000000e+03 2.970150000000000091e+03
3.835000000000000000e+03 2.970750000000000000e+03
3.827000000000000000e+03 2.985050000000000182e+03
3.291000000000000000e+03 3.395349999999999909e+03
3.611000000000000000e+03 3.430950000000000273e+03
3.667000000000000000e+03 3.459250000000000000e+03
3.915000000000000000e+03 3.471650000000000091e+03
3.811000000000000000e+03 3.481500000000000000e+03
3.523000000000000000e+03 3.489150000000000091e+03
3.715000000000000000e+03 3.515400000000000091e+03
3.675000000000000000e+03 3.531500000000000000e+03
3.251000000000000000e+03 3.543700000000000273e+03
3.611000000000000000e+03 3.573050000000000182e+03
3.771000000000000000e+03 3.583650000000000091e+03
3.555000000000000000e+03 3.585450000000000273e+03
3.779000000000000000e+03 3.699000000000000000e+03
3.371000000000000000e+03 3.710650000000000091e+03
3.483000000000000000e+03 3.755650000000000091e+03
3.947000000000000000e+03 3.836450000000000273e+03
3.323000000000000000e+03 3.843150000000000091e+03
3.811000000000000000e+03 3.874000000000000000e+03
3.219000000000000000e+03 3.883550000000000182e+03
3.387000000000000000e+03 3.902400000000000091e+03
3.499000000000000000e+03 3.913650000000000091e+03
3.691000000000000000e+03 3.926349999999999909e+03
3.475000000000000000e+03 3.941900000000000091e+03
3.419000000000000000e+03 3.955250000000000000e+03
3.787000000000000000e+03 3.956650000000000091e+03
3.699000000000000000e+03 3.965050000000000182e+03
3.235000000000000000e+03 3.974450000000000273e+03
3.203000000000000000e+03 4.003349999999999909e+03
3.411000000000000000e+03 4.099250000000000000e+03
3.995000000000000000e+03 4.132300000000000182e+03
3.571000000000000000e+03 4.165750000000000000e+03
3.683000000000000000e+03 4.169149999999999636e+03
3.971000000000000000e+03 4.183500000000000000e+03
3.603000000000000000e+03 4.226449999999999818e+03
3.275000000000000000e+03 4.229500000000000000e+03
3.787000000000000000e+03 4.244100000000000364e+03
3.635000000000000000e+03 4.247949999999999818e+03
3.699000000000000000e+03 4.250500000000000000e+03
3.547000000000000000e+03 4.254449999999999818e+03
3.715000000000000000e+03 4.258399999999999636e+03
3.283000000000000000e+03 4.263300000000000182e+03
3.723000000000000000e+03 4.264100000000000364e+03
3.347000000000000000e+03 4.273600000000000364e+03
3.675000000000000000e+03 4.302550000000000182e+03
3.875000000000000000e+03 4.309600000000000364e+03
3.747000000000000000e+03 4.334300000000000182e+03
3.795000000000000000e+03 4.348699999999999818e+03
3.907000000000000000e+03 4.373949999999999818e+03
3.243000000000000000e+03 4.380850000000000364e+03
3.611000000000000000e+03 4.487600000000000364e+03
3.811000000000000000e+03 4.511550000000000182e+03
3.963000000000000000e+03 4.512800000000000182e+03
3.819000000000000000e+03 4.543850000000000364e+03
3.243000000000000000e+03 4.563150000000000546e+03
3.587000000000000000e+03 4.567150000000000546e+03
3.683000000000000000e+03 4.576300000000000182e+03
3.347000000000000000e+03 4.580449999999999818e+03
3.763000000000000000e+03 4.586650000000000546e+03
3.555000000000000000e+03 4.600250000000000000e+03
3.219000000000000000e+03 4.607800000000000182e+03
3.619000000000000000e+03 4.613350000000000364e+03
3.307000000000000000e+03 4.613900000000000546e+03
3.555000000000000000e+03 4.619449999999999818e+03
3.579000000000000000e+03 4.625449999999999818e+03
3.243000000000000000e+03 4.635050000000000182e+03
3.627000000000000000e+03 4.646800000000000182e+03
3.843000000000000000e+03 4.649300000000000182e+03
3.731000000000000000e+03 4.819949999999999818e+03
3.643000000000000000e+03 4.839449999999999818e+03
3.755000000000000000e+03 4.840000000000000000e+03
3.523000000000000000e+03 4.841550000000000182e+03
3.883000000000000000e+03 4.907949999999999818e+03
3.827000000000000000e+03 4.921650000000000546e+03
3.971000000000000000e+03 4.928500000000000000e+03
3.243000000000000000e+03 4.932000000000000000e+03
3.691000000000000000e+03 4.945949999999999818e+03
3.355000000000000000e+03 5.103699999999999818e+03
3.259000000000000000e+03 5.124350000000000364e+03
3.491000000000000000e+03 5.124750000000000000e+03
3.483000000000000000e+03 5.213300000000000182e+03
3.787000000000000000e+03 5.229500000000000000e+03
3.219000000000000000e+03 5.260850000000000364e+03
3.531000000000000000e+03 5.307800000000000182e+03
3.891000000000000000e+03 5.411750000000000000e+03
3.347000000000000000e+03 5.476550000000000182e+03
3.427000000000000000e+03 5.500750000000000000e+03
3.955000000000000000e+03 5.620050000000000182e+03
3.851000000000000000e+03 5.801900000000000546e+03
3.203000000000000000e+03 5.932699999999999818e+03
3.451000000000000000e+03 5.953699999999999818e+03
3.611000000000000000e+03 5.984699999999999818e+03
3.228000000000000000e+03 1.030499999999999972e+02
3.716000000000000000e+03 1.298499999999999943e+02
3.308000000000000000e+03 1.308499999999999943e+02
3.500000000000000000e+03 1.888499999999999943e+02
3.460000000000000000e+03 2.561999999999999886e+02
3.580000000000000000e+03 2.625500000000000114e+02
3.652000000000000000e+03 2.980000000000000000e+02
3.436000000000000000e+03 2.998000000000000114e+02
3.340000000000000000e+03 3.010000000000000000e+02
3.580000000000000000e+03 3.016000000000000227e+02
3.372000000000000000e+03 3.132500000000000000e+02
3.948000000000000000e+03 3.236000000000000227e+02
3.236000000000000000e+03 3.416000000000000227e+02
3.316000000000000000e+03 3.653000000000000114e+02
3.260000000000000000e+03 3.844000000000000341e+02
3.588000000000000000e+03 3.856500000000000341e+02
3.228000000000000000e+03 4.111000000000000227e+02
3.628000000000000000e+03 4.234499999999999886e+02
3.724000000000000000e+03 4.458000000000000114e+02
3.708000000000000000e+03 4.553000000000000114e+02
3.388000000000000000e+03 5.188999999999999773e+02
3.996000000000000000e+03 5.242000000000000455e+02
3.252000000000000000e+03 5.457000000000000455e+02
3.700000000000000000e+03 6.076000000000000227e+02
3.628000000000000000e+03 6.123999999999999773e+02
3.916000000000000000e+03 6.202000000000000455e+02
3.316000000000000000e+03 6.238500000000000227e+02
3.356000000000000000e+03 6.286499999999999773e+02
3.788000000000000000e+03 6.583999999999999773e+02
3.820000000000000000e+03 6.719500000000000455e+02
3.964000000000000000e+03 6.790500000000000682e+02
3.764000000000000000e+03 6.906000000000000227e+02
3.860000000000000000e+03 6.987000000000000455e+02
3.908000000000000000e+03 7.007500000000000000e+02
3.316000000000000000e+03 7.152000000000000455e+02
3.868000000000000000e+03 7.460000000000000000e+02
3.316000000000000000e+03 7.594500000000000455e+02
3.644000000000000000e+03 7.793999999999999773e+02
3.508000000000000000e+03 7.973500000000000227e+02
3.236000000000000000e+03 7.992500000000000000e+02
3.684000000000000000e+03 8.255000000000000000e+02
3.940000000000000000e+03 8.258500000000000227e+02
3.564000000000000000e+03 8.403000000000000682e+02
3.612000000000000000e+03 8.646499999999999773e+02
3.428000000000000000e+03 9.259500000000000455e+02
3.652000000000000000e+03 9.265500000000000682e+02
3.972000000000000000e+03 9.340500000000000682e+02
3.748000000000000000e+03 9.350000000000000000e+02
3.364000000000000000e+03 9.593000000000000682e+02
3.252000000000000000e+03 9.838500000000000227e+02
3.396000000000000000e+03 9.893000000000000682e+02
3.812000000000000000e+03 9.941499999999999773e+02
3.292000000000000000e+03 9.997500000000000000e+02
3.204000000000000000e+03 1.003550000000000068e+03
3.828000000000000000e+03 1.016300000000000068e+03
3.628000000000000000e+03 1.109600000000000136e+03
3.244000000000000000e+03 1.110600000000000136e+03
3.868000000000000000e+03 1.122950000000000045e+03
3.484000000000000000e+03 1.182450000000000045e+03
3.204000000000000000e+03 1.184500000000000000e+03
3.476000000000000000e+03 1.210750000000000000e+03
3.412000000000000000e+03 1.258100000000000136e+03
3.620000000000000000e+03 1.265400000000000091e+03
3.572000000000000000e+03 1.287650000000000091e+03
3.372000000000000000e+03 1.323049999999999955e+03
3.612000000000000000e+03 1.379000000000000000e+03
3.428000000000000000e+03 1.390250000000000000e+03
3.684000000000000000e+03 1.407950000000000045e+03
3.628000000000000000e+03 1.417250000000000000e+03
3.444000000000000000e+03 1.420650000000000091e+03
3.764000000000000000e+03 1.437000000000000000e+03
3.884000000000000000e+03 1.437400000000000091e+03
3.692000000000000000e+03 1.465549999999999955e+03
3.260000000000000000e+03 1.498549999999999955e+03
3.356000000000000000e+03 1.556500000000000000e+03
3.804000000000000000e+03 1.575950000000000045e+03
3.508000000000000000e+03 1.576350000000000136e+03
3.892000000000000000e+03 1.579350000000000136e+03
3.748000000000000000e+03 1.584150000000000091e+03
3.292000000000000000e+03 1.586250000000000000e+03
3.220000000000000000e+03 1.595450000000000045e+03
3.340000000000000000e+03 1.616950000000000045e+03
3.884000000000000000e+03 1.626400000000000091e+03
3.684000000000000000e+03 1.630350000000000136e+03
3.788000000000000000e+03 1.660299999999999955e+03
3.508000000000000000e+03 1.676000000000000000e+03
3.996000000000000000e+03 1.685500000000000000e+03
3.332000000000000000e+03 1.690850000000000136e+03
3.732000000000000000e+03 1.699549999999999955e+03
3.940000000000000000e+03 1.703200000000000045e+03
3.628000000000000000e+03 1.719650000000000091e+03
3.252000000000000000e+03 1.721250000000000000e+03
3.220000000000000000e+03 1.729900000000000091e+03
3.524000000000000000e+03 1.730549999999999955e+03
3.500000000000000000e+03 1.732200000000000045e+03
3.924000000000000000e+03 1.763950000000000045e+03
3.780000000000000000e+03 1.767799999999999955e+03
3.484000000000000000e+03 1.771500000000000000e+03
3.644000000000000000e+03 1.776750000000000000e+03
3.212000000000000000e+03 1.784650000000000091e+03
3.724000000000000000e+03 1.797000000000000000e+03
3.300000000000000000e+03 1.801150000000000091e+03
3.452000000000000000e+03 1.806600000000000136e+03
3.972000000000000000e+03 1.832900000000000091e+03
3.212000000000000000e+03 1.847400000000000091e+03
3.380000000000000000e+03 1.870100000000000136e+03
3.316000000000000000e+03 1.891200000000000045e+03
3.516000000000000000e+03 1.891549999999999955e+03
3.700000000000000000e+03 2.004450000000000045e+03
3.860000000000000000e+03 2.006150000000000091e+03
3.748000000000000000e+03 2.068500000000000000e+03
3.684000000000000000e+03 2.084800000000000182e+03
3.548000000000000000e+03 2.096400000000000091e+03
3.212000000000000000e+03 2.107400000000000091e+03
3.404000000000000000e+03 2.135000000000000000e+03
3.788000000000000000e+03 2.164750000000000000e+03
3.972000000000000000e+03 2.169449999999999818e+03
3.292000000000000000e+03 2.169599999999999909e+03
3.500000000000000000e+03 2.184500000000000000e+03
3.884000000000000000e+03 2.245300000000000182e+03
3.972000000000000000e+03 2.249349999999999909e+03
3.700000000000000000e+03 2.269700000000000273e+03
3.516000000000000000e+03 2.274700000000000273e+03
3.644000000000000000e+03 2.274700000000000273e+03
3.292000000000000000e+03 2.280099999999999909e+03
3.964000000000000000e+03 2.280599999999999909e+03
3.884000000000000000e+03 2.292849999999999909e+03
3.828000000000000000e+03 2.296349999999999909e+03
3.604000000000000000e+03 2.310650000000000091e+03
3.348000000000000000e+03 2.324300000000000182e+03
3.500000000000000000e+03 2.352500000000000000e+03
3.212000000000000000e+03 2.364450000000000273e+03
3.980000000000000000e+03 2.376099999999999909e+03
3.228000000000000000e+03 2.379200000000000273e+03
3.372000000000000000e+03 2.387349999999999909e+03
3.508000000000000000e+03 2.392050000000000182e+03
3.452000000000000000e+03 2.396300000000000182e+03
3.724000000000000000e+03 2.397150000000000091e+03
3.884000000000000000e+03 2.398650000000000091e+03
3.828000000000000000e+03 2.401050000000000182e+03
3.356000000000000000e+03 2.405150000000000091e+03
3.676000000000000000e+03 2.406800000000000182e+03
3.764000000000000000e+03 2.424900000000000091e+03
3.956000000000000000e+03 2.447300000000000182e+03
3.284000000000000000e+03 2.447849999999999909e+03
3.564000000000000000e+03 2.466300000000000182e+03
3.476000000000000000e+03 2.471550000000000182e+03
3.812000000000000000e+03 2.483250000000000000e+03
3.228000000000000000e+03 2.493950000000000273e+03
3.692000000000000000e+03 2.497200000000000273e+03
3.820000000000000000e+03 2.510349999999999909e+03
3.588000000000000000e+03 2.516150000000000091e+03
3.268000000000000000e+03 2.517650000000000091e+03
3.316000000000000000e+03 2.531349999999999909e+03
3.604000000000000000e+03 2.538650000000000091e+03
3.468000000000000000e+03 2.547450000000000273e+03
3.772000000000000000e+03 2.550250000000000000e+03
3.756000000000000000e+03 2.552300000000000182e+03
3.956000000000000000e+03 2.557200000000000273e+03
3.452000000000000000e+03 2.562050000000000182e+03
3.532000000000000000e+03 2.568349999999999909e+03
3.284000000000000000e+03 2.570150000000000091e+03
3.940000000000000000e+03 2.597450000000000273e+03
3.852000000000000000e+03 2.613700000000000273e+03
3.260000000000000000e+03 2.672550000000000182e+03
3.444000000000000000e+03 2.693400000000000091e+03
3.844000000000000000e+03 2.705150000000000091e+03
3.644000000000000000e+03 2.706599999999999909e+03
3.604000000000000000e+03 2.712700000000000273e+03
3.380000000000000000e+03 2.716150000000000091e+03
3.676000000000000000e+03 2.740450000000000273e+03
3.412000000000000000e+03 2.741349999999999909e+03
3.332000000000000000e+03 2.752750000000000000e+03
3.220000000000000000e+03 2.769000000000000000e+03
3.596000000000000000e+03 2.771000000000000000e+03
3.748000000000000000e+03 2.779550000000000182e+03
3.836000000000000000e+03 2.782099999999999909e+03
3.884000000000000000e+03 2.797349999999999909e+03
3.548000000000000000e+03 2.803400000000000091e+03
3.308000000000000000e+03 2.809950000000000273e+03
3.332000000000000000e+03 2.848349999999999909e+03
3.476000000000000000e+03 2.853700000000000273e+03
3.252000000000000000e+03 2.880900000000000091e+03
3.708000000000000000e+03 2.893000000000000000e+03
3.940000000000000000e+03 2.906650000000000091e+03
3.836000000000000000e+03 2.924400000000000091e+03
3.876000000000000000e+03 2.964800000000000182e+03
3.436000000000000000e+03 2.992400000000000091e+03
3.428000000000000000e+03 3.460099999999999909e+03
3.764000000000000000e+03 3.469750000000000000e+03
3.620000000000000000e+03 3.474599999999999909e+03
3.220000000000000000e+03 3.480250000000000000e+03
3.796000000000000000e+03 3.495099999999999909e+03
3.668000000000000000e+03 3.500700000000000273e+03
3.524000000000000000e+03 3.514550000000000182e+03
3.924000000000000000e+03 3.518050000000000182e+03
3.420000000000000000e+03 3.536900000000000091e+03
3.700000000000000000e+03 3.562400000000000091e+03
3.852000000000000000e+03 3.565250000000000000e+03
3.796000000000000000e+03 3.725450000000000273e+03
3.292000000000000000e+03 3.739150000000000091e+03
3.644000000000000000e+03 3.749050000000000182e+03
3.220000000000000000e+03 3.752450000000000273e+03
3.244000000000000000e+03 3.753849999999999909e+03
3.212000000000000000e+03 3.772750000000000000e+03
3.692000000000000000e+03 3.787800000000000182e+03
3.380000000000000000e+03 3.791400000000000091e+03
3.804000000000000000e+03 3.804150000000000091e+03
3.420000000000000000e+03 3.826250000000000000e+03
3.972000000000000000e+03 3.855700000000000273e+03
3.516000000000000000e+03 3.884900000000000091e+03
3.348000000000000000e+03 3.927849999999999909e+03
3.388000000000000000e+03 3.948550000000000182e+03
3.564000000000000000e+03 3.957150000000000091e+03
3.236000000000000000e+03 3.958200000000000273e+03
3.580000000000000000e+03 3.961750000000000000e+03
3.468000000000000000e+03 3.997750000000000000e+03
3.468000000000000000e+03 4.022000000000000000e+03
3.364000000000000000e+03 4.124300000000000182e+03
3.916000000000000000e+03 4.132649999999999636e+03
3.868000000000000000e+03 4.139000000000000000e+03
3.908000000000000000e+03 4.148600000000000364e+03
3.292000000000000000e+03 4.187250000000000000e+03
3.220000000000000000e+03 4.197350000000000364e+03
3.860000000000000000e+03 4.198149999999999636e+03
3.324000000000000000e+03 4.215300000000000182e+03
3.796000000000000000e+03 4.238250000000000000e+03
3.436000000000000000e+03 4.241899999999999636e+03
3.980000000000000000e+03 4.243000000000000000e+03
3.220000000000000000e+03 4.259800000000000182e+03
3.252000000000000000e+03 4.264300000000000182e+03
3.508000000000000000e+03 4.281149999999999636e+03
3.468000000000000000e+03 4.281449999999999818e+03
3.812000000000000000e+03 4.307649999999999636e+03
3.860000000000000000e+03 4.310250000000000000e+03
3.532000000000000000e+03 4.312899999999999636e+03
3.892000000000000000e+03 4.347050000000000182e+03
3.348000000000000000e+03 4.485699999999999818e+03
3.988000000000000000e+03 4.497150000000000546e+03
3.324000000000000000e+03 4.522300000000000182e+03
3.380000000000000000e+03 4.553699999999999818e+03
3.668000000000000000e+03 4.608800000000000182e+03
3.300000000000000000e+03 4.617350000000000364e+03
3.804000000000000000e+03 4.622050000000000182e+03
3.604000000000000000e+03 4.767850000000000364e+03
3.940000000000000000e+03 4.855150000000000546e+03
3.468000000000000000e+03 4.870949999999999818e+03
3.908000000000000000e+03 4.872699999999999818e+03
3.764000000000000000e+03 4.905550000000000182e+03
3.236000000000000000e+03 4.921050000000000182e+03
3.708000000000000000e+03 4.922949999999999818e+03
3.780000000000000000e+03 4.938550000000000182e+03
3.236000000000000000e+03 5.032900000000000546e+03
3.676000000000000000e+03 5.036650000000000546e+03
3.268000000000000000e+03 5.042949999999999818e+03
3.940000000000000000e+03 5.064699999999999818e+03
3.980000000000000000e+03 5.071949999999999818e+03
3.724000000000000000e+03 5.076850000000000364e+03
3.900000000000000000e+03 5.077900000000000546e+03
3.764000000000000000e+03 5.094949999999999818e+03
3.852000000000000000e+03 5.097350000000000364e+03
3.588000000000000000e+03 5.099050000000000182e+03
3.244000000000000000e+03 5.107199999999999818e+03
3.420000000000000000e+03 5.191949999999999818e+03
3.876000000000000000e+03 5.196550000000000182e+03
3.732000000000000000e+03 5.314449999999999818e+03
3.892000000000000000e+03 5.364000000000000000e+03
3.772000000000000000e+03 5.447100000000000364e+03
3.548000000000000000e+03 5.461000000000000000e+03
3.340000000000000000e+03 5.477550000000000182e+03
3.300000000000000000e+03 5.512800000000000182e+03
3.780000000000000000e+03 5.529300000000000182e+03
3.932000000000000000e+03 5.544400000000000546e+03
3.988000000000000000e+03 5.544699999999999818e+03
3.284000000000000000e+03 5.566250000000000000e+03
3.812000000000000000e+03 5.601300000000000182e+03
3.532000000000000000e+03 5.775850000000000364e+03
3.324000000000000000e+03 5.892100000000000364e+03
3.716000000000000000e+03 5.931500000000000000e+03
3.884000000000000000e+03 5.942900000000000546e+03
3.253000000000000000e+03 1.192500000000000000e+02
3.997000000000000000e+03 1.298000000000000114e+02
3.805000000000000000e+03 1.753000000000000114e+02
3.501000000000000000e+03 2.143000000000000114e+02
3.445000000000000000e+03 2.453000000000000114e+02
3.253000000000000000e+03 2.835000000000000000e+02
3.621000000000000000e+03 3.214499999999999886e+02
3.877000000000000000e+03 3.306000000000000227e+02
3.965000000000000000e+03 3.391500000000000341e+02
3.205000000000000000e+03 3.421000000000000227e+02
3.989000000000000000e+03 3.588000000000000114e+02
3.981000000000000000e+03 3.633000000000000114e+02
3.221000000000000000e+03 3.718000000000000114e+02
3.445000000000000000e+03 3.735500000000000114e+02
3.421000000000000000e+03 3.789000000000000341e+02
3.789000000000000000e+03 4.165000000000000000e+02
3.277000000000000000e+03 4.291500000000000341e+02
3.421000000000000000e+03 4.291999999999999886e+02
3.693000000000000000e+03 4.540500000000000114e+02
3.253000000000000000e+03 4.619000000000000341e+02
3.709000000000000000e+03 4.659000000000000341e+02
3.797000000000000000e+03 5.024499999999999886e+02
3.277000000000000000e+03 5.143999999999999773e+02
3.581000000000000000e+03 5.147500000000000000e+02
3.621000000000000000e+03 5.154500000000000455e+02
3.461000000000000000e+03 5.168500000000000227e+02
3.309000000000000000e+03 5.187999999999999545e+02
3.357000000000000000e+03 5.215000000000000000e+02
3.637000000000000000e+03 5.226000000000000227e+02
3.605000000000000000e+03 5.495500000000000682e+02
3.893000000000000000e+03 6.525000000000000000e+02
3.277000000000000000e+03 6.623999999999999773e+02
3.229000000000000000e+03 6.692500000000000000e+02
3.565000000000000000e+03 6.719500000000000455e+02
3.989000000000000000e+03 6.747000000000000455e+02
3.973000000000000000e+03 6.772500000000000000e+02
3.717000000000000000e+03 6.778999999999999773e+02
3.837000000000000000e+03 6.808999999999999773e+02
3.373000000000000000e+03 6.911499999999999773e+02
3.317000000000000000e+03 6.918999999999999773e+02
3.957000000000000000e+03 6.920500000000000682e+02
3.837000000000000000e+03 7.431499999999999773e+02
3.421000000000000000e+03 7.457500000000000000e+02
3.797000000000000000e+03 7.770000000000000000e+02
3.381000000000000000e+03 8.048500000000000227e+02
3.557000000000000000e+03 8.117500000000000000e+02
3.829000000000000000e+03 8.358500000000000227e+02
3.509000000000000000e+03 8.722500000000000000e+02
3.357000000000000000e+03 8.799500000000000455e+02
3.629000000000000000e+03 9.422500000000000000e+02
3.405000000000000000e+03 9.500000000000000000e+02
3.237000000000000000e+03 9.805000000000000000e+02
3.933000000000000000e+03 1.004399999999999977e+03
3.509000000000000000e+03 1.014450000000000045e+03
3.269000000000000000e+03 1.064650000000000091e+03
3.653000000000000000e+03 1.079700000000000045e+03
3.949000000000000000e+03 1.080950000000000045e+03
3.373000000000000000e+03 1.083049999999999955e+03
3.405000000000000000e+03 1.084349999999999909e+03
3.541000000000000000e+03 1.085650000000000091e+03
3.261000000000000000e+03 1.094600000000000136e+03
3.453000000000000000e+03 1.099600000000000136e+03
3.773000000000000000e+03 1.106700000000000045e+03
3.325000000000000000e+03 1.107100000000000136e+03
3.661000000000000000e+03 1.113950000000000045e+03
3.877000000000000000e+03 1.120000000000000000e+03
3.757000000000000000e+03 1.130900000000000091e+03
3.453000000000000000e+03 1.133400000000000091e+03
3.373000000000000000e+03 1.134400000000000091e+03
3.485000000000000000e+03 1.145600000000000136e+03
3.469000000000000000e+03 1.152950000000000045e+03
3.493000000000000000e+03 1.157600000000000136e+03
3.781000000000000000e+03 1.164850000000000136e+03
3.277000000000000000e+03 1.186299999999999955e+03
3.821000000000000000e+03 1.222799999999999955e+03
3.853000000000000000e+03 1.230600000000000136e+03
3.381000000000000000e+03 1.239350000000000136e+03
3.333000000000000000e+03 1.245850000000000136e+03
3.237000000000000000e+03 1.268400000000000091e+03
3.317000000000000000e+03 1.308049999999999955e+03
3.733000000000000000e+03 1.318500000000000000e+03
3.597000000000000000e+03 1.329000000000000000e+03
3.629000000000000000e+03 1.356049999999999955e+03
3.741000000000000000e+03 1.366600000000000136e+03
3.221000000000000000e+03 1.404600000000000136e+03
3.797000000000000000e+03 1.426299999999999955e+03
3.877000000000000000e+03 1.501500000000000000e+03
3.997000000000000000e+03 1.507200000000000045e+03
3.581000000000000000e+03 1.529049999999999955e+03
3.565000000000000000e+03 1.559549999999999955e+03
3.261000000000000000e+03 1.578700000000000045e+03
3.869000000000000000e+03 1.587750000000000000e+03
3.973000000000000000e+03 1.642600000000000136e+03
3.245000000000000000e+03 1.659200000000000045e+03
3.981000000000000000e+03 1.660700000000000045e+03
3.837000000000000000e+03 1.666100000000000136e+03
3.789000000000000000e+03 1.671850000000000136e+03
3.413000000000000000e+03 1.690850000000000136e+03
3.797000000000000000e+03 1.719400000000000091e+03
3.437000000000000000e+03 1.726799999999999955e+03
3.541000000000000000e+03 1.731200000000000045e+03
3.453000000000000000e+03 1.770450000000000045e+03
3.445000000000000000e+03 1.816100000000000136e+03
3.557000000000000000e+03 1.817450000000000045e+03
3.533000000000000000e+03 1.824250000000000000e+03
3.941000000000000000e+03 1.832250000000000000e+03
3.437000000000000000e+03 1.892200000000000045e+03
3.221000000000000000e+03 1.920850000000000136e+03
3.317000000000000000e+03 1.922150000000000091e+03
3.445000000000000000e+03 1.953150000000000091e+03
3.693000000000000000e+03 2.002600000000000136e+03
3.541000000000000000e+03 2.014700000000000045e+03
3.429000000000000000e+03 2.026150000000000091e+03
3.709000000000000000e+03 2.061900000000000091e+03
3.781000000000000000e+03 2.084800000000000182e+03
3.773000000000000000e+03 2.090150000000000091e+03
3.997000000000000000e+03 2.091449999999999818e+03
3.381000000000000000e+03 2.098300000000000182e+03
3.517000000000000000e+03 2.099199999999999818e+03
3.597000000000000000e+03 2.111650000000000091e+03
3.933000000000000000e+03 2.123599999999999909e+03
3.429000000000000000e+03 2.135949999999999818e+03
3.533000000000000000e+03 2.137750000000000000e+03
3.589000000000000000e+03 2.150099999999999909e+03
3.861000000000000000e+03 2.157699999999999818e+03
3.269000000000000000e+03 2.165599999999999909e+03
3.589000000000000000e+03 2.234050000000000182e+03
3.669000000000000000e+03 2.261750000000000000e+03
3.429000000000000000e+03 2.270950000000000273e+03
3.381000000000000000e+03 2.271450000000000273e+03
3.661000000000000000e+03 2.271900000000000091e+03
3.829000000000000000e+03 2.291900000000000091e+03
3.685000000000000000e+03 2.297900000000000091e+03
3.565000000000000000e+03 2.308900000000000091e+03
3.397000000000000000e+03 2.334200000000000273e+03
3.453000000000000000e+03 2.350000000000000000e+03
3.837000000000000000e+03 2.350650000000000091e+03
3.789000000000000000e+03 2.351750000000000000e+03
3.789000000000000000e+03 2.363150000000000091e+03
3.605000000000000000e+03 2.377900000000000091e+03
3.709000000000000000e+03 2.387200000000000273e+03
3.933000000000000000e+03 2.408800000000000182e+03
3.981000000000000000e+03 2.433750000000000000e+03
3.821000000000000000e+03 2.453650000000000091e+03
3.357000000000000000e+03 2.474050000000000182e+03
3.421000000000000000e+03 2.511050000000000182e+03
3.637000000000000000e+03 2.533250000000000000e+03
3.845000000000000000e+03 2.541099999999999909e+03
3.845000000000000000e+03 2.573450000000000273e+03
3.453000000000000000e+03 2.580750000000000000e+03
3.525000000000000000e+03 2.607400000000000091e+03
3.925000000000000000e+03 2.634550000000000182e+03
3.205000000000000000e+03 2.647800000000000182e+03
3.365000000000000000e+03 2.673500000000000000e+03
3.229000000000000000e+03 2.679500000000000000e+03
3.925000000000000000e+03 2.679800000000000182e+03
3.509000000000000000e+03 2.681099999999999909e+03
3.501000000000000000e+03 2.681599999999999909e+03
3.381000000000000000e+03 2.691550000000000182e+03
3.237000000000000000e+03 2.698150000000000091e+03
3.437000000000000000e+03 2.704750000000000000e+03
3.765000000000000000e+03 2.705200000000000273e+03
3.349000000000000000e+03 2.716050000000000182e+03
3.253000000000000000e+03 2.720150000000000091e+03
3.381000000000000000e+03 2.721599999999999909e+03
3.749000000000000000e+03 2.727050000000000182e+03
3.477000000000000000e+03 2.740400000000000091e+03
3.405000000000000000e+03 2.776300000000000182e+03
3.277000000000000000e+03 2.781400000000000091e+03
3.973000000000000000e+03 2.791300000000000182e+03
3.301000000000000000e+03 2.791550000000000182e+03
3.949000000000000000e+03 2.804150000000000091e+03
3.869000000000000000e+03 2.818099999999999909e+03
3.997000000000000000e+03 2.852950000000000273e+03
3.813000000000000000e+03 2.855150000000000091e+03
3.373000000000000000e+03 2.855700000000000273e+03
3.717000000000000000e+03 2.858400000000000091e+03
3.453000000000000000e+03 2.863700000000000273e+03
3.277000000000000000e+03 2.865099999999999909e+03
3.493000000000000000e+03 2.867300000000000182e+03
3.381000000000000000e+03 2.871800000000000182e+03
3.557000000000000000e+03 2.890950000000000273e+03
3.477000000000000000e+03 2.894800000000000182e+03
3.541000000000000000e+03 2.926900000000000091e+03
3.421000000000000000e+03 2.941650000000000091e+03
3.781000000000000000e+03 2.959300000000000182e+03
3.421000000000000000e+03 2.973000000000000000e+03
3.717000000000000000e+03 3.404300000000000182e+03
3.885000000000000000e+03 3.432800000000000182e+03
3.709000000000000000e+03 3.457800000000000182e+03
3.605000000000000000e+03 3.480200000000000273e+03
3.405000000000000000e+03 3.482150000000000091e+03
3.565000000000000000e+03 3.498200000000000273e+03
3.549000000000000000e+03 3.500099999999999909e+03
3.229000000000000000e+03 3.504050000000000182e+03
3.997000000000000000e+03 3.517400000000000091e+03
3.605000000000000000e+03 3.524599999999999909e+03
3.277000000000000000e+03 3.532599999999999909e+03
3.229000000000000000e+03 3.535550000000000182e+03
3.981000000000000000e+03 3.538450000000000273e+03
3.589000000000000000e+03 3.550150000000000091e+03
3.821000000000000000e+03 3.558200000000000273e+03
3.637000000000000000e+03 3.563650000000000091e+03
3.269000000000000000e+03 3.571800000000000182e+03
3.661000000000000000e+03 3.574800000000000182e+03
3.965000000000000000e+03 3.575650000000000091e+03
3.589000000000000000e+03 3.605000000000000000e+03
3.837000000000000000e+03 3.624300000000000182e+03
3.301000000000000000e+03 3.710349999999999909e+03
3.797000000000000000e+03 3.728200000000000273e+03
3.501000000000000000e+03 3.748400000000000091e+03
3.445000000000000000e+03 3.759750000000000000e+03
3.349000000000000000e+03 3.789250000000000000e+03
3.589000000000000000e+03 3.790950000000000273e+03
3.885000000000000000e+03 3.792349999999999909e+03
3.525000000000000000e+03 3.802500000000000000e+03
3.877000000000000000e+03 3.809200000000000273e+03
3.373000000000000000e+03 3.845200000000000273e+03
3.581000000000000000e+03 3.892000000000000000e+03
3.309000000000000000e+03 3.902200000000000273e+03
3.469000000000000000e+03 3.948599999999999909e+03
3.701000000000000000e+03 3.958599999999999909e+03
3.485000000000000000e+03 3.999650000000000091e+03
3.229000000000000000e+03 3.999849999999999909e+03
3.909000000000000000e+03 4.089200000000000273e+03
3.749000000000000000e+03 4.129800000000000182e+03
3.709000000000000000e+03 4.136199999999999818e+03
3.277000000000000000e+03 4.139949999999999818e+03
3.773000000000000000e+03 4.163399999999999636e+03
3.245000000000000000e+03 4.165449999999999818e+03
3.397000000000000000e+03 4.165850000000000364e+03
3.757000000000000000e+03 4.167949999999999818e+03
3.813000000000000000e+03 4.174550000000000182e+03
3.621000000000000000e+03 4.201199999999999818e+03
3.805000000000000000e+03 4.230949999999999818e+03
3.573000000000000000e+03 4.265300000000000182e+03
3.973000000000000000e+03 4.274199999999999818e+03
3.581000000000000000e+03 4.291949999999999818e+03
3.413000000000000000e+03 4.298149999999999636e+03
3.893000000000000000e+03 4.307149999999999636e+03
3.477000000000000000e+03 4.319350000000000364e+03
3.909000000000000000e+03 4.483199999999999818e+03
3.613000000000000000e+03 4.497550000000000182e+03
3.573000000000000000e+03 4.499800000000000182e+03
3.949000000000000000e+03 4.529699999999999818e+03
3.821000000000000000e+03 4.562850000000000364e+03
3.981000000000000000e+03 4.568300000000000182e+03
3.541000000000000000e+03 4.569250000000000000e+03
3.701000000000000000e+03 4.575100000000000364e+03
3.773000000000000000e+03 4.587949999999999818e+03
3.957000000000000000e+03 4.588250000000000000e+03
3.805000000000000000e+03 4.606300000000000182e+03
3.877000000000000000e+03 4.616650000000000546e+03
3.709000000000000000e+03 4.639050000000000182e+03
3.701000000000000000e+03 4.639800000000000182e+03
3.573000000000000000e+03 4.643400000000000546e+03
3.509000000000000000e+03 4.650300000000000182e+03
3.829000000000000000e+03 4.776199999999999818e+03
3.685000000000000000e+03 4.830050000000000182e+03
3.829000000000000000e+03 4.830949999999999818e+03
3.461000000000000000e+03 4.851800000000000182e+03
3.333000000000000000e+03 4.894750000000000000e+03
3.509000000000000000e+03 4.925800000000000182e+03
3.645000000000000000e+03 4.926199999999999818e+03
3.701000000000000000e+03 4.940650000000000546e+03
3.533000000000000000e+03 5.044300000000000182e+03
3.685000000000000000e+03 5.047250000000000000e+03
3.709000000000000000e+03 5.071949999999999818e+03
3.581000000000000000e+03 5.079000000000000000e+03
3.565000000000000000e+03 5.081150000000000546e+03
3.957000000000000000e+03 5.141150000000000546e+03
3.685000000000000000e+03 5.177550000000000182e+03
3.749000000000000000e+03 5.190150000000000546e+03
3.309000000000000000e+03 5.197650000000000546e+03
3.469000000000000000e+03 5.269400000000000546e+03
3.293000000000000000e+03 5.370300000000000182e+03
3.981000000000000000e+03 5.386900000000000546e+03
3.261000000000000000e+03 5.528550000000000182e+03
3.637000000000000000e+03 5.576900000000000546e+03
3.757000000000000000e+03 5.594300000000000182e+03
3.565000000000000000e+03 5.613400000000000546e+03
3.413000000000000000e+03 5.753350000000000364e+03
3.549000000000000000e+03 5.965699999999999818e+03
3.701000000000000000e+03 5.967300000000000182e+03
3.685000000000000000e+03 5.979750000000000000e+03
3.694000000000000000e+03 1.065499999999999972e+02
3.910000000000000000e+03 1.574500000000000171e+02
3.710000000000000000e+03 1.800500000000000114e+02
3.294000000000000000e+03 2.263499999999999943e+02
3.918000000000000000e+03 2.392500000000000000e+02
3.518000000000000000e+03 2.399500000000000171e+02
3.574000000000000000e+03 3.084499999999999886e+02
3.238000000000000000e+03 3.104000000000000341e+02
3.390000000000000000e+03 3.391500000000000341e+02
3.222000000000000000e+03 3.536500000000000341e+02
3.822000000000000000e+03 3.550000000000000000e+02
3.758000000000000000e+03 3.986000000000000227e+02
3.742000000000000000e+03 4.137500000000000000e+02
3.678000000000000000e+03 4.358000000000000114e+02
3.998000000000000000e+03 4.373000000000000114e+02
3.422000000000000000e+03 4.404000000000000341e+02
3.254000000000000000e+03 4.435500000000000114e+02
3.398000000000000000e+03 4.460000000000000000e+02
3.686000000000000000e+03 4.549499999999999886e+02
3.758000000000000000e+03 4.603500000000000227e+02
3.550000000000000000e+03 4.646000000000000227e+02
3.262000000000000000e+03 4.709499999999999886e+02
3.446000000000000000e+03 4.973500000000000227e+02
3.478000000000000000e+03 5.760500000000000682e+02
3.550000000000000000e+03 5.813000000000000682e+02
3.430000000000000000e+03 6.123500000000000227e+02
3.614000000000000000e+03 6.165500000000000682e+02
3.758000000000000000e+03 6.275000000000000000e+02
3.406000000000000000e+03 6.513000000000000682e+02
3.662000000000000000e+03 6.698500000000000227e+02
3.254000000000000000e+03 6.713999999999999773e+02
3.222000000000000000e+03 6.793999999999999773e+02
3.862000000000000000e+03 7.026000000000000227e+02
3.334000000000000000e+03 7.033999999999999773e+02
3.486000000000000000e+03 7.248500000000000227e+02
3.470000000000000000e+03 7.352500000000000000e+02
3.214000000000000000e+03 7.509500000000000455e+02
3.830000000000000000e+03 7.642000000000000455e+02
3.374000000000000000e+03 7.662000000000000455e+02
3.566000000000000000e+03 7.808500000000000227e+02
3.414000000000000000e+03 7.990500000000000682e+02
3.854000000000000000e+03 8.536000000000000227e+02
3.998000000000000000e+03 8.719500000000000455e+02
3.654000000000000000e+03 9.009500000000000455e+02
3.598000000000000000e+03 9.031000000000000227e+02
3.214000000000000000e+03 9.148500000000000227e+02
3.414000000000000000e+03 9.393500000000000227e+02
3.734000000000000000e+03 9.580000000000000000e+02
3.526000000000000000e+03 9.722000000000000455e+02
3.958000000000000000e+03 1.018100000000000023e+03
3.294000000000000000e+03 1.026500000000000000e+03
3.766000000000000000e+03 1.072349999999999909e+03
3.862000000000000000e+03 1.074650000000000091e+03
3.798000000000000000e+03 1.082900000000000091e+03
3.774000000000000000e+03 1.084500000000000000e+03
3.758000000000000000e+03 1.088750000000000000e+03
3.566000000000000000e+03 1.099950000000000045e+03
3.566000000000000000e+03 1.117350000000000136e+03
3.358000000000000000e+03 1.137100000000000136e+03
3.558000000000000000e+03 1.160799999999999955e+03
3.478000000000000000e+03 1.194850000000000136e+03
3.598000000000000000e+03 1.205700000000000045e+03
3.606000000000000000e+03 1.213400000000000091e+03
3.782000000000000000e+03 1.251400000000000091e+03
3.830000000000000000e+03 1.258200000000000045e+03
3.582000000000000000e+03 1.259350000000000136e+03
3.254000000000000000e+03 1.270500000000000000e+03
3.966000000000000000e+03 1.305000000000000000e+03
3.670000000000000000e+03 1.311150000000000091e+03
3.214000000000000000e+03 1.311900000000000091e+03
3.206000000000000000e+03 1.342450000000000045e+03
3.726000000000000000e+03 1.350450000000000045e+03
3.942000000000000000e+03 1.397299999999999955e+03
3.822000000000000000e+03 1.410100000000000136e+03
3.238000000000000000e+03 1.434650000000000091e+03
3.678000000000000000e+03 1.435650000000000091e+03
3.966000000000000000e+03 1.466350000000000136e+03
3.494000000000000000e+03 1.500350000000000136e+03
3.254000000000000000e+03 1.511200000000000045e+03
3.398000000000000000e+03 1.522350000000000136e+03
3.550000000000000000e+03 1.546250000000000000e+03
3.438000000000000000e+03 1.554400000000000091e+03
3.454000000000000000e+03 1.569950000000000045e+03
3.926000000000000000e+03 1.575049999999999955e+03
3.294000000000000000e+03 1.578799999999999955e+03
3.310000000000000000e+03 1.582250000000000000e+03
3.910000000000000000e+03 1.588549999999999955e+03
3.894000000000000000e+03 1.598900000000000091e+03
3.942000000000000000e+03 1.612549999999999955e+03
3.886000000000000000e+03 1.619799999999999955e+03
3.526000000000000000e+03 1.638100000000000136e+03
3.510000000000000000e+03 1.674900000000000091e+03
3.254000000000000000e+03 1.685049999999999955e+03
3.486000000000000000e+03 1.706250000000000000e+03
3.446000000000000000e+03 1.732950000000000045e+03
3.702000000000000000e+03 1.738500000000000000e+03
3.454000000000000000e+03 1.740049999999999955e+03
3.294000000000000000e+03 1.756850000000000136e+03
3.670000000000000000e+03 1.771500000000000000e+03
3.910000000000000000e+03 1.773299999999999955e+03
3.846000000000000000e+03 1.776500000000000000e+03
3.286000000000000000e+03 1.778250000000000000e+03
3.222000000000000000e+03 1.793549999999999955e+03
3.534000000000000000e+03 1.823850000000000136e+03
3.238000000000000000e+03 1.833600000000000136e+03
3.782000000000000000e+03 1.838950000000000045e+03
3.782000000000000000e+03 1.851650000000000091e+03
3.646000000000000000e+03 1.875900000000000091e+03
3.646000000000000000e+03 1.925950000000000045e+03
3.670000000000000000e+03 1.937850000000000136e+03
3.862000000000000000e+03 1.950350000000000136e+03
3.782000000000000000e+03 1.958799999999999955e+03
3.382000000000000000e+03 1.975400000000000091e+03
3.926000000000000000e+03 1.998650000000000091e+03
3.734000000000000000e+03 2.026650000000000091e+03
3.454000000000000000e+03 2.030799999999999955e+03
3.934000000000000000e+03 2.056750000000000000e+03
3.526000000000000000e+03 2.081750000000000000e+03
3.486000000000000000e+03 2.090900000000000091e+03
3.654000000000000000e+03 2.091699999999999818e+03
3.718000000000000000e+03 2.118400000000000091e+03
3.470000000000000000e+03 2.123849999999999909e+03
3.462000000000000000e+03 2.144150000000000091e+03
3.878000000000000000e+03 2.154199999999999818e+03
3.294000000000000000e+03 2.165849999999999909e+03
3.246000000000000000e+03 2.167800000000000182e+03
3.958000000000000000e+03 2.170750000000000000e+03
3.934000000000000000e+03 2.171199999999999818e+03
3.790000000000000000e+03 2.171599999999999909e+03
3.590000000000000000e+03 2.204900000000000091e+03
3.742000000000000000e+03 2.209099999999999909e+03
3.806000000000000000e+03 2.218250000000000000e+03
3.758000000000000000e+03 2.219650000000000091e+03
3.334000000000000000e+03 2.229000000000000000e+03
3.374000000000000000e+03 2.245650000000000091e+03
3.558000000000000000e+03 2.266400000000000091e+03
3.614000000000000000e+03 2.267550000000000182e+03
3.566000000000000000e+03 2.276950000000000273e+03
3.702000000000000000e+03 2.279050000000000182e+03
3.606000000000000000e+03 2.279400000000000091e+03
3.446000000000000000e+03 2.330500000000000000e+03
3.302000000000000000e+03 2.337450000000000273e+03
3.806000000000000000e+03 2.350599999999999909e+03
3.566000000000000000e+03 2.351800000000000182e+03
3.798000000000000000e+03 2.361750000000000000e+03
3.270000000000000000e+03 2.362150000000000091e+03
3.990000000000000000e+03 2.373500000000000000e+03
3.734000000000000000e+03 2.375450000000000273e+03
3.766000000000000000e+03 2.384500000000000000e+03
3.526000000000000000e+03 2.387450000000000273e+03
3.278000000000000000e+03 2.391250000000000000e+03
3.270000000000000000e+03 2.407450000000000273e+03
3.262000000000000000e+03 2.411150000000000091e+03
3.734000000000000000e+03 2.438849999999999909e+03
3.806000000000000000e+03 2.445700000000000273e+03
3.686000000000000000e+03 2.466000000000000000e+03
3.846000000000000000e+03 2.466450000000000273e+03
3.950000000000000000e+03 2.472500000000000000e+03
3.926000000000000000e+03 2.492650000000000091e+03
3.366000000000000000e+03 2.496000000000000000e+03
3.278000000000000000e+03 2.500650000000000091e+03
3.270000000000000000e+03 2.501550000000000182e+03
3.350000000000000000e+03 2.542800000000000182e+03
3.238000000000000000e+03 2.563000000000000000e+03
3.958000000000000000e+03 2.568650000000000091e+03
3.494000000000000000e+03 2.598950000000000273e+03
3.390000000000000000e+03 2.600000000000000000e+03
3.966000000000000000e+03 2.600700000000000273e+03
3.846000000000000000e+03 2.661250000000000000e+03
3.446000000000000000e+03 2.689750000000000000e+03
3.326000000000000000e+03 2.700150000000000091e+03
3.638000000000000000e+03 2.703750000000000000e+03
3.678000000000000000e+03 2.716349999999999909e+03
3.222000000000000000e+03 2.720750000000000000e+03
3.294000000000000000e+03 2.740700000000000273e+03
3.510000000000000000e+03 2.747550000000000182e+03
3.750000000000000000e+03 2.757400000000000091e+03
3.486000000000000000e+03 2.789599999999999909e+03
3.766000000000000000e+03 2.794550000000000182e+03
3.726000000000000000e+03 2.848750000000000000e+03
3.374000000000000000e+03 2.868849999999999909e+03
3.638000000000000000e+03 2.908849999999999909e+03
3.446000000000000000e+03 2.917500000000000000e+03
3.598000000000000000e+03 2.925099999999999909e+03
3.534000000000000000e+03 2.925200000000000273e+03
3.310000000000000000e+03 2.939950000000000273e+03
3.238000000000000000e+03 2.987800000000000182e+03
3.990000000000000000e+03 2.997550000000000182e+03
3.294000000000000000e+03 3.395500000000000000e+03
3.678000000000000000e+03 3.440150000000000091e+03
3.510000000000000000e+03 3.446849999999999909e+03
3.910000000000000000e+03 3.448750000000000000e+03
3.654000000000000000e+03 3.459400000000000091e+03
3.374000000000000000e+03 3.480450000000000273e+03
3.262000000000000000e+03 3.503849999999999909e+03
3.294000000000000000e+03 3.523750000000000000e+03
3.718000000000000000e+03 3.523900000000000091e+03
3.846000000000000000e+03 3.525900000000000091e+03
3.446000000000000000e+03 3.527150000000000091e+03
3.878000000000000000e+03 3.533349999999999909e+03
3.758000000000000000e+03 3.537349999999999909e+03
3.830000000000000000e+03 3.559250000000000000e+03
3.622000000000000000e+03 3.574200000000000273e+03
3.630000000000000000e+03 3.579450000000000273e+03
3.822000000000000000e+03 3.606650000000000091e+03
3.998000000000000000e+03 3.717050000000000182e+03
3.822000000000000000e+03 3.767349999999999909e+03
3.974000000000000000e+03 3.781200000000000273e+03
3.838000000000000000e+03 3.790750000000000000e+03
3.878000000000000000e+03 3.835500000000000000e+03
3.470000000000000000e+03 3.838950000000000273e+03
3.278000000000000000e+03 3.848750000000000000e+03
3.470000000000000000e+03 3.875349999999999909e+03
3.878000000000000000e+03 3.917500000000000000e+03
3.998000000000000000e+03 3.923900000000000091e+03
3.382000000000000000e+03 3.958650000000000091e+03
3.486000000000000000e+03 4.136699999999999818e+03
3.926000000000000000e+03 4.164800000000000182e+03
3.350000000000000000e+03 4.165949999999999818e+03
3.246000000000000000e+03 4.194449999999999818e+03
3.966000000000000000e+03 4.217250000000000000e+03
3.598000000000000000e+03 4.220000000000000000e+03
3.854000000000000000e+03 4.231949999999999818e+03
3.814000000000000000e+03 4.263750000000000000e+03
3.582000000000000000e+03 4.266699999999999818e+03
3.846000000000000000e+03 4.271350000000000364e+03
3.806000000000000000e+03 4.278300000000000182e+03
3.886000000000000000e+03 4.295199999999999818e+03
3.350000000000000000e+03 4.311050000000000182e+03
3.566000000000000000e+03 4.316649999999999636e+03
3.326000000000000000e+03 4.332500000000000000e+03
3.694000000000000000e+03 4.344699999999999818e+03
3.990000000000000000e+03 4.448900000000000546e+03
3.358000000000000000e+03 4.481600000000000364e+03
3.446000000000000000e+03 4.507350000000000364e+03
3.990000000000000000e+03 4.521199999999999818e+03
3.286000000000000000e+03 4.527100000000000364e+03
3.662000000000000000e+03 4.539400000000000546e+03
3.998000000000000000e+03 4.553600000000000364e+03
3.750000000000000000e+03 4.567949999999999818e+03
3.774000000000000000e+03 4.578500000000000000e+03
3.326000000000000000e+03 4.587100000000000364e+03
3.222000000000000000e+03 4.603550000000000182e+03
3.734000000000000000e+03 4.610699999999999818e+03
3.886000000000000000e+03 4.611850000000000364e+03
3.774000000000000000e+03 4.613000000000000000e+03
3.598000000000000000e+03 4.615699999999999818e+03
3.454000000000000000e+03 4.625199999999999818e+03
3.478000000000000000e+03 4.627750000000000000e+03
3.462000000000000000e+03 4.633850000000000364e+03
3.422000000000000000e+03 4.638600000000000364e+03
3.382000000000000000e+03 4.643500000000000000e+03
3.558000000000000000e+03 4.648150000000000546e+03
3.950000000000000000e+03 4.650100000000000364e+03
3.702000000000000000e+03 4.750550000000000182e+03
3.390000000000000000e+03 4.865949999999999818e+03
3.766000000000000000e+03 4.904100000000000364e+03
3.366000000000000000e+03 4.918900000000000546e+03
3.358000000000000000e+03 4.920350000000000364e+03
3.462000000000000000e+03 4.927400000000000546e+03
3.606000000000000000e+03 4.948900000000000546e+03
3.510000000000000000e+03 5.035850000000000364e+03
3.486000000000000000e+03 5.059100000000000364e+03
3.798000000000000000e+03 5.078949999999999818e+03
3.902000000000000000e+03 5.081949999999999818e+03
3.990000000000000000e+03 5.109199999999999818e+03
3.766000000000000000e+03 5.139350000000000364e+03
3.302000000000000000e+03 5.189800000000000182e+03
3.518000000000000000e+03 5.228650000000000546e+03
3.494000000000000000e+03 5.288199999999999818e+03
3.982000000000000000e+03 5.437550000000000182e+03
3.846000000000000000e+03 5.448100000000000364e+03
3.326000000000000000e+03 5.449050000000000182e+03
3.902000000000000000e+03 5.502949999999999818e+03
3.438000000000000000e+03 5.547400000000000546e+03
3.862000000000000000e+03 5.549000000000000000e+03
3.894000000000000000e+03 5.799000000000000000e+03
3.262000000000000000e+03 5.813000000000000000e+03
3.246000000000000000e+03 5.851400000000000546e+03
3.766000000000000000e+03 5.861000000000000000e+03
3.526000000000000000e+03 5.984699999999999818e+03
3.927000000000000000e+03 1.006500000000000057e+02
3.511000000000000000e+03 1.898499999999999943e+02
3.559000000000000000e+03 2.134500000000000171e+02
3.215000000000000000e+03 2.144000000000000057e+02
3.951000000000000000e+03 2.587500000000000000e+02
3.447000000000000000e+03 2.830500000000000114e+02
3.567000000000000000e+03 3.303000000000000114e+02
3.919000000000000000e+03 3.417500000000000000e+02
3.527000000000000000e+03 3.508000000000000114e+02
3.543000000000000000e+03 3.745000000000000000e+02
3.551000000000000000e+03 4.133500000000000227e+02
3.495000000000000000e+03 4.559000000000000341e+02
3.991000000000000000e+03 4.641500000000000341e+02
3.935000000000000000e+03 4.687500000000000000e+02
3.759000000000000000e+03 4.707500000000000000e+02
3.431000000000000000e+03 4.899000000000000341e+02
3.855000000000000000e+03 4.936000000000000227e+02
3.695000000000000000e+03 5.098000000000000114e+02
3.479000000000000000e+03 5.219500000000000455e+02
3.247000000000000000e+03 5.920500000000000682e+02
3.823000000000000000e+03 6.130500000000000682e+02
3.383000000000000000e+03 6.556000000000000227e+02
3.535000000000000000e+03 6.626499999999999773e+02
3.463000000000000000e+03 6.642000000000000455e+02
3.767000000000000000e+03 6.644500000000000455e+02
3.663000000000000000e+03 6.712000000000000455e+02
3.375000000000000000e+03 6.911499999999999773e+02
3.279000000000000000e+03 7.015500000000000682e+02
3.399000000000000000e+03 7.452500000000000000e+02
3.311000000000000000e+03 8.140000000000000000e+02
3.799000000000000000e+03 8.149500000000000455e+02
3.583000000000000000e+03 8.337500000000000000e+02
3.783000000000000000e+03 8.762000000000000455e+02
3.631000000000000000e+03 8.770000000000000000e+02
3.799000000000000000e+03 8.827500000000000000e+02
3.983000000000000000e+03 8.839500000000000455e+02
3.655000000000000000e+03 9.018000000000000682e+02
3.975000000000000000e+03 9.163000000000000682e+02
3.463000000000000000e+03 9.243000000000000682e+02
3.543000000000000000e+03 9.267500000000000000e+02
3.887000000000000000e+03 9.410500000000000682e+02
3.223000000000000000e+03 9.421000000000000227e+02
3.527000000000000000e+03 9.602500000000000000e+02
3.719000000000000000e+03 9.713500000000000227e+02
3.383000000000000000e+03 9.971000000000000227e+02
3.631000000000000000e+03 1.000600000000000023e+03
3.519000000000000000e+03 1.018500000000000000e+03
3.943000000000000000e+03 1.019100000000000023e+03
3.663000000000000000e+03 1.022800000000000068e+03
3.959000000000000000e+03 1.024849999999999909e+03
3.383000000000000000e+03 1.037900000000000091e+03
3.439000000000000000e+03 1.065599999999999909e+03
3.367000000000000000e+03 1.069000000000000000e+03
3.735000000000000000e+03 1.085450000000000045e+03
3.943000000000000000e+03 1.104750000000000000e+03
3.591000000000000000e+03 1.123400000000000091e+03
3.679000000000000000e+03 1.132799999999999955e+03
3.679000000000000000e+03 1.145350000000000136e+03
3.823000000000000000e+03 1.154600000000000136e+03
3.703000000000000000e+03 1.162250000000000000e+03
3.759000000000000000e+03 1.168100000000000136e+03
3.487000000000000000e+03 1.195700000000000045e+03
3.495000000000000000e+03 1.203400000000000091e+03
3.359000000000000000e+03 1.255100000000000136e+03
3.527000000000000000e+03 1.258700000000000045e+03
3.567000000000000000e+03 1.272500000000000000e+03
3.575000000000000000e+03 1.273500000000000000e+03
3.951000000000000000e+03 1.281299999999999955e+03
3.351000000000000000e+03 1.304700000000000045e+03
3.255000000000000000e+03 1.336500000000000000e+03
3.919000000000000000e+03 1.367750000000000000e+03
3.991000000000000000e+03 1.399000000000000000e+03
3.231000000000000000e+03 1.413700000000000045e+03
3.887000000000000000e+03 1.417000000000000000e+03
3.831000000000000000e+03 1.421900000000000091e+03
3.311000000000000000e+03 1.429150000000000091e+03
3.591000000000000000e+03 1.449450000000000045e+03
3.327000000000000000e+03 1.506299999999999955e+03
3.519000000000000000e+03 1.510150000000000091e+03
3.543000000000000000e+03 1.524200000000000045e+03
3.991000000000000000e+03 1.559600000000000136e+03
3.679000000000000000e+03 1.572299999999999955e+03
3.639000000000000000e+03 1.598000000000000000e+03
3.759000000000000000e+03 1.628799999999999955e+03
3.287000000000000000e+03 1.647299999999999955e+03
3.743000000000000000e+03 1.654950000000000045e+03
3.695000000000000000e+03 1.664200000000000045e+03
3.887000000000000000e+03 1.668000000000000000e+03
3.383000000000000000e+03 1.691500000000000000e+03
3.655000000000000000e+03 1.693000000000000000e+03
3.951000000000000000e+03 1.693049999999999955e+03
3.855000000000000000e+03 1.699200000000000045e+03
3.735000000000000000e+03 1.702450000000000045e+03
3.831000000000000000e+03 1.738799999999999955e+03
3.855000000000000000e+03 1.778600000000000136e+03
3.623000000000000000e+03 1.784350000000000136e+03
3.967000000000000000e+03 1.793299999999999955e+03
3.535000000000000000e+03 1.803549999999999955e+03
3.671000000000000000e+03 1.826900000000000091e+03
3.599000000000000000e+03 1.841350000000000136e+03
3.247000000000000000e+03 1.855799999999999955e+03
3.911000000000000000e+03 1.860650000000000091e+03
3.711000000000000000e+03 1.876500000000000000e+03
3.479000000000000000e+03 1.884299999999999955e+03
3.607000000000000000e+03 1.924049999999999955e+03
3.519000000000000000e+03 1.937250000000000000e+03
3.335000000000000000e+03 1.941049999999999955e+03
3.679000000000000000e+03 1.989000000000000000e+03
3.255000000000000000e+03 2.004350000000000136e+03
3.207000000000000000e+03 2.047650000000000091e+03
3.703000000000000000e+03 2.080800000000000182e+03
3.847000000000000000e+03 2.081849999999999909e+03
3.575000000000000000e+03 2.109500000000000000e+03
3.719000000000000000e+03 2.169550000000000182e+03
3.527000000000000000e+03 2.172300000000000182e+03
3.767000000000000000e+03 2.172550000000000182e+03
3.983000000000000000e+03 2.179150000000000091e+03
3.815000000000000000e+03 2.184700000000000273e+03
3.727000000000000000e+03 2.188349999999999909e+03
3.983000000000000000e+03 2.220099999999999909e+03
3.255000000000000000e+03 2.222150000000000091e+03
3.359000000000000000e+03 2.262599999999999909e+03
3.799000000000000000e+03 2.267599999999999909e+03
3.375000000000000000e+03 2.277200000000000273e+03
3.903000000000000000e+03 2.300900000000000091e+03
3.687000000000000000e+03 2.301150000000000091e+03
3.511000000000000000e+03 2.311050000000000182e+03
3.879000000000000000e+03 2.346200000000000273e+03
3.735000000000000000e+03 2.353300000000000182e+03
3.919000000000000000e+03 2.356099999999999909e+03
3.463000000000000000e+03 2.368900000000000091e+03
3.959000000000000000e+03 2.380349999999999909e+03
3.831000000000000000e+03 2.380800000000000182e+03
3.743000000000000000e+03 2.381500000000000000e+03
3.855000000000000000e+03 2.394500000000000000e+03
3.519000000000000000e+03 2.406450000000000273e+03
3.487000000000000000e+03 2.418300000000000182e+03
3.943000000000000000e+03 2.420000000000000000e+03
3.535000000000000000e+03 2.438800000000000182e+03
3.839000000000000000e+03 2.443599999999999909e+03
3.511000000000000000e+03 2.456000000000000000e+03
3.807000000000000000e+03 2.474500000000000000e+03
3.767000000000000000e+03 2.494700000000000273e+03
3.359000000000000000e+03 2.507450000000000273e+03
3.663000000000000000e+03 2.517599999999999909e+03
3.287000000000000000e+03 2.541950000000000273e+03
3.815000000000000000e+03 2.545050000000000182e+03
3.959000000000000000e+03 2.552550000000000182e+03
3.655000000000000000e+03 2.599849999999999909e+03
3.975000000000000000e+03 2.624599999999999909e+03
3.471000000000000000e+03 2.624650000000000091e+03
3.647000000000000000e+03 2.648550000000000182e+03
3.887000000000000000e+03 2.687050000000000182e+03
3.327000000000000000e+03 2.701200000000000273e+03
3.719000000000000000e+03 2.719099999999999909e+03
3.919000000000000000e+03 2.727300000000000182e+03
3.583000000000000000e+03 2.738550000000000182e+03
3.591000000000000000e+03 2.748500000000000000e+03
3.295000000000000000e+03 2.748900000000000091e+03
3.855000000000000000e+03 2.752300000000000182e+03
3.887000000000000000e+03 2.752550000000000182e+03
3.983000000000000000e+03 2.768200000000000273e+03
3.447000000000000000e+03 2.777700000000000273e+03
3.239000000000000000e+03 2.780550000000000182e+03
3.767000000000000000e+03 2.824550000000000182e+03
3.951000000000000000e+03 2.867849999999999909e+03
3.415000000000000000e+03 2.879250000000000000e+03
3.607000000000000000e+03 2.919950000000000273e+03
3.775000000000000000e+03 2.936750000000000000e+03
3.319000000000000000e+03 2.941400000000000091e+03
3.399000000000000000e+03 2.983849999999999909e+03
3.631000000000000000e+03 2.991550000000000182e+03
3.463000000000000000e+03 2.998700000000000273e+03
3.591000000000000000e+03 3.004250000000000000e+03
3.319000000000000000e+03 3.426300000000000182e+03
3.743000000000000000e+03 3.428000000000000000e+03
3.927000000000000000e+03 3.437349999999999909e+03
3.303000000000000000e+03 3.458050000000000182e+03
3.999000000000000000e+03 3.478700000000000273e+03
3.207000000000000000e+03 3.479599999999999909e+03
3.663000000000000000e+03 3.485150000000000091e+03
3.463000000000000000e+03 3.490700000000000273e+03
3.359000000000000000e+03 3.524550000000000182e+03
3.807000000000000000e+03 3.525400000000000091e+03
3.247000000000000000e+03 3.529550000000000182e+03
3.911000000000000000e+03 3.536400000000000091e+03
3.967000000000000000e+03 3.537400000000000091e+03
3.551000000000000000e+03 3.538500000000000000e+03
3.799000000000000000e+03 3.542950000000000273e+03
3.767000000000000000e+03 3.548150000000000091e+03
3.415000000000000000e+03 3.565750000000000000e+03
3.727000000000000000e+03 3.599900000000000091e+03
3.687000000000000000e+03 3.602650000000000091e+03
3.431000000000000000e+03 3.609000000000000000e+03
3.375000000000000000e+03 3.723250000000000000e+03
3.679000000000000000e+03 3.735349999999999909e+03
3.327000000000000000e+03 3.744950000000000273e+03
3.775000000000000000e+03 3.760150000000000091e+03
3.575000000000000000e+03 3.784099999999999909e+03
3.783000000000000000e+03 3.789500000000000000e+03
3.567000000000000000e+03 3.809150000000000091e+03
3.575000000000000000e+03 3.815550000000000182e+03
3.415000000000000000e+03 3.830950000000000273e+03
3.231000000000000000e+03 3.834849999999999909e+03
3.319000000000000000e+03 3.853750000000000000e+03
3.247000000000000000e+03 3.887400000000000091e+03
3.607000000000000000e+03 3.898950000000000273e+03
3.319000000000000000e+03 3.902599999999999909e+03
3.287000000000000000e+03 3.950849999999999909e+03
3.207000000000000000e+03 4.129800000000000182e+03
3.343000000000000000e+03 4.154550000000000182e+03
3.359000000000000000e+03 4.155750000000000000e+03
3.711000000000000000e+03 4.174449999999999818e+03
3.487000000000000000e+03 4.181949999999999818e+03
3.855000000000000000e+03 4.182649999999999636e+03
3.791000000000000000e+03 4.200399999999999636e+03
3.663000000000000000e+03 4.251100000000000364e+03
3.207000000000000000e+03 4.319600000000000364e+03
3.311000000000000000e+03 4.344750000000000000e+03
3.903000000000000000e+03 4.344850000000000364e+03
3.391000000000000000e+03 4.347199999999999818e+03
3.279000000000000000e+03 4.358600000000000364e+03
3.919000000000000000e+03 4.372400000000000546e+03
3.855000000000000000e+03 4.464650000000000546e+03
3.911000000000000000e+03 4.468199999999999818e+03
3.991000000000000000e+03 4.496300000000000182e+03
3.535000000000000000e+03 4.509900000000000546e+03
3.871000000000000000e+03 4.514449999999999818e+03
3.255000000000000000e+03 4.518900000000000546e+03
3.959000000000000000e+03 4.521050000000000182e+03
3.655000000000000000e+03 4.521800000000000182e+03
3.711000000000000000e+03 4.541550000000000182e+03
3.495000000000000000e+03 4.552650000000000546e+03
3.367000000000000000e+03 4.579150000000000546e+03
3.919000000000000000e+03 4.626650000000000546e+03
3.591000000000000000e+03 4.792150000000000546e+03
3.751000000000000000e+03 4.810100000000000364e+03
3.959000000000000000e+03 4.828100000000000364e+03
3.887000000000000000e+03 4.842050000000000182e+03
3.863000000000000000e+03 4.851550000000000182e+03
3.719000000000000000e+03 4.863100000000000364e+03
3.239000000000000000e+03 4.870199999999999818e+03
3.519000000000000000e+03 4.877199999999999818e+03
3.455000000000000000e+03 4.889600000000000364e+03
3.911000000000000000e+03 4.891550000000000182e+03
3.767000000000000000e+03 4.918500000000000000e+03
3.919000000000000000e+03 4.933199999999999818e+03
3.527000000000000000e+03 5.058449999999999818e+03
3.775000000000000000e+03 5.068949999999999818e+03
3.271000000000000000e+03 5.084699999999999818e+03
3.879000000000000000e+03 5.088050000000000182e+03
3.223000000000000000e+03 5.089000000000000000e+03
3.831000000000000000e+03 5.100900000000000546e+03
3.591000000000000000e+03 5.122100000000000364e+03
3.599000000000000000e+03 5.186199999999999818e+03
3.583000000000000000e+03 5.274900000000000546e+03
3.439000000000000000e+03 5.282800000000000182e+03
3.703000000000000000e+03 5.329500000000000000e+03
3.823000000000000000e+03 5.383800000000000182e+03
3.591000000000000000e+03 5.437449999999999818e+03
3.911000000000000000e+03 5.449199999999999818e+03
3.919000000000000000e+03 5.499750000000000000e+03
3.863000000000000000e+03 5.546900000000000546e+03
3.255000000000000000e+03 5.571199999999999818e+03
3.927000000000000000e+03 5.614100000000000364e+03
3.447000000000000000e+03 5.743900000000000546e+03
3.911000000000000000e+03 5.758250000000000000e+03
3.615000000000000000e+03 5.778300000000000182e+03
3.295000000000000000e+03 5.788500000000000000e+03
3.319000000000000000e+03 5.893400000000000546e+03
3.359000000000000000e+03 5.953750000000000000e+03
3.599000000000000000e+03 5.965750000000000000e+03
