2.400000000000000000e+03 1.024000000000000057e+02
2.176000000000000000e+03 1.161000000000000085e+02
2.360000000000000000e+03 1.356999999999999886e+02
1.672000000000000000e+03 1.383000000000000114e+02
1.984000000000000000e+03 1.498000000000000114e+02
2.080000000000000000e+03 1.881500000000000057e+02
1.976000000000000000e+03 1.898499999999999943e+02
1.896000000000000000e+03 2.118499999999999943e+02
2.224000000000000000e+03 2.427500000000000000e+02
1.800000000000000000e+03 2.544000000000000057e+02
2.136000000000000000e+03 2.563500000000000227e+02
1.664000000000000000e+03 2.570500000000000114e+02
2.120000000000000000e+03 2.766000000000000227e+02
2.320000000000000000e+03 2.848500000000000227e+02
2.040000000000000000e+03 2.985500000000000114e+02
1.904000000000000000e+03 3.028500000000000227e+02
1.688000000000000000e+03 3.113000000000000114e+02
2.048000000000000000e+03 3.182500000000000000e+02
1.640000000000000000e+03 3.191500000000000341e+02
2.040000000000000000e+03 3.218000000000000114e+02
2.312000000000000000e+03 3.300500000000000114e+02
1.632000000000000000e+03 3.416000000000000227e+02
2.232000000000000000e+03 3.446000000000000227e+02
1.640000000000000000e+03 3.453000000000000114e+02
2.168000000000000000e+03 3.468500000000000227e+02
1.992000000000000000e+03 3.574000000000000341e+02
2.184000000000000000e+03 3.735000000000000000e+02
1.896000000000000000e+03 3.858500000000000227e+02
2.000000000000000000e+03 3.943000000000000114e+02
1.992000000000000000e+03 3.950000000000000000e+02
2.112000000000000000e+03 4.012500000000000000e+02
2.168000000000000000e+03 4.100500000000000114e+02
2.360000000000000000e+03 4.259000000000000341e+02
1.880000000000000000e+03 4.285500000000000114e+02
2.184000000000000000e+03 4.576999999999999886e+02
2.368000000000000000e+03 4.578500000000000227e+02
1.776000000000000000e+03 4.880500000000000114e+02
2.296000000000000000e+03 4.884499999999999886e+02
1.744000000000000000e+03 4.890000000000000000e+02
1.784000000000000000e+03 5.036000000000000227e+02
2.200000000000000000e+03 5.044499999999999886e+02
1.952000000000000000e+03 5.190499999999999545e+02
2.184000000000000000e+03 5.232999999999999545e+02
2.136000000000000000e+03 5.483999999999999773e+02
1.800000000000000000e+03 5.520500000000000682e+02
2.280000000000000000e+03 6.038000000000000682e+02
1.616000000000000000e+03 6.264500000000000455e+02
1.872000000000000000e+03 6.306000000000000227e+02
1.840000000000000000e+03 6.753000000000000682e+02
2.120000000000000000e+03 6.799500000000000455e+02
1.808000000000000000e+03 6.913000000000000682e+02
1.648000000000000000e+03 6.919500000000000455e+02
2.400000000000000000e+03 7.061000000000000227e+02
1.920000000000000000e+03 7.154500000000000455e+02
1.696000000000000000e+03 7.156000000000000227e+02
2.024000000000000000e+03 7.427000000000000455e+02
2.192000000000000000e+03 7.737500000000000000e+02
1.696000000000000000e+03 7.806499999999999773e+02
2.008000000000000000e+03 7.978000000000000682e+02
1.880000000000000000e+03 8.051000000000000227e+02
2.288000000000000000e+03 8.331499999999999773e+02
2.288000000000000000e+03 8.430000000000000000e+02
1.648000000000000000e+03 8.695500000000000682e+02
2.296000000000000000e+03 8.761499999999999773e+02
2.040000000000000000e+03 8.783999999999999773e+02
2.264000000000000000e+03 8.832000000000000455e+02
2.272000000000000000e+03 9.233500000000000227e+02
1.816000000000000000e+03 9.240000000000000000e+02
1.632000000000000000e+03 9.267000000000000455e+02
2.368000000000000000e+03 9.369500000000000455e+02
1.792000000000000000e+03 1.012399999999999977e+03
2.272000000000000000e+03 1.016300000000000068e+03
1.832000000000000000e+03 1.018050000000000068e+03
1.776000000000000000e+03 1.033549999999999955e+03
2.096000000000000000e+03 1.045000000000000000e+03
2.280000000000000000e+03 1.067700000000000045e+03
2.328000000000000000e+03 1.073549999999999955e+03
1.840000000000000000e+03 1.087950000000000045e+03
1.624000000000000000e+03 1.094000000000000000e+03
1.776000000000000000e+03 1.129750000000000000e+03
2.064000000000000000e+03 1.131799999999999955e+03
2.256000000000000000e+03 1.195400000000000091e+03
2.336000000000000000e+03 1.205049999999999955e+03
1.992000000000000000e+03 1.213250000000000000e+03
1.968000000000000000e+03 1.220700000000000045e+03
1.968000000000000000e+03 1.245350000000000136e+03
1.792000000000000000e+03 1.265000000000000000e+03
1.784000000000000000e+03 1.276350000000000136e+03
2.376000000000000000e+03 1.284200000000000045e+03
2.384000000000000000e+03 1.314799999999999955e+03
2.128000000000000000e+03 1.351150000000000091e+03
2.296000000000000000e+03 1.353450000000000045e+03
2.328000000000000000e+03 1.356700000000000045e+03
1.808000000000000000e+03 1.398000000000000000e+03
2.000000000000000000e+03 1.406150000000000091e+03
1.824000000000000000e+03 1.415299999999999955e+03
1.656000000000000000e+03 1.425950000000000045e+03
2.344000000000000000e+03 1.473700000000000045e+03
2.072000000000000000e+03 1.477000000000000000e+03
1.712000000000000000e+03 1.511000000000000000e+03
1.744000000000000000e+03 1.604900000000000091e+03
2.232000000000000000e+03 1.628799999999999955e+03
2.072000000000000000e+03 1.646549999999999955e+03
1.936000000000000000e+03 1.655450000000000045e+03
2.280000000000000000e+03 1.670950000000000045e+03
1.984000000000000000e+03 1.673200000000000045e+03
1.848000000000000000e+03 1.676450000000000045e+03
2.128000000000000000e+03 1.680100000000000136e+03
1.856000000000000000e+03 1.682049999999999955e+03
1.904000000000000000e+03 1.698900000000000091e+03
2.232000000000000000e+03 1.705100000000000136e+03
1.712000000000000000e+03 1.708450000000000045e+03
2.016000000000000000e+03 1.710450000000000045e+03
1.992000000000000000e+03 1.712250000000000000e+03
1.896000000000000000e+03 1.719100000000000136e+03
2.344000000000000000e+03 1.761549999999999955e+03
1.672000000000000000e+03 1.795900000000000091e+03
1.856000000000000000e+03 1.805150000000000091e+03
2.056000000000000000e+03 1.806700000000000045e+03
2.096000000000000000e+03 1.831200000000000045e+03
2.400000000000000000e+03 1.832600000000000136e+03
2.288000000000000000e+03 1.850650000000000091e+03
2.320000000000000000e+03 1.856049999999999955e+03
2.248000000000000000e+03 1.862100000000000136e+03
2.152000000000000000e+03 1.864100000000000136e+03
2.328000000000000000e+03 1.876000000000000000e+03
2.168000000000000000e+03 1.892150000000000091e+03
1.992000000000000000e+03 1.913400000000000091e+03
2.136000000000000000e+03 1.913700000000000045e+03
1.848000000000000000e+03 1.945450000000000045e+03
2.144000000000000000e+03 1.959750000000000000e+03
2.088000000000000000e+03 2.039650000000000091e+03
2.264000000000000000e+03 2.048500000000000000e+03
1.936000000000000000e+03 2.126199999999999818e+03
1.792000000000000000e+03 2.146150000000000091e+03
2.128000000000000000e+03 2.148849999999999909e+03
2.192000000000000000e+03 2.163699999999999818e+03
2.352000000000000000e+03 2.171300000000000182e+03
2.384000000000000000e+03 2.176500000000000000e+03
1.992000000000000000e+03 2.183750000000000000e+03
1.976000000000000000e+03 2.195650000000000091e+03
1.864000000000000000e+03 2.199400000000000091e+03
2.344000000000000000e+03 2.225900000000000091e+03
1.640000000000000000e+03 2.237349999999999909e+03
2.232000000000000000e+03 2.261700000000000273e+03
2.344000000000000000e+03 2.296800000000000182e+03
2.032000000000000000e+03 2.311349999999999909e+03
1.664000000000000000e+03 2.313700000000000273e+03
2.248000000000000000e+03 2.317200000000000273e+03
1.616000000000000000e+03 2.317650000000000091e+03
1.760000000000000000e+03 2.353300000000000182e+03
2.376000000000000000e+03 2.359300000000000182e+03
1.984000000000000000e+03 2.376550000000000182e+03
2.008000000000000000e+03 2.406650000000000091e+03
2.280000000000000000e+03 2.435599999999999909e+03
1.824000000000000000e+03 2.436550000000000182e+03
1.736000000000000000e+03 2.446599999999999909e+03
2.000000000000000000e+03 2.451849999999999909e+03
2.024000000000000000e+03 2.482650000000000091e+03
2.192000000000000000e+03 2.484050000000000182e+03
1.616000000000000000e+03 2.511400000000000091e+03
2.240000000000000000e+03 2.521000000000000000e+03
1.760000000000000000e+03 2.563950000000000273e+03
2.376000000000000000e+03 2.570200000000000273e+03
2.296000000000000000e+03 2.588150000000000091e+03
2.240000000000000000e+03 2.622750000000000000e+03
1.720000000000000000e+03 2.624599999999999909e+03
2.400000000000000000e+03 2.627900000000000091e+03
1.928000000000000000e+03 2.632800000000000182e+03
1.904000000000000000e+03 2.636550000000000182e+03
1.992000000000000000e+03 2.647099999999999909e+03
2.264000000000000000e+03 2.649050000000000182e+03
2.288000000000000000e+03 2.654500000000000000e+03
1.800000000000000000e+03 2.666050000000000182e+03
2.128000000000000000e+03 2.666150000000000091e+03
1.720000000000000000e+03 2.682550000000000182e+03
2.184000000000000000e+03 2.683500000000000000e+03
1.824000000000000000e+03 2.691500000000000000e+03
1.808000000000000000e+03 2.702000000000000000e+03
2.104000000000000000e+03 2.713450000000000273e+03
1.704000000000000000e+03 2.717200000000000273e+03
2.200000000000000000e+03 2.751050000000000182e+03
1.688000000000000000e+03 2.785000000000000000e+03
1.624000000000000000e+03 2.795550000000000182e+03
2.032000000000000000e+03 2.815750000000000000e+03
2.136000000000000000e+03 2.834349999999999909e+03
2.192000000000000000e+03 2.867400000000000091e+03
1.720000000000000000e+03 2.869099999999999909e+03
2.304000000000000000e+03 2.876550000000000182e+03
1.832000000000000000e+03 2.891800000000000182e+03
1.624000000000000000e+03 2.902200000000000273e+03
2.208000000000000000e+03 2.908550000000000182e+03
2.008000000000000000e+03 2.911599999999999909e+03
1.720000000000000000e+03 2.923750000000000000e+03
2.096000000000000000e+03 2.925900000000000091e+03
1.984000000000000000e+03 2.931099999999999909e+03
1.880000000000000000e+03 2.943849999999999909e+03
2.144000000000000000e+03 2.944300000000000182e+03
1.616000000000000000e+03 2.955400000000000091e+03
2.232000000000000000e+03 2.958050000000000182e+03
1.632000000000000000e+03 2.980300000000000182e+03
1.952000000000000000e+03 2.987750000000000000e+03
1.976000000000000000e+03 3.411900000000000091e+03
2.272000000000000000e+03 3.423900000000000091e+03
2.024000000000000000e+03 3.424349999999999909e+03
1.776000000000000000e+03 3.447450000000000273e+03
1.712000000000000000e+03 3.449250000000000000e+03
2.312000000000000000e+03 3.453300000000000182e+03
1.848000000000000000e+03 3.469300000000000182e+03
2.056000000000000000e+03 3.486250000000000000e+03
1.664000000000000000e+03 3.487300000000000182e+03
1.816000000000000000e+03 3.499150000000000091e+03
1.608000000000000000e+03 3.505000000000000000e+03
1.840000000000000000e+03 3.506750000000000000e+03
1.696000000000000000e+03 3.515700000000000273e+03
2.160000000000000000e+03 3.531950000000000273e+03
2.176000000000000000e+03 3.538349999999999909e+03
2.208000000000000000e+03 3.543099999999999909e+03
1.896000000000000000e+03 3.593599999999999909e+03
2.168000000000000000e+03 3.619800000000000182e+03
1.904000000000000000e+03 3.625150000000000091e+03
1.624000000000000000e+03 3.723950000000000273e+03
2.384000000000000000e+03 3.747250000000000000e+03
1.984000000000000000e+03 3.756599999999999909e+03
1.848000000000000000e+03 3.762300000000000182e+03
2.224000000000000000e+03 3.779099999999999909e+03
2.240000000000000000e+03 3.801750000000000000e+03
2.120000000000000000e+03 3.861450000000000273e+03
1.880000000000000000e+03 3.874400000000000091e+03
1.896000000000000000e+03 3.886050000000000182e+03
2.056000000000000000e+03 3.888250000000000000e+03
2.088000000000000000e+03 3.891849999999999909e+03
1.704000000000000000e+03 3.897099999999999909e+03
2.104000000000000000e+03 3.948000000000000000e+03
1.792000000000000000e+03 3.952750000000000000e+03
2.176000000000000000e+03 3.963550000000000182e+03
2.360000000000000000e+03 4.002450000000000273e+03
2.392000000000000000e+03 4.102750000000000000e+03
2.040000000000000000e+03 4.112300000000000182e+03
2.128000000000000000e+03 4.123949999999999818e+03
2.072000000000000000e+03 4.125750000000000000e+03
1.736000000000000000e+03 4.185850000000000364e+03
2.056000000000000000e+03 4.191399999999999636e+03
2.152000000000000000e+03 4.194350000000000364e+03
2.272000000000000000e+03 4.211949999999999818e+03
2.032000000000000000e+03 4.218750000000000000e+03
2.168000000000000000e+03 4.220550000000000182e+03
2.176000000000000000e+03 4.230449999999999818e+03
2.384000000000000000e+03 4.233949999999999818e+03
1.928000000000000000e+03 4.237750000000000000e+03
1.936000000000000000e+03 4.250699999999999818e+03
1.880000000000000000e+03 4.271850000000000364e+03
2.360000000000000000e+03 4.319649999999999636e+03
1.728000000000000000e+03 4.332350000000000364e+03
2.176000000000000000e+03 4.346100000000000364e+03
2.168000000000000000e+03 4.353000000000000000e+03
1.928000000000000000e+03 4.355949999999999818e+03
2.200000000000000000e+03 4.458650000000000546e+03
1.712000000000000000e+03 4.519400000000000546e+03
2.104000000000000000e+03 4.543850000000000364e+03
1.784000000000000000e+03 4.547750000000000000e+03
2.312000000000000000e+03 4.554900000000000546e+03
1.672000000000000000e+03 4.567350000000000364e+03
2.240000000000000000e+03 4.586350000000000364e+03
2.328000000000000000e+03 4.625199999999999818e+03
1.936000000000000000e+03 4.646150000000000546e+03
1.784000000000000000e+03 4.649050000000000182e+03
2.392000000000000000e+03 4.769449999999999818e+03
2.224000000000000000e+03 4.776350000000000364e+03
2.232000000000000000e+03 4.778449999999999818e+03
1.768000000000000000e+03 4.813000000000000000e+03
2.008000000000000000e+03 4.831650000000000546e+03
2.200000000000000000e+03 4.918949999999999818e+03
2.088000000000000000e+03 5.027900000000000546e+03
1.888000000000000000e+03 5.038500000000000000e+03
1.880000000000000000e+03 5.139350000000000364e+03
2.040000000000000000e+03 5.155550000000000182e+03
2.240000000000000000e+03 5.160699999999999818e+03
2.152000000000000000e+03 5.162699999999999818e+03
2.088000000000000000e+03 5.174949999999999818e+03
1.960000000000000000e+03 5.266699999999999818e+03
2.088000000000000000e+03 5.296250000000000000e+03
1.688000000000000000e+03 5.321699999999999818e+03
2.384000000000000000e+03 5.329800000000000182e+03
1.944000000000000000e+03 5.362150000000000546e+03
2.136000000000000000e+03 5.378100000000000364e+03
1.760000000000000000e+03 5.381699999999999818e+03
2.264000000000000000e+03 5.493150000000000546e+03
1.944000000000000000e+03 5.539150000000000546e+03
2.256000000000000000e+03 5.598300000000000182e+03
2.296000000000000000e+03 5.690699999999999818e+03
1.896000000000000000e+03 5.735150000000000546e+03
2.192000000000000000e+03 5.788400000000000546e+03
1.688000000000000000e+03 5.898800000000000182e+03
2.120000000000000000e+03 5.933550000000000182e+03
1.896000000000000000e+03 5.948949999999999818e+03
1.656000000000000000e+03 5.997449999999999818e+03
1.905000000000000000e+03 1.276500000000000057e+02
2.289000000000000000e+03 1.310999999999999943e+02
1.865000000000000000e+03 1.344000000000000057e+02
2.033000000000000000e+03 1.373000000000000114e+02
1.673000000000000000e+03 1.431500000000000057e+02
1.865000000000000000e+03 1.450999999999999943e+02
1.985000000000000000e+03 1.498499999999999943e+02
1.889000000000000000e+03 1.542000000000000171e+02
2.001000000000000000e+03 1.555999999999999943e+02
1.921000000000000000e+03 1.564000000000000057e+02
1.721000000000000000e+03 1.707000000000000171e+02
2.337000000000000000e+03 1.795500000000000114e+02
2.081000000000000000e+03 1.809500000000000171e+02
1.665000000000000000e+03 2.124000000000000057e+02
2.369000000000000000e+03 2.439000000000000057e+02
1.793000000000000000e+03 2.596499999999999773e+02
1.985000000000000000e+03 2.698500000000000227e+02
2.153000000000000000e+03 3.423500000000000227e+02
1.649000000000000000e+03 3.451500000000000341e+02
2.225000000000000000e+03 3.571500000000000341e+02
2.097000000000000000e+03 3.844000000000000341e+02
1.657000000000000000e+03 3.896500000000000341e+02
2.169000000000000000e+03 3.958000000000000114e+02
1.689000000000000000e+03 4.151500000000000341e+02
2.169000000000000000e+03 4.252500000000000000e+02
2.025000000000000000e+03 4.308500000000000227e+02
2.233000000000000000e+03 4.426500000000000341e+02
1.625000000000000000e+03 4.719499999999999886e+02
1.945000000000000000e+03 4.800000000000000000e+02
2.017000000000000000e+03 4.809499999999999886e+02
2.097000000000000000e+03 4.993500000000000227e+02
1.881000000000000000e+03 5.056500000000000341e+02
1.969000000000000000e+03 5.058000000000000114e+02
2.073000000000000000e+03 5.202500000000000000e+02
2.273000000000000000e+03 5.255499999999999545e+02
1.705000000000000000e+03 5.865000000000000000e+02
2.169000000000000000e+03 5.933999999999999773e+02
2.265000000000000000e+03 5.938000000000000682e+02
2.289000000000000000e+03 6.023000000000000682e+02
2.145000000000000000e+03 6.236000000000000227e+02
1.809000000000000000e+03 6.281499999999999773e+02
1.857000000000000000e+03 6.896499999999999773e+02
2.009000000000000000e+03 7.176499999999999773e+02
1.785000000000000000e+03 7.306000000000000227e+02
1.753000000000000000e+03 7.418999999999999773e+02
1.705000000000000000e+03 7.433999999999999773e+02
1.857000000000000000e+03 8.123000000000000682e+02
1.777000000000000000e+03 8.433000000000000682e+02
1.705000000000000000e+03 8.469500000000000455e+02
2.329000000000000000e+03 8.930500000000000682e+02
2.009000000000000000e+03 8.960500000000000682e+02
1.713000000000000000e+03 9.149500000000000455e+02
2.009000000000000000e+03 9.882000000000000455e+02
2.337000000000000000e+03 1.034450000000000045e+03
2.185000000000000000e+03 1.043400000000000091e+03
2.081000000000000000e+03 1.050000000000000000e+03
2.217000000000000000e+03 1.069099999999999909e+03
1.657000000000000000e+03 1.081250000000000000e+03
1.865000000000000000e+03 1.133700000000000045e+03
1.929000000000000000e+03 1.141900000000000091e+03
1.729000000000000000e+03 1.143850000000000136e+03
2.273000000000000000e+03 1.147900000000000091e+03
2.297000000000000000e+03 1.169950000000000045e+03
2.369000000000000000e+03 1.198850000000000136e+03
1.633000000000000000e+03 1.205150000000000091e+03
2.313000000000000000e+03 1.206299999999999955e+03
1.705000000000000000e+03 1.212500000000000000e+03
2.089000000000000000e+03 1.218650000000000091e+03
2.169000000000000000e+03 1.284450000000000045e+03
2.313000000000000000e+03 1.293150000000000091e+03
2.153000000000000000e+03 1.297049999999999955e+03
1.905000000000000000e+03 1.304350000000000136e+03
1.649000000000000000e+03 1.312200000000000045e+03
1.969000000000000000e+03 1.377600000000000136e+03
1.721000000000000000e+03 1.432600000000000136e+03
2.089000000000000000e+03 1.468150000000000091e+03
1.649000000000000000e+03 1.475450000000000045e+03
2.257000000000000000e+03 1.507950000000000045e+03
2.377000000000000000e+03 1.510000000000000000e+03
1.785000000000000000e+03 1.548250000000000000e+03
1.913000000000000000e+03 1.557750000000000000e+03
1.921000000000000000e+03 1.604600000000000136e+03
2.185000000000000000e+03 1.607650000000000091e+03
1.625000000000000000e+03 1.641200000000000045e+03
1.689000000000000000e+03 1.651600000000000136e+03
2.265000000000000000e+03 1.684950000000000045e+03
2.337000000000000000e+03 1.727049999999999955e+03
2.105000000000000000e+03 1.728450000000000045e+03
2.065000000000000000e+03 1.751650000000000091e+03
1.785000000000000000e+03 1.805100000000000136e+03
2.321000000000000000e+03 1.807000000000000000e+03
1.985000000000000000e+03 1.815450000000000045e+03
1.609000000000000000e+03 1.857100000000000136e+03
1.777000000000000000e+03 1.869799999999999955e+03
1.721000000000000000e+03 1.898500000000000000e+03
1.689000000000000000e+03 1.902400000000000091e+03
2.377000000000000000e+03 1.908049999999999955e+03
1.625000000000000000e+03 1.915150000000000091e+03
2.137000000000000000e+03 1.923950000000000045e+03
2.153000000000000000e+03 1.932400000000000091e+03
2.233000000000000000e+03 1.944150000000000091e+03
2.345000000000000000e+03 1.944350000000000136e+03
1.785000000000000000e+03 1.944850000000000136e+03
1.873000000000000000e+03 1.945049999999999955e+03
1.713000000000000000e+03 1.983750000000000000e+03
2.377000000000000000e+03 1.988299999999999955e+03
1.753000000000000000e+03 2.019750000000000000e+03
2.057000000000000000e+03 2.037450000000000045e+03
1.817000000000000000e+03 2.051099999999999909e+03
2.001000000000000000e+03 2.058150000000000091e+03
1.809000000000000000e+03 2.066550000000000182e+03
2.233000000000000000e+03 2.089599999999999909e+03
2.073000000000000000e+03 2.105750000000000000e+03
1.601000000000000000e+03 2.111349999999999909e+03
2.105000000000000000e+03 2.112199999999999818e+03
1.793000000000000000e+03 2.120750000000000000e+03
1.993000000000000000e+03 2.165250000000000000e+03
2.145000000000000000e+03 2.171349999999999909e+03
2.265000000000000000e+03 2.172150000000000091e+03
2.185000000000000000e+03 2.190650000000000091e+03
2.337000000000000000e+03 2.199099999999999909e+03
2.153000000000000000e+03 2.219150000000000091e+03
1.609000000000000000e+03 2.220599999999999909e+03
2.265000000000000000e+03 2.234950000000000273e+03
2.257000000000000000e+03 2.241150000000000091e+03
2.105000000000000000e+03 2.244599999999999909e+03
2.201000000000000000e+03 2.248550000000000182e+03
2.057000000000000000e+03 2.253750000000000000e+03
1.697000000000000000e+03 2.267650000000000091e+03
1.881000000000000000e+03 2.277950000000000273e+03
1.601000000000000000e+03 2.290200000000000273e+03
1.777000000000000000e+03 2.290349999999999909e+03
1.921000000000000000e+03 2.318200000000000273e+03
1.897000000000000000e+03 2.343400000000000091e+03
2.049000000000000000e+03 2.355849999999999909e+03
2.313000000000000000e+03 2.381150000000000091e+03
1.985000000000000000e+03 2.382400000000000091e+03
2.337000000000000000e+03 2.386599999999999909e+03
2.073000000000000000e+03 2.388349999999999909e+03
2.049000000000000000e+03 2.408650000000000091e+03
1.849000000000000000e+03 2.434900000000000091e+03
1.665000000000000000e+03 2.442950000000000273e+03
1.993000000000000000e+03 2.450650000000000091e+03
2.257000000000000000e+03 2.456500000000000000e+03
1.825000000000000000e+03 2.466650000000000091e+03
1.617000000000000000e+03 2.474349999999999909e+03
2.057000000000000000e+03 2.516599999999999909e+03
1.681000000000000000e+03 2.532050000000000182e+03
1.609000000000000000e+03 2.577050000000000182e+03
2.185000000000000000e+03 2.604349999999999909e+03
1.921000000000000000e+03 2.619200000000000273e+03
2.305000000000000000e+03 2.634099999999999909e+03
1.769000000000000000e+03 2.654000000000000000e+03
1.705000000000000000e+03 2.656599999999999909e+03
1.809000000000000000e+03 2.660849999999999909e+03
1.881000000000000000e+03 2.665650000000000091e+03
1.833000000000000000e+03 2.689800000000000182e+03
2.169000000000000000e+03 2.728750000000000000e+03
1.929000000000000000e+03 2.730450000000000273e+03
2.241000000000000000e+03 2.739250000000000000e+03
2.289000000000000000e+03 2.743250000000000000e+03
1.633000000000000000e+03 2.749050000000000182e+03
2.345000000000000000e+03 2.751950000000000273e+03
2.257000000000000000e+03 2.767250000000000000e+03
1.817000000000000000e+03 2.767950000000000273e+03
2.321000000000000000e+03 2.768500000000000000e+03
1.833000000000000000e+03 2.779349999999999909e+03
1.761000000000000000e+03 2.781849999999999909e+03
1.953000000000000000e+03 2.804250000000000000e+03
1.793000000000000000e+03 2.811950000000000273e+03
1.601000000000000000e+03 2.879300000000000182e+03
1.713000000000000000e+03 2.884450000000000273e+03
1.897000000000000000e+03 2.912300000000000182e+03
2.345000000000000000e+03 2.918250000000000000e+03
2.329000000000000000e+03 2.980200000000000273e+03
2.105000000000000000e+03 2.997599999999999909e+03
2.337000000000000000e+03 3.389750000000000000e+03
1.849000000000000000e+03 3.430700000000000273e+03
1.729000000000000000e+03 3.433849999999999909e+03
2.297000000000000000e+03 3.437750000000000000e+03
1.809000000000000000e+03 3.447000000000000000e+03
2.057000000000000000e+03 3.459400000000000091e+03
1.937000000000000000e+03 3.471599999999999909e+03
2.289000000000000000e+03 3.492700000000000273e+03
2.185000000000000000e+03 3.515550000000000182e+03
2.129000000000000000e+03 3.517950000000000273e+03
2.193000000000000000e+03 3.540550000000000182e+03
2.241000000000000000e+03 3.558550000000000182e+03
2.281000000000000000e+03 3.576099999999999909e+03
2.025000000000000000e+03 3.576250000000000000e+03
2.193000000000000000e+03 3.586300000000000182e+03
1.937000000000000000e+03 3.594050000000000182e+03
1.601000000000000000e+03 3.596000000000000000e+03
2.041000000000000000e+03 3.619300000000000182e+03
2.049000000000000000e+03 3.625849999999999909e+03
2.273000000000000000e+03 3.714099999999999909e+03
2.025000000000000000e+03 3.725750000000000000e+03
2.057000000000000000e+03 3.741450000000000273e+03
2.369000000000000000e+03 3.765099999999999909e+03
1.721000000000000000e+03 3.765400000000000091e+03
2.249000000000000000e+03 3.779000000000000000e+03
1.969000000000000000e+03 3.782450000000000273e+03
2.049000000000000000e+03 3.784800000000000182e+03
1.833000000000000000e+03 3.792200000000000273e+03
1.753000000000000000e+03 3.792700000000000273e+03
1.809000000000000000e+03 3.807300000000000182e+03
2.233000000000000000e+03 3.810750000000000000e+03
2.297000000000000000e+03 3.821650000000000091e+03
1.841000000000000000e+03 3.863250000000000000e+03
2.081000000000000000e+03 3.872849999999999909e+03
1.753000000000000000e+03 3.874150000000000091e+03
2.057000000000000000e+03 3.926000000000000000e+03
2.097000000000000000e+03 3.941050000000000182e+03
2.385000000000000000e+03 3.944650000000000091e+03
1.825000000000000000e+03 3.949950000000000273e+03
1.713000000000000000e+03 3.971450000000000273e+03
2.233000000000000000e+03 3.979200000000000273e+03
1.945000000000000000e+03 4.003750000000000000e+03
2.297000000000000000e+03 4.004250000000000000e+03
2.345000000000000000e+03 4.022250000000000000e+03
1.865000000000000000e+03 4.115699999999999818e+03
1.897000000000000000e+03 4.124649999999999636e+03
1.825000000000000000e+03 4.139300000000000182e+03
1.857000000000000000e+03 4.147350000000000364e+03
2.233000000000000000e+03 4.156600000000000364e+03
2.353000000000000000e+03 4.209149999999999636e+03
2.345000000000000000e+03 4.214250000000000000e+03
1.897000000000000000e+03 4.221050000000000182e+03
2.377000000000000000e+03 4.227149999999999636e+03
1.953000000000000000e+03 4.231949999999999818e+03
1.777000000000000000e+03 4.239800000000000182e+03
1.849000000000000000e+03 4.242500000000000000e+03
2.249000000000000000e+03 4.271649999999999636e+03
1.745000000000000000e+03 4.275100000000000364e+03
2.009000000000000000e+03 4.284550000000000182e+03
2.113000000000000000e+03 4.285550000000000182e+03
1.929000000000000000e+03 4.291449999999999818e+03
1.705000000000000000e+03 4.291949999999999818e+03
2.329000000000000000e+03 4.300000000000000000e+03
2.305000000000000000e+03 4.306149999999999636e+03
1.649000000000000000e+03 4.335149999999999636e+03
2.025000000000000000e+03 4.357199999999999818e+03
1.833000000000000000e+03 4.359600000000000364e+03
1.993000000000000000e+03 4.361300000000000182e+03
2.145000000000000000e+03 4.361250000000000000e+03
2.241000000000000000e+03 4.361800000000000182e+03
1.753000000000000000e+03 4.478350000000000364e+03
1.945000000000000000e+03 4.479449999999999818e+03
1.993000000000000000e+03 4.498150000000000546e+03
2.217000000000000000e+03 4.498300000000000182e+03
2.385000000000000000e+03 4.508350000000000364e+03
2.121000000000000000e+03 4.509000000000000000e+03
2.161000000000000000e+03 4.528350000000000364e+03
2.281000000000000000e+03 4.529750000000000000e+03
2.369000000000000000e+03 4.547900000000000546e+03
2.265000000000000000e+03 4.579300000000000182e+03
1.825000000000000000e+03 4.602150000000000546e+03
2.225000000000000000e+03 4.616400000000000546e+03
2.217000000000000000e+03 4.623650000000000546e+03
1.601000000000000000e+03 4.731400000000000546e+03
1.601000000000000000e+03 4.766699999999999818e+03
2.129000000000000000e+03 4.769500000000000000e+03
2.393000000000000000e+03 4.781400000000000546e+03
2.361000000000000000e+03 4.800699999999999818e+03
2.185000000000000000e+03 4.809500000000000000e+03
2.369000000000000000e+03 4.810199999999999818e+03
1.689000000000000000e+03 4.846350000000000364e+03
1.745000000000000000e+03 4.872100000000000364e+03
2.145000000000000000e+03 4.887550000000000182e+03
1.825000000000000000e+03 4.948550000000000182e+03
2.105000000000000000e+03 5.102850000000000364e+03
2.169000000000000000e+03 5.103949999999999818e+03
1.769000000000000000e+03 5.109199999999999818e+03
2.001000000000000000e+03 5.117600000000000364e+03
1.753000000000000000e+03 5.138600000000000364e+03
1.633000000000000000e+03 5.141400000000000546e+03
2.297000000000000000e+03 5.141650000000000546e+03
1.625000000000000000e+03 5.143199999999999818e+03
1.873000000000000000e+03 5.155350000000000364e+03
1.993000000000000000e+03 5.182650000000000546e+03
1.729000000000000000e+03 5.189449999999999818e+03
2.129000000000000000e+03 5.191600000000000364e+03
2.073000000000000000e+03 5.232000000000000000e+03
2.209000000000000000e+03 5.244100000000000364e+03
2.065000000000000000e+03 5.263500000000000000e+03
2.177000000000000000e+03 5.294199999999999818e+03
2.049000000000000000e+03 5.358699999999999818e+03
1.921000000000000000e+03 5.359600000000000364e+03
1.825000000000000000e+03 5.512150000000000546e+03
1.721000000000000000e+03 5.544449999999999818e+03
1.641000000000000000e+03 5.634150000000000546e+03
1.977000000000000000e+03 5.680000000000000000e+03
1.785000000000000000e+03 5.715800000000000182e+03
2.217000000000000000e+03 5.725350000000000364e+03
1.665000000000000000e+03 5.800600000000000364e+03
2.105000000000000000e+03 5.803150000000000546e+03
1.865000000000000000e+03 5.822850000000000364e+03
1.849000000000000000e+03 5.864449999999999818e+03
2.137000000000000000e+03 5.944199999999999818e+03
1.858000000000000000e+03 1.056500000000000057e+02
1.986000000000000000e+03 1.407000000000000171e+02
2.202000000000000000e+03 1.427000000000000171e+02
1.754000000000000000e+03 1.467500000000000000e+02
2.114000000000000000e+03 1.690500000000000114e+02
2.034000000000000000e+03 1.885000000000000000e+02
2.322000000000000000e+03 1.900999999999999943e+02
1.770000000000000000e+03 2.403499999999999943e+02
1.778000000000000000e+03 2.535000000000000000e+02
1.706000000000000000e+03 2.550000000000000000e+02
2.234000000000000000e+03 2.658500000000000227e+02
2.114000000000000000e+03 2.788000000000000114e+02
1.898000000000000000e+03 3.106999999999999886e+02
2.250000000000000000e+03 3.156000000000000227e+02
1.898000000000000000e+03 3.283000000000000114e+02
1.922000000000000000e+03 3.364000000000000341e+02
2.162000000000000000e+03 3.546500000000000341e+02
1.666000000000000000e+03 3.781500000000000341e+02
1.626000000000000000e+03 3.910000000000000000e+02
1.778000000000000000e+03 4.082500000000000000e+02
2.042000000000000000e+03 4.107500000000000000e+02
1.610000000000000000e+03 4.133000000000000114e+02
2.354000000000000000e+03 4.227500000000000000e+02
2.138000000000000000e+03 4.250500000000000114e+02
1.626000000000000000e+03 4.559499999999999886e+02
2.170000000000000000e+03 4.900000000000000000e+02
2.242000000000000000e+03 4.949000000000000341e+02
2.250000000000000000e+03 5.344500000000000455e+02
2.394000000000000000e+03 5.481499999999999773e+02
1.770000000000000000e+03 5.635500000000000682e+02
1.658000000000000000e+03 5.723500000000000227e+02
1.698000000000000000e+03 5.826000000000000227e+02
2.154000000000000000e+03 5.983999999999999773e+02
1.714000000000000000e+03 6.168000000000000682e+02
1.898000000000000000e+03 6.692500000000000000e+02
2.266000000000000000e+03 6.833500000000000227e+02
2.346000000000000000e+03 6.925500000000000682e+02
2.130000000000000000e+03 7.021000000000000227e+02
2.282000000000000000e+03 7.419500000000000455e+02
2.394000000000000000e+03 7.846499999999999773e+02
1.914000000000000000e+03 8.093000000000000682e+02
1.946000000000000000e+03 8.130500000000000682e+02
2.098000000000000000e+03 8.138500000000000227e+02
2.058000000000000000e+03 8.146000000000000227e+02
1.818000000000000000e+03 8.177500000000000000e+02
1.922000000000000000e+03 8.252000000000000455e+02
2.274000000000000000e+03 8.340500000000000682e+02
1.674000000000000000e+03 8.403500000000000227e+02
1.698000000000000000e+03 8.713500000000000227e+02
2.106000000000000000e+03 9.243500000000000227e+02
1.610000000000000000e+03 9.251499999999999773e+02
1.954000000000000000e+03 9.267000000000000455e+02
2.282000000000000000e+03 9.387000000000000455e+02
2.346000000000000000e+03 9.898500000000000227e+02
1.906000000000000000e+03 9.940000000000000000e+02
2.194000000000000000e+03 1.002000000000000000e+03
2.378000000000000000e+03 1.015800000000000068e+03
1.842000000000000000e+03 1.025900000000000091e+03
2.226000000000000000e+03 1.035450000000000045e+03
2.106000000000000000e+03 1.039650000000000091e+03
2.234000000000000000e+03 1.049450000000000045e+03
2.050000000000000000e+03 1.050000000000000000e+03
2.170000000000000000e+03 1.092200000000000045e+03
1.730000000000000000e+03 1.095500000000000000e+03
2.042000000000000000e+03 1.110299999999999955e+03
2.330000000000000000e+03 1.110400000000000091e+03
2.218000000000000000e+03 1.141450000000000045e+03
1.746000000000000000e+03 1.143600000000000136e+03
2.034000000000000000e+03 1.178850000000000136e+03
2.146000000000000000e+03 1.184000000000000000e+03
2.130000000000000000e+03 1.221650000000000091e+03
2.122000000000000000e+03 1.255150000000000091e+03
2.218000000000000000e+03 1.255850000000000136e+03
2.378000000000000000e+03 1.266400000000000091e+03
1.706000000000000000e+03 1.277250000000000000e+03
2.170000000000000000e+03 1.279950000000000045e+03
2.138000000000000000e+03 1.280200000000000045e+03
2.266000000000000000e+03 1.284400000000000091e+03
1.866000000000000000e+03 1.301900000000000091e+03
1.706000000000000000e+03 1.318750000000000000e+03
1.714000000000000000e+03 1.368299999999999955e+03
1.986000000000000000e+03 1.372100000000000136e+03
2.298000000000000000e+03 1.388450000000000045e+03
1.626000000000000000e+03 1.389250000000000000e+03
1.746000000000000000e+03 1.399950000000000045e+03
1.930000000000000000e+03 1.405400000000000091e+03
2.034000000000000000e+03 1.408900000000000091e+03
2.098000000000000000e+03 1.434799999999999955e+03
2.386000000000000000e+03 1.435200000000000045e+03
1.706000000000000000e+03 1.438450000000000045e+03
2.138000000000000000e+03 1.466100000000000136e+03
2.026000000000000000e+03 1.498100000000000136e+03
1.994000000000000000e+03 1.505549999999999955e+03
2.378000000000000000e+03 1.507850000000000136e+03
2.298000000000000000e+03 1.511250000000000000e+03
1.834000000000000000e+03 1.547350000000000136e+03
1.714000000000000000e+03 1.571500000000000000e+03
2.258000000000000000e+03 1.637150000000000091e+03
2.162000000000000000e+03 1.642150000000000091e+03
2.378000000000000000e+03 1.648700000000000045e+03
1.986000000000000000e+03 1.685400000000000091e+03
1.978000000000000000e+03 1.700299999999999955e+03
1.602000000000000000e+03 1.719299999999999955e+03
2.018000000000000000e+03 1.721350000000000136e+03
1.794000000000000000e+03 1.732750000000000000e+03
2.378000000000000000e+03 1.734100000000000136e+03
1.810000000000000000e+03 1.741900000000000091e+03
1.818000000000000000e+03 1.753100000000000136e+03
2.050000000000000000e+03 1.755650000000000091e+03
1.882000000000000000e+03 1.763549999999999955e+03
2.306000000000000000e+03 1.764600000000000136e+03
2.234000000000000000e+03 1.779950000000000045e+03
2.138000000000000000e+03 1.811400000000000091e+03
1.802000000000000000e+03 1.818049999999999955e+03
2.330000000000000000e+03 1.825650000000000091e+03
1.706000000000000000e+03 1.849500000000000000e+03
2.242000000000000000e+03 1.862200000000000045e+03
2.322000000000000000e+03 1.867799999999999955e+03
2.346000000000000000e+03 1.897299999999999955e+03
2.282000000000000000e+03 1.912900000000000091e+03
1.730000000000000000e+03 1.946950000000000045e+03
1.954000000000000000e+03 1.958950000000000045e+03
1.762000000000000000e+03 1.971650000000000091e+03
1.866000000000000000e+03 1.977250000000000000e+03
2.378000000000000000e+03 2.021150000000000091e+03
2.258000000000000000e+03 2.026500000000000000e+03
2.282000000000000000e+03 2.037400000000000091e+03
2.234000000000000000e+03 2.048849999999999909e+03
2.106000000000000000e+03 2.058449999999999818e+03
1.714000000000000000e+03 2.069650000000000091e+03
2.290000000000000000e+03 2.071550000000000182e+03
1.946000000000000000e+03 2.089650000000000091e+03
2.058000000000000000e+03 2.092199999999999818e+03
2.314000000000000000e+03 2.105199999999999818e+03
1.658000000000000000e+03 2.121099999999999909e+03
2.066000000000000000e+03 2.124150000000000091e+03
1.698000000000000000e+03 2.132650000000000091e+03
2.146000000000000000e+03 2.135650000000000091e+03
1.938000000000000000e+03 2.173250000000000000e+03
2.290000000000000000e+03 2.190950000000000273e+03
1.930000000000000000e+03 2.191150000000000091e+03
1.826000000000000000e+03 2.233099999999999909e+03
1.842000000000000000e+03 2.235000000000000000e+03
1.698000000000000000e+03 2.237950000000000273e+03
1.770000000000000000e+03 2.244400000000000091e+03
2.250000000000000000e+03 2.248599999999999909e+03
2.098000000000000000e+03 2.253250000000000000e+03
1.698000000000000000e+03 2.257000000000000000e+03
1.874000000000000000e+03 2.259800000000000182e+03
2.050000000000000000e+03 2.261650000000000091e+03
2.306000000000000000e+03 2.292150000000000091e+03
1.770000000000000000e+03 2.310250000000000000e+03
1.706000000000000000e+03 2.326849999999999909e+03
1.754000000000000000e+03 2.408200000000000273e+03
2.074000000000000000e+03 2.408750000000000000e+03
2.218000000000000000e+03 2.436550000000000182e+03
1.922000000000000000e+03 2.437250000000000000e+03
2.266000000000000000e+03 2.439150000000000091e+03
2.106000000000000000e+03 2.477950000000000273e+03
2.194000000000000000e+03 2.479400000000000091e+03
1.802000000000000000e+03 2.480599999999999909e+03
2.330000000000000000e+03 2.520500000000000000e+03
1.762000000000000000e+03 2.542700000000000273e+03
2.378000000000000000e+03 2.563650000000000091e+03
1.602000000000000000e+03 2.579349999999999909e+03
1.722000000000000000e+03 2.581550000000000182e+03
2.106000000000000000e+03 2.594700000000000273e+03
1.850000000000000000e+03 2.600650000000000091e+03
1.906000000000000000e+03 2.608250000000000000e+03
1.938000000000000000e+03 2.663349999999999909e+03
2.202000000000000000e+03 2.664750000000000000e+03
2.394000000000000000e+03 2.667000000000000000e+03
1.618000000000000000e+03 2.667849999999999909e+03
1.978000000000000000e+03 2.671500000000000000e+03
2.210000000000000000e+03 2.672349999999999909e+03
1.930000000000000000e+03 2.725450000000000273e+03
2.378000000000000000e+03 2.756000000000000000e+03
2.098000000000000000e+03 2.826599999999999909e+03
1.802000000000000000e+03 2.829000000000000000e+03
2.170000000000000000e+03 2.835849999999999909e+03
1.858000000000000000e+03 2.837550000000000182e+03
2.378000000000000000e+03 2.846150000000000091e+03
1.674000000000000000e+03 2.852550000000000182e+03
1.834000000000000000e+03 2.859849999999999909e+03
2.066000000000000000e+03 2.887099999999999909e+03
2.098000000000000000e+03 2.908750000000000000e+03
1.666000000000000000e+03 2.931550000000000182e+03
1.890000000000000000e+03 2.939300000000000182e+03
2.098000000000000000e+03 2.943450000000000273e+03
1.914000000000000000e+03 2.958150000000000091e+03
1.602000000000000000e+03 2.979750000000000000e+03
2.186000000000000000e+03 2.979900000000000091e+03
2.266000000000000000e+03 2.985900000000000091e+03
2.234000000000000000e+03 2.988300000000000182e+03
2.306000000000000000e+03 3.398250000000000000e+03
1.746000000000000000e+03 3.457700000000000273e+03
1.666000000000000000e+03 3.458800000000000182e+03
2.242000000000000000e+03 3.469700000000000273e+03
1.810000000000000000e+03 3.479550000000000182e+03
2.050000000000000000e+03 3.479750000000000000e+03
2.346000000000000000e+03 3.503400000000000091e+03
2.242000000000000000e+03 3.587099999999999909e+03
2.186000000000000000e+03 3.611349999999999909e+03
1.666000000000000000e+03 3.724150000000000091e+03
1.946000000000000000e+03 3.744200000000000273e+03
1.978000000000000000e+03 3.745000000000000000e+03
1.890000000000000000e+03 3.746400000000000091e+03
1.922000000000000000e+03 3.760300000000000182e+03
1.722000000000000000e+03 3.789750000000000000e+03
1.898000000000000000e+03 3.793250000000000000e+03
2.378000000000000000e+03 3.794000000000000000e+03
2.162000000000000000e+03 3.802250000000000000e+03
1.738000000000000000e+03 3.809800000000000182e+03
1.922000000000000000e+03 3.814349999999999909e+03
1.850000000000000000e+03 3.822250000000000000e+03
1.802000000000000000e+03 3.828500000000000000e+03
1.730000000000000000e+03 3.838250000000000000e+03
2.066000000000000000e+03 3.886150000000000091e+03
2.050000000000000000e+03 3.941200000000000273e+03
2.066000000000000000e+03 3.960650000000000091e+03
1.834000000000000000e+03 3.977000000000000000e+03
1.922000000000000000e+03 3.979099999999999909e+03
2.050000000000000000e+03 4.023200000000000273e+03
1.658000000000000000e+03 4.100649999999999636e+03
2.178000000000000000e+03 4.113550000000000182e+03
2.074000000000000000e+03 4.119149999999999636e+03
2.130000000000000000e+03 4.145050000000000182e+03
1.938000000000000000e+03 4.145750000000000000e+03
2.306000000000000000e+03 4.149350000000000364e+03
1.834000000000000000e+03 4.212199999999999818e+03
2.138000000000000000e+03 4.342500000000000000e+03
1.682000000000000000e+03 4.347449999999999818e+03
2.330000000000000000e+03 4.455850000000000364e+03
2.226000000000000000e+03 4.464300000000000182e+03
2.042000000000000000e+03 4.540449999999999818e+03
2.010000000000000000e+03 4.541650000000000546e+03
2.162000000000000000e+03 4.555150000000000546e+03
1.826000000000000000e+03 4.578800000000000182e+03
2.394000000000000000e+03 4.587100000000000364e+03
1.626000000000000000e+03 4.603650000000000546e+03
2.114000000000000000e+03 4.608949999999999818e+03
1.978000000000000000e+03 4.624300000000000182e+03
1.826000000000000000e+03 4.652199999999999818e+03
2.314000000000000000e+03 4.783449999999999818e+03
2.106000000000000000e+03 4.836900000000000546e+03
2.066000000000000000e+03 4.839900000000000546e+03
2.074000000000000000e+03 4.846650000000000546e+03
1.762000000000000000e+03 4.920600000000000364e+03
2.066000000000000000e+03 4.922800000000000182e+03
1.866000000000000000e+03 5.017150000000000546e+03
1.962000000000000000e+03 5.056500000000000000e+03
2.058000000000000000e+03 5.070949999999999818e+03
2.154000000000000000e+03 5.083050000000000182e+03
2.066000000000000000e+03 5.090850000000000364e+03
1.730000000000000000e+03 5.117650000000000546e+03
2.146000000000000000e+03 5.122650000000000546e+03
2.082000000000000000e+03 5.124400000000000546e+03
2.322000000000000000e+03 5.126699999999999818e+03
2.394000000000000000e+03 5.126949999999999818e+03
1.818000000000000000e+03 5.137250000000000000e+03
2.074000000000000000e+03 5.138050000000000182e+03
2.034000000000000000e+03 5.139800000000000182e+03
1.986000000000000000e+03 5.141800000000000182e+03
1.642000000000000000e+03 5.147350000000000364e+03
1.978000000000000000e+03 5.153199999999999818e+03
1.778000000000000000e+03 5.165050000000000182e+03
2.354000000000000000e+03 5.188850000000000364e+03
1.802000000000000000e+03 5.190100000000000364e+03
2.066000000000000000e+03 5.199750000000000000e+03
1.874000000000000000e+03 5.211050000000000182e+03
1.738000000000000000e+03 5.246550000000000182e+03
1.890000000000000000e+03 5.280400000000000546e+03
1.906000000000000000e+03 5.285600000000000364e+03
1.842000000000000000e+03 5.313000000000000000e+03
1.746000000000000000e+03 5.323449999999999818e+03
1.826000000000000000e+03 5.341500000000000000e+03
1.826000000000000000e+03 5.366400000000000546e+03
2.042000000000000000e+03 5.368650000000000546e+03
2.010000000000000000e+03 5.482650000000000546e+03
1.930000000000000000e+03 5.486699999999999818e+03
1.866000000000000000e+03 5.487449999999999818e+03
2.346000000000000000e+03 5.488000000000000000e+03
2.362000000000000000e+03 5.600750000000000000e+03
2.346000000000000000e+03 5.620550000000000182e+03
1.610000000000000000e+03 5.661000000000000000e+03
2.314000000000000000e+03 5.686350000000000364e+03
1.842000000000000000e+03 5.731850000000000364e+03
2.058000000000000000e+03 5.744500000000000000e+03
1.714000000000000000e+03 5.798550000000000182e+03
1.922000000000000000e+03 5.954800000000000182e+03
2.074000000000000000e+03 5.984900000000000546e+03
1.643000000000000000e+03 1.003500000000000085e+02
1.843000000000000000e+03 1.278500000000000085e+02
1.947000000000000000e+03 1.293000000000000114e+02
1.763000000000000000e+03 1.372000000000000171e+02
2.011000000000000000e+03 1.400000000000000000e+02
2.171000000000000000e+03 1.510999999999999943e+02
1.963000000000000000e+03 1.511500000000000057e+02
2.067000000000000000e+03 1.554000000000000057e+02
1.939000000000000000e+03 1.700000000000000000e+02
1.755000000000000000e+03 1.889500000000000171e+02
2.051000000000000000e+03 2.006500000000000057e+02
2.083000000000000000e+03 2.220000000000000000e+02
2.083000000000000000e+03 2.435999999999999943e+02
2.299000000000000000e+03 2.581999999999999886e+02
1.867000000000000000e+03 2.681000000000000227e+02
1.955000000000000000e+03 3.021999999999999886e+02
1.971000000000000000e+03 3.071999999999999886e+02
1.739000000000000000e+03 3.096000000000000227e+02
1.763000000000000000e+03 3.187500000000000000e+02
1.779000000000000000e+03 3.509499999999999886e+02
2.147000000000000000e+03 3.560000000000000000e+02
2.035000000000000000e+03 3.641000000000000227e+02
2.059000000000000000e+03 3.679499999999999886e+02
1.747000000000000000e+03 3.756500000000000341e+02
2.283000000000000000e+03 3.972500000000000000e+02
2.123000000000000000e+03 3.982500000000000000e+02
1.963000000000000000e+03 4.323500000000000227e+02
1.619000000000000000e+03 4.326999999999999886e+02
1.803000000000000000e+03 4.696000000000000227e+02
1.979000000000000000e+03 5.225499999999999545e+02
2.187000000000000000e+03 5.360499999999999545e+02
1.979000000000000000e+03 5.446499999999999773e+02
1.835000000000000000e+03 5.516499999999999773e+02
1.675000000000000000e+03 5.644500000000000455e+02
2.131000000000000000e+03 5.733000000000000682e+02
2.067000000000000000e+03 5.823500000000000227e+02
1.915000000000000000e+03 5.831000000000000227e+02
2.267000000000000000e+03 5.906499999999999773e+02
2.123000000000000000e+03 6.023999999999999773e+02
1.675000000000000000e+03 6.369500000000000455e+02
2.027000000000000000e+03 6.370500000000000682e+02
2.339000000000000000e+03 6.386499999999999773e+02
2.379000000000000000e+03 6.633500000000000227e+02
1.811000000000000000e+03 7.291000000000000227e+02
1.851000000000000000e+03 7.427000000000000455e+02
2.155000000000000000e+03 7.734500000000000455e+02
2.019000000000000000e+03 7.775500000000000682e+02
1.683000000000000000e+03 7.863000000000000682e+02
2.155000000000000000e+03 7.912500000000000000e+02
1.627000000000000000e+03 7.980000000000000000e+02
1.667000000000000000e+03 8.093999999999999773e+02
2.019000000000000000e+03 8.443000000000000682e+02
1.763000000000000000e+03 8.550500000000000682e+02
1.963000000000000000e+03 8.764500000000000455e+02
2.067000000000000000e+03 9.047500000000000000e+02
2.051000000000000000e+03 9.126000000000000227e+02
1.883000000000000000e+03 9.246499999999999773e+02
2.155000000000000000e+03 9.262500000000000000e+02
1.771000000000000000e+03 9.347500000000000000e+02
2.091000000000000000e+03 9.398999999999999773e+02
1.915000000000000000e+03 9.403999999999999773e+02
1.827000000000000000e+03 9.418500000000000227e+02
1.731000000000000000e+03 9.508000000000000682e+02
1.603000000000000000e+03 9.520500000000000682e+02
2.331000000000000000e+03 9.561499999999999773e+02
2.115000000000000000e+03 9.565000000000000000e+02
1.635000000000000000e+03 9.599500000000000455e+02
1.771000000000000000e+03 9.722000000000000455e+02
2.315000000000000000e+03 9.741000000000000227e+02
2.155000000000000000e+03 9.946000000000000227e+02
2.307000000000000000e+03 1.008149999999999977e+03
2.219000000000000000e+03 1.027349999999999909e+03
1.843000000000000000e+03 1.029650000000000091e+03
2.283000000000000000e+03 1.032900000000000091e+03
2.331000000000000000e+03 1.036349999999999909e+03
2.163000000000000000e+03 1.095549999999999955e+03
1.635000000000000000e+03 1.122850000000000136e+03
2.339000000000000000e+03 1.143400000000000091e+03
2.395000000000000000e+03 1.156000000000000000e+03
1.603000000000000000e+03 1.174549999999999955e+03
2.107000000000000000e+03 1.182950000000000045e+03
2.235000000000000000e+03 1.184950000000000045e+03
1.611000000000000000e+03 1.190700000000000045e+03
1.675000000000000000e+03 1.214500000000000000e+03
2.059000000000000000e+03 1.222950000000000045e+03
2.291000000000000000e+03 1.223000000000000000e+03
1.715000000000000000e+03 1.242200000000000045e+03
2.243000000000000000e+03 1.246000000000000000e+03
1.979000000000000000e+03 1.304299999999999955e+03
2.347000000000000000e+03 1.311400000000000091e+03
2.115000000000000000e+03 1.337049999999999955e+03
1.771000000000000000e+03 1.340650000000000091e+03
1.691000000000000000e+03 1.341950000000000045e+03
1.755000000000000000e+03 1.343049999999999955e+03
1.987000000000000000e+03 1.366350000000000136e+03
1.811000000000000000e+03 1.391049999999999955e+03
1.771000000000000000e+03 1.400700000000000045e+03
1.707000000000000000e+03 1.405350000000000136e+03
1.995000000000000000e+03 1.410150000000000091e+03
1.931000000000000000e+03 1.412500000000000000e+03
2.131000000000000000e+03 1.412450000000000045e+03
2.283000000000000000e+03 1.416100000000000136e+03
2.219000000000000000e+03 1.462400000000000091e+03
1.907000000000000000e+03 1.488500000000000000e+03
2.291000000000000000e+03 1.507000000000000000e+03
1.747000000000000000e+03 1.529450000000000045e+03
2.299000000000000000e+03 1.530400000000000091e+03
1.627000000000000000e+03 1.537250000000000000e+03
2.371000000000000000e+03 1.598650000000000091e+03
1.907000000000000000e+03 1.610799999999999955e+03
1.707000000000000000e+03 1.611200000000000045e+03
2.339000000000000000e+03 1.630600000000000136e+03
1.963000000000000000e+03 1.640850000000000136e+03
1.963000000000000000e+03 1.654549999999999955e+03
2.379000000000000000e+03 1.655600000000000136e+03
2.331000000000000000e+03 1.707549999999999955e+03
2.123000000000000000e+03 1.720350000000000136e+03
2.227000000000000000e+03 1.731200000000000045e+03
1.651000000000000000e+03 1.734150000000000091e+03
2.219000000000000000e+03 1.759350000000000136e+03
2.155000000000000000e+03 1.765450000000000045e+03
2.035000000000000000e+03 1.767799999999999955e+03
2.363000000000000000e+03 1.778150000000000091e+03
2.035000000000000000e+03 1.778700000000000045e+03
1.971000000000000000e+03 1.781350000000000136e+03
1.787000000000000000e+03 1.784299999999999955e+03
2.163000000000000000e+03 1.794250000000000000e+03
2.299000000000000000e+03 1.803150000000000091e+03
1.899000000000000000e+03 1.812600000000000136e+03
2.179000000000000000e+03 1.816200000000000045e+03
2.211000000000000000e+03 1.816150000000000091e+03
2.387000000000000000e+03 1.832200000000000045e+03
2.243000000000000000e+03 1.858000000000000000e+03
1.979000000000000000e+03 1.875200000000000045e+03
1.715000000000000000e+03 1.903799999999999955e+03
2.107000000000000000e+03 1.905150000000000091e+03
2.107000000000000000e+03 1.971850000000000136e+03
2.195000000000000000e+03 1.976850000000000136e+03
2.019000000000000000e+03 2.013049999999999955e+03
2.115000000000000000e+03 2.028950000000000045e+03
2.171000000000000000e+03 2.058849999999999909e+03
1.715000000000000000e+03 2.071099999999999909e+03
2.267000000000000000e+03 2.082550000000000182e+03
1.995000000000000000e+03 2.087250000000000000e+03
2.155000000000000000e+03 2.092800000000000182e+03
2.315000000000000000e+03 2.097150000000000091e+03
2.379000000000000000e+03 2.099550000000000182e+03
2.067000000000000000e+03 2.188800000000000182e+03
1.707000000000000000e+03 2.198500000000000000e+03
2.003000000000000000e+03 2.207950000000000273e+03
2.307000000000000000e+03 2.238950000000000273e+03
1.867000000000000000e+03 2.246099999999999909e+03
1.979000000000000000e+03 2.265000000000000000e+03
2.179000000000000000e+03 2.285400000000000091e+03
2.363000000000000000e+03 2.289400000000000091e+03
2.179000000000000000e+03 2.304250000000000000e+03
1.843000000000000000e+03 2.310900000000000091e+03
2.275000000000000000e+03 2.335150000000000091e+03
2.171000000000000000e+03 2.352099999999999909e+03
1.755000000000000000e+03 2.360900000000000091e+03
1.979000000000000000e+03 2.363900000000000091e+03
2.059000000000000000e+03 2.390200000000000273e+03
1.851000000000000000e+03 2.397950000000000273e+03
2.323000000000000000e+03 2.399849999999999909e+03
1.651000000000000000e+03 2.439450000000000273e+03
1.979000000000000000e+03 2.527150000000000091e+03
1.899000000000000000e+03 2.530550000000000182e+03
2.227000000000000000e+03 2.561000000000000000e+03
1.707000000000000000e+03 2.563450000000000273e+03
2.011000000000000000e+03 2.579849999999999909e+03
2.171000000000000000e+03 2.580450000000000273e+03
1.963000000000000000e+03 2.591450000000000273e+03
1.651000000000000000e+03 2.600000000000000000e+03
1.715000000000000000e+03 2.608900000000000091e+03
1.955000000000000000e+03 2.629750000000000000e+03
2.355000000000000000e+03 2.649349999999999909e+03
2.171000000000000000e+03 2.653000000000000000e+03
1.619000000000000000e+03 2.655700000000000273e+03
1.867000000000000000e+03 2.656900000000000091e+03
2.123000000000000000e+03 2.675800000000000182e+03
2.355000000000000000e+03 2.693099999999999909e+03
1.723000000000000000e+03 2.702950000000000273e+03
1.867000000000000000e+03 2.715599999999999909e+03
2.339000000000000000e+03 2.717800000000000182e+03
1.739000000000000000e+03 2.752400000000000091e+03
2.323000000000000000e+03 2.766950000000000273e+03
1.803000000000000000e+03 2.767099999999999909e+03
2.379000000000000000e+03 2.841200000000000273e+03
1.699000000000000000e+03 2.868099999999999909e+03
1.963000000000000000e+03 2.868500000000000000e+03
2.099000000000000000e+03 2.872200000000000273e+03
1.659000000000000000e+03 2.919099999999999909e+03
1.915000000000000000e+03 2.920700000000000273e+03
1.747000000000000000e+03 2.930500000000000000e+03
2.059000000000000000e+03 2.939599999999999909e+03
2.107000000000000000e+03 2.939550000000000182e+03
2.291000000000000000e+03 2.957550000000000182e+03
1.683000000000000000e+03 2.969750000000000000e+03
1.819000000000000000e+03 2.981200000000000273e+03
1.867000000000000000e+03 2.984250000000000000e+03
2.131000000000000000e+03 2.984450000000000273e+03
2.235000000000000000e+03 3.001150000000000091e+03
1.923000000000000000e+03 3.397050000000000182e+03
1.739000000000000000e+03 3.427950000000000273e+03
1.723000000000000000e+03 3.452500000000000000e+03
2.139000000000000000e+03 3.459250000000000000e+03
1.611000000000000000e+03 3.477849999999999909e+03
2.347000000000000000e+03 3.484050000000000182e+03
2.035000000000000000e+03 3.486900000000000091e+03
2.035000000000000000e+03 3.585750000000000000e+03
2.195000000000000000e+03 3.603800000000000182e+03
1.931000000000000000e+03 3.702950000000000273e+03
2.243000000000000000e+03 3.709450000000000273e+03
1.779000000000000000e+03 3.724050000000000182e+03
1.763000000000000000e+03 3.737300000000000182e+03
1.811000000000000000e+03 3.742450000000000273e+03
2.027000000000000000e+03 3.749800000000000182e+03
2.163000000000000000e+03 3.759349999999999909e+03
1.883000000000000000e+03 3.766450000000000273e+03
2.307000000000000000e+03 3.770400000000000091e+03
2.371000000000000000e+03 3.781599999999999909e+03
1.947000000000000000e+03 3.784400000000000091e+03
2.387000000000000000e+03 3.785200000000000273e+03
1.699000000000000000e+03 3.804300000000000182e+03
2.179000000000000000e+03 3.828200000000000273e+03
2.099000000000000000e+03 3.835700000000000273e+03
1.787000000000000000e+03 3.855950000000000273e+03
1.843000000000000000e+03 3.874150000000000091e+03
1.699000000000000000e+03 3.901400000000000091e+03
1.843000000000000000e+03 3.904700000000000273e+03
2.163000000000000000e+03 3.904950000000000273e+03
1.779000000000000000e+03 3.917099999999999909e+03
1.667000000000000000e+03 3.920150000000000091e+03
2.203000000000000000e+03 3.923849999999999909e+03
1.947000000000000000e+03 3.975550000000000182e+03
2.067000000000000000e+03 3.981500000000000000e+03
1.603000000000000000e+03 3.991200000000000273e+03
2.275000000000000000e+03 4.100500000000000000e+03
1.675000000000000000e+03 4.102899999999999636e+03
2.307000000000000000e+03 4.109800000000000182e+03
2.059000000000000000e+03 4.122899999999999636e+03
1.931000000000000000e+03 4.125800000000000182e+03
2.243000000000000000e+03 4.153149999999999636e+03
2.243000000000000000e+03 4.195000000000000000e+03
1.995000000000000000e+03 4.211600000000000364e+03
2.067000000000000000e+03 4.229899999999999636e+03
1.987000000000000000e+03 4.274149999999999636e+03
2.059000000000000000e+03 4.281949999999999818e+03
2.371000000000000000e+03 4.286800000000000182e+03
1.899000000000000000e+03 4.308949999999999818e+03
1.715000000000000000e+03 4.320250000000000000e+03
1.995000000000000000e+03 4.338699999999999818e+03
2.235000000000000000e+03 4.346699999999999818e+03
2.091000000000000000e+03 4.379750000000000000e+03
1.611000000000000000e+03 4.497550000000000182e+03
2.243000000000000000e+03 4.506350000000000364e+03
2.259000000000000000e+03 4.519699999999999818e+03
1.627000000000000000e+03 4.541500000000000000e+03
2.251000000000000000e+03 4.598350000000000364e+03
1.851000000000000000e+03 4.611000000000000000e+03
2.091000000000000000e+03 4.649449999999999818e+03
1.867000000000000000e+03 4.793350000000000364e+03
2.291000000000000000e+03 4.809900000000000546e+03
2.331000000000000000e+03 4.833750000000000000e+03
2.155000000000000000e+03 4.838100000000000364e+03
2.131000000000000000e+03 4.860650000000000546e+03
2.219000000000000000e+03 4.903100000000000364e+03
1.819000000000000000e+03 4.921699999999999818e+03
1.667000000000000000e+03 4.935750000000000000e+03
1.987000000000000000e+03 4.937800000000000182e+03
2.187000000000000000e+03 5.056750000000000000e+03
2.291000000000000000e+03 5.072949999999999818e+03
1.987000000000000000e+03 5.097850000000000364e+03
1.747000000000000000e+03 5.104900000000000546e+03
2.371000000000000000e+03 5.113800000000000182e+03
1.643000000000000000e+03 5.126800000000000182e+03
2.395000000000000000e+03 5.138850000000000364e+03
1.675000000000000000e+03 5.149000000000000000e+03
1.835000000000000000e+03 5.161800000000000182e+03
1.859000000000000000e+03 5.165100000000000364e+03
1.731000000000000000e+03 5.166850000000000364e+03
2.115000000000000000e+03 5.174550000000000182e+03
2.059000000000000000e+03 5.321750000000000000e+03
2.187000000000000000e+03 5.322400000000000546e+03
1.899000000000000000e+03 5.329050000000000182e+03
2.027000000000000000e+03 5.611550000000000182e+03
2.003000000000000000e+03 5.673250000000000000e+03
2.115000000000000000e+03 5.805949999999999818e+03
1.731000000000000000e+03 5.814350000000000364e+03
2.227000000000000000e+03 5.881650000000000546e+03
2.219000000000000000e+03 5.949949999999999818e+03
1.827000000000000000e+03 5.973150000000000546e+03
1.924000000000000000e+03 1.389000000000000057e+02
2.028000000000000000e+03 1.519000000000000057e+02
2.156000000000000000e+03 1.519500000000000171e+02
1.644000000000000000e+03 1.520999999999999943e+02
1.852000000000000000e+03 1.559000000000000057e+02
2.076000000000000000e+03 1.565000000000000000e+02
1.980000000000000000e+03 2.042500000000000000e+02
1.636000000000000000e+03 2.056500000000000057e+02
1.668000000000000000e+03 2.163000000000000114e+02
2.316000000000000000e+03 2.566000000000000227e+02
2.236000000000000000e+03 2.668999999999999773e+02
1.924000000000000000e+03 2.689499999999999886e+02
2.156000000000000000e+03 3.699000000000000341e+02
2.028000000000000000e+03 3.879499999999999886e+02
2.316000000000000000e+03 4.125000000000000000e+02
1.836000000000000000e+03 4.236500000000000341e+02
2.396000000000000000e+03 4.280500000000000114e+02
1.988000000000000000e+03 4.494499999999999886e+02
2.180000000000000000e+03 4.709000000000000341e+02
2.276000000000000000e+03 4.971000000000000227e+02
1.916000000000000000e+03 5.203999999999999773e+02
1.924000000000000000e+03 5.262999999999999545e+02
2.380000000000000000e+03 5.317999999999999545e+02
1.836000000000000000e+03 5.422500000000000000e+02
1.948000000000000000e+03 5.487000000000000455e+02
1.764000000000000000e+03 5.655500000000000682e+02
1.628000000000000000e+03 5.806000000000000227e+02
2.364000000000000000e+03 5.807000000000000455e+02
1.620000000000000000e+03 5.841499999999999773e+02
2.236000000000000000e+03 5.884500000000000455e+02
2.348000000000000000e+03 6.350000000000000000e+02
2.052000000000000000e+03 6.445500000000000682e+02
1.812000000000000000e+03 6.635000000000000000e+02
2.244000000000000000e+03 6.950500000000000682e+02
1.836000000000000000e+03 7.285500000000000682e+02
1.660000000000000000e+03 7.544500000000000455e+02
2.356000000000000000e+03 7.601000000000000227e+02
2.132000000000000000e+03 7.707500000000000000e+02
2.116000000000000000e+03 7.756000000000000227e+02
1.676000000000000000e+03 7.844500000000000455e+02
1.812000000000000000e+03 7.985000000000000000e+02
1.876000000000000000e+03 8.072500000000000000e+02
1.724000000000000000e+03 8.193000000000000682e+02
1.668000000000000000e+03 8.376499999999999773e+02
2.108000000000000000e+03 8.633500000000000227e+02
1.636000000000000000e+03 8.662000000000000455e+02
1.628000000000000000e+03 8.683500000000000227e+02
1.828000000000000000e+03 8.749500000000000455e+02
2.284000000000000000e+03 9.022500000000000000e+02
1.996000000000000000e+03 9.063000000000000682e+02
2.300000000000000000e+03 9.143000000000000682e+02
1.972000000000000000e+03 9.416499999999999773e+02
1.812000000000000000e+03 9.487500000000000000e+02
2.300000000000000000e+03 9.693999999999999773e+02
2.252000000000000000e+03 9.696499999999999773e+02
1.660000000000000000e+03 9.826000000000000227e+02
1.908000000000000000e+03 1.004399999999999977e+03
1.900000000000000000e+03 1.005149999999999977e+03
1.844000000000000000e+03 1.026950000000000045e+03
2.276000000000000000e+03 1.124750000000000000e+03
1.780000000000000000e+03 1.149900000000000091e+03
1.956000000000000000e+03 1.164549999999999955e+03
2.028000000000000000e+03 1.208850000000000136e+03
1.780000000000000000e+03 1.222850000000000136e+03
2.204000000000000000e+03 1.249100000000000136e+03
1.948000000000000000e+03 1.252500000000000000e+03
2.156000000000000000e+03 1.273049999999999955e+03
1.668000000000000000e+03 1.277600000000000136e+03
1.932000000000000000e+03 1.332049999999999955e+03
2.180000000000000000e+03 1.342350000000000136e+03
1.652000000000000000e+03 1.346049999999999955e+03
1.884000000000000000e+03 1.389000000000000000e+03
2.076000000000000000e+03 1.418250000000000000e+03
2.180000000000000000e+03 1.440200000000000045e+03
1.972000000000000000e+03 1.441549999999999955e+03
1.964000000000000000e+03 1.449950000000000045e+03
2.284000000000000000e+03 1.461150000000000091e+03
2.060000000000000000e+03 1.481850000000000136e+03
2.244000000000000000e+03 1.495049999999999955e+03
2.180000000000000000e+03 1.528000000000000000e+03
2.036000000000000000e+03 1.529100000000000136e+03
1.628000000000000000e+03 1.543100000000000136e+03
2.380000000000000000e+03 1.603200000000000045e+03
1.820000000000000000e+03 1.641250000000000000e+03
2.172000000000000000e+03 1.715400000000000091e+03
2.332000000000000000e+03 1.721650000000000091e+03
2.260000000000000000e+03 1.752200000000000045e+03
2.060000000000000000e+03 1.762049999999999955e+03
1.956000000000000000e+03 1.776500000000000000e+03
2.052000000000000000e+03 1.777850000000000136e+03
1.756000000000000000e+03 1.784450000000000045e+03
2.132000000000000000e+03 1.788450000000000045e+03
1.732000000000000000e+03 1.819150000000000091e+03
1.908000000000000000e+03 1.840600000000000136e+03
2.156000000000000000e+03 1.841299999999999955e+03
2.052000000000000000e+03 1.842200000000000045e+03
1.964000000000000000e+03 1.875299999999999955e+03
1.892000000000000000e+03 1.921000000000000000e+03
1.692000000000000000e+03 1.930600000000000136e+03
2.140000000000000000e+03 1.944200000000000045e+03
1.652000000000000000e+03 1.967299999999999955e+03
1.620000000000000000e+03 1.972900000000000091e+03
2.140000000000000000e+03 1.990650000000000091e+03
1.884000000000000000e+03 2.046750000000000000e+03
1.956000000000000000e+03 2.090800000000000182e+03
1.644000000000000000e+03 2.099050000000000182e+03
2.324000000000000000e+03 2.100400000000000091e+03
1.676000000000000000e+03 2.112900000000000091e+03
1.636000000000000000e+03 2.134699999999999818e+03
1.964000000000000000e+03 2.167300000000000182e+03
1.660000000000000000e+03 2.167949999999999818e+03
2.108000000000000000e+03 2.169599999999999909e+03
1.644000000000000000e+03 2.172949999999999818e+03
2.172000000000000000e+03 2.174099999999999909e+03
2.388000000000000000e+03 2.181949999999999818e+03
2.076000000000000000e+03 2.184650000000000091e+03
2.116000000000000000e+03 2.199550000000000182e+03
1.924000000000000000e+03 2.199700000000000273e+03
2.236000000000000000e+03 2.206099999999999909e+03
1.612000000000000000e+03 2.211650000000000091e+03
2.156000000000000000e+03 2.213450000000000273e+03
2.292000000000000000e+03 2.215150000000000091e+03
1.724000000000000000e+03 2.261450000000000273e+03
1.772000000000000000e+03 2.264900000000000091e+03
1.980000000000000000e+03 2.299200000000000273e+03
1.796000000000000000e+03 2.319550000000000182e+03
1.724000000000000000e+03 2.345849999999999909e+03
2.276000000000000000e+03 2.352000000000000000e+03
1.876000000000000000e+03 2.353650000000000091e+03
1.684000000000000000e+03 2.357500000000000000e+03
2.132000000000000000e+03 2.375400000000000091e+03
1.820000000000000000e+03 2.389800000000000182e+03
1.836000000000000000e+03 2.401500000000000000e+03
2.196000000000000000e+03 2.407500000000000000e+03
1.652000000000000000e+03 2.425400000000000091e+03
1.748000000000000000e+03 2.437000000000000000e+03
1.948000000000000000e+03 2.465800000000000182e+03
1.756000000000000000e+03 2.467450000000000273e+03
1.972000000000000000e+03 2.493300000000000182e+03
2.108000000000000000e+03 2.531900000000000091e+03
2.268000000000000000e+03 2.551349999999999909e+03
1.716000000000000000e+03 2.553050000000000182e+03
1.836000000000000000e+03 2.569099999999999909e+03
2.172000000000000000e+03 2.576450000000000273e+03
1.772000000000000000e+03 2.585700000000000273e+03
1.628000000000000000e+03 2.593500000000000000e+03
2.164000000000000000e+03 2.596950000000000273e+03
1.604000000000000000e+03 2.599750000000000000e+03
1.964000000000000000e+03 2.602450000000000273e+03
2.316000000000000000e+03 2.611950000000000273e+03
2.308000000000000000e+03 2.613000000000000000e+03
2.204000000000000000e+03 2.626000000000000000e+03
2.092000000000000000e+03 2.632400000000000091e+03
2.100000000000000000e+03 2.658099999999999909e+03
2.228000000000000000e+03 2.659400000000000091e+03
1.740000000000000000e+03 2.659450000000000273e+03
1.900000000000000000e+03 2.706400000000000091e+03
1.796000000000000000e+03 2.714050000000000182e+03
1.916000000000000000e+03 2.721599999999999909e+03
1.836000000000000000e+03 2.728000000000000000e+03
1.732000000000000000e+03 2.738400000000000091e+03
1.708000000000000000e+03 2.754050000000000182e+03
2.268000000000000000e+03 2.755950000000000273e+03
1.676000000000000000e+03 2.760750000000000000e+03
2.012000000000000000e+03 2.766000000000000000e+03
1.724000000000000000e+03 2.813800000000000182e+03
2.148000000000000000e+03 2.853349999999999909e+03
1.732000000000000000e+03 2.866500000000000000e+03
2.372000000000000000e+03 2.893950000000000273e+03
2.156000000000000000e+03 2.904500000000000000e+03
2.124000000000000000e+03 2.905650000000000091e+03
1.828000000000000000e+03 2.907200000000000273e+03
1.908000000000000000e+03 2.982750000000000000e+03
2.364000000000000000e+03 3.004750000000000000e+03
2.260000000000000000e+03 3.390400000000000091e+03
1.732000000000000000e+03 3.395700000000000273e+03
2.260000000000000000e+03 3.405250000000000000e+03
1.812000000000000000e+03 3.440800000000000182e+03
1.644000000000000000e+03 3.456349999999999909e+03
1.716000000000000000e+03 3.456650000000000091e+03
2.244000000000000000e+03 3.458450000000000273e+03
1.652000000000000000e+03 3.469300000000000182e+03
1.996000000000000000e+03 3.498349999999999909e+03
2.348000000000000000e+03 3.498599999999999909e+03
2.116000000000000000e+03 3.538650000000000091e+03
1.836000000000000000e+03 3.545500000000000000e+03
1.908000000000000000e+03 3.566250000000000000e+03
1.628000000000000000e+03 3.578250000000000000e+03
2.116000000000000000e+03 3.582700000000000273e+03
1.988000000000000000e+03 3.588000000000000000e+03
2.020000000000000000e+03 3.590300000000000182e+03
1.908000000000000000e+03 3.600250000000000000e+03
2.156000000000000000e+03 3.605849999999999909e+03
2.124000000000000000e+03 3.704349999999999909e+03
1.692000000000000000e+03 3.714849999999999909e+03
2.196000000000000000e+03 3.718750000000000000e+03
2.300000000000000000e+03 3.743300000000000182e+03
1.804000000000000000e+03 3.776300000000000182e+03
2.228000000000000000e+03 3.801200000000000273e+03
1.860000000000000000e+03 3.801550000000000182e+03
2.364000000000000000e+03 3.805750000000000000e+03
1.804000000000000000e+03 3.810050000000000182e+03
2.244000000000000000e+03 3.826099999999999909e+03
1.684000000000000000e+03 3.857700000000000273e+03
2.324000000000000000e+03 3.875250000000000000e+03
2.124000000000000000e+03 3.885599999999999909e+03
2.100000000000000000e+03 3.911800000000000182e+03
1.804000000000000000e+03 3.932500000000000000e+03
2.356000000000000000e+03 3.976300000000000182e+03
1.780000000000000000e+03 3.998800000000000182e+03
2.260000000000000000e+03 4.100050000000000182e+03
2.284000000000000000e+03 4.130050000000000182e+03
1.676000000000000000e+03 4.163899999999999636e+03
2.356000000000000000e+03 4.223250000000000000e+03
1.716000000000000000e+03 4.252050000000000182e+03
2.060000000000000000e+03 4.260600000000000364e+03
2.252000000000000000e+03 4.271500000000000000e+03
2.164000000000000000e+03 4.273000000000000000e+03
2.348000000000000000e+03 4.285699999999999818e+03
2.100000000000000000e+03 4.294850000000000364e+03
2.076000000000000000e+03 4.298649999999999636e+03
2.060000000000000000e+03 4.310899999999999636e+03
2.180000000000000000e+03 4.339100000000000364e+03
1.628000000000000000e+03 4.371449999999999818e+03
1.948000000000000000e+03 4.450150000000000546e+03
2.180000000000000000e+03 4.452750000000000000e+03
2.068000000000000000e+03 4.464900000000000546e+03
1.892000000000000000e+03 4.477850000000000364e+03
1.844000000000000000e+03 4.529500000000000000e+03
2.156000000000000000e+03 4.531050000000000182e+03
2.364000000000000000e+03 4.542350000000000364e+03
1.860000000000000000e+03 4.569400000000000546e+03
2.140000000000000000e+03 4.576300000000000182e+03
2.068000000000000000e+03 4.577250000000000000e+03
2.260000000000000000e+03 4.578100000000000364e+03
2.156000000000000000e+03 4.587300000000000182e+03
2.196000000000000000e+03 4.588900000000000546e+03
2.340000000000000000e+03 4.598300000000000182e+03
2.044000000000000000e+03 4.619650000000000546e+03
1.676000000000000000e+03 4.624850000000000364e+03
2.220000000000000000e+03 4.835750000000000000e+03
2.212000000000000000e+03 4.840600000000000364e+03
2.164000000000000000e+03 4.840900000000000546e+03
2.340000000000000000e+03 4.869400000000000546e+03
1.916000000000000000e+03 5.016050000000000182e+03
2.300000000000000000e+03 5.047199999999999818e+03
1.644000000000000000e+03 5.048949999999999818e+03
1.900000000000000000e+03 5.052550000000000182e+03
2.348000000000000000e+03 5.132000000000000000e+03
2.308000000000000000e+03 5.139199999999999818e+03
2.244000000000000000e+03 5.157000000000000000e+03
2.396000000000000000e+03 5.165250000000000000e+03
1.788000000000000000e+03 5.166750000000000000e+03
1.612000000000000000e+03 5.167850000000000364e+03
2.236000000000000000e+03 5.176800000000000182e+03
2.164000000000000000e+03 5.231750000000000000e+03
1.884000000000000000e+03 5.252850000000000364e+03
2.380000000000000000e+03 5.260000000000000000e+03
2.196000000000000000e+03 5.311000000000000000e+03
2.364000000000000000e+03 5.345000000000000000e+03
2.308000000000000000e+03 5.351100000000000364e+03
1.796000000000000000e+03 5.371250000000000000e+03
2.364000000000000000e+03 5.395100000000000364e+03
2.100000000000000000e+03 5.479650000000000546e+03
2.252000000000000000e+03 5.571699999999999818e+03
2.236000000000000000e+03 5.618199999999999818e+03
2.316000000000000000e+03 5.656550000000000182e+03
1.604000000000000000e+03 5.672250000000000000e+03
1.636000000000000000e+03 5.711800000000000182e+03
2.060000000000000000e+03 5.721500000000000000e+03
2.356000000000000000e+03 5.794199999999999818e+03
2.228000000000000000e+03 5.824500000000000000e+03
1.916000000000000000e+03 5.934800000000000182e+03
1.956000000000000000e+03 5.936199999999999818e+03
2.180000000000000000e+03 5.972300000000000182e+03
1.652000000000000000e+03 5.990050000000000182e+03
2.309000000000000000e+03 1.059000000000000057e+02
2.213000000000000000e+03 1.356500000000000057e+02
1.877000000000000000e+03 1.548499999999999943e+02
2.317000000000000000e+03 1.560999999999999943e+02
2.101000000000000000e+03 1.692000000000000171e+02
2.261000000000000000e+03 1.704500000000000171e+02
2.037000000000000000e+03 1.767000000000000171e+02
2.093000000000000000e+03 1.917000000000000171e+02
1.701000000000000000e+03 1.931500000000000057e+02
2.333000000000000000e+03 2.012000000000000171e+02
1.773000000000000000e+03 2.173000000000000114e+02
2.029000000000000000e+03 2.219000000000000057e+02
1.613000000000000000e+03 3.796500000000000341e+02
1.965000000000000000e+03 4.211500000000000341e+02
2.157000000000000000e+03 4.289000000000000341e+02
2.133000000000000000e+03 4.536999999999999886e+02
2.037000000000000000e+03 4.706000000000000227e+02
1.933000000000000000e+03 4.760500000000000114e+02
1.989000000000000000e+03 4.808500000000000227e+02
2.053000000000000000e+03 4.975000000000000000e+02
1.837000000000000000e+03 5.036000000000000227e+02
1.901000000000000000e+03 5.552000000000000455e+02
1.781000000000000000e+03 5.681000000000000227e+02
2.021000000000000000e+03 5.856499999999999773e+02
2.117000000000000000e+03 6.067500000000000000e+02
2.269000000000000000e+03 6.108500000000000227e+02
1.653000000000000000e+03 6.361000000000000227e+02
1.981000000000000000e+03 6.515000000000000000e+02
2.181000000000000000e+03 6.702500000000000000e+02
2.189000000000000000e+03 7.521499999999999773e+02
1.957000000000000000e+03 7.605000000000000000e+02
2.165000000000000000e+03 7.686499999999999773e+02
1.605000000000000000e+03 7.947500000000000000e+02
1.941000000000000000e+03 7.973500000000000227e+02
1.925000000000000000e+03 7.985500000000000682e+02
1.805000000000000000e+03 8.113999999999999773e+02
1.845000000000000000e+03 8.172000000000000455e+02
1.813000000000000000e+03 8.202500000000000000e+02
1.605000000000000000e+03 8.248000000000000682e+02
1.781000000000000000e+03 9.016000000000000227e+02
1.629000000000000000e+03 9.026499999999999773e+02
1.909000000000000000e+03 9.398999999999999773e+02
2.221000000000000000e+03 9.526000000000000227e+02
1.741000000000000000e+03 9.550000000000000000e+02
1.973000000000000000e+03 9.589500000000000455e+02
1.677000000000000000e+03 9.811499999999999773e+02
1.997000000000000000e+03 9.811499999999999773e+02
2.373000000000000000e+03 9.858500000000000227e+02
2.165000000000000000e+03 9.948000000000000682e+02
2.053000000000000000e+03 9.948999999999999773e+02
2.269000000000000000e+03 9.948500000000000227e+02
1.765000000000000000e+03 1.001600000000000023e+03
2.093000000000000000e+03 1.034000000000000000e+03
2.221000000000000000e+03 1.044549999999999955e+03
1.949000000000000000e+03 1.067950000000000045e+03
1.717000000000000000e+03 1.068349999999999909e+03
2.285000000000000000e+03 1.092750000000000000e+03
2.125000000000000000e+03 1.111600000000000136e+03
2.317000000000000000e+03 1.115250000000000000e+03
2.045000000000000000e+03 1.117400000000000091e+03
1.973000000000000000e+03 1.122450000000000045e+03
1.877000000000000000e+03 1.132000000000000000e+03
1.781000000000000000e+03 1.133450000000000045e+03
2.309000000000000000e+03 1.133799999999999955e+03
1.821000000000000000e+03 1.156600000000000136e+03
1.605000000000000000e+03 1.181700000000000045e+03
1.717000000000000000e+03 1.190700000000000045e+03
1.933000000000000000e+03 1.219700000000000045e+03
2.213000000000000000e+03 1.234100000000000136e+03
2.037000000000000000e+03 1.236299999999999955e+03
1.661000000000000000e+03 1.316100000000000136e+03
2.221000000000000000e+03 1.326450000000000045e+03
2.077000000000000000e+03 1.334350000000000136e+03
2.341000000000000000e+03 1.345750000000000000e+03
2.373000000000000000e+03 1.351450000000000045e+03
1.749000000000000000e+03 1.356650000000000091e+03
1.629000000000000000e+03 1.358500000000000000e+03
1.877000000000000000e+03 1.369250000000000000e+03
1.765000000000000000e+03 1.392850000000000136e+03
1.717000000000000000e+03 1.395350000000000136e+03
2.197000000000000000e+03 1.396100000000000136e+03
2.365000000000000000e+03 1.398900000000000091e+03
1.677000000000000000e+03 1.434250000000000000e+03
2.181000000000000000e+03 1.461750000000000000e+03
2.125000000000000000e+03 1.507299999999999955e+03
1.829000000000000000e+03 1.529150000000000091e+03
2.197000000000000000e+03 1.534600000000000136e+03
1.957000000000000000e+03 1.545100000000000136e+03
1.925000000000000000e+03 1.554049999999999955e+03
1.997000000000000000e+03 1.557900000000000091e+03
1.973000000000000000e+03 1.588000000000000000e+03
1.989000000000000000e+03 1.651500000000000000e+03
2.045000000000000000e+03 1.666100000000000136e+03
1.965000000000000000e+03 1.677850000000000136e+03
1.997000000000000000e+03 1.684049999999999955e+03
1.917000000000000000e+03 1.707799999999999955e+03
1.741000000000000000e+03 1.720799999999999955e+03
2.061000000000000000e+03 1.732150000000000091e+03
2.389000000000000000e+03 1.758850000000000136e+03
2.077000000000000000e+03 1.767950000000000045e+03
1.957000000000000000e+03 1.803350000000000136e+03
1.805000000000000000e+03 1.806350000000000136e+03
1.709000000000000000e+03 1.813299999999999955e+03
2.141000000000000000e+03 1.894500000000000000e+03
2.309000000000000000e+03 1.901600000000000136e+03
1.837000000000000000e+03 1.921500000000000000e+03
1.989000000000000000e+03 1.922700000000000045e+03
2.181000000000000000e+03 1.931100000000000136e+03
2.365000000000000000e+03 1.933950000000000045e+03
2.357000000000000000e+03 1.958650000000000091e+03
1.789000000000000000e+03 1.998299999999999955e+03
1.965000000000000000e+03 2.017299999999999955e+03
1.901000000000000000e+03 2.020500000000000000e+03
1.741000000000000000e+03 2.026500000000000000e+03
1.869000000000000000e+03 2.037549999999999955e+03
1.909000000000000000e+03 2.038650000000000091e+03
2.157000000000000000e+03 2.039049999999999955e+03
1.877000000000000000e+03 2.039350000000000136e+03
1.637000000000000000e+03 2.056400000000000091e+03
1.861000000000000000e+03 2.080699999999999818e+03
1.805000000000000000e+03 2.087199999999999818e+03
2.117000000000000000e+03 2.102699999999999818e+03
1.965000000000000000e+03 2.122250000000000000e+03
1.685000000000000000e+03 2.137400000000000091e+03
2.333000000000000000e+03 2.139400000000000091e+03
1.605000000000000000e+03 2.145750000000000000e+03
2.325000000000000000e+03 2.147900000000000091e+03
1.621000000000000000e+03 2.151800000000000182e+03
2.293000000000000000e+03 2.160750000000000000e+03
2.333000000000000000e+03 2.201200000000000273e+03
2.293000000000000000e+03 2.221950000000000273e+03
1.629000000000000000e+03 2.222300000000000182e+03
1.645000000000000000e+03 2.252800000000000182e+03
1.693000000000000000e+03 2.273250000000000000e+03
1.845000000000000000e+03 2.314200000000000273e+03
1.789000000000000000e+03 2.321950000000000273e+03
1.669000000000000000e+03 2.347950000000000273e+03
2.261000000000000000e+03 2.356550000000000182e+03
1.669000000000000000e+03 2.378599999999999909e+03
1.613000000000000000e+03 2.387750000000000000e+03
2.157000000000000000e+03 2.394300000000000182e+03
2.389000000000000000e+03 2.453450000000000273e+03
2.093000000000000000e+03 2.500400000000000091e+03
2.109000000000000000e+03 2.501000000000000000e+03
2.333000000000000000e+03 2.516599999999999909e+03
2.285000000000000000e+03 2.529750000000000000e+03
1.981000000000000000e+03 2.566599999999999909e+03
1.829000000000000000e+03 2.569200000000000273e+03
2.157000000000000000e+03 2.569200000000000273e+03
1.965000000000000000e+03 2.581400000000000091e+03
2.269000000000000000e+03 2.588050000000000182e+03
1.989000000000000000e+03 2.589099999999999909e+03
1.661000000000000000e+03 2.596400000000000091e+03
1.869000000000000000e+03 2.604450000000000273e+03
1.957000000000000000e+03 2.614300000000000182e+03
2.141000000000000000e+03 2.618400000000000091e+03
2.205000000000000000e+03 2.620150000000000091e+03
1.909000000000000000e+03 2.626950000000000273e+03
1.909000000000000000e+03 2.644849999999999909e+03
1.941000000000000000e+03 2.645750000000000000e+03
2.341000000000000000e+03 2.646250000000000000e+03
1.789000000000000000e+03 2.653400000000000091e+03
2.053000000000000000e+03 2.667349999999999909e+03
2.085000000000000000e+03 2.672750000000000000e+03
2.269000000000000000e+03 2.727900000000000091e+03
2.093000000000000000e+03 2.739050000000000182e+03
1.693000000000000000e+03 2.743800000000000182e+03
2.117000000000000000e+03 2.744750000000000000e+03
1.885000000000000000e+03 2.758400000000000091e+03
1.829000000000000000e+03 2.760450000000000273e+03
2.117000000000000000e+03 2.762550000000000182e+03
1.965000000000000000e+03 2.764700000000000273e+03
2.253000000000000000e+03 2.764750000000000000e+03
2.141000000000000000e+03 2.776550000000000182e+03
2.085000000000000000e+03 2.779300000000000182e+03
1.917000000000000000e+03 2.878650000000000091e+03
1.861000000000000000e+03 2.880050000000000182e+03
1.685000000000000000e+03 2.887300000000000182e+03
1.845000000000000000e+03 2.892150000000000091e+03
2.285000000000000000e+03 2.892750000000000000e+03
2.061000000000000000e+03 2.908050000000000182e+03
2.197000000000000000e+03 2.913450000000000273e+03
1.717000000000000000e+03 2.924800000000000182e+03
2.197000000000000000e+03 2.929000000000000000e+03
1.797000000000000000e+03 2.930300000000000182e+03
2.221000000000000000e+03 2.938099999999999909e+03
2.245000000000000000e+03 2.938150000000000091e+03
2.005000000000000000e+03 2.939849999999999909e+03
2.269000000000000000e+03 2.997150000000000091e+03
2.013000000000000000e+03 2.998300000000000182e+03
2.133000000000000000e+03 2.998550000000000182e+03
2.173000000000000000e+03 3.001849999999999909e+03
2.141000000000000000e+03 3.007700000000000273e+03
2.357000000000000000e+03 3.447099999999999909e+03
2.389000000000000000e+03 3.452900000000000091e+03
2.269000000000000000e+03 3.458400000000000091e+03
1.781000000000000000e+03 3.469250000000000000e+03
2.085000000000000000e+03 3.469450000000000273e+03
2.077000000000000000e+03 3.471250000000000000e+03
2.181000000000000000e+03 3.484950000000000273e+03
1.909000000000000000e+03 3.500599999999999909e+03
2.389000000000000000e+03 3.508450000000000273e+03
2.301000000000000000e+03 3.516300000000000182e+03
2.149000000000000000e+03 3.549550000000000182e+03
1.781000000000000000e+03 3.562099999999999909e+03
1.965000000000000000e+03 3.614700000000000273e+03
2.341000000000000000e+03 3.732849999999999909e+03
1.733000000000000000e+03 3.771450000000000273e+03
2.301000000000000000e+03 3.781400000000000091e+03
1.661000000000000000e+03 3.796099999999999909e+03
1.749000000000000000e+03 3.798849999999999909e+03
1.629000000000000000e+03 3.806950000000000273e+03
2.045000000000000000e+03 3.837150000000000091e+03
2.253000000000000000e+03 3.845599999999999909e+03
2.037000000000000000e+03 3.866250000000000000e+03
1.637000000000000000e+03 3.867550000000000182e+03
1.885000000000000000e+03 3.897099999999999909e+03
1.781000000000000000e+03 3.931750000000000000e+03
1.861000000000000000e+03 3.990900000000000091e+03
2.325000000000000000e+03 4.118449999999999818e+03
2.213000000000000000e+03 4.132350000000000364e+03
2.173000000000000000e+03 4.137000000000000000e+03
2.397000000000000000e+03 4.138850000000000364e+03
2.005000000000000000e+03 4.139250000000000000e+03
1.749000000000000000e+03 4.148949999999999818e+03
1.909000000000000000e+03 4.167649999999999636e+03
2.053000000000000000e+03 4.175750000000000000e+03
1.677000000000000000e+03 4.207449999999999818e+03
2.365000000000000000e+03 4.217000000000000000e+03
2.013000000000000000e+03 4.234649999999999636e+03
1.669000000000000000e+03 4.268850000000000364e+03
2.117000000000000000e+03 4.269149999999999636e+03
2.181000000000000000e+03 4.272149999999999636e+03
1.957000000000000000e+03 4.273649999999999636e+03
2.325000000000000000e+03 4.274149999999999636e+03
2.365000000000000000e+03 4.277350000000000364e+03
1.677000000000000000e+03 4.280800000000000182e+03
2.253000000000000000e+03 4.282850000000000364e+03
2.373000000000000000e+03 4.291899999999999636e+03
2.141000000000000000e+03 4.296899999999999636e+03
1.733000000000000000e+03 4.298300000000000182e+03
1.877000000000000000e+03 4.343750000000000000e+03
2.109000000000000000e+03 4.369500000000000000e+03
1.901000000000000000e+03 4.378900000000000546e+03
1.885000000000000000e+03 4.490900000000000546e+03
2.389000000000000000e+03 4.500850000000000364e+03
2.085000000000000000e+03 4.512550000000000182e+03
1.709000000000000000e+03 4.530100000000000364e+03
1.933000000000000000e+03 4.551350000000000364e+03
2.021000000000000000e+03 4.556449999999999818e+03
1.861000000000000000e+03 4.597100000000000364e+03
2.029000000000000000e+03 4.611550000000000182e+03
1.637000000000000000e+03 4.658300000000000182e+03
2.149000000000000000e+03 4.755600000000000364e+03
1.677000000000000000e+03 4.796699999999999818e+03
1.693000000000000000e+03 4.801199999999999818e+03
2.021000000000000000e+03 4.842250000000000000e+03
2.157000000000000000e+03 4.868100000000000364e+03
1.941000000000000000e+03 5.048650000000000546e+03
1.621000000000000000e+03 5.052600000000000364e+03
2.253000000000000000e+03 5.054800000000000182e+03
2.045000000000000000e+03 5.085050000000000182e+03
2.157000000000000000e+03 5.095000000000000000e+03
1.653000000000000000e+03 5.105850000000000364e+03
2.333000000000000000e+03 5.111650000000000546e+03
2.261000000000000000e+03 5.119550000000000182e+03
1.885000000000000000e+03 5.136050000000000182e+03
2.245000000000000000e+03 5.137699999999999818e+03
1.725000000000000000e+03 5.142900000000000546e+03
1.677000000000000000e+03 5.154800000000000182e+03
2.045000000000000000e+03 5.156000000000000000e+03
1.877000000000000000e+03 5.167650000000000546e+03
1.733000000000000000e+03 5.183100000000000364e+03
1.829000000000000000e+03 5.184550000000000182e+03
2.069000000000000000e+03 5.196150000000000546e+03
2.093000000000000000e+03 5.199150000000000546e+03
1.973000000000000000e+03 5.234900000000000546e+03
2.349000000000000000e+03 5.250050000000000182e+03
1.925000000000000000e+03 5.251350000000000364e+03
2.013000000000000000e+03 5.270250000000000000e+03
1.869000000000000000e+03 5.314199999999999818e+03
2.237000000000000000e+03 5.347000000000000000e+03
2.029000000000000000e+03 5.464850000000000364e+03
1.845000000000000000e+03 5.496400000000000546e+03
1.797000000000000000e+03 5.496949999999999818e+03
1.709000000000000000e+03 5.563600000000000364e+03
1.629000000000000000e+03 5.672100000000000364e+03
1.885000000000000000e+03 5.792949999999999818e+03
1.805000000000000000e+03 5.841100000000000364e+03
1.758000000000000000e+03 1.173500000000000085e+02
2.046000000000000000e+03 1.290500000000000114e+02
2.166000000000000000e+03 1.294000000000000057e+02
1.910000000000000000e+03 1.419000000000000057e+02
2.254000000000000000e+03 1.524000000000000057e+02
1.974000000000000000e+03 1.803499999999999943e+02
2.198000000000000000e+03 1.804000000000000057e+02
2.366000000000000000e+03 1.813000000000000114e+02
1.806000000000000000e+03 1.893000000000000114e+02
2.046000000000000000e+03 1.906500000000000057e+02
1.654000000000000000e+03 1.994000000000000057e+02
2.046000000000000000e+03 2.347000000000000171e+02
2.102000000000000000e+03 2.415500000000000114e+02
1.654000000000000000e+03 2.741999999999999886e+02
1.942000000000000000e+03 2.950500000000000114e+02
2.302000000000000000e+03 3.559000000000000341e+02
1.942000000000000000e+03 3.575500000000000114e+02
1.678000000000000000e+03 3.581999999999999886e+02
2.374000000000000000e+03 3.733000000000000114e+02
1.630000000000000000e+03 3.949499999999999886e+02
1.814000000000000000e+03 4.136000000000000227e+02
1.934000000000000000e+03 4.240000000000000000e+02
2.310000000000000000e+03 4.252500000000000000e+02
1.646000000000000000e+03 4.527500000000000000e+02
2.078000000000000000e+03 4.558000000000000114e+02
1.998000000000000000e+03 4.641000000000000227e+02
2.150000000000000000e+03 4.685000000000000000e+02
2.038000000000000000e+03 4.686000000000000227e+02
2.286000000000000000e+03 4.920500000000000114e+02
1.902000000000000000e+03 4.995000000000000000e+02
1.870000000000000000e+03 5.111000000000000227e+02
2.190000000000000000e+03 5.229500000000000455e+02
2.398000000000000000e+03 5.465500000000000682e+02
1.646000000000000000e+03 5.585000000000000000e+02
2.022000000000000000e+03 5.792500000000000000e+02
1.950000000000000000e+03 5.983999999999999773e+02
1.982000000000000000e+03 6.147500000000000000e+02
1.678000000000000000e+03 6.202500000000000000e+02
2.398000000000000000e+03 6.536000000000000227e+02
2.166000000000000000e+03 6.801499999999999773e+02
2.214000000000000000e+03 7.048000000000000682e+02
1.710000000000000000e+03 7.078500000000000227e+02
1.710000000000000000e+03 7.327000000000000455e+02
2.142000000000000000e+03 7.393999999999999773e+02
1.670000000000000000e+03 8.339500000000000455e+02
2.342000000000000000e+03 8.383500000000000227e+02
2.174000000000000000e+03 8.451000000000000227e+02
2.374000000000000000e+03 8.486499999999999773e+02
2.134000000000000000e+03 8.816000000000000227e+02
1.766000000000000000e+03 8.908000000000000682e+02
1.606000000000000000e+03 8.917500000000000000e+02
1.654000000000000000e+03 9.116000000000000227e+02
1.718000000000000000e+03 1.037549999999999955e+03
1.878000000000000000e+03 1.040049999999999955e+03
2.158000000000000000e+03 1.042250000000000000e+03
2.166000000000000000e+03 1.055599999999999909e+03
1.934000000000000000e+03 1.058150000000000091e+03
2.358000000000000000e+03 1.058650000000000091e+03
1.790000000000000000e+03 1.059450000000000045e+03
2.262000000000000000e+03 1.122700000000000045e+03
2.150000000000000000e+03 1.154450000000000045e+03
1.622000000000000000e+03 1.198549999999999955e+03
1.694000000000000000e+03 1.222250000000000000e+03
2.014000000000000000e+03 1.244700000000000045e+03
2.006000000000000000e+03 1.276549999999999955e+03
1.950000000000000000e+03 1.286000000000000000e+03
2.094000000000000000e+03 1.296350000000000136e+03
1.718000000000000000e+03 1.312950000000000045e+03
2.014000000000000000e+03 1.336450000000000045e+03
2.390000000000000000e+03 1.340150000000000091e+03
2.198000000000000000e+03 1.370200000000000045e+03
1.702000000000000000e+03 1.387850000000000136e+03
2.214000000000000000e+03 1.397350000000000136e+03
1.662000000000000000e+03 1.420100000000000136e+03
2.206000000000000000e+03 1.427900000000000091e+03
2.158000000000000000e+03 1.436900000000000091e+03
1.750000000000000000e+03 1.446299999999999955e+03
2.222000000000000000e+03 1.464650000000000091e+03
2.102000000000000000e+03 1.475299999999999955e+03
1.646000000000000000e+03 1.490600000000000136e+03
2.374000000000000000e+03 1.517299999999999955e+03
1.622000000000000000e+03 1.520250000000000000e+03
2.230000000000000000e+03 1.553850000000000136e+03
1.862000000000000000e+03 1.559650000000000091e+03
1.870000000000000000e+03 1.566549999999999955e+03
2.310000000000000000e+03 1.567250000000000000e+03
2.214000000000000000e+03 1.587549999999999955e+03
1.742000000000000000e+03 1.594500000000000000e+03
2.078000000000000000e+03 1.595549999999999955e+03
2.350000000000000000e+03 1.607700000000000045e+03
1.982000000000000000e+03 1.613950000000000045e+03
2.158000000000000000e+03 1.629850000000000136e+03
2.110000000000000000e+03 1.631549999999999955e+03
2.086000000000000000e+03 1.664750000000000000e+03
1.654000000000000000e+03 1.698500000000000000e+03
2.350000000000000000e+03 1.705750000000000000e+03
1.974000000000000000e+03 1.710250000000000000e+03
2.374000000000000000e+03 1.714500000000000000e+03
2.390000000000000000e+03 1.731850000000000136e+03
1.806000000000000000e+03 1.759049999999999955e+03
1.934000000000000000e+03 1.778799999999999955e+03
2.366000000000000000e+03 1.795400000000000091e+03
2.238000000000000000e+03 1.801450000000000045e+03
1.942000000000000000e+03 1.866100000000000136e+03
2.390000000000000000e+03 1.871850000000000136e+03
1.718000000000000000e+03 1.899600000000000136e+03
1.974000000000000000e+03 1.900100000000000136e+03
1.702000000000000000e+03 1.915000000000000000e+03
2.046000000000000000e+03 1.954200000000000045e+03
1.830000000000000000e+03 1.957450000000000045e+03
2.342000000000000000e+03 1.973650000000000091e+03
1.638000000000000000e+03 2.003950000000000045e+03
1.846000000000000000e+03 2.016750000000000000e+03
1.606000000000000000e+03 2.047450000000000045e+03
2.222000000000000000e+03 2.052500000000000000e+03
1.742000000000000000e+03 2.058250000000000000e+03
1.950000000000000000e+03 2.080150000000000091e+03
2.166000000000000000e+03 2.099699999999999818e+03
2.326000000000000000e+03 2.104300000000000182e+03
2.374000000000000000e+03 2.104900000000000091e+03
2.278000000000000000e+03 2.110000000000000000e+03
1.934000000000000000e+03 2.111050000000000182e+03
2.358000000000000000e+03 2.170650000000000091e+03
2.094000000000000000e+03 2.194599999999999909e+03
1.718000000000000000e+03 2.196349999999999909e+03
1.750000000000000000e+03 2.197000000000000000e+03
2.302000000000000000e+03 2.208900000000000091e+03
2.238000000000000000e+03 2.217900000000000091e+03
2.302000000000000000e+03 2.233700000000000273e+03
2.094000000000000000e+03 2.243900000000000091e+03
2.070000000000000000e+03 2.248150000000000091e+03
2.006000000000000000e+03 2.272750000000000000e+03
1.646000000000000000e+03 2.308849999999999909e+03
1.918000000000000000e+03 2.332750000000000000e+03
2.326000000000000000e+03 2.383700000000000273e+03
1.790000000000000000e+03 2.392450000000000273e+03
2.006000000000000000e+03 2.396500000000000000e+03
1.798000000000000000e+03 2.408150000000000091e+03
2.222000000000000000e+03 2.432150000000000091e+03
1.654000000000000000e+03 2.439050000000000182e+03
1.998000000000000000e+03 2.447050000000000182e+03
2.110000000000000000e+03 2.497750000000000000e+03
2.134000000000000000e+03 2.508750000000000000e+03
2.342000000000000000e+03 2.516349999999999909e+03
2.070000000000000000e+03 2.518599999999999909e+03
2.086000000000000000e+03 2.524200000000000273e+03
1.646000000000000000e+03 2.531050000000000182e+03
1.742000000000000000e+03 2.550200000000000273e+03
1.798000000000000000e+03 2.568599999999999909e+03
1.782000000000000000e+03 2.570650000000000091e+03
2.222000000000000000e+03 2.576250000000000000e+03
1.902000000000000000e+03 2.579450000000000273e+03
1.686000000000000000e+03 2.588300000000000182e+03
1.838000000000000000e+03 2.599700000000000273e+03
1.902000000000000000e+03 2.603900000000000091e+03
1.774000000000000000e+03 2.608500000000000000e+03
1.886000000000000000e+03 2.629700000000000273e+03
2.166000000000000000e+03 2.633099999999999909e+03
2.086000000000000000e+03 2.656400000000000091e+03
2.254000000000000000e+03 2.671099999999999909e+03
2.198000000000000000e+03 2.700400000000000091e+03
1.670000000000000000e+03 2.747500000000000000e+03
2.030000000000000000e+03 2.747450000000000273e+03
2.102000000000000000e+03 2.751849999999999909e+03
1.942000000000000000e+03 2.759500000000000000e+03
2.182000000000000000e+03 2.797150000000000091e+03
1.654000000000000000e+03 2.804550000000000182e+03
2.310000000000000000e+03 2.838450000000000273e+03
2.134000000000000000e+03 2.841450000000000273e+03
2.126000000000000000e+03 2.850300000000000182e+03
2.222000000000000000e+03 2.856900000000000091e+03
2.030000000000000000e+03 2.861750000000000000e+03
1.782000000000000000e+03 2.878400000000000091e+03
2.062000000000000000e+03 2.892349999999999909e+03
1.798000000000000000e+03 2.904750000000000000e+03
2.294000000000000000e+03 2.914800000000000182e+03
2.054000000000000000e+03 2.924900000000000091e+03
1.726000000000000000e+03 2.950550000000000182e+03
2.062000000000000000e+03 2.953400000000000091e+03
2.174000000000000000e+03 2.966550000000000182e+03
2.390000000000000000e+03 2.972200000000000273e+03
1.806000000000000000e+03 2.979349999999999909e+03
2.390000000000000000e+03 2.994950000000000273e+03
1.990000000000000000e+03 3.398250000000000000e+03
2.358000000000000000e+03 3.427900000000000091e+03
2.310000000000000000e+03 3.430900000000000091e+03
1.862000000000000000e+03 3.444400000000000091e+03
1.990000000000000000e+03 3.445849999999999909e+03
2.054000000000000000e+03 3.449000000000000000e+03
1.806000000000000000e+03 3.459700000000000273e+03
1.734000000000000000e+03 3.462650000000000091e+03
2.166000000000000000e+03 3.467700000000000273e+03
1.870000000000000000e+03 3.475200000000000273e+03
1.718000000000000000e+03 3.486250000000000000e+03
1.662000000000000000e+03 3.487550000000000182e+03
1.758000000000000000e+03 3.491800000000000182e+03
1.742000000000000000e+03 3.505400000000000091e+03
2.222000000000000000e+03 3.506349999999999909e+03
2.390000000000000000e+03 3.506650000000000091e+03
1.710000000000000000e+03 3.530400000000000091e+03
1.758000000000000000e+03 3.531349999999999909e+03
2.326000000000000000e+03 3.562700000000000273e+03
2.254000000000000000e+03 3.572450000000000273e+03
2.398000000000000000e+03 3.586700000000000273e+03
1.790000000000000000e+03 3.591150000000000091e+03
1.654000000000000000e+03 3.626200000000000273e+03
1.678000000000000000e+03 3.700650000000000091e+03
1.934000000000000000e+03 3.726000000000000000e+03
2.030000000000000000e+03 3.740849999999999909e+03
2.014000000000000000e+03 3.764650000000000091e+03
2.358000000000000000e+03 3.783349999999999909e+03
1.678000000000000000e+03 3.794900000000000091e+03
2.326000000000000000e+03 3.795000000000000000e+03
1.726000000000000000e+03 3.803700000000000273e+03
1.694000000000000000e+03 3.813150000000000091e+03
1.950000000000000000e+03 3.824500000000000000e+03
2.006000000000000000e+03 3.873800000000000182e+03
2.102000000000000000e+03 3.884099999999999909e+03
1.918000000000000000e+03 3.900500000000000000e+03
1.710000000000000000e+03 3.909200000000000273e+03
1.806000000000000000e+03 3.911900000000000091e+03
2.286000000000000000e+03 3.924450000000000273e+03
1.782000000000000000e+03 3.936849999999999909e+03
1.846000000000000000e+03 3.963599999999999909e+03
2.062000000000000000e+03 4.136350000000000364e+03
1.958000000000000000e+03 4.148149999999999636e+03
2.326000000000000000e+03 4.163800000000000182e+03
1.982000000000000000e+03 4.177699999999999818e+03
1.878000000000000000e+03 4.179350000000000364e+03
2.366000000000000000e+03 4.181899999999999636e+03
1.710000000000000000e+03 4.182449999999999818e+03
2.054000000000000000e+03 4.195899999999999636e+03
2.286000000000000000e+03 4.229000000000000000e+03
1.982000000000000000e+03 4.231100000000000364e+03
1.758000000000000000e+03 4.240350000000000364e+03
2.206000000000000000e+03 4.263250000000000000e+03
2.390000000000000000e+03 4.264399999999999636e+03
1.998000000000000000e+03 4.277000000000000000e+03
1.958000000000000000e+03 4.303149999999999636e+03
2.182000000000000000e+03 4.322449999999999818e+03
2.398000000000000000e+03 4.327300000000000182e+03
1.974000000000000000e+03 4.334600000000000364e+03
1.790000000000000000e+03 4.358199999999999818e+03
1.670000000000000000e+03 4.358399999999999636e+03
1.654000000000000000e+03 4.375250000000000000e+03
2.094000000000000000e+03 4.476250000000000000e+03
1.902000000000000000e+03 4.487550000000000182e+03
1.718000000000000000e+03 4.505600000000000364e+03
1.870000000000000000e+03 4.535250000000000000e+03
1.926000000000000000e+03 4.540500000000000000e+03
2.038000000000000000e+03 4.567699999999999818e+03
2.174000000000000000e+03 4.579400000000000546e+03
1.966000000000000000e+03 4.590600000000000364e+03
2.366000000000000000e+03 4.632600000000000364e+03
1.646000000000000000e+03 4.642850000000000364e+03
2.134000000000000000e+03 4.659400000000000546e+03
1.630000000000000000e+03 4.762000000000000000e+03
2.070000000000000000e+03 4.820050000000000182e+03
1.670000000000000000e+03 4.854100000000000364e+03
2.070000000000000000e+03 4.885949999999999818e+03
1.790000000000000000e+03 4.891900000000000546e+03
1.606000000000000000e+03 4.907449999999999818e+03
1.902000000000000000e+03 4.937750000000000000e+03
1.638000000000000000e+03 5.027300000000000182e+03
2.398000000000000000e+03 5.032800000000000182e+03
2.238000000000000000e+03 5.044000000000000000e+03
2.182000000000000000e+03 5.050000000000000000e+03
1.846000000000000000e+03 5.080600000000000364e+03
1.806000000000000000e+03 5.095699999999999818e+03
2.166000000000000000e+03 5.119600000000000364e+03
2.302000000000000000e+03 5.139949999999999818e+03
2.142000000000000000e+03 5.140199999999999818e+03
2.222000000000000000e+03 5.165449999999999818e+03
1.750000000000000000e+03 5.270949999999999818e+03
2.006000000000000000e+03 5.320199999999999818e+03
1.742000000000000000e+03 5.327400000000000546e+03
1.902000000000000000e+03 5.345000000000000000e+03
2.190000000000000000e+03 5.352949999999999818e+03
1.630000000000000000e+03 5.358250000000000000e+03
2.214000000000000000e+03 5.385500000000000000e+03
1.918000000000000000e+03 5.423100000000000364e+03
2.326000000000000000e+03 5.458750000000000000e+03
1.862000000000000000e+03 5.482850000000000364e+03
2.366000000000000000e+03 5.594550000000000182e+03
2.038000000000000000e+03 5.610500000000000000e+03
2.294000000000000000e+03 5.635650000000000546e+03
1.878000000000000000e+03 5.718699999999999818e+03
2.358000000000000000e+03 5.761350000000000364e+03
1.678000000000000000e+03 5.943850000000000364e+03
1.959000000000000000e+03 1.176000000000000085e+02
1.815000000000000000e+03 1.283000000000000114e+02
2.279000000000000000e+03 1.462500000000000000e+02
1.887000000000000000e+03 1.524500000000000171e+02
1.711000000000000000e+03 1.552500000000000000e+02
1.815000000000000000e+03 1.646500000000000057e+02
1.695000000000000000e+03 1.675999999999999943e+02
1.807000000000000000e+03 2.052500000000000000e+02
1.783000000000000000e+03 2.213499999999999943e+02
2.039000000000000000e+03 2.421500000000000057e+02
2.167000000000000000e+03 2.451500000000000057e+02
2.303000000000000000e+03 3.111500000000000341e+02
1.623000000000000000e+03 3.121000000000000227e+02
1.615000000000000000e+03 3.203000000000000114e+02
1.847000000000000000e+03 3.239000000000000341e+02
2.183000000000000000e+03 3.297500000000000000e+02
2.095000000000000000e+03 3.657500000000000000e+02
2.319000000000000000e+03 3.871500000000000341e+02
2.263000000000000000e+03 3.894499999999999886e+02
2.159000000000000000e+03 3.896000000000000227e+02
1.951000000000000000e+03 3.967500000000000000e+02
2.199000000000000000e+03 4.070500000000000114e+02
1.943000000000000000e+03 4.226999999999999886e+02
1.767000000000000000e+03 4.393000000000000114e+02
2.319000000000000000e+03 4.478000000000000114e+02
2.295000000000000000e+03 4.672500000000000000e+02
2.207000000000000000e+03 4.727500000000000000e+02
1.727000000000000000e+03 4.886500000000000341e+02
2.279000000000000000e+03 5.058000000000000114e+02
1.743000000000000000e+03 5.160499999999999545e+02
2.039000000000000000e+03 5.362500000000000000e+02
1.959000000000000000e+03 5.486499999999999773e+02
2.103000000000000000e+03 5.488500000000000227e+02
1.919000000000000000e+03 5.535000000000000000e+02
2.007000000000000000e+03 5.674500000000000455e+02
1.783000000000000000e+03 5.826000000000000227e+02
1.687000000000000000e+03 6.377000000000000455e+02
2.359000000000000000e+03 6.501499999999999773e+02
1.895000000000000000e+03 6.580000000000000000e+02
2.207000000000000000e+03 6.790500000000000682e+02
2.247000000000000000e+03 6.822500000000000000e+02
1.983000000000000000e+03 7.147500000000000000e+02
2.295000000000000000e+03 7.163500000000000227e+02
1.951000000000000000e+03 7.251000000000000227e+02
2.247000000000000000e+03 7.349500000000000455e+02
2.087000000000000000e+03 7.433999999999999773e+02
1.687000000000000000e+03 7.596000000000000227e+02
2.079000000000000000e+03 7.820000000000000000e+02
2.271000000000000000e+03 7.957000000000000455e+02
2.135000000000000000e+03 7.974500000000000455e+02
2.319000000000000000e+03 8.008500000000000227e+02
1.887000000000000000e+03 8.106000000000000227e+02
2.063000000000000000e+03 8.490000000000000000e+02
2.383000000000000000e+03 8.511499999999999773e+02
1.863000000000000000e+03 8.560500000000000682e+02
1.799000000000000000e+03 8.577000000000000455e+02
2.399000000000000000e+03 8.621499999999999773e+02
1.839000000000000000e+03 8.633000000000000682e+02
2.079000000000000000e+03 8.633500000000000227e+02
2.023000000000000000e+03 8.703999999999999773e+02
2.367000000000000000e+03 8.740500000000000682e+02
2.031000000000000000e+03 8.832000000000000455e+02
1.831000000000000000e+03 8.907500000000000000e+02
2.343000000000000000e+03 8.912000000000000455e+02
1.895000000000000000e+03 8.914500000000000455e+02
2.351000000000000000e+03 9.391499999999999773e+02
2.151000000000000000e+03 9.416000000000000227e+02
2.111000000000000000e+03 9.566499999999999773e+02
2.279000000000000000e+03 9.604500000000000455e+02
1.927000000000000000e+03 9.684500000000000455e+02
1.887000000000000000e+03 9.706499999999999773e+02
1.695000000000000000e+03 9.776499999999999773e+02
1.967000000000000000e+03 9.806499999999999773e+02
1.951000000000000000e+03 9.951000000000000227e+02
2.263000000000000000e+03 1.014800000000000068e+03
2.351000000000000000e+03 1.058250000000000000e+03
1.719000000000000000e+03 1.069799999999999955e+03
1.903000000000000000e+03 1.070799999999999955e+03
2.183000000000000000e+03 1.095150000000000091e+03
2.343000000000000000e+03 1.114850000000000136e+03
2.079000000000000000e+03 1.123750000000000000e+03
1.903000000000000000e+03 1.164000000000000000e+03
2.071000000000000000e+03 1.192000000000000000e+03
1.727000000000000000e+03 1.209350000000000136e+03
2.391000000000000000e+03 1.234049999999999955e+03
2.375000000000000000e+03 1.250250000000000000e+03
2.175000000000000000e+03 1.272000000000000000e+03
1.751000000000000000e+03 1.284799999999999955e+03
1.799000000000000000e+03 1.285200000000000045e+03
2.047000000000000000e+03 1.313299999999999955e+03
1.767000000000000000e+03 1.314450000000000045e+03
1.831000000000000000e+03 1.320600000000000136e+03
2.319000000000000000e+03 1.321150000000000091e+03
1.951000000000000000e+03 1.331650000000000091e+03
1.919000000000000000e+03 1.366000000000000000e+03
1.831000000000000000e+03 1.367000000000000000e+03
1.711000000000000000e+03 1.398350000000000136e+03
1.679000000000000000e+03 1.422250000000000000e+03
2.007000000000000000e+03 1.446700000000000045e+03
1.655000000000000000e+03 1.476600000000000136e+03
1.919000000000000000e+03 1.509450000000000045e+03
1.895000000000000000e+03 1.516100000000000136e+03
2.239000000000000000e+03 1.530450000000000045e+03
1.935000000000000000e+03 1.559200000000000045e+03
1.991000000000000000e+03 1.596100000000000136e+03
1.687000000000000000e+03 1.610750000000000000e+03
2.135000000000000000e+03 1.611100000000000136e+03
2.007000000000000000e+03 1.619200000000000045e+03
2.351000000000000000e+03 1.677200000000000045e+03
2.183000000000000000e+03 1.697049999999999955e+03
2.271000000000000000e+03 1.719900000000000091e+03
2.143000000000000000e+03 1.734299999999999955e+03
2.135000000000000000e+03 1.736400000000000091e+03
1.711000000000000000e+03 1.770500000000000000e+03
1.743000000000000000e+03 1.804900000000000091e+03
1.695000000000000000e+03 1.814500000000000000e+03
1.999000000000000000e+03 1.824700000000000045e+03
1.855000000000000000e+03 1.862650000000000091e+03
1.975000000000000000e+03 1.864650000000000091e+03
2.095000000000000000e+03 1.865900000000000091e+03
2.287000000000000000e+03 1.876200000000000045e+03
1.895000000000000000e+03 1.895100000000000136e+03
1.823000000000000000e+03 1.910549999999999955e+03
1.687000000000000000e+03 1.957500000000000000e+03
2.327000000000000000e+03 1.958700000000000045e+03
2.191000000000000000e+03 1.959600000000000136e+03
2.247000000000000000e+03 2.022000000000000000e+03
2.215000000000000000e+03 2.023950000000000045e+03
2.327000000000000000e+03 2.049699999999999818e+03
2.063000000000000000e+03 2.059099999999999909e+03
2.151000000000000000e+03 2.099400000000000091e+03
2.095000000000000000e+03 2.111849999999999909e+03
1.759000000000000000e+03 2.156599999999999909e+03
2.135000000000000000e+03 2.172099999999999909e+03
2.031000000000000000e+03 2.180400000000000091e+03
2.055000000000000000e+03 2.181800000000000182e+03
1.983000000000000000e+03 2.189500000000000000e+03
2.007000000000000000e+03 2.206650000000000091e+03
2.015000000000000000e+03 2.221950000000000273e+03
1.959000000000000000e+03 2.243800000000000182e+03
2.119000000000000000e+03 2.244700000000000273e+03
2.191000000000000000e+03 2.245150000000000091e+03
1.719000000000000000e+03 2.262599999999999909e+03
2.151000000000000000e+03 2.267099999999999909e+03
2.223000000000000000e+03 2.308050000000000182e+03
2.183000000000000000e+03 2.310900000000000091e+03
2.023000000000000000e+03 2.356950000000000273e+03
1.999000000000000000e+03 2.401750000000000000e+03
2.271000000000000000e+03 2.421099999999999909e+03
2.207000000000000000e+03 2.455800000000000182e+03
1.687000000000000000e+03 2.455950000000000273e+03
2.039000000000000000e+03 2.461150000000000091e+03
2.359000000000000000e+03 2.488500000000000000e+03
1.751000000000000000e+03 2.497150000000000091e+03
2.023000000000000000e+03 2.514900000000000091e+03
1.735000000000000000e+03 2.530349999999999909e+03
2.311000000000000000e+03 2.550500000000000000e+03
1.767000000000000000e+03 2.562150000000000091e+03
1.815000000000000000e+03 2.577099999999999909e+03
1.911000000000000000e+03 2.577599999999999909e+03
1.783000000000000000e+03 2.578300000000000182e+03
2.047000000000000000e+03 2.594550000000000182e+03
2.159000000000000000e+03 2.600550000000000182e+03
1.903000000000000000e+03 2.615000000000000000e+03
1.839000000000000000e+03 2.635150000000000091e+03
2.135000000000000000e+03 2.636250000000000000e+03
2.055000000000000000e+03 2.638599999999999909e+03
2.375000000000000000e+03 2.641250000000000000e+03
2.295000000000000000e+03 2.649900000000000091e+03
1.799000000000000000e+03 2.660599999999999909e+03
1.839000000000000000e+03 2.664250000000000000e+03
2.247000000000000000e+03 2.671200000000000273e+03
2.335000000000000000e+03 2.671650000000000091e+03
1.743000000000000000e+03 2.719800000000000182e+03
2.271000000000000000e+03 2.720300000000000182e+03
1.935000000000000000e+03 2.725650000000000091e+03
1.751000000000000000e+03 2.735750000000000000e+03
1.935000000000000000e+03 2.761599999999999909e+03
2.095000000000000000e+03 2.766700000000000273e+03
1.767000000000000000e+03 2.819150000000000091e+03
1.831000000000000000e+03 2.833599999999999909e+03
1.959000000000000000e+03 2.839450000000000273e+03
2.183000000000000000e+03 2.842349999999999909e+03
1.639000000000000000e+03 2.878950000000000273e+03
2.119000000000000000e+03 2.885849999999999909e+03
1.943000000000000000e+03 2.910750000000000000e+03
2.383000000000000000e+03 2.924200000000000273e+03
2.007000000000000000e+03 2.934250000000000000e+03
1.663000000000000000e+03 2.972500000000000000e+03
1.647000000000000000e+03 2.975800000000000182e+03
1.639000000000000000e+03 2.979500000000000000e+03
1.855000000000000000e+03 3.391400000000000091e+03
1.943000000000000000e+03 3.401800000000000182e+03
2.191000000000000000e+03 3.407050000000000182e+03
1.823000000000000000e+03 3.442849999999999909e+03
2.263000000000000000e+03 3.448950000000000273e+03
1.895000000000000000e+03 3.458800000000000182e+03
1.999000000000000000e+03 3.460700000000000273e+03
1.655000000000000000e+03 3.470150000000000091e+03
1.863000000000000000e+03 3.485599999999999909e+03
1.935000000000000000e+03 3.496099999999999909e+03
1.831000000000000000e+03 3.504950000000000273e+03
1.879000000000000000e+03 3.555200000000000273e+03
1.687000000000000000e+03 3.575300000000000182e+03
2.119000000000000000e+03 3.709150000000000091e+03
1.663000000000000000e+03 3.726150000000000091e+03
1.847000000000000000e+03 3.755800000000000182e+03
2.159000000000000000e+03 3.760450000000000273e+03
1.959000000000000000e+03 3.766250000000000000e+03
2.151000000000000000e+03 3.767849999999999909e+03
1.911000000000000000e+03 3.795500000000000000e+03
2.359000000000000000e+03 3.802550000000000182e+03
2.215000000000000000e+03 3.832849999999999909e+03
2.287000000000000000e+03 3.843900000000000091e+03
1.919000000000000000e+03 3.862450000000000273e+03
2.007000000000000000e+03 3.892849999999999909e+03
1.647000000000000000e+03 3.898450000000000273e+03
1.879000000000000000e+03 3.902599999999999909e+03
1.831000000000000000e+03 3.930800000000000182e+03
2.207000000000000000e+03 3.936700000000000273e+03
1.631000000000000000e+03 4.003000000000000000e+03
1.719000000000000000e+03 4.124750000000000000e+03
2.295000000000000000e+03 4.125600000000000364e+03
2.191000000000000000e+03 4.130500000000000000e+03
2.367000000000000000e+03 4.136600000000000364e+03
2.015000000000000000e+03 4.136649999999999636e+03
1.975000000000000000e+03 4.136899999999999636e+03
2.159000000000000000e+03 4.147449999999999818e+03
2.087000000000000000e+03 4.175649999999999636e+03
1.623000000000000000e+03 4.249750000000000000e+03
1.663000000000000000e+03 4.272350000000000364e+03
1.871000000000000000e+03 4.285050000000000182e+03
1.751000000000000000e+03 4.297500000000000000e+03
2.327000000000000000e+03 4.300500000000000000e+03
2.263000000000000000e+03 4.301100000000000364e+03
1.743000000000000000e+03 4.306600000000000364e+03
1.903000000000000000e+03 4.320399999999999636e+03
1.647000000000000000e+03 4.332199999999999818e+03
2.367000000000000000e+03 4.338050000000000182e+03
2.239000000000000000e+03 4.342100000000000364e+03
1.855000000000000000e+03 4.355649999999999636e+03
2.103000000000000000e+03 4.362949999999999818e+03
1.719000000000000000e+03 4.451699999999999818e+03
2.271000000000000000e+03 4.466300000000000182e+03
2.279000000000000000e+03 4.553550000000000182e+03
1.791000000000000000e+03 4.557550000000000182e+03
2.199000000000000000e+03 4.565350000000000364e+03
2.087000000000000000e+03 4.613850000000000364e+03
1.871000000000000000e+03 4.662400000000000546e+03
2.311000000000000000e+03 4.672000000000000000e+03
2.295000000000000000e+03 4.751199999999999818e+03
1.639000000000000000e+03 4.777850000000000364e+03
2.111000000000000000e+03 4.885850000000000364e+03
1.767000000000000000e+03 4.925050000000000182e+03
2.271000000000000000e+03 5.026000000000000000e+03
2.215000000000000000e+03 5.076000000000000000e+03
1.935000000000000000e+03 5.094300000000000182e+03
1.863000000000000000e+03 5.094800000000000182e+03
1.951000000000000000e+03 5.105900000000000546e+03
1.919000000000000000e+03 5.122500000000000000e+03
2.031000000000000000e+03 5.139000000000000000e+03
1.927000000000000000e+03 5.140650000000000546e+03
1.687000000000000000e+03 5.144550000000000182e+03
2.047000000000000000e+03 5.162300000000000182e+03
2.183000000000000000e+03 5.186900000000000546e+03
2.399000000000000000e+03 5.197400000000000546e+03
2.263000000000000000e+03 5.235449999999999818e+03
1.631000000000000000e+03 5.267800000000000182e+03
1.727000000000000000e+03 5.287150000000000546e+03
1.623000000000000000e+03 5.358750000000000000e+03
2.055000000000000000e+03 5.358800000000000182e+03
1.815000000000000000e+03 5.366350000000000364e+03
1.871000000000000000e+03 5.368150000000000546e+03
1.727000000000000000e+03 5.394350000000000364e+03
1.959000000000000000e+03 5.484199999999999818e+03
1.911000000000000000e+03 5.494949999999999818e+03
1.687000000000000000e+03 5.517850000000000364e+03
1.983000000000000000e+03 5.525650000000000546e+03
2.215000000000000000e+03 5.632050000000000182e+03
1.743000000000000000e+03 5.638050000000000182e+03
1.759000000000000000e+03 5.666500000000000000e+03
2.239000000000000000e+03 5.682250000000000000e+03
2.303000000000000000e+03 5.709449999999999818e+03
1.663000000000000000e+03 5.710750000000000000e+03
2.071000000000000000e+03 5.754550000000000182e+03
1.719000000000000000e+03 5.765800000000000182e+03
2.231000000000000000e+03 5.789250000000000000e+03
1.927000000000000000e+03 5.837699999999999818e+03
1.975000000000000000e+03 5.847900000000000546e+03
1.807000000000000000e+03 5.866400000000000546e+03
1.711000000000000000e+03 5.888949999999999818e+03
1.735000000000000000e+03 5.929800000000000182e+03
2.239000000000000000e+03 5.936150000000000546e+03
2.183000000000000000e+03 5.969449999999999818e+03
