2.496000000000000000e+03 1.029000000000000057e+02
2.568000000000000000e+03 1.264500000000000028e+02
3.176000000000000000e+03 1.277500000000000000e+02
2.752000000000000000e+03 1.316999999999999886e+02
2.520000000000000000e+03 1.405500000000000114e+02
3.072000000000000000e+03 1.535000000000000000e+02
3.000000000000000000e+03 2.145000000000000000e+02
2.536000000000000000e+03 2.440000000000000000e+02
2.624000000000000000e+03 2.935500000000000114e+02
2.872000000000000000e+03 3.104000000000000341e+02
3.144000000000000000e+03 3.115000000000000000e+02
2.968000000000000000e+03 3.326000000000000227e+02
2.976000000000000000e+03 3.615500000000000114e+02
2.848000000000000000e+03 3.628500000000000227e+02
2.480000000000000000e+03 3.709499999999999886e+02
2.912000000000000000e+03 3.756000000000000227e+02
2.760000000000000000e+03 3.804499999999999886e+02
2.904000000000000000e+03 3.815500000000000114e+02
2.592000000000000000e+03 3.959499999999999886e+02
2.600000000000000000e+03 4.851999999999999886e+02
2.448000000000000000e+03 5.343500000000000227e+02
3.056000000000000000e+03 5.407000000000000455e+02
2.704000000000000000e+03 5.712500000000000000e+02
2.976000000000000000e+03 6.905500000000000682e+02
2.896000000000000000e+03 7.053000000000000682e+02
2.664000000000000000e+03 7.054500000000000455e+02
2.776000000000000000e+03 7.140500000000000682e+02
3.112000000000000000e+03 7.186000000000000227e+02
3.040000000000000000e+03 7.238000000000000682e+02
2.928000000000000000e+03 7.403000000000000682e+02
2.992000000000000000e+03 7.524500000000000455e+02
3.152000000000000000e+03 7.652000000000000455e+02
2.856000000000000000e+03 7.664500000000000455e+02
2.704000000000000000e+03 7.807500000000000000e+02
2.616000000000000000e+03 7.880000000000000000e+02
2.704000000000000000e+03 8.120000000000000000e+02
2.856000000000000000e+03 8.585000000000000000e+02
3.024000000000000000e+03 8.744500000000000455e+02
2.504000000000000000e+03 9.543500000000000227e+02
2.464000000000000000e+03 9.637000000000000455e+02
2.600000000000000000e+03 9.738500000000000227e+02
3.136000000000000000e+03 9.893999999999999773e+02
3.088000000000000000e+03 9.970500000000000682e+02
2.432000000000000000e+03 1.000600000000000023e+03
2.656000000000000000e+03 1.019500000000000000e+03
2.960000000000000000e+03 1.020500000000000000e+03
2.872000000000000000e+03 1.026849999999999909e+03
2.672000000000000000e+03 1.037900000000000091e+03
3.128000000000000000e+03 1.046049999999999955e+03
2.728000000000000000e+03 1.051750000000000000e+03
2.456000000000000000e+03 1.057150000000000091e+03
2.968000000000000000e+03 1.073349999999999909e+03
3.136000000000000000e+03 1.097350000000000136e+03
2.688000000000000000e+03 1.169700000000000045e+03
2.896000000000000000e+03 1.186100000000000136e+03
2.776000000000000000e+03 1.269549999999999955e+03
2.584000000000000000e+03 1.274799999999999955e+03
2.648000000000000000e+03 1.292400000000000091e+03
2.976000000000000000e+03 1.322600000000000136e+03
2.488000000000000000e+03 1.341650000000000091e+03
2.640000000000000000e+03 1.375450000000000045e+03
2.512000000000000000e+03 1.393799999999999955e+03
3.096000000000000000e+03 1.457100000000000136e+03
3.000000000000000000e+03 1.509299999999999955e+03
2.600000000000000000e+03 1.511750000000000000e+03
2.448000000000000000e+03 1.520650000000000091e+03
3.064000000000000000e+03 1.528799999999999955e+03
2.744000000000000000e+03 1.531700000000000045e+03
2.688000000000000000e+03 1.538049999999999955e+03
2.528000000000000000e+03 1.555049999999999955e+03
3.056000000000000000e+03 1.556600000000000136e+03
3.008000000000000000e+03 1.565650000000000091e+03
2.672000000000000000e+03 1.577799999999999955e+03
3.056000000000000000e+03 1.583000000000000000e+03
2.592000000000000000e+03 1.594350000000000136e+03
2.992000000000000000e+03 1.594750000000000000e+03
3.176000000000000000e+03 1.617000000000000000e+03
2.504000000000000000e+03 1.622650000000000091e+03
3.008000000000000000e+03 1.623450000000000045e+03
2.704000000000000000e+03 1.630500000000000000e+03
2.560000000000000000e+03 1.657650000000000091e+03
2.600000000000000000e+03 1.659400000000000091e+03
2.872000000000000000e+03 1.664049999999999955e+03
2.816000000000000000e+03 1.695049999999999955e+03
2.896000000000000000e+03 1.731950000000000045e+03
3.136000000000000000e+03 1.740049999999999955e+03
2.920000000000000000e+03 1.747500000000000000e+03
2.960000000000000000e+03 1.772700000000000045e+03
2.528000000000000000e+03 1.788750000000000000e+03
2.680000000000000000e+03 1.838049999999999955e+03
2.760000000000000000e+03 1.840150000000000091e+03
2.864000000000000000e+03 1.879700000000000045e+03
2.624000000000000000e+03 1.883500000000000000e+03
3.096000000000000000e+03 1.914150000000000091e+03
2.632000000000000000e+03 1.934350000000000136e+03
2.856000000000000000e+03 1.944450000000000045e+03
3.008000000000000000e+03 1.975500000000000000e+03
2.976000000000000000e+03 2.013700000000000045e+03
2.448000000000000000e+03 2.023350000000000136e+03
2.560000000000000000e+03 2.030049999999999955e+03
2.440000000000000000e+03 2.039600000000000136e+03
2.864000000000000000e+03 2.040250000000000000e+03
2.856000000000000000e+03 2.082500000000000000e+03
2.832000000000000000e+03 2.088300000000000182e+03
2.840000000000000000e+03 2.110800000000000182e+03
3.104000000000000000e+03 2.123199999999999818e+03
2.880000000000000000e+03 2.154750000000000000e+03
3.144000000000000000e+03 2.198500000000000000e+03
2.696000000000000000e+03 2.251150000000000091e+03
2.712000000000000000e+03 2.251650000000000091e+03
3.176000000000000000e+03 2.260400000000000091e+03
2.536000000000000000e+03 2.350150000000000091e+03
2.976000000000000000e+03 2.350450000000000273e+03
2.656000000000000000e+03 2.356200000000000273e+03
3.112000000000000000e+03 2.464450000000000273e+03
3.056000000000000000e+03 2.496400000000000091e+03
2.496000000000000000e+03 2.505750000000000000e+03
2.816000000000000000e+03 2.509150000000000091e+03
3.184000000000000000e+03 2.519349999999999909e+03
2.848000000000000000e+03 2.553099999999999909e+03
3.008000000000000000e+03 2.559550000000000182e+03
3.096000000000000000e+03 2.650450000000000273e+03
2.464000000000000000e+03 2.669849999999999909e+03
3.168000000000000000e+03 2.682599999999999909e+03
3.000000000000000000e+03 2.691349999999999909e+03
3.104000000000000000e+03 2.694849999999999909e+03
2.424000000000000000e+03 2.712250000000000000e+03
3.112000000000000000e+03 2.716900000000000091e+03
2.512000000000000000e+03 2.728150000000000091e+03
2.960000000000000000e+03 2.778050000000000182e+03
2.608000000000000000e+03 2.782950000000000273e+03
2.432000000000000000e+03 2.805500000000000000e+03
2.920000000000000000e+03 2.829550000000000182e+03
2.416000000000000000e+03 2.837400000000000091e+03
2.984000000000000000e+03 2.838500000000000000e+03
3.000000000000000000e+03 2.842450000000000273e+03
3.064000000000000000e+03 2.851800000000000182e+03
2.440000000000000000e+03 2.852700000000000273e+03
2.696000000000000000e+03 2.868950000000000273e+03
3.048000000000000000e+03 2.880150000000000091e+03
2.496000000000000000e+03 2.899500000000000000e+03
2.464000000000000000e+03 2.912900000000000091e+03
3.200000000000000000e+03 2.919150000000000091e+03
3.008000000000000000e+03 2.943300000000000182e+03
2.464000000000000000e+03 2.952450000000000273e+03
3.176000000000000000e+03 2.965150000000000091e+03
2.720000000000000000e+03 2.981050000000000182e+03
2.488000000000000000e+03 3.404150000000000091e+03
3.120000000000000000e+03 3.414800000000000182e+03
2.648000000000000000e+03 3.436099999999999909e+03
2.608000000000000000e+03 3.468099999999999909e+03
3.152000000000000000e+03 3.473450000000000273e+03
2.992000000000000000e+03 3.549099999999999909e+03
2.760000000000000000e+03 3.553750000000000000e+03
3.104000000000000000e+03 3.561450000000000273e+03
2.888000000000000000e+03 3.572599999999999909e+03
2.976000000000000000e+03 3.584700000000000273e+03
2.792000000000000000e+03 3.606400000000000091e+03
2.472000000000000000e+03 3.621099999999999909e+03
2.936000000000000000e+03 3.623050000000000182e+03
2.816000000000000000e+03 3.722700000000000273e+03
2.768000000000000000e+03 3.729599999999999909e+03
2.624000000000000000e+03 3.758800000000000182e+03
2.456000000000000000e+03 3.804750000000000000e+03
2.864000000000000000e+03 3.847700000000000273e+03
2.864000000000000000e+03 3.871099999999999909e+03
2.832000000000000000e+03 3.920950000000000273e+03
2.608000000000000000e+03 3.938150000000000091e+03
2.448000000000000000e+03 3.968000000000000000e+03
2.688000000000000000e+03 3.968900000000000091e+03
2.616000000000000000e+03 4.000200000000000273e+03
2.864000000000000000e+03 4.000250000000000000e+03
2.880000000000000000e+03 4.021550000000000182e+03
3.088000000000000000e+03 4.022200000000000273e+03
2.584000000000000000e+03 4.074450000000000273e+03
2.552000000000000000e+03 4.133100000000000364e+03
2.576000000000000000e+03 4.168750000000000000e+03
2.536000000000000000e+03 4.200300000000000182e+03
2.608000000000000000e+03 4.209399999999999636e+03
2.656000000000000000e+03 4.220750000000000000e+03
3.032000000000000000e+03 4.239699999999999818e+03
2.568000000000000000e+03 4.281550000000000182e+03
3.200000000000000000e+03 4.282250000000000000e+03
2.680000000000000000e+03 4.294850000000000364e+03
2.872000000000000000e+03 4.298149999999999636e+03
2.448000000000000000e+03 4.302399999999999636e+03
2.856000000000000000e+03 4.309149999999999636e+03
2.416000000000000000e+03 4.327149999999999636e+03
2.688000000000000000e+03 4.347050000000000182e+03
3.120000000000000000e+03 4.374750000000000000e+03
2.656000000000000000e+03 4.379600000000000364e+03
2.608000000000000000e+03 4.454699999999999818e+03
2.616000000000000000e+03 4.458500000000000000e+03
2.520000000000000000e+03 4.483900000000000546e+03
2.568000000000000000e+03 4.485449999999999818e+03
2.632000000000000000e+03 4.519699999999999818e+03
2.456000000000000000e+03 4.533100000000000364e+03
2.872000000000000000e+03 4.544150000000000546e+03
3.064000000000000000e+03 4.650199999999999818e+03
2.768000000000000000e+03 4.790100000000000364e+03
2.776000000000000000e+03 4.790550000000000182e+03
2.728000000000000000e+03 4.792699999999999818e+03
3.136000000000000000e+03 4.829750000000000000e+03
3.128000000000000000e+03 4.830400000000000546e+03
2.728000000000000000e+03 4.850449999999999818e+03
2.832000000000000000e+03 4.929750000000000000e+03
2.560000000000000000e+03 4.947500000000000000e+03
2.592000000000000000e+03 5.045400000000000546e+03
2.792000000000000000e+03 5.055500000000000000e+03
3.128000000000000000e+03 5.109350000000000364e+03
2.552000000000000000e+03 5.120949999999999818e+03
3.200000000000000000e+03 5.154199999999999818e+03
2.824000000000000000e+03 5.164500000000000000e+03
2.848000000000000000e+03 5.166050000000000182e+03
2.704000000000000000e+03 5.184600000000000364e+03
2.984000000000000000e+03 5.229550000000000182e+03
2.704000000000000000e+03 5.362600000000000364e+03
2.720000000000000000e+03 5.441699999999999818e+03
2.616000000000000000e+03 5.467250000000000000e+03
2.472000000000000000e+03 5.480300000000000182e+03
2.528000000000000000e+03 5.567699999999999818e+03
3.176000000000000000e+03 5.636650000000000546e+03
2.968000000000000000e+03 5.808400000000000546e+03
2.792000000000000000e+03 5.815199999999999818e+03
2.448000000000000000e+03 5.871699999999999818e+03
2.512000000000000000e+03 5.926949999999999818e+03
2.744000000000000000e+03 5.946199999999999818e+03
2.488000000000000000e+03 5.974199999999999818e+03
3.192000000000000000e+03 5.983600000000000364e+03
2.497000000000000000e+03 1.074500000000000028e+02
3.073000000000000000e+03 1.132500000000000000e+02
3.033000000000000000e+03 1.300500000000000114e+02
3.065000000000000000e+03 1.396500000000000057e+02
2.785000000000000000e+03 1.680500000000000114e+02
2.545000000000000000e+03 1.792500000000000000e+02
2.865000000000000000e+03 1.996500000000000057e+02
2.993000000000000000e+03 2.090000000000000000e+02
2.921000000000000000e+03 2.223000000000000114e+02
2.849000000000000000e+03 2.405999999999999943e+02
2.785000000000000000e+03 2.823000000000000114e+02
2.609000000000000000e+03 2.826999999999999886e+02
2.657000000000000000e+03 3.018000000000000114e+02
2.673000000000000000e+03 3.292500000000000000e+02
3.185000000000000000e+03 3.438500000000000227e+02
2.761000000000000000e+03 3.654000000000000341e+02
2.785000000000000000e+03 3.658000000000000114e+02
2.857000000000000000e+03 3.791000000000000227e+02
2.465000000000000000e+03 4.034499999999999886e+02
2.833000000000000000e+03 4.298000000000000114e+02
2.537000000000000000e+03 4.813000000000000114e+02
2.497000000000000000e+03 5.413999999999999773e+02
2.537000000000000000e+03 5.476499999999999773e+02
2.841000000000000000e+03 5.579500000000000455e+02
3.017000000000000000e+03 5.658999999999999773e+02
3.033000000000000000e+03 5.682000000000000455e+02
3.025000000000000000e+03 5.711000000000000227e+02
3.057000000000000000e+03 5.760500000000000682e+02
2.417000000000000000e+03 5.920500000000000682e+02
2.585000000000000000e+03 6.199500000000000455e+02
3.113000000000000000e+03 6.387500000000000000e+02
2.617000000000000000e+03 6.533999999999999773e+02
2.897000000000000000e+03 6.540500000000000682e+02
2.809000000000000000e+03 6.555500000000000682e+02
2.649000000000000000e+03 6.651000000000000227e+02
2.913000000000000000e+03 6.909500000000000455e+02
2.985000000000000000e+03 7.033999999999999773e+02
2.857000000000000000e+03 7.288000000000000682e+02
3.017000000000000000e+03 7.435500000000000682e+02
2.681000000000000000e+03 7.758000000000000682e+02
3.009000000000000000e+03 7.761000000000000227e+02
2.705000000000000000e+03 7.839500000000000455e+02
2.577000000000000000e+03 8.021499999999999773e+02
2.745000000000000000e+03 8.037000000000000455e+02
2.457000000000000000e+03 8.052500000000000000e+02
2.513000000000000000e+03 8.123000000000000682e+02
3.065000000000000000e+03 8.786499999999999773e+02
2.905000000000000000e+03 9.240000000000000000e+02
2.761000000000000000e+03 9.265000000000000000e+02
3.105000000000000000e+03 9.264500000000000455e+02
2.609000000000000000e+03 9.405000000000000000e+02
2.937000000000000000e+03 9.717000000000000455e+02
3.177000000000000000e+03 9.936499999999999773e+02
2.993000000000000000e+03 9.951000000000000227e+02
2.593000000000000000e+03 1.013450000000000045e+03
3.121000000000000000e+03 1.022950000000000045e+03
2.577000000000000000e+03 1.052849999999999909e+03
2.617000000000000000e+03 1.053000000000000000e+03
2.857000000000000000e+03 1.077500000000000000e+03
2.561000000000000000e+03 1.077799999999999955e+03
2.857000000000000000e+03 1.091299999999999955e+03
2.937000000000000000e+03 1.100950000000000045e+03
2.657000000000000000e+03 1.107350000000000136e+03
2.721000000000000000e+03 1.114799999999999955e+03
3.001000000000000000e+03 1.145950000000000045e+03
3.049000000000000000e+03 1.147150000000000091e+03
2.833000000000000000e+03 1.150900000000000091e+03
2.881000000000000000e+03 1.234150000000000091e+03
2.753000000000000000e+03 1.266900000000000091e+03
3.185000000000000000e+03 1.268650000000000091e+03
2.561000000000000000e+03 1.284250000000000000e+03
3.153000000000000000e+03 1.285850000000000136e+03
2.577000000000000000e+03 1.286450000000000045e+03
2.937000000000000000e+03 1.303549999999999955e+03
2.505000000000000000e+03 1.303799999999999955e+03
2.465000000000000000e+03 1.341750000000000000e+03
2.665000000000000000e+03 1.342500000000000000e+03
2.977000000000000000e+03 1.357850000000000136e+03
3.193000000000000000e+03 1.380700000000000045e+03
2.737000000000000000e+03 1.385549999999999955e+03
2.897000000000000000e+03 1.385799999999999955e+03
2.409000000000000000e+03 1.398750000000000000e+03
2.449000000000000000e+03 1.437600000000000136e+03
3.169000000000000000e+03 1.438299999999999955e+03
2.417000000000000000e+03 1.451750000000000000e+03
2.833000000000000000e+03 1.461950000000000045e+03
2.585000000000000000e+03 1.474299999999999955e+03
2.801000000000000000e+03 1.476700000000000045e+03
3.049000000000000000e+03 1.491950000000000045e+03
3.185000000000000000e+03 1.496250000000000000e+03
2.841000000000000000e+03 1.497900000000000091e+03
2.953000000000000000e+03 1.511200000000000045e+03
2.745000000000000000e+03 1.540100000000000136e+03
2.409000000000000000e+03 1.558400000000000091e+03
2.849000000000000000e+03 1.607000000000000000e+03
2.577000000000000000e+03 1.629250000000000000e+03
2.793000000000000000e+03 1.634600000000000136e+03
3.137000000000000000e+03 1.676950000000000045e+03
2.425000000000000000e+03 1.705299999999999955e+03
3.025000000000000000e+03 1.744799999999999955e+03
3.049000000000000000e+03 1.778250000000000000e+03
2.905000000000000000e+03 1.779850000000000136e+03
3.193000000000000000e+03 1.779900000000000091e+03
2.673000000000000000e+03 1.800750000000000000e+03
2.545000000000000000e+03 1.832700000000000045e+03
2.785000000000000000e+03 1.846200000000000045e+03
3.193000000000000000e+03 1.854799999999999955e+03
3.113000000000000000e+03 1.859600000000000136e+03
2.905000000000000000e+03 1.862200000000000045e+03
3.081000000000000000e+03 1.865200000000000045e+03
2.737000000000000000e+03 1.872900000000000091e+03
2.929000000000000000e+03 1.876600000000000136e+03
3.001000000000000000e+03 1.887700000000000045e+03
2.873000000000000000e+03 1.901500000000000000e+03
2.617000000000000000e+03 1.903799999999999955e+03
2.689000000000000000e+03 1.942750000000000000e+03
3.001000000000000000e+03 1.943500000000000000e+03
2.777000000000000000e+03 1.945150000000000091e+03
2.681000000000000000e+03 1.972100000000000136e+03
2.657000000000000000e+03 1.984250000000000000e+03
2.753000000000000000e+03 1.984400000000000091e+03
2.665000000000000000e+03 1.994600000000000136e+03
2.625000000000000000e+03 1.997850000000000136e+03
3.113000000000000000e+03 2.003100000000000136e+03
2.585000000000000000e+03 2.026750000000000000e+03
2.521000000000000000e+03 2.035950000000000045e+03
2.881000000000000000e+03 2.040150000000000091e+03
3.153000000000000000e+03 2.075300000000000182e+03
2.817000000000000000e+03 2.110949999999999818e+03
2.513000000000000000e+03 2.134250000000000000e+03
2.497000000000000000e+03 2.137500000000000000e+03
2.793000000000000000e+03 2.157449999999999818e+03
2.457000000000000000e+03 2.216050000000000182e+03
2.489000000000000000e+03 2.225700000000000273e+03
2.537000000000000000e+03 2.236500000000000000e+03
3.169000000000000000e+03 2.245099999999999909e+03
2.841000000000000000e+03 2.288500000000000000e+03
2.889000000000000000e+03 2.314650000000000091e+03
2.577000000000000000e+03 2.315099999999999909e+03
2.505000000000000000e+03 2.316200000000000273e+03
2.409000000000000000e+03 2.318900000000000091e+03
2.489000000000000000e+03 2.390450000000000273e+03
2.673000000000000000e+03 2.406599999999999909e+03
2.761000000000000000e+03 2.414349999999999909e+03
2.673000000000000000e+03 2.423700000000000273e+03
3.169000000000000000e+03 2.476250000000000000e+03
2.513000000000000000e+03 2.497849999999999909e+03
3.137000000000000000e+03 2.538200000000000273e+03
2.537000000000000000e+03 2.568700000000000273e+03
3.033000000000000000e+03 2.599300000000000182e+03
2.721000000000000000e+03 2.616650000000000091e+03
2.425000000000000000e+03 2.623450000000000273e+03
2.961000000000000000e+03 2.674250000000000000e+03
2.777000000000000000e+03 2.682200000000000273e+03
2.769000000000000000e+03 2.739500000000000000e+03
2.809000000000000000e+03 2.748300000000000182e+03
2.593000000000000000e+03 2.759700000000000273e+03
3.049000000000000000e+03 2.788750000000000000e+03
3.185000000000000000e+03 2.803800000000000182e+03
2.473000000000000000e+03 2.826849999999999909e+03
2.809000000000000000e+03 2.840750000000000000e+03
2.417000000000000000e+03 2.849200000000000273e+03
2.433000000000000000e+03 2.865550000000000182e+03
3.113000000000000000e+03 2.892650000000000091e+03
2.985000000000000000e+03 2.930200000000000273e+03
2.961000000000000000e+03 2.939250000000000000e+03
2.489000000000000000e+03 2.950400000000000091e+03
2.689000000000000000e+03 2.960800000000000182e+03
2.569000000000000000e+03 2.980300000000000182e+03
2.713000000000000000e+03 2.985950000000000273e+03
3.017000000000000000e+03 2.998900000000000091e+03
3.153000000000000000e+03 3.000550000000000182e+03
2.737000000000000000e+03 3.402950000000000273e+03
2.833000000000000000e+03 3.427349999999999909e+03
2.657000000000000000e+03 3.458349999999999909e+03
2.425000000000000000e+03 3.460500000000000000e+03
2.449000000000000000e+03 3.485000000000000000e+03
3.041000000000000000e+03 3.485400000000000091e+03
2.905000000000000000e+03 3.490800000000000182e+03
3.153000000000000000e+03 3.497400000000000091e+03
3.081000000000000000e+03 3.507250000000000000e+03
2.497000000000000000e+03 3.520150000000000091e+03
2.617000000000000000e+03 3.526150000000000091e+03
2.801000000000000000e+03 3.552349999999999909e+03
2.537000000000000000e+03 3.566450000000000273e+03
2.633000000000000000e+03 3.603150000000000091e+03
2.713000000000000000e+03 3.612300000000000182e+03
2.737000000000000000e+03 3.624050000000000182e+03
2.897000000000000000e+03 3.634950000000000273e+03
3.137000000000000000e+03 3.701200000000000273e+03
2.689000000000000000e+03 3.728700000000000273e+03
3.033000000000000000e+03 3.765000000000000000e+03
3.025000000000000000e+03 3.796900000000000091e+03
2.553000000000000000e+03 3.847250000000000000e+03
2.713000000000000000e+03 3.849450000000000273e+03
2.857000000000000000e+03 3.855500000000000000e+03
3.177000000000000000e+03 3.871400000000000091e+03
2.553000000000000000e+03 3.911050000000000182e+03
2.425000000000000000e+03 3.916349999999999909e+03
2.873000000000000000e+03 3.932250000000000000e+03
2.897000000000000000e+03 3.949550000000000182e+03
2.401000000000000000e+03 3.966500000000000000e+03
2.729000000000000000e+03 3.967099999999999909e+03
2.417000000000000000e+03 3.984000000000000000e+03
2.769000000000000000e+03 4.013849999999999909e+03
2.601000000000000000e+03 4.072550000000000182e+03
2.409000000000000000e+03 4.078300000000000182e+03
3.129000000000000000e+03 4.110050000000000182e+03
2.745000000000000000e+03 4.114600000000000364e+03
2.945000000000000000e+03 4.117000000000000000e+03
3.145000000000000000e+03 4.125600000000000364e+03
2.489000000000000000e+03 4.129000000000000000e+03
3.041000000000000000e+03 4.147800000000000182e+03
2.649000000000000000e+03 4.149000000000000000e+03
2.609000000000000000e+03 4.201899999999999636e+03
2.809000000000000000e+03 4.204750000000000000e+03
2.449000000000000000e+03 4.216399999999999636e+03
2.593000000000000000e+03 4.227149999999999636e+03
2.633000000000000000e+03 4.231149999999999636e+03
2.529000000000000000e+03 4.273800000000000182e+03
2.673000000000000000e+03 4.274399999999999636e+03
2.569000000000000000e+03 4.308149999999999636e+03
2.649000000000000000e+03 4.308800000000000182e+03
3.153000000000000000e+03 4.319000000000000000e+03
2.833000000000000000e+03 4.334800000000000182e+03
2.953000000000000000e+03 4.339399999999999636e+03
2.425000000000000000e+03 4.370150000000000546e+03
2.817000000000000000e+03 4.476400000000000546e+03
2.913000000000000000e+03 4.497850000000000364e+03
2.529000000000000000e+03 4.516699999999999818e+03
3.017000000000000000e+03 4.565949999999999818e+03
2.745000000000000000e+03 4.598250000000000000e+03
3.089000000000000000e+03 4.616850000000000364e+03
3.025000000000000000e+03 4.658150000000000546e+03
2.841000000000000000e+03 4.750949999999999818e+03
2.993000000000000000e+03 4.751449999999999818e+03
2.817000000000000000e+03 4.776650000000000546e+03
2.841000000000000000e+03 4.782000000000000000e+03
2.737000000000000000e+03 4.789900000000000546e+03
2.673000000000000000e+03 4.791550000000000182e+03
2.545000000000000000e+03 4.807900000000000546e+03
2.489000000000000000e+03 4.810100000000000364e+03
3.145000000000000000e+03 4.828449999999999818e+03
3.041000000000000000e+03 4.847300000000000182e+03
2.689000000000000000e+03 4.861350000000000364e+03
3.129000000000000000e+03 4.863350000000000364e+03
3.177000000000000000e+03 4.867949999999999818e+03
2.521000000000000000e+03 4.873150000000000546e+03
2.657000000000000000e+03 4.911750000000000000e+03
2.537000000000000000e+03 4.922650000000000546e+03
2.697000000000000000e+03 5.025699999999999818e+03
2.665000000000000000e+03 5.045300000000000182e+03
2.409000000000000000e+03 5.046500000000000000e+03
2.585000000000000000e+03 5.059000000000000000e+03
2.897000000000000000e+03 5.077449999999999818e+03
3.089000000000000000e+03 5.080050000000000182e+03
2.609000000000000000e+03 5.124100000000000364e+03
2.425000000000000000e+03 5.189250000000000000e+03
3.025000000000000000e+03 5.193000000000000000e+03
2.961000000000000000e+03 5.215100000000000364e+03
2.969000000000000000e+03 5.229750000000000000e+03
2.745000000000000000e+03 5.241750000000000000e+03
2.449000000000000000e+03 5.269150000000000546e+03
2.817000000000000000e+03 5.353350000000000364e+03
2.833000000000000000e+03 5.458800000000000182e+03
2.993000000000000000e+03 5.462150000000000546e+03
3.113000000000000000e+03 5.545550000000000182e+03
2.705000000000000000e+03 5.667050000000000182e+03
2.785000000000000000e+03 5.813250000000000000e+03
2.449000000000000000e+03 5.833350000000000364e+03
2.785000000000000000e+03 5.877300000000000182e+03
3.065000000000000000e+03 5.889100000000000364e+03
2.465000000000000000e+03 5.903850000000000364e+03
2.817000000000000000e+03 5.961600000000000364e+03
2.618000000000000000e+03 1.025000000000000000e+02
2.426000000000000000e+03 1.127000000000000028e+02
2.706000000000000000e+03 1.152999999999999972e+02
2.634000000000000000e+03 1.184500000000000028e+02
2.602000000000000000e+03 1.200000000000000000e+02
2.874000000000000000e+03 1.344000000000000057e+02
2.706000000000000000e+03 1.654000000000000057e+02
2.610000000000000000e+03 2.030500000000000114e+02
3.178000000000000000e+03 2.131500000000000057e+02
2.954000000000000000e+03 2.335000000000000000e+02
3.074000000000000000e+03 2.442500000000000000e+02
2.594000000000000000e+03 2.473499999999999943e+02
2.986000000000000000e+03 2.807500000000000000e+02
2.522000000000000000e+03 3.141500000000000341e+02
2.426000000000000000e+03 3.296999999999999886e+02
3.058000000000000000e+03 3.948000000000000114e+02
2.674000000000000000e+03 4.245500000000000114e+02
2.834000000000000000e+03 4.251000000000000227e+02
2.474000000000000000e+03 4.359499999999999886e+02
2.602000000000000000e+03 4.561000000000000227e+02
2.650000000000000000e+03 4.810500000000000114e+02
3.090000000000000000e+03 4.898500000000000227e+02
2.434000000000000000e+03 5.021999999999999886e+02
2.962000000000000000e+03 5.377500000000000000e+02
2.882000000000000000e+03 5.391499999999999773e+02
2.866000000000000000e+03 5.407500000000000000e+02
2.634000000000000000e+03 5.524500000000000455e+02
2.738000000000000000e+03 5.557000000000000455e+02
2.802000000000000000e+03 5.900500000000000682e+02
2.426000000000000000e+03 5.967000000000000455e+02
2.914000000000000000e+03 6.150500000000000682e+02
2.722000000000000000e+03 6.301499999999999773e+02
3.074000000000000000e+03 7.065000000000000000e+02
3.146000000000000000e+03 7.263999999999999773e+02
2.762000000000000000e+03 7.267000000000000455e+02
2.402000000000000000e+03 7.307500000000000000e+02
2.570000000000000000e+03 7.421499999999999773e+02
3.186000000000000000e+03 7.590000000000000000e+02
2.418000000000000000e+03 7.647500000000000000e+02
2.674000000000000000e+03 7.906499999999999773e+02
3.002000000000000000e+03 9.132000000000000455e+02
2.530000000000000000e+03 9.496499999999999773e+02
2.762000000000000000e+03 9.557000000000000455e+02
2.458000000000000000e+03 9.836499999999999773e+02
3.130000000000000000e+03 9.918999999999999773e+02
3.194000000000000000e+03 9.933000000000000682e+02
2.570000000000000000e+03 1.001649999999999977e+03
2.730000000000000000e+03 1.037250000000000000e+03
2.474000000000000000e+03 1.044750000000000000e+03
2.618000000000000000e+03 1.053500000000000000e+03
3.082000000000000000e+03 1.076750000000000000e+03
3.130000000000000000e+03 1.079099999999999909e+03
2.418000000000000000e+03 1.128750000000000000e+03
3.138000000000000000e+03 1.145400000000000091e+03
2.466000000000000000e+03 1.158900000000000091e+03
3.170000000000000000e+03 1.162450000000000045e+03
2.538000000000000000e+03 1.171299999999999955e+03
3.082000000000000000e+03 1.177900000000000091e+03
2.634000000000000000e+03 1.220950000000000045e+03
2.802000000000000000e+03 1.221400000000000091e+03
2.794000000000000000e+03 1.230950000000000045e+03
2.706000000000000000e+03 1.242400000000000091e+03
2.506000000000000000e+03 1.257500000000000000e+03
2.538000000000000000e+03 1.297549999999999955e+03
2.818000000000000000e+03 1.309350000000000136e+03
2.602000000000000000e+03 1.311799999999999955e+03
2.570000000000000000e+03 1.320200000000000045e+03
2.554000000000000000e+03 1.327299999999999955e+03
2.506000000000000000e+03 1.341650000000000091e+03
2.746000000000000000e+03 1.343299999999999955e+03
2.618000000000000000e+03 1.371850000000000136e+03
2.594000000000000000e+03 1.439700000000000045e+03
2.426000000000000000e+03 1.444500000000000000e+03
2.498000000000000000e+03 1.445950000000000045e+03
3.042000000000000000e+03 1.446200000000000045e+03
3.162000000000000000e+03 1.453350000000000136e+03
2.626000000000000000e+03 1.460750000000000000e+03
2.602000000000000000e+03 1.462549999999999955e+03
2.994000000000000000e+03 1.463000000000000000e+03
2.466000000000000000e+03 1.468600000000000136e+03
2.874000000000000000e+03 1.486549999999999955e+03
3.090000000000000000e+03 1.489950000000000045e+03
2.418000000000000000e+03 1.515950000000000045e+03
2.834000000000000000e+03 1.516350000000000136e+03
2.754000000000000000e+03 1.525750000000000000e+03
2.410000000000000000e+03 1.528049999999999955e+03
2.482000000000000000e+03 1.530100000000000136e+03
2.778000000000000000e+03 1.548799999999999955e+03
2.986000000000000000e+03 1.568450000000000045e+03
3.026000000000000000e+03 1.572250000000000000e+03
3.090000000000000000e+03 1.585049999999999955e+03
3.146000000000000000e+03 1.594100000000000136e+03
2.642000000000000000e+03 1.608700000000000045e+03
2.594000000000000000e+03 1.616299999999999955e+03
2.418000000000000000e+03 1.628299999999999955e+03
2.786000000000000000e+03 1.640000000000000000e+03
2.946000000000000000e+03 1.657049999999999955e+03
2.442000000000000000e+03 1.713750000000000000e+03
2.562000000000000000e+03 1.720299999999999955e+03
2.650000000000000000e+03 1.732150000000000091e+03
2.666000000000000000e+03 1.733100000000000136e+03
2.514000000000000000e+03 1.739350000000000136e+03
3.090000000000000000e+03 1.742000000000000000e+03
2.546000000000000000e+03 1.774600000000000136e+03
2.682000000000000000e+03 1.810950000000000045e+03
2.874000000000000000e+03 1.812799999999999955e+03
3.138000000000000000e+03 1.833150000000000091e+03
2.586000000000000000e+03 1.872700000000000045e+03
2.506000000000000000e+03 1.895750000000000000e+03
2.402000000000000000e+03 1.916049999999999955e+03
3.050000000000000000e+03 1.944700000000000045e+03
2.802000000000000000e+03 1.972650000000000091e+03
2.738000000000000000e+03 1.973400000000000091e+03
3.002000000000000000e+03 1.986900000000000091e+03
3.066000000000000000e+03 1.998900000000000091e+03
2.410000000000000000e+03 2.006350000000000136e+03
2.586000000000000000e+03 2.006799999999999955e+03
2.538000000000000000e+03 2.015200000000000045e+03
2.898000000000000000e+03 2.026700000000000045e+03
2.818000000000000000e+03 2.066199999999999818e+03
2.810000000000000000e+03 2.066750000000000000e+03
2.578000000000000000e+03 2.074500000000000000e+03
2.818000000000000000e+03 2.080550000000000182e+03
2.570000000000000000e+03 2.083250000000000000e+03
2.650000000000000000e+03 2.089550000000000182e+03
3.106000000000000000e+03 2.099449999999999818e+03
2.442000000000000000e+03 2.134650000000000091e+03
2.602000000000000000e+03 2.137400000000000091e+03
2.794000000000000000e+03 2.144949999999999818e+03
3.050000000000000000e+03 2.162449999999999818e+03
3.154000000000000000e+03 2.167250000000000000e+03
3.186000000000000000e+03 2.213650000000000091e+03
3.130000000000000000e+03 2.279550000000000182e+03
2.626000000000000000e+03 2.296150000000000091e+03
2.426000000000000000e+03 2.298300000000000182e+03
3.106000000000000000e+03 2.337099999999999909e+03
2.562000000000000000e+03 2.346099999999999909e+03
3.002000000000000000e+03 2.355950000000000273e+03
3.042000000000000000e+03 2.420599999999999909e+03
3.026000000000000000e+03 2.432450000000000273e+03
3.194000000000000000e+03 2.463650000000000091e+03
2.746000000000000000e+03 2.482250000000000000e+03
2.554000000000000000e+03 2.497300000000000182e+03
2.922000000000000000e+03 2.524550000000000182e+03
2.594000000000000000e+03 2.530849999999999909e+03
2.818000000000000000e+03 2.543400000000000091e+03
2.530000000000000000e+03 2.544000000000000000e+03
2.922000000000000000e+03 2.610700000000000273e+03
2.554000000000000000e+03 2.613950000000000273e+03
2.402000000000000000e+03 2.672900000000000091e+03
2.578000000000000000e+03 2.681800000000000182e+03
2.690000000000000000e+03 2.682200000000000273e+03
2.882000000000000000e+03 2.699099999999999909e+03
2.690000000000000000e+03 2.759750000000000000e+03
2.418000000000000000e+03 2.778250000000000000e+03
2.842000000000000000e+03 2.804500000000000000e+03
2.698000000000000000e+03 2.819800000000000182e+03
3.042000000000000000e+03 2.822349999999999909e+03
2.674000000000000000e+03 2.845550000000000182e+03
3.154000000000000000e+03 2.846950000000000273e+03
3.098000000000000000e+03 2.866500000000000000e+03
2.818000000000000000e+03 2.890750000000000000e+03
2.498000000000000000e+03 2.903000000000000000e+03
2.474000000000000000e+03 2.979650000000000091e+03
2.674000000000000000e+03 2.985750000000000000e+03
2.762000000000000000e+03 2.988849999999999909e+03
3.146000000000000000e+03 2.997050000000000182e+03
2.778000000000000000e+03 3.001700000000000273e+03
3.058000000000000000e+03 3.006050000000000182e+03
2.674000000000000000e+03 3.410700000000000273e+03
2.914000000000000000e+03 3.426250000000000000e+03
3.082000000000000000e+03 3.428650000000000091e+03
2.706000000000000000e+03 3.439099999999999909e+03
2.578000000000000000e+03 3.459300000000000182e+03
2.810000000000000000e+03 3.491700000000000273e+03
2.874000000000000000e+03 3.495950000000000273e+03
2.954000000000000000e+03 3.500849999999999909e+03
2.490000000000000000e+03 3.504450000000000273e+03
3.122000000000000000e+03 3.517250000000000000e+03
2.594000000000000000e+03 3.545000000000000000e+03
3.042000000000000000e+03 3.548900000000000091e+03
2.794000000000000000e+03 3.552150000000000091e+03
2.522000000000000000e+03 3.615650000000000091e+03
3.138000000000000000e+03 3.711950000000000273e+03
3.050000000000000000e+03 3.717550000000000182e+03
2.770000000000000000e+03 3.723250000000000000e+03
3.090000000000000000e+03 3.772050000000000182e+03
2.674000000000000000e+03 3.799950000000000273e+03
3.106000000000000000e+03 3.810300000000000182e+03
2.554000000000000000e+03 3.811750000000000000e+03
2.818000000000000000e+03 3.815000000000000000e+03
2.978000000000000000e+03 3.853200000000000273e+03
3.122000000000000000e+03 3.862050000000000182e+03
2.746000000000000000e+03 3.872300000000000182e+03
3.170000000000000000e+03 3.874349999999999909e+03
2.458000000000000000e+03 3.903400000000000091e+03
3.122000000000000000e+03 3.903550000000000182e+03
3.074000000000000000e+03 3.964400000000000091e+03
2.554000000000000000e+03 4.001000000000000000e+03
3.114000000000000000e+03 4.013650000000000091e+03
3.122000000000000000e+03 4.024150000000000091e+03
2.898000000000000000e+03 4.112149999999999636e+03
2.426000000000000000e+03 4.113199999999999818e+03
2.658000000000000000e+03 4.124100000000000364e+03
2.450000000000000000e+03 4.129800000000000182e+03
2.498000000000000000e+03 4.167550000000000182e+03
2.858000000000000000e+03 4.179800000000000182e+03
2.530000000000000000e+03 4.181000000000000000e+03
2.434000000000000000e+03 4.196800000000000182e+03
2.570000000000000000e+03 4.230800000000000182e+03
2.690000000000000000e+03 4.237500000000000000e+03
3.130000000000000000e+03 4.241100000000000364e+03
2.738000000000000000e+03 4.247750000000000000e+03
2.778000000000000000e+03 4.270050000000000182e+03
3.170000000000000000e+03 4.273350000000000364e+03
3.082000000000000000e+03 4.277800000000000182e+03
2.826000000000000000e+03 4.297399999999999636e+03
2.810000000000000000e+03 4.310100000000000364e+03
2.842000000000000000e+03 4.334000000000000000e+03
3.018000000000000000e+03 4.334449999999999818e+03
2.874000000000000000e+03 4.350449999999999818e+03
2.402000000000000000e+03 4.355750000000000000e+03
2.562000000000000000e+03 4.370850000000000364e+03
3.034000000000000000e+03 4.476250000000000000e+03
3.178000000000000000e+03 4.482850000000000364e+03
2.666000000000000000e+03 4.542900000000000546e+03
2.538000000000000000e+03 4.550100000000000364e+03
3.146000000000000000e+03 4.556800000000000182e+03
3.026000000000000000e+03 4.672650000000000546e+03
2.954000000000000000e+03 4.748300000000000182e+03
2.658000000000000000e+03 4.821900000000000546e+03
3.130000000000000000e+03 4.825949999999999818e+03
3.002000000000000000e+03 4.831100000000000364e+03
3.162000000000000000e+03 4.838400000000000546e+03
2.546000000000000000e+03 4.906199999999999818e+03
2.506000000000000000e+03 5.044699999999999818e+03
2.810000000000000000e+03 5.057100000000000364e+03
2.914000000000000000e+03 5.060100000000000364e+03
2.754000000000000000e+03 5.072650000000000546e+03
2.730000000000000000e+03 5.078699999999999818e+03
2.570000000000000000e+03 5.088600000000000364e+03
2.834000000000000000e+03 5.092150000000000546e+03
2.538000000000000000e+03 5.105050000000000182e+03
2.858000000000000000e+03 5.107600000000000364e+03
2.986000000000000000e+03 5.108600000000000364e+03
2.730000000000000000e+03 5.142800000000000182e+03
2.442000000000000000e+03 5.166750000000000000e+03
3.130000000000000000e+03 5.177000000000000000e+03
2.954000000000000000e+03 5.186699999999999818e+03
3.026000000000000000e+03 5.186800000000000182e+03
2.834000000000000000e+03 5.194300000000000182e+03
2.426000000000000000e+03 5.254050000000000182e+03
3.178000000000000000e+03 5.323699999999999818e+03
3.138000000000000000e+03 5.746300000000000182e+03
2.922000000000000000e+03 5.789800000000000182e+03
2.690000000000000000e+03 5.811600000000000364e+03
2.578000000000000000e+03 5.837100000000000364e+03
2.498000000000000000e+03 5.846949999999999818e+03
2.538000000000000000e+03 5.863750000000000000e+03
2.658000000000000000e+03 5.865250000000000000e+03
2.482000000000000000e+03 5.975500000000000000e+03
2.490000000000000000e+03 5.983300000000000182e+03
3.066000000000000000e+03 5.991250000000000000e+03
2.779000000000000000e+03 1.249500000000000028e+02
2.419000000000000000e+03 1.308499999999999943e+02
2.643000000000000000e+03 1.558499999999999943e+02
2.995000000000000000e+03 1.698499999999999943e+02
2.827000000000000000e+03 1.709500000000000171e+02
2.659000000000000000e+03 1.815000000000000000e+02
3.075000000000000000e+03 2.020999999999999943e+02
2.419000000000000000e+03 2.677500000000000000e+02
3.083000000000000000e+03 2.859000000000000341e+02
3.019000000000000000e+03 3.211999999999999886e+02
2.779000000000000000e+03 3.459499999999999886e+02
2.891000000000000000e+03 3.463000000000000114e+02
2.779000000000000000e+03 3.719499999999999886e+02
2.859000000000000000e+03 3.747500000000000000e+02
3.075000000000000000e+03 3.946500000000000341e+02
2.747000000000000000e+03 3.961500000000000341e+02
3.099000000000000000e+03 4.314000000000000341e+02
3.043000000000000000e+03 4.316500000000000341e+02
2.923000000000000000e+03 4.323500000000000227e+02
2.427000000000000000e+03 4.471500000000000341e+02
3.051000000000000000e+03 4.815000000000000000e+02
2.467000000000000000e+03 4.816999999999999886e+02
3.067000000000000000e+03 5.211499999999999773e+02
3.075000000000000000e+03 5.367999999999999545e+02
3.043000000000000000e+03 5.445000000000000000e+02
3.075000000000000000e+03 5.548000000000000682e+02
2.491000000000000000e+03 5.991499999999999773e+02
2.403000000000000000e+03 6.127000000000000455e+02
3.011000000000000000e+03 6.184500000000000455e+02
2.475000000000000000e+03 6.359500000000000455e+02
2.899000000000000000e+03 6.368000000000000682e+02
2.499000000000000000e+03 6.794500000000000455e+02
2.651000000000000000e+03 7.162000000000000455e+02
2.747000000000000000e+03 7.168500000000000227e+02
2.515000000000000000e+03 7.428999999999999773e+02
3.003000000000000000e+03 7.448999999999999773e+02
2.939000000000000000e+03 7.584500000000000455e+02
2.659000000000000000e+03 7.641499999999999773e+02
2.803000000000000000e+03 8.254500000000000455e+02
2.707000000000000000e+03 8.520000000000000000e+02
2.627000000000000000e+03 8.936499999999999773e+02
2.915000000000000000e+03 9.013500000000000227e+02
2.547000000000000000e+03 9.113500000000000227e+02
2.467000000000000000e+03 9.117500000000000000e+02
2.523000000000000000e+03 9.141000000000000227e+02
2.987000000000000000e+03 9.215500000000000682e+02
2.779000000000000000e+03 9.258999999999999773e+02
2.691000000000000000e+03 9.273500000000000227e+02
2.795000000000000000e+03 9.330500000000000682e+02
2.795000000000000000e+03 9.476000000000000227e+02
3.147000000000000000e+03 9.673500000000000227e+02
2.963000000000000000e+03 9.862500000000000000e+02
3.075000000000000000e+03 9.872500000000000000e+02
2.819000000000000000e+03 1.000300000000000068e+03
2.507000000000000000e+03 1.015500000000000000e+03
2.651000000000000000e+03 1.035099999999999909e+03
2.923000000000000000e+03 1.037000000000000000e+03
2.419000000000000000e+03 1.040750000000000000e+03
3.195000000000000000e+03 1.060250000000000000e+03
2.667000000000000000e+03 1.090750000000000000e+03
3.147000000000000000e+03 1.101700000000000045e+03
2.467000000000000000e+03 1.102900000000000091e+03
3.163000000000000000e+03 1.108100000000000136e+03
2.715000000000000000e+03 1.142350000000000136e+03
2.739000000000000000e+03 1.154100000000000136e+03
2.699000000000000000e+03 1.156799999999999955e+03
2.867000000000000000e+03 1.159700000000000045e+03
2.715000000000000000e+03 1.192850000000000136e+03
2.619000000000000000e+03 1.196450000000000045e+03
2.779000000000000000e+03 1.206450000000000045e+03
2.675000000000000000e+03 1.207799999999999955e+03
2.739000000000000000e+03 1.218500000000000000e+03
2.979000000000000000e+03 1.226400000000000091e+03
2.771000000000000000e+03 1.231549999999999955e+03
3.059000000000000000e+03 1.235000000000000000e+03
2.603000000000000000e+03 1.255450000000000045e+03
2.779000000000000000e+03 1.277799999999999955e+03
3.139000000000000000e+03 1.297700000000000045e+03
2.627000000000000000e+03 1.301950000000000045e+03
2.843000000000000000e+03 1.312700000000000045e+03
2.731000000000000000e+03 1.322549999999999955e+03
3.115000000000000000e+03 1.326000000000000000e+03
2.555000000000000000e+03 1.331500000000000000e+03
2.851000000000000000e+03 1.374600000000000136e+03
2.843000000000000000e+03 1.378750000000000000e+03
3.107000000000000000e+03 1.410500000000000000e+03
2.451000000000000000e+03 1.437700000000000045e+03
3.195000000000000000e+03 1.447299999999999955e+03
2.715000000000000000e+03 1.461250000000000000e+03
3.019000000000000000e+03 1.462450000000000045e+03
2.891000000000000000e+03 1.472150000000000091e+03
3.195000000000000000e+03 1.472900000000000091e+03
2.811000000000000000e+03 1.474100000000000136e+03
2.995000000000000000e+03 1.476100000000000136e+03
2.883000000000000000e+03 1.492299999999999955e+03
2.811000000000000000e+03 1.518549999999999955e+03
2.859000000000000000e+03 1.529950000000000045e+03
2.739000000000000000e+03 1.547700000000000045e+03
3.003000000000000000e+03 1.575650000000000091e+03
2.411000000000000000e+03 1.583850000000000136e+03
3.027000000000000000e+03 1.629700000000000045e+03
2.515000000000000000e+03 1.640600000000000136e+03
3.075000000000000000e+03 1.643650000000000091e+03
2.515000000000000000e+03 1.675150000000000091e+03
2.675000000000000000e+03 1.736799999999999955e+03
2.619000000000000000e+03 1.737799999999999955e+03
2.955000000000000000e+03 1.740150000000000091e+03
2.827000000000000000e+03 1.749150000000000091e+03
2.531000000000000000e+03 1.753900000000000091e+03
2.731000000000000000e+03 1.772650000000000091e+03
2.651000000000000000e+03 1.814500000000000000e+03
2.595000000000000000e+03 1.815450000000000045e+03
3.179000000000000000e+03 1.815600000000000136e+03
2.803000000000000000e+03 1.832600000000000136e+03
2.875000000000000000e+03 1.859150000000000091e+03
2.571000000000000000e+03 1.873650000000000091e+03
3.115000000000000000e+03 1.889450000000000045e+03
3.147000000000000000e+03 1.935250000000000000e+03
2.787000000000000000e+03 1.955250000000000000e+03
3.083000000000000000e+03 1.976299999999999955e+03
2.659000000000000000e+03 1.987799999999999955e+03
3.163000000000000000e+03 2.039549999999999955e+03
2.923000000000000000e+03 2.065300000000000182e+03
2.563000000000000000e+03 2.069099999999999909e+03
3.179000000000000000e+03 2.086900000000000091e+03
2.427000000000000000e+03 2.088349999999999909e+03
3.091000000000000000e+03 2.089699999999999818e+03
3.091000000000000000e+03 2.117949999999999818e+03
2.459000000000000000e+03 2.124449999999999818e+03
2.459000000000000000e+03 2.168849999999999909e+03
3.011000000000000000e+03 2.200050000000000182e+03
3.115000000000000000e+03 2.207849999999999909e+03
2.779000000000000000e+03 2.208650000000000091e+03
2.947000000000000000e+03 2.245250000000000000e+03
2.523000000000000000e+03 2.291000000000000000e+03
2.587000000000000000e+03 2.330000000000000000e+03
2.995000000000000000e+03 2.343150000000000091e+03
3.011000000000000000e+03 2.378349999999999909e+03
2.467000000000000000e+03 2.404000000000000000e+03
2.891000000000000000e+03 2.422300000000000182e+03
2.483000000000000000e+03 2.480099999999999909e+03
2.435000000000000000e+03 2.481650000000000091e+03
2.419000000000000000e+03 2.518650000000000091e+03
2.563000000000000000e+03 2.524700000000000273e+03
2.675000000000000000e+03 2.532300000000000182e+03
2.779000000000000000e+03 2.542099999999999909e+03
2.723000000000000000e+03 2.548849999999999909e+03
2.451000000000000000e+03 2.569200000000000273e+03
2.491000000000000000e+03 2.647450000000000273e+03
2.771000000000000000e+03 2.665750000000000000e+03
2.707000000000000000e+03 2.684250000000000000e+03
2.691000000000000000e+03 2.695599999999999909e+03
2.435000000000000000e+03 2.708500000000000000e+03
3.163000000000000000e+03 2.719950000000000273e+03
2.835000000000000000e+03 2.729050000000000182e+03
2.539000000000000000e+03 2.741800000000000182e+03
2.467000000000000000e+03 2.749550000000000182e+03
2.875000000000000000e+03 2.802250000000000000e+03
2.555000000000000000e+03 2.847400000000000091e+03
2.819000000000000000e+03 2.848950000000000273e+03
2.755000000000000000e+03 2.864849999999999909e+03
3.099000000000000000e+03 2.869349999999999909e+03
2.915000000000000000e+03 2.906300000000000182e+03
3.147000000000000000e+03 2.922800000000000182e+03
2.635000000000000000e+03 2.942000000000000000e+03
2.619000000000000000e+03 2.948300000000000182e+03
2.499000000000000000e+03 2.950300000000000182e+03
3.027000000000000000e+03 2.965700000000000273e+03
2.739000000000000000e+03 2.994599999999999909e+03
2.915000000000000000e+03 3.422349999999999909e+03
2.755000000000000000e+03 3.432349999999999909e+03
2.427000000000000000e+03 3.443050000000000182e+03
2.627000000000000000e+03 3.449050000000000182e+03
3.107000000000000000e+03 3.456200000000000273e+03
2.539000000000000000e+03 3.495150000000000091e+03
2.587000000000000000e+03 3.564349999999999909e+03
2.515000000000000000e+03 3.689400000000000091e+03
2.427000000000000000e+03 3.712599999999999909e+03
3.155000000000000000e+03 3.743349999999999909e+03
2.427000000000000000e+03 3.800500000000000000e+03
2.683000000000000000e+03 3.800750000000000000e+03
2.867000000000000000e+03 3.813599999999999909e+03
2.923000000000000000e+03 3.815250000000000000e+03
2.523000000000000000e+03 3.827750000000000000e+03
3.075000000000000000e+03 3.857050000000000182e+03
2.731000000000000000e+03 3.884700000000000273e+03
2.875000000000000000e+03 3.901550000000000182e+03
2.451000000000000000e+03 3.902050000000000182e+03
2.995000000000000000e+03 3.918599999999999909e+03
2.947000000000000000e+03 3.929099999999999909e+03
2.467000000000000000e+03 3.929650000000000091e+03
2.515000000000000000e+03 3.942599999999999909e+03
2.971000000000000000e+03 3.943150000000000091e+03
2.811000000000000000e+03 3.974650000000000091e+03
2.603000000000000000e+03 4.012349999999999909e+03
2.811000000000000000e+03 4.158050000000000182e+03
2.971000000000000000e+03 4.197500000000000000e+03
2.867000000000000000e+03 4.231000000000000000e+03
2.763000000000000000e+03 4.235449999999999818e+03
3.043000000000000000e+03 4.250000000000000000e+03
2.403000000000000000e+03 4.270600000000000364e+03
2.931000000000000000e+03 4.294199999999999818e+03
2.995000000000000000e+03 4.329449999999999818e+03
2.627000000000000000e+03 4.333500000000000000e+03
2.419000000000000000e+03 4.347899999999999636e+03
2.955000000000000000e+03 4.369750000000000000e+03
2.835000000000000000e+03 4.371500000000000000e+03
2.723000000000000000e+03 4.440949999999999818e+03
2.523000000000000000e+03 4.497800000000000182e+03
2.571000000000000000e+03 4.510250000000000000e+03
2.747000000000000000e+03 4.547699999999999818e+03
2.859000000000000000e+03 4.573150000000000546e+03
2.475000000000000000e+03 4.576449999999999818e+03
2.427000000000000000e+03 4.578699999999999818e+03
2.427000000000000000e+03 4.605750000000000000e+03
3.099000000000000000e+03 4.607800000000000182e+03
2.451000000000000000e+03 4.628250000000000000e+03
2.715000000000000000e+03 4.634650000000000546e+03
2.835000000000000000e+03 4.641650000000000546e+03
2.939000000000000000e+03 4.648750000000000000e+03
2.699000000000000000e+03 4.657350000000000364e+03
2.795000000000000000e+03 4.671250000000000000e+03
2.531000000000000000e+03 4.778300000000000182e+03
2.443000000000000000e+03 4.793000000000000000e+03
2.611000000000000000e+03 4.804949999999999818e+03
2.459000000000000000e+03 4.812500000000000000e+03
2.611000000000000000e+03 4.836699999999999818e+03
2.667000000000000000e+03 4.871900000000000546e+03
2.699000000000000000e+03 4.873000000000000000e+03
2.675000000000000000e+03 4.890949999999999818e+03
2.515000000000000000e+03 4.899000000000000000e+03
2.667000000000000000e+03 4.901500000000000000e+03
3.091000000000000000e+03 5.023400000000000546e+03
2.555000000000000000e+03 5.024050000000000182e+03
2.795000000000000000e+03 5.050850000000000364e+03
2.603000000000000000e+03 5.079600000000000364e+03
2.811000000000000000e+03 5.086350000000000364e+03
2.451000000000000000e+03 5.161750000000000000e+03
2.635000000000000000e+03 5.190750000000000000e+03
2.699000000000000000e+03 5.418050000000000182e+03
3.067000000000000000e+03 5.433350000000000364e+03
2.651000000000000000e+03 5.442250000000000000e+03
2.659000000000000000e+03 5.462949999999999818e+03
3.027000000000000000e+03 5.488350000000000364e+03
2.443000000000000000e+03 5.524400000000000546e+03
2.475000000000000000e+03 5.543300000000000182e+03
3.179000000000000000e+03 5.547800000000000182e+03
2.675000000000000000e+03 5.610600000000000364e+03
2.659000000000000000e+03 5.614000000000000000e+03
2.995000000000000000e+03 5.679800000000000182e+03
2.499000000000000000e+03 5.706550000000000182e+03
2.819000000000000000e+03 5.718600000000000364e+03
2.587000000000000000e+03 5.731400000000000546e+03
2.819000000000000000e+03 5.758650000000000546e+03
2.947000000000000000e+03 5.790550000000000182e+03
2.419000000000000000e+03 5.833900000000000546e+03
2.707000000000000000e+03 5.853150000000000546e+03
2.659000000000000000e+03 5.870449999999999818e+03
2.843000000000000000e+03 5.918050000000000182e+03
2.795000000000000000e+03 5.924750000000000000e+03
2.451000000000000000e+03 5.991100000000000364e+03
3.036000000000000000e+03 1.255000000000000000e+02
3.188000000000000000e+03 1.298499999999999943e+02
2.932000000000000000e+03 1.444500000000000171e+02
2.636000000000000000e+03 1.735000000000000000e+02
2.420000000000000000e+03 2.199000000000000057e+02
2.780000000000000000e+03 2.853000000000000114e+02
2.420000000000000000e+03 3.103000000000000114e+02
2.484000000000000000e+03 3.223000000000000114e+02
2.508000000000000000e+03 3.290000000000000000e+02
2.708000000000000000e+03 3.307500000000000000e+02
2.444000000000000000e+03 3.382500000000000000e+02
3.092000000000000000e+03 3.482500000000000000e+02
2.708000000000000000e+03 3.744000000000000341e+02
2.540000000000000000e+03 3.863000000000000114e+02
2.428000000000000000e+03 3.957500000000000000e+02
3.124000000000000000e+03 3.971000000000000227e+02
2.924000000000000000e+03 4.123500000000000227e+02
2.980000000000000000e+03 4.237500000000000000e+02
2.740000000000000000e+03 4.617500000000000000e+02
3.052000000000000000e+03 4.906999999999999886e+02
2.980000000000000000e+03 5.093500000000000227e+02
3.060000000000000000e+03 5.264500000000000455e+02
2.660000000000000000e+03 5.334500000000000455e+02
3.132000000000000000e+03 5.476499999999999773e+02
2.588000000000000000e+03 5.633000000000000682e+02
2.980000000000000000e+03 5.674500000000000455e+02
2.644000000000000000e+03 6.004500000000000455e+02
2.652000000000000000e+03 6.132000000000000455e+02
2.444000000000000000e+03 6.353500000000000227e+02
3.148000000000000000e+03 6.356000000000000227e+02
2.836000000000000000e+03 6.726000000000000227e+02
2.756000000000000000e+03 7.026499999999999773e+02
2.532000000000000000e+03 7.385500000000000682e+02
2.796000000000000000e+03 7.430000000000000000e+02
2.908000000000000000e+03 7.488000000000000682e+02
2.892000000000000000e+03 7.578000000000000682e+02
3.004000000000000000e+03 7.733500000000000227e+02
2.972000000000000000e+03 7.737500000000000000e+02
2.460000000000000000e+03 7.798999999999999773e+02
2.820000000000000000e+03 8.499500000000000455e+02
3.156000000000000000e+03 8.631499999999999773e+02
2.460000000000000000e+03 8.652000000000000455e+02
2.524000000000000000e+03 9.686000000000000227e+02
3.148000000000000000e+03 9.735000000000000000e+02
3.108000000000000000e+03 9.791499999999999773e+02
2.724000000000000000e+03 9.817500000000000000e+02
2.668000000000000000e+03 1.004200000000000045e+03
3.196000000000000000e+03 1.013899999999999977e+03
2.948000000000000000e+03 1.019100000000000023e+03
2.900000000000000000e+03 1.038450000000000045e+03
2.916000000000000000e+03 1.051200000000000045e+03
2.644000000000000000e+03 1.057349999999999909e+03
2.740000000000000000e+03 1.061250000000000000e+03
2.572000000000000000e+03 1.172799999999999955e+03
2.676000000000000000e+03 1.195650000000000091e+03
2.692000000000000000e+03 1.244100000000000136e+03
3.180000000000000000e+03 1.246250000000000000e+03
2.788000000000000000e+03 1.279850000000000136e+03
2.828000000000000000e+03 1.330600000000000136e+03
2.508000000000000000e+03 1.371900000000000091e+03
3.124000000000000000e+03 1.378250000000000000e+03
2.852000000000000000e+03 1.437100000000000136e+03
2.716000000000000000e+03 1.443700000000000045e+03
2.564000000000000000e+03 1.454700000000000045e+03
2.708000000000000000e+03 1.461700000000000045e+03
3.060000000000000000e+03 1.463250000000000000e+03
2.884000000000000000e+03 1.471850000000000136e+03
3.140000000000000000e+03 1.475650000000000091e+03
2.604000000000000000e+03 1.476150000000000091e+03
2.844000000000000000e+03 1.486650000000000091e+03
2.676000000000000000e+03 1.505750000000000000e+03
3.092000000000000000e+03 1.511000000000000000e+03
3.196000000000000000e+03 1.521700000000000045e+03
3.196000000000000000e+03 1.535650000000000091e+03
3.148000000000000000e+03 1.627250000000000000e+03
2.796000000000000000e+03 1.632650000000000091e+03
2.900000000000000000e+03 1.637950000000000045e+03
2.788000000000000000e+03 1.687200000000000045e+03
3.124000000000000000e+03 1.699500000000000000e+03
3.180000000000000000e+03 1.719900000000000091e+03
2.772000000000000000e+03 1.727549999999999955e+03
2.724000000000000000e+03 1.732100000000000136e+03
2.876000000000000000e+03 1.794600000000000136e+03
2.436000000000000000e+03 1.809950000000000045e+03
2.804000000000000000e+03 1.860750000000000000e+03
3.020000000000000000e+03 1.876700000000000045e+03
2.748000000000000000e+03 1.881400000000000091e+03
2.524000000000000000e+03 1.895299999999999955e+03
2.436000000000000000e+03 1.903000000000000000e+03
2.436000000000000000e+03 1.921350000000000136e+03
3.052000000000000000e+03 1.957000000000000000e+03
2.404000000000000000e+03 1.992549999999999955e+03
2.828000000000000000e+03 2.004750000000000000e+03
3.052000000000000000e+03 2.012549999999999955e+03
2.524000000000000000e+03 2.025049999999999955e+03
2.812000000000000000e+03 2.054199999999999818e+03
2.924000000000000000e+03 2.109949999999999818e+03
2.916000000000000000e+03 2.110750000000000000e+03
3.052000000000000000e+03 2.124150000000000091e+03
3.012000000000000000e+03 2.124949999999999818e+03
3.004000000000000000e+03 2.127099999999999909e+03
2.796000000000000000e+03 2.135250000000000000e+03
2.748000000000000000e+03 2.136800000000000182e+03
3.172000000000000000e+03 2.138900000000000091e+03
2.812000000000000000e+03 2.147250000000000000e+03
3.124000000000000000e+03 2.178250000000000000e+03
2.436000000000000000e+03 2.218450000000000273e+03
3.004000000000000000e+03 2.233550000000000182e+03
3.092000000000000000e+03 2.266849999999999909e+03
3.052000000000000000e+03 2.274000000000000000e+03
2.892000000000000000e+03 2.289950000000000273e+03
2.444000000000000000e+03 2.292099999999999909e+03
2.932000000000000000e+03 2.301500000000000000e+03
2.596000000000000000e+03 2.303750000000000000e+03
3.052000000000000000e+03 2.318250000000000000e+03
2.636000000000000000e+03 2.330599999999999909e+03
2.996000000000000000e+03 2.342849999999999909e+03
2.716000000000000000e+03 2.419550000000000182e+03
2.452000000000000000e+03 2.424800000000000182e+03
2.420000000000000000e+03 2.466349999999999909e+03
2.796000000000000000e+03 2.485050000000000182e+03
2.612000000000000000e+03 2.492250000000000000e+03
2.748000000000000000e+03 2.492700000000000273e+03
2.932000000000000000e+03 2.510900000000000091e+03
2.908000000000000000e+03 2.512849999999999909e+03
2.788000000000000000e+03 2.541650000000000091e+03
2.612000000000000000e+03 2.563700000000000273e+03
2.892000000000000000e+03 2.565349999999999909e+03
2.620000000000000000e+03 2.565900000000000091e+03
3.020000000000000000e+03 2.579150000000000091e+03
3.084000000000000000e+03 2.579950000000000273e+03
2.796000000000000000e+03 2.612800000000000182e+03
2.428000000000000000e+03 2.626650000000000091e+03
3.092000000000000000e+03 2.642400000000000091e+03
2.972000000000000000e+03 2.645599999999999909e+03
3.148000000000000000e+03 2.659200000000000273e+03
2.812000000000000000e+03 2.672400000000000091e+03
2.556000000000000000e+03 2.680500000000000000e+03
3.196000000000000000e+03 2.681200000000000273e+03
3.036000000000000000e+03 2.684400000000000091e+03
3.156000000000000000e+03 2.692700000000000273e+03
2.484000000000000000e+03 2.720450000000000273e+03
2.468000000000000000e+03 2.751650000000000091e+03
2.948000000000000000e+03 2.757700000000000273e+03
2.740000000000000000e+03 2.777500000000000000e+03
2.884000000000000000e+03 2.802400000000000091e+03
2.836000000000000000e+03 2.803050000000000182e+03
3.076000000000000000e+03 2.815500000000000000e+03
2.844000000000000000e+03 2.823400000000000091e+03
2.964000000000000000e+03 2.824200000000000273e+03
2.508000000000000000e+03 2.877099999999999909e+03
3.076000000000000000e+03 2.877400000000000091e+03
3.052000000000000000e+03 2.897750000000000000e+03
2.548000000000000000e+03 2.901200000000000273e+03
2.788000000000000000e+03 2.918550000000000182e+03
2.492000000000000000e+03 2.943300000000000182e+03
2.644000000000000000e+03 2.988000000000000000e+03
2.612000000000000000e+03 3.002250000000000000e+03
2.708000000000000000e+03 3.395450000000000273e+03
3.084000000000000000e+03 3.417400000000000091e+03
2.764000000000000000e+03 3.439099999999999909e+03
2.972000000000000000e+03 3.465550000000000182e+03
2.572000000000000000e+03 3.472400000000000091e+03
3.156000000000000000e+03 3.478550000000000182e+03
3.004000000000000000e+03 3.485200000000000273e+03
2.508000000000000000e+03 3.494950000000000273e+03
2.836000000000000000e+03 3.558900000000000091e+03
2.796000000000000000e+03 3.578349999999999909e+03
2.468000000000000000e+03 3.579950000000000273e+03
2.452000000000000000e+03 3.596750000000000000e+03
3.052000000000000000e+03 3.634050000000000182e+03
3.004000000000000000e+03 3.712500000000000000e+03
3.164000000000000000e+03 3.727599999999999909e+03
2.724000000000000000e+03 3.735450000000000273e+03
2.844000000000000000e+03 3.744099999999999909e+03
3.044000000000000000e+03 3.797300000000000182e+03
2.804000000000000000e+03 3.810450000000000273e+03
2.732000000000000000e+03 3.825700000000000273e+03
2.804000000000000000e+03 3.850500000000000000e+03
2.660000000000000000e+03 3.851250000000000000e+03
3.140000000000000000e+03 3.854950000000000273e+03
3.116000000000000000e+03 3.861750000000000000e+03
2.964000000000000000e+03 3.873700000000000273e+03
2.812000000000000000e+03 3.876050000000000182e+03
2.900000000000000000e+03 3.885400000000000091e+03
2.916000000000000000e+03 3.904150000000000091e+03
3.092000000000000000e+03 3.906800000000000182e+03
2.412000000000000000e+03 3.910900000000000091e+03
2.916000000000000000e+03 3.919450000000000273e+03
2.548000000000000000e+03 3.934950000000000273e+03
2.804000000000000000e+03 3.947349999999999909e+03
2.564000000000000000e+03 3.961050000000000182e+03
2.756000000000000000e+03 3.975300000000000182e+03
2.724000000000000000e+03 3.978099999999999909e+03
3.076000000000000000e+03 4.014450000000000273e+03
3.108000000000000000e+03 4.083050000000000182e+03
2.636000000000000000e+03 4.147350000000000364e+03
3.028000000000000000e+03 4.174300000000000182e+03
2.820000000000000000e+03 4.191149999999999636e+03
2.724000000000000000e+03 4.201850000000000364e+03
2.916000000000000000e+03 4.232300000000000182e+03
2.596000000000000000e+03 4.235500000000000000e+03
2.868000000000000000e+03 4.242550000000000182e+03
3.068000000000000000e+03 4.242899999999999636e+03
3.172000000000000000e+03 4.243199999999999818e+03
3.012000000000000000e+03 4.249399999999999636e+03
3.076000000000000000e+03 4.249399999999999636e+03
2.572000000000000000e+03 4.264399999999999636e+03
3.084000000000000000e+03 4.273449999999999818e+03
2.908000000000000000e+03 4.273800000000000182e+03
2.932000000000000000e+03 4.294600000000000364e+03
3.196000000000000000e+03 4.309649999999999636e+03
2.684000000000000000e+03 4.333350000000000364e+03
2.628000000000000000e+03 4.345449999999999818e+03
2.804000000000000000e+03 4.345649999999999636e+03
2.596000000000000000e+03 4.362850000000000364e+03
3.172000000000000000e+03 4.554949999999999818e+03
2.708000000000000000e+03 4.561000000000000000e+03
2.652000000000000000e+03 4.562150000000000546e+03
3.012000000000000000e+03 4.579150000000000546e+03
2.612000000000000000e+03 4.590050000000000182e+03
2.540000000000000000e+03 4.614400000000000546e+03
2.692000000000000000e+03 4.774250000000000000e+03
2.436000000000000000e+03 4.794949999999999818e+03
2.932000000000000000e+03 4.805150000000000546e+03
3.196000000000000000e+03 4.813250000000000000e+03
2.564000000000000000e+03 4.843100000000000364e+03
2.876000000000000000e+03 4.860900000000000546e+03
2.812000000000000000e+03 4.861949999999999818e+03
2.876000000000000000e+03 4.905600000000000364e+03
2.652000000000000000e+03 4.909699999999999818e+03
3.100000000000000000e+03 5.026550000000000182e+03
2.620000000000000000e+03 5.070800000000000182e+03
3.172000000000000000e+03 5.071400000000000546e+03
2.700000000000000000e+03 5.092900000000000546e+03
3.052000000000000000e+03 5.097350000000000364e+03
2.516000000000000000e+03 5.109400000000000546e+03
3.108000000000000000e+03 5.140550000000000182e+03
2.580000000000000000e+03 5.144250000000000000e+03
2.868000000000000000e+03 5.187500000000000000e+03
2.948000000000000000e+03 5.188000000000000000e+03
2.804000000000000000e+03 5.205550000000000182e+03
3.068000000000000000e+03 5.313850000000000364e+03
3.188000000000000000e+03 5.333750000000000000e+03
2.940000000000000000e+03 5.463150000000000546e+03
2.988000000000000000e+03 5.541900000000000546e+03
2.852000000000000000e+03 5.548500000000000000e+03
2.580000000000000000e+03 5.561100000000000364e+03
2.668000000000000000e+03 5.631500000000000000e+03
2.564000000000000000e+03 5.733699999999999818e+03
2.852000000000000000e+03 5.795250000000000000e+03
3.084000000000000000e+03 5.808949999999999818e+03
2.980000000000000000e+03 5.955000000000000000e+03
2.708000000000000000e+03 5.992600000000000364e+03
3.029000000000000000e+03 1.386500000000000057e+02
2.477000000000000000e+03 1.590500000000000114e+02
2.477000000000000000e+03 1.687500000000000000e+02
2.781000000000000000e+03 1.892500000000000000e+02
2.565000000000000000e+03 1.903499999999999943e+02
2.517000000000000000e+03 1.962500000000000000e+02
3.197000000000000000e+03 2.205500000000000114e+02
3.165000000000000000e+03 2.208000000000000114e+02
2.429000000000000000e+03 2.423499999999999943e+02
3.069000000000000000e+03 2.794499999999999886e+02
3.173000000000000000e+03 2.840000000000000000e+02
2.781000000000000000e+03 3.193000000000000114e+02
2.765000000000000000e+03 3.312500000000000000e+02
2.613000000000000000e+03 3.645000000000000000e+02
3.141000000000000000e+03 3.651999999999999886e+02
2.789000000000000000e+03 3.706999999999999886e+02
3.053000000000000000e+03 3.740000000000000000e+02
2.709000000000000000e+03 3.901500000000000341e+02
2.565000000000000000e+03 4.253500000000000227e+02
2.997000000000000000e+03 4.463000000000000114e+02
3.085000000000000000e+03 4.637500000000000000e+02
2.925000000000000000e+03 4.778500000000000227e+02
3.197000000000000000e+03 4.802500000000000000e+02
2.405000000000000000e+03 5.628999999999999773e+02
2.501000000000000000e+03 5.635000000000000000e+02
2.949000000000000000e+03 5.717000000000000455e+02
2.437000000000000000e+03 5.737000000000000455e+02
2.781000000000000000e+03 5.740500000000000682e+02
2.797000000000000000e+03 6.043500000000000227e+02
3.061000000000000000e+03 6.238000000000000682e+02
2.453000000000000000e+03 6.288999999999999773e+02
2.669000000000000000e+03 6.367500000000000000e+02
2.677000000000000000e+03 6.370000000000000000e+02
3.149000000000000000e+03 6.808500000000000227e+02
3.125000000000000000e+03 7.133500000000000227e+02
2.757000000000000000e+03 7.156499999999999773e+02
3.037000000000000000e+03 7.262000000000000455e+02
2.445000000000000000e+03 7.264500000000000455e+02
2.445000000000000000e+03 7.401499999999999773e+02
2.901000000000000000e+03 7.437500000000000000e+02
2.853000000000000000e+03 7.440500000000000682e+02
3.029000000000000000e+03 7.448000000000000682e+02
2.445000000000000000e+03 8.023500000000000227e+02
2.957000000000000000e+03 8.075000000000000000e+02
2.581000000000000000e+03 8.232500000000000000e+02
2.525000000000000000e+03 8.808500000000000227e+02
2.541000000000000000e+03 8.868000000000000682e+02
2.733000000000000000e+03 8.886000000000000227e+02
2.997000000000000000e+03 9.246000000000000227e+02
3.045000000000000000e+03 9.413999999999999773e+02
2.773000000000000000e+03 9.448000000000000682e+02
2.861000000000000000e+03 9.591000000000000227e+02
2.469000000000000000e+03 9.693000000000000682e+02
2.437000000000000000e+03 9.771499999999999773e+02
2.813000000000000000e+03 1.005350000000000023e+03
2.613000000000000000e+03 1.026250000000000000e+03
2.869000000000000000e+03 1.058299999999999955e+03
2.645000000000000000e+03 1.058500000000000000e+03
2.437000000000000000e+03 1.069150000000000091e+03
2.749000000000000000e+03 1.071599999999999909e+03
2.773000000000000000e+03 1.085849999999999909e+03
3.069000000000000000e+03 1.143850000000000136e+03
2.781000000000000000e+03 1.161250000000000000e+03
2.829000000000000000e+03 1.166750000000000000e+03
2.789000000000000000e+03 1.187100000000000136e+03
2.741000000000000000e+03 1.254200000000000045e+03
2.917000000000000000e+03 1.279799999999999955e+03
2.797000000000000000e+03 1.285450000000000045e+03
2.925000000000000000e+03 1.290700000000000045e+03
3.141000000000000000e+03 1.294700000000000045e+03
2.837000000000000000e+03 1.295250000000000000e+03
2.845000000000000000e+03 1.317000000000000000e+03
2.661000000000000000e+03 1.334350000000000136e+03
3.125000000000000000e+03 1.336850000000000136e+03
2.637000000000000000e+03 1.355450000000000045e+03
2.437000000000000000e+03 1.355799999999999955e+03
2.941000000000000000e+03 1.397799999999999955e+03
3.021000000000000000e+03 1.403600000000000136e+03
2.405000000000000000e+03 1.446650000000000091e+03
2.493000000000000000e+03 1.447500000000000000e+03
2.885000000000000000e+03 1.451549999999999955e+03
3.069000000000000000e+03 1.452549999999999955e+03
2.757000000000000000e+03 1.456850000000000136e+03
3.109000000000000000e+03 1.459500000000000000e+03
2.933000000000000000e+03 1.468400000000000091e+03
2.701000000000000000e+03 1.469400000000000091e+03
3.101000000000000000e+03 1.492299999999999955e+03
2.773000000000000000e+03 1.498150000000000091e+03
3.133000000000000000e+03 1.511950000000000045e+03
2.885000000000000000e+03 1.537400000000000091e+03
3.109000000000000000e+03 1.539150000000000091e+03
2.949000000000000000e+03 1.546200000000000045e+03
2.533000000000000000e+03 1.554549999999999955e+03
2.589000000000000000e+03 1.559900000000000091e+03
2.853000000000000000e+03 1.597000000000000000e+03
3.109000000000000000e+03 1.637299999999999955e+03
2.749000000000000000e+03 1.645600000000000136e+03
2.661000000000000000e+03 1.653750000000000000e+03
2.613000000000000000e+03 1.657750000000000000e+03
2.901000000000000000e+03 1.686049999999999955e+03
2.877000000000000000e+03 1.738850000000000136e+03
2.517000000000000000e+03 1.739150000000000091e+03
3.045000000000000000e+03 1.776299999999999955e+03
3.077000000000000000e+03 1.815600000000000136e+03
2.685000000000000000e+03 1.826799999999999955e+03
2.669000000000000000e+03 1.833549999999999955e+03
2.885000000000000000e+03 1.874500000000000000e+03
3.101000000000000000e+03 1.878049999999999955e+03
2.709000000000000000e+03 1.893100000000000136e+03
2.693000000000000000e+03 1.903350000000000136e+03
2.669000000000000000e+03 1.915000000000000000e+03
3.109000000000000000e+03 1.915900000000000091e+03
3.141000000000000000e+03 1.919700000000000045e+03
2.861000000000000000e+03 1.923700000000000045e+03
2.853000000000000000e+03 1.933500000000000000e+03
2.757000000000000000e+03 1.934049999999999955e+03
3.189000000000000000e+03 1.959100000000000136e+03
2.525000000000000000e+03 1.974250000000000000e+03
3.029000000000000000e+03 1.974600000000000136e+03
2.461000000000000000e+03 1.977799999999999955e+03
2.701000000000000000e+03 1.983450000000000045e+03
2.973000000000000000e+03 1.984150000000000091e+03
2.709000000000000000e+03 1.995850000000000136e+03
2.605000000000000000e+03 1.999750000000000000e+03
2.613000000000000000e+03 2.004200000000000045e+03
2.901000000000000000e+03 2.015600000000000136e+03
3.189000000000000000e+03 2.017750000000000000e+03
2.469000000000000000e+03 2.025549999999999955e+03
2.661000000000000000e+03 2.027350000000000136e+03
2.669000000000000000e+03 2.066699999999999818e+03
2.997000000000000000e+03 2.086599999999999909e+03
2.653000000000000000e+03 2.106849999999999909e+03
3.149000000000000000e+03 2.110050000000000182e+03
3.125000000000000000e+03 2.133650000000000091e+03
2.509000000000000000e+03 2.138650000000000091e+03
2.829000000000000000e+03 2.146500000000000000e+03
2.517000000000000000e+03 2.173300000000000182e+03
3.013000000000000000e+03 2.188700000000000273e+03
2.437000000000000000e+03 2.207050000000000182e+03
2.629000000000000000e+03 2.212450000000000273e+03
2.517000000000000000e+03 2.221050000000000182e+03
2.589000000000000000e+03 2.222900000000000091e+03
3.077000000000000000e+03 2.242800000000000182e+03
2.757000000000000000e+03 2.264849999999999909e+03
2.405000000000000000e+03 2.277750000000000000e+03
2.773000000000000000e+03 2.278800000000000182e+03
2.949000000000000000e+03 2.279900000000000091e+03
2.717000000000000000e+03 2.294050000000000182e+03
2.461000000000000000e+03 2.301000000000000000e+03
2.869000000000000000e+03 2.340349999999999909e+03
3.157000000000000000e+03 2.374150000000000091e+03
2.757000000000000000e+03 2.393450000000000273e+03
2.533000000000000000e+03 2.396099999999999909e+03
2.437000000000000000e+03 2.404099999999999909e+03
3.189000000000000000e+03 2.422599999999999909e+03
2.909000000000000000e+03 2.445550000000000182e+03
2.493000000000000000e+03 2.474400000000000091e+03
2.725000000000000000e+03 2.485300000000000182e+03
3.101000000000000000e+03 2.531250000000000000e+03
2.821000000000000000e+03 2.531400000000000091e+03
2.909000000000000000e+03 2.557150000000000091e+03
2.629000000000000000e+03 2.580300000000000182e+03
2.957000000000000000e+03 2.612599999999999909e+03
2.885000000000000000e+03 2.624349999999999909e+03
2.909000000000000000e+03 2.643849999999999909e+03
2.749000000000000000e+03 2.663650000000000091e+03
2.861000000000000000e+03 2.701700000000000273e+03
3.093000000000000000e+03 2.702150000000000091e+03
2.437000000000000000e+03 2.716500000000000000e+03
2.957000000000000000e+03 2.726750000000000000e+03
2.613000000000000000e+03 2.740000000000000000e+03
2.669000000000000000e+03 2.764599999999999909e+03
2.533000000000000000e+03 2.778550000000000182e+03
2.629000000000000000e+03 2.791550000000000182e+03
2.749000000000000000e+03 2.804000000000000000e+03
3.197000000000000000e+03 2.829200000000000273e+03
2.629000000000000000e+03 2.834900000000000091e+03
2.653000000000000000e+03 2.840900000000000091e+03
2.949000000000000000e+03 2.864050000000000182e+03
3.021000000000000000e+03 2.901650000000000091e+03
2.741000000000000000e+03 2.903800000000000182e+03
3.117000000000000000e+03 2.913500000000000000e+03
2.541000000000000000e+03 2.925099999999999909e+03
3.029000000000000000e+03 2.960849999999999909e+03
2.669000000000000000e+03 2.970000000000000000e+03
2.789000000000000000e+03 2.997700000000000273e+03
2.581000000000000000e+03 3.005599999999999909e+03
2.549000000000000000e+03 3.006200000000000273e+03
2.837000000000000000e+03 3.455200000000000273e+03
2.677000000000000000e+03 3.470800000000000182e+03
3.109000000000000000e+03 3.522150000000000091e+03
3.021000000000000000e+03 3.562050000000000182e+03
3.061000000000000000e+03 3.573750000000000000e+03
2.829000000000000000e+03 3.582000000000000000e+03
2.909000000000000000e+03 3.584750000000000000e+03
2.997000000000000000e+03 3.610450000000000273e+03
2.957000000000000000e+03 3.612550000000000182e+03
2.965000000000000000e+03 3.763750000000000000e+03
2.453000000000000000e+03 3.772050000000000182e+03
2.469000000000000000e+03 3.803000000000000000e+03
2.725000000000000000e+03 3.803050000000000182e+03
3.157000000000000000e+03 3.814250000000000000e+03
2.941000000000000000e+03 3.823000000000000000e+03
2.477000000000000000e+03 3.827950000000000273e+03
2.597000000000000000e+03 3.830400000000000091e+03
2.845000000000000000e+03 3.837300000000000182e+03
2.749000000000000000e+03 3.854349999999999909e+03
2.693000000000000000e+03 3.885050000000000182e+03
2.613000000000000000e+03 3.899300000000000182e+03
2.445000000000000000e+03 3.918900000000000091e+03
2.901000000000000000e+03 3.937050000000000182e+03
2.485000000000000000e+03 3.941000000000000000e+03
2.597000000000000000e+03 3.946000000000000000e+03
2.677000000000000000e+03 3.949400000000000091e+03
2.469000000000000000e+03 3.959349999999999909e+03
3.133000000000000000e+03 4.089450000000000273e+03
2.557000000000000000e+03 4.109750000000000000e+03
2.949000000000000000e+03 4.127050000000000182e+03
2.621000000000000000e+03 4.130149999999999636e+03
2.829000000000000000e+03 4.138149999999999636e+03
2.565000000000000000e+03 4.175699999999999818e+03
2.861000000000000000e+03 4.185300000000000182e+03
2.717000000000000000e+03 4.187350000000000364e+03
3.165000000000000000e+03 4.215399999999999636e+03
2.429000000000000000e+03 4.225050000000000182e+03
2.909000000000000000e+03 4.228699999999999818e+03
2.589000000000000000e+03 4.251850000000000364e+03
2.997000000000000000e+03 4.253899999999999636e+03
2.757000000000000000e+03 4.292199999999999818e+03
2.589000000000000000e+03 4.295899999999999636e+03
2.981000000000000000e+03 4.297750000000000000e+03
3.085000000000000000e+03 4.316300000000000182e+03
2.917000000000000000e+03 4.316850000000000364e+03
2.997000000000000000e+03 4.324750000000000000e+03
2.549000000000000000e+03 4.359250000000000000e+03
3.005000000000000000e+03 4.362649999999999636e+03
3.077000000000000000e+03 4.363050000000000182e+03
3.037000000000000000e+03 4.523300000000000182e+03
2.781000000000000000e+03 4.543300000000000182e+03
2.717000000000000000e+03 4.554500000000000000e+03
2.797000000000000000e+03 4.555350000000000364e+03
3.061000000000000000e+03 4.564800000000000182e+03
2.989000000000000000e+03 4.566900000000000546e+03
2.893000000000000000e+03 4.609900000000000546e+03
2.877000000000000000e+03 4.615350000000000364e+03
2.829000000000000000e+03 4.639850000000000364e+03
2.925000000000000000e+03 4.779449999999999818e+03
2.909000000000000000e+03 4.788100000000000364e+03
2.589000000000000000e+03 4.792949999999999818e+03
3.181000000000000000e+03 4.794100000000000364e+03
2.981000000000000000e+03 4.794850000000000364e+03
3.197000000000000000e+03 4.799949999999999818e+03
2.501000000000000000e+03 4.804900000000000546e+03
3.045000000000000000e+03 4.808000000000000000e+03
2.405000000000000000e+03 4.812000000000000000e+03
2.861000000000000000e+03 4.831600000000000364e+03
2.509000000000000000e+03 4.850250000000000000e+03
2.501000000000000000e+03 4.903949999999999818e+03
2.845000000000000000e+03 4.928000000000000000e+03
2.485000000000000000e+03 5.035500000000000000e+03
3.157000000000000000e+03 5.068250000000000000e+03
2.773000000000000000e+03 5.069199999999999818e+03
2.445000000000000000e+03 5.098750000000000000e+03
2.973000000000000000e+03 5.186250000000000000e+03
2.677000000000000000e+03 5.269900000000000546e+03
2.685000000000000000e+03 5.422650000000000546e+03
2.589000000000000000e+03 5.452850000000000364e+03
2.413000000000000000e+03 5.453300000000000182e+03
2.677000000000000000e+03 5.512400000000000546e+03
3.021000000000000000e+03 5.524150000000000546e+03
2.845000000000000000e+03 5.578750000000000000e+03
2.405000000000000000e+03 5.606650000000000546e+03
2.997000000000000000e+03 5.647050000000000182e+03
2.661000000000000000e+03 5.661050000000000182e+03
3.133000000000000000e+03 5.704050000000000182e+03
2.661000000000000000e+03 5.808300000000000182e+03
3.069000000000000000e+03 5.835300000000000182e+03
2.845000000000000000e+03 5.857949999999999818e+03
2.653000000000000000e+03 5.899800000000000182e+03
2.581000000000000000e+03 5.955650000000000546e+03
2.869000000000000000e+03 5.967199999999999818e+03
2.854000000000000000e+03 1.187500000000000000e+02
2.910000000000000000e+03 1.404500000000000171e+02
2.614000000000000000e+03 1.680999999999999943e+02
2.430000000000000000e+03 1.905500000000000114e+02
2.854000000000000000e+03 2.077500000000000000e+02
3.174000000000000000e+03 2.207500000000000000e+02
2.902000000000000000e+03 2.893000000000000114e+02
2.966000000000000000e+03 3.197500000000000000e+02
2.438000000000000000e+03 3.421500000000000341e+02
2.686000000000000000e+03 3.581500000000000341e+02
2.710000000000000000e+03 3.581999999999999886e+02
2.950000000000000000e+03 3.835000000000000000e+02
2.998000000000000000e+03 4.096500000000000341e+02
2.582000000000000000e+03 4.479000000000000341e+02
2.678000000000000000e+03 4.536000000000000227e+02
2.966000000000000000e+03 4.838000000000000114e+02
2.670000000000000000e+03 5.011500000000000341e+02
2.582000000000000000e+03 5.091999999999999886e+02
2.438000000000000000e+03 5.133500000000000227e+02
2.710000000000000000e+03 5.232999999999999545e+02
3.150000000000000000e+03 5.349500000000000455e+02
2.990000000000000000e+03 5.468500000000000227e+02
3.038000000000000000e+03 5.508999999999999773e+02
2.798000000000000000e+03 5.582000000000000455e+02
2.406000000000000000e+03 5.917000000000000455e+02
2.518000000000000000e+03 6.122000000000000455e+02
3.054000000000000000e+03 6.192500000000000000e+02
2.830000000000000000e+03 6.297000000000000455e+02
2.990000000000000000e+03 6.920000000000000000e+02
2.662000000000000000e+03 6.936000000000000227e+02
2.454000000000000000e+03 6.965000000000000000e+02
2.814000000000000000e+03 7.028500000000000227e+02
2.734000000000000000e+03 7.197500000000000000e+02
2.782000000000000000e+03 7.280000000000000000e+02
3.086000000000000000e+03 7.337500000000000000e+02
2.622000000000000000e+03 7.601499999999999773e+02
2.894000000000000000e+03 7.653999999999999773e+02
3.174000000000000000e+03 7.743999999999999773e+02
2.574000000000000000e+03 7.825000000000000000e+02
3.126000000000000000e+03 8.131000000000000227e+02
2.446000000000000000e+03 8.228999999999999773e+02
2.742000000000000000e+03 8.322000000000000455e+02
2.958000000000000000e+03 8.470500000000000682e+02
2.934000000000000000e+03 8.512000000000000455e+02
3.030000000000000000e+03 8.823000000000000682e+02
2.694000000000000000e+03 8.930500000000000682e+02
3.118000000000000000e+03 9.602000000000000455e+02
2.822000000000000000e+03 9.670500000000000682e+02
3.062000000000000000e+03 9.767500000000000000e+02
3.110000000000000000e+03 9.985500000000000682e+02
2.550000000000000000e+03 1.040950000000000045e+03
2.518000000000000000e+03 1.054200000000000045e+03
2.790000000000000000e+03 1.056250000000000000e+03
2.558000000000000000e+03 1.058849999999999909e+03
3.110000000000000000e+03 1.059299999999999955e+03
2.574000000000000000e+03 1.070049999999999955e+03
2.422000000000000000e+03 1.083750000000000000e+03
3.038000000000000000e+03 1.098250000000000000e+03
3.014000000000000000e+03 1.147350000000000136e+03
3.174000000000000000e+03 1.153450000000000045e+03
3.046000000000000000e+03 1.230450000000000045e+03
2.518000000000000000e+03 1.233400000000000091e+03
3.078000000000000000e+03 1.236900000000000091e+03
2.614000000000000000e+03 1.239200000000000045e+03
2.910000000000000000e+03 1.247450000000000045e+03
3.174000000000000000e+03 1.256950000000000045e+03
2.422000000000000000e+03 1.266900000000000091e+03
3.014000000000000000e+03 1.269150000000000091e+03
2.502000000000000000e+03 1.274200000000000045e+03
3.086000000000000000e+03 1.294750000000000000e+03
2.534000000000000000e+03 1.311000000000000000e+03
2.622000000000000000e+03 1.319450000000000045e+03
2.782000000000000000e+03 1.319650000000000091e+03
2.422000000000000000e+03 1.341299999999999955e+03
2.518000000000000000e+03 1.353250000000000000e+03
2.550000000000000000e+03 1.398200000000000045e+03
2.406000000000000000e+03 1.404400000000000091e+03
3.054000000000000000e+03 1.450750000000000000e+03
2.646000000000000000e+03 1.452150000000000091e+03
2.494000000000000000e+03 1.462450000000000045e+03
2.990000000000000000e+03 1.463549999999999955e+03
3.086000000000000000e+03 1.475299999999999955e+03
2.542000000000000000e+03 1.479400000000000091e+03
2.526000000000000000e+03 1.511500000000000000e+03
2.630000000000000000e+03 1.519100000000000136e+03
3.142000000000000000e+03 1.521900000000000091e+03
3.062000000000000000e+03 1.538350000000000136e+03
2.846000000000000000e+03 1.539799999999999955e+03
2.934000000000000000e+03 1.544299999999999955e+03
2.990000000000000000e+03 1.550200000000000045e+03
3.190000000000000000e+03 1.560400000000000091e+03
2.774000000000000000e+03 1.637200000000000045e+03
2.782000000000000000e+03 1.647900000000000091e+03
2.486000000000000000e+03 1.657350000000000136e+03
2.750000000000000000e+03 1.661350000000000136e+03
2.958000000000000000e+03 1.664950000000000045e+03
2.598000000000000000e+03 1.667250000000000000e+03
2.438000000000000000e+03 1.723900000000000091e+03
2.894000000000000000e+03 1.726650000000000091e+03
3.078000000000000000e+03 1.737650000000000091e+03
2.662000000000000000e+03 1.774500000000000000e+03
2.758000000000000000e+03 1.795500000000000000e+03
2.958000000000000000e+03 1.818250000000000000e+03
2.878000000000000000e+03 1.856950000000000045e+03
2.862000000000000000e+03 1.877100000000000136e+03
2.902000000000000000e+03 1.887049999999999955e+03
2.414000000000000000e+03 1.888650000000000091e+03
2.918000000000000000e+03 1.933400000000000091e+03
2.814000000000000000e+03 1.974600000000000136e+03
2.742000000000000000e+03 1.980350000000000136e+03
3.198000000000000000e+03 2.023850000000000136e+03
2.814000000000000000e+03 2.032799999999999955e+03
2.902000000000000000e+03 2.046650000000000091e+03
2.990000000000000000e+03 2.050400000000000091e+03
2.494000000000000000e+03 2.185300000000000182e+03
2.910000000000000000e+03 2.187950000000000273e+03
2.518000000000000000e+03 2.267900000000000091e+03
3.014000000000000000e+03 2.300800000000000182e+03
3.054000000000000000e+03 2.315700000000000273e+03
3.118000000000000000e+03 2.327050000000000182e+03
2.638000000000000000e+03 2.341349999999999909e+03
3.006000000000000000e+03 2.350150000000000091e+03
2.518000000000000000e+03 2.352050000000000182e+03
3.006000000000000000e+03 2.389000000000000000e+03
2.814000000000000000e+03 2.427900000000000091e+03
2.526000000000000000e+03 2.453900000000000091e+03
2.702000000000000000e+03 2.461200000000000273e+03
3.190000000000000000e+03 2.484050000000000182e+03
2.918000000000000000e+03 2.507349999999999909e+03
3.118000000000000000e+03 2.551099999999999909e+03
3.086000000000000000e+03 2.561400000000000091e+03
2.550000000000000000e+03 2.602250000000000000e+03
3.094000000000000000e+03 2.612300000000000182e+03
2.782000000000000000e+03 2.667849999999999909e+03
2.550000000000000000e+03 2.726300000000000182e+03
2.766000000000000000e+03 2.729200000000000273e+03
2.846000000000000000e+03 2.766550000000000182e+03
2.982000000000000000e+03 2.772099999999999909e+03
3.190000000000000000e+03 2.791750000000000000e+03
2.822000000000000000e+03 2.810250000000000000e+03
2.630000000000000000e+03 2.813400000000000091e+03
2.510000000000000000e+03 2.849050000000000182e+03
2.694000000000000000e+03 2.885900000000000091e+03
2.742000000000000000e+03 2.916800000000000182e+03
2.462000000000000000e+03 2.924900000000000091e+03
2.814000000000000000e+03 2.970800000000000182e+03
2.662000000000000000e+03 2.987000000000000000e+03
2.910000000000000000e+03 3.448400000000000091e+03
2.886000000000000000e+03 3.451250000000000000e+03
2.630000000000000000e+03 3.457650000000000091e+03
2.526000000000000000e+03 3.459300000000000182e+03
2.878000000000000000e+03 3.496849999999999909e+03
2.998000000000000000e+03 3.523950000000000273e+03
2.510000000000000000e+03 3.536150000000000091e+03
2.974000000000000000e+03 3.548250000000000000e+03
3.062000000000000000e+03 3.562150000000000091e+03
3.142000000000000000e+03 3.709800000000000182e+03
3.166000000000000000e+03 3.751349999999999909e+03
2.798000000000000000e+03 3.762500000000000000e+03
3.118000000000000000e+03 3.764800000000000182e+03
2.590000000000000000e+03 3.768200000000000273e+03
2.942000000000000000e+03 3.770950000000000273e+03
2.470000000000000000e+03 3.787450000000000273e+03
2.854000000000000000e+03 3.791900000000000091e+03
2.662000000000000000e+03 3.826550000000000182e+03
2.990000000000000000e+03 3.827750000000000000e+03
3.062000000000000000e+03 3.829250000000000000e+03
2.478000000000000000e+03 3.833450000000000273e+03
2.910000000000000000e+03 3.846500000000000000e+03
2.766000000000000000e+03 3.861050000000000182e+03
2.478000000000000000e+03 3.875000000000000000e+03
3.158000000000000000e+03 3.881200000000000273e+03
2.790000000000000000e+03 3.892950000000000273e+03
2.846000000000000000e+03 3.896200000000000273e+03
2.798000000000000000e+03 3.921849999999999909e+03
2.814000000000000000e+03 3.930050000000000182e+03
2.558000000000000000e+03 3.930599999999999909e+03
2.438000000000000000e+03 3.930650000000000091e+03
3.102000000000000000e+03 3.948300000000000182e+03
2.582000000000000000e+03 3.952849999999999909e+03
3.062000000000000000e+03 3.957200000000000273e+03
2.502000000000000000e+03 3.963750000000000000e+03
3.086000000000000000e+03 4.124199999999999818e+03
2.542000000000000000e+03 4.145550000000000182e+03
2.686000000000000000e+03 4.154000000000000000e+03
2.646000000000000000e+03 4.190699999999999818e+03
3.118000000000000000e+03 4.207350000000000364e+03
2.694000000000000000e+03 4.208550000000000182e+03
2.974000000000000000e+03 4.211800000000000182e+03
2.822000000000000000e+03 4.216399999999999636e+03
2.574000000000000000e+03 4.245699999999999818e+03
2.582000000000000000e+03 4.273000000000000000e+03
2.806000000000000000e+03 4.281550000000000182e+03
2.430000000000000000e+03 4.285250000000000000e+03
2.678000000000000000e+03 4.291149999999999636e+03
2.878000000000000000e+03 4.296850000000000364e+03
2.574000000000000000e+03 4.371650000000000546e+03
3.054000000000000000e+03 4.462900000000000546e+03
3.094000000000000000e+03 4.506800000000000182e+03
3.166000000000000000e+03 4.527400000000000546e+03
2.654000000000000000e+03 4.527500000000000000e+03
2.502000000000000000e+03 4.530350000000000364e+03
2.518000000000000000e+03 4.550850000000000364e+03
2.822000000000000000e+03 4.555150000000000546e+03
2.814000000000000000e+03 4.579199999999999818e+03
3.014000000000000000e+03 4.610750000000000000e+03
2.846000000000000000e+03 4.650800000000000182e+03
3.166000000000000000e+03 4.670600000000000364e+03
3.062000000000000000e+03 4.749050000000000182e+03
3.190000000000000000e+03 4.779800000000000182e+03
2.878000000000000000e+03 4.793150000000000546e+03
2.966000000000000000e+03 4.793750000000000000e+03
3.190000000000000000e+03 4.811050000000000182e+03
2.798000000000000000e+03 4.821949999999999818e+03
3.134000000000000000e+03 4.824900000000000546e+03
2.886000000000000000e+03 4.838500000000000000e+03
2.846000000000000000e+03 4.839100000000000364e+03
3.030000000000000000e+03 4.839650000000000546e+03
3.102000000000000000e+03 4.890150000000000546e+03
2.894000000000000000e+03 4.903750000000000000e+03
2.934000000000000000e+03 4.906850000000000364e+03
2.742000000000000000e+03 4.924300000000000182e+03
2.702000000000000000e+03 4.927199999999999818e+03
2.662000000000000000e+03 4.934350000000000364e+03
3.070000000000000000e+03 4.937300000000000182e+03
2.782000000000000000e+03 4.948850000000000364e+03
3.078000000000000000e+03 5.006699999999999818e+03
2.446000000000000000e+03 5.019900000000000546e+03
2.606000000000000000e+03 5.027699999999999818e+03
3.022000000000000000e+03 5.076750000000000000e+03
2.774000000000000000e+03 5.528250000000000000e+03
2.622000000000000000e+03 5.595250000000000000e+03
3.070000000000000000e+03 5.670150000000000546e+03
2.894000000000000000e+03 5.754199999999999818e+03
3.078000000000000000e+03 5.783150000000000546e+03
2.814000000000000000e+03 5.871900000000000546e+03
2.902000000000000000e+03 5.888600000000000364e+03
2.782000000000000000e+03 5.900100000000000364e+03
2.838000000000000000e+03 5.904100000000000364e+03
3.174000000000000000e+03 5.950400000000000546e+03
2.950000000000000000e+03 5.955600000000000364e+03
2.407000000000000000e+03 1.084000000000000057e+02
3.087000000000000000e+03 1.108500000000000085e+02
3.151000000000000000e+03 1.445000000000000000e+02
2.927000000000000000e+03 1.833000000000000114e+02
3.199000000000000000e+03 1.905500000000000114e+02
3.103000000000000000e+03 2.177000000000000171e+02
2.783000000000000000e+03 2.259000000000000057e+02
3.143000000000000000e+03 2.358000000000000114e+02
3.015000000000000000e+03 2.400000000000000000e+02
2.479000000000000000e+03 3.351500000000000341e+02
2.927000000000000000e+03 3.539000000000000341e+02
2.671000000000000000e+03 3.572500000000000000e+02
2.895000000000000000e+03 3.761500000000000341e+02
2.799000000000000000e+03 3.768500000000000227e+02
2.807000000000000000e+03 4.199000000000000341e+02
2.727000000000000000e+03 4.470000000000000000e+02
2.623000000000000000e+03 4.726999999999999886e+02
2.751000000000000000e+03 4.916000000000000227e+02
2.559000000000000000e+03 5.146000000000000227e+02
2.591000000000000000e+03 5.342500000000000000e+02
2.495000000000000000e+03 5.405000000000000000e+02
2.623000000000000000e+03 6.050500000000000682e+02
2.831000000000000000e+03 6.158999999999999773e+02
2.591000000000000000e+03 6.259500000000000455e+02
2.639000000000000000e+03 6.359500000000000455e+02
2.407000000000000000e+03 6.363999999999999773e+02
2.975000000000000000e+03 6.645500000000000682e+02
3.191000000000000000e+03 6.919500000000000455e+02
3.103000000000000000e+03 6.932500000000000000e+02
3.127000000000000000e+03 7.182500000000000000e+02
2.847000000000000000e+03 7.247500000000000000e+02
2.495000000000000000e+03 7.301499999999999773e+02
2.511000000000000000e+03 7.514500000000000455e+02
2.591000000000000000e+03 7.553500000000000227e+02
2.527000000000000000e+03 7.577500000000000000e+02
2.815000000000000000e+03 7.755500000000000682e+02
2.975000000000000000e+03 7.768000000000000682e+02
2.439000000000000000e+03 7.815500000000000682e+02
2.535000000000000000e+03 8.245500000000000682e+02
2.591000000000000000e+03 8.719500000000000455e+02
2.975000000000000000e+03 8.735500000000000682e+02
2.751000000000000000e+03 8.797500000000000000e+02
3.159000000000000000e+03 9.070500000000000682e+02
2.583000000000000000e+03 9.286499999999999773e+02
3.103000000000000000e+03 9.485000000000000000e+02
2.703000000000000000e+03 1.001600000000000023e+03
3.079000000000000000e+03 1.001550000000000068e+03
3.095000000000000000e+03 1.003399999999999977e+03
2.919000000000000000e+03 1.013399999999999977e+03
2.543000000000000000e+03 1.089549999999999955e+03
2.559000000000000000e+03 1.090549999999999955e+03
2.895000000000000000e+03 1.124549999999999955e+03
2.471000000000000000e+03 1.135549999999999955e+03
2.503000000000000000e+03 1.257500000000000000e+03
2.879000000000000000e+03 1.280750000000000000e+03
2.815000000000000000e+03 1.291850000000000136e+03
2.711000000000000000e+03 1.302549999999999955e+03
2.799000000000000000e+03 1.320100000000000136e+03
2.487000000000000000e+03 1.322650000000000091e+03
2.591000000000000000e+03 1.333700000000000045e+03
2.783000000000000000e+03 1.350450000000000045e+03
2.951000000000000000e+03 1.373100000000000136e+03
3.031000000000000000e+03 1.381100000000000136e+03
3.111000000000000000e+03 1.434650000000000091e+03
2.767000000000000000e+03 1.461750000000000000e+03
2.623000000000000000e+03 1.473000000000000000e+03
2.447000000000000000e+03 1.475000000000000000e+03
3.127000000000000000e+03 1.499950000000000045e+03
2.903000000000000000e+03 1.528200000000000045e+03
2.671000000000000000e+03 1.538350000000000136e+03
3.135000000000000000e+03 1.555450000000000045e+03
2.583000000000000000e+03 1.567299999999999955e+03
2.471000000000000000e+03 1.576299999999999955e+03
2.695000000000000000e+03 1.578400000000000091e+03
2.975000000000000000e+03 1.584150000000000091e+03
3.039000000000000000e+03 1.597450000000000045e+03
2.879000000000000000e+03 1.600950000000000045e+03
2.743000000000000000e+03 1.627450000000000045e+03
2.607000000000000000e+03 1.630650000000000091e+03
3.119000000000000000e+03 1.651450000000000045e+03
2.959000000000000000e+03 1.673950000000000045e+03
2.895000000000000000e+03 1.711450000000000045e+03
3.095000000000000000e+03 1.743400000000000091e+03
2.823000000000000000e+03 1.775750000000000000e+03
2.871000000000000000e+03 1.792200000000000045e+03
2.999000000000000000e+03 1.823900000000000091e+03
3.015000000000000000e+03 1.840350000000000136e+03
2.999000000000000000e+03 1.878250000000000000e+03
2.791000000000000000e+03 1.904850000000000136e+03
2.623000000000000000e+03 1.907100000000000136e+03
2.511000000000000000e+03 1.914150000000000091e+03
2.495000000000000000e+03 1.921150000000000091e+03
2.679000000000000000e+03 1.924250000000000000e+03
3.063000000000000000e+03 1.968799999999999955e+03
2.855000000000000000e+03 1.972000000000000000e+03
2.447000000000000000e+03 1.988350000000000136e+03
2.919000000000000000e+03 2.009700000000000045e+03
2.775000000000000000e+03 2.029250000000000000e+03
2.407000000000000000e+03 2.035650000000000091e+03
2.655000000000000000e+03 2.039500000000000000e+03
2.839000000000000000e+03 2.051550000000000182e+03
2.455000000000000000e+03 2.053150000000000091e+03
2.687000000000000000e+03 2.057449999999999818e+03
2.495000000000000000e+03 2.089650000000000091e+03
2.847000000000000000e+03 2.091050000000000182e+03
2.719000000000000000e+03 2.103099999999999909e+03
2.535000000000000000e+03 2.108599999999999909e+03
2.439000000000000000e+03 2.109099999999999909e+03
3.167000000000000000e+03 2.154250000000000000e+03
2.559000000000000000e+03 2.171300000000000182e+03
2.711000000000000000e+03 2.184400000000000091e+03
2.847000000000000000e+03 2.204400000000000091e+03
3.031000000000000000e+03 2.209099999999999909e+03
2.911000000000000000e+03 2.210349999999999909e+03
2.423000000000000000e+03 2.256500000000000000e+03
2.535000000000000000e+03 2.271800000000000182e+03
2.559000000000000000e+03 2.340500000000000000e+03
2.439000000000000000e+03 2.383050000000000182e+03
2.679000000000000000e+03 2.401900000000000091e+03
3.071000000000000000e+03 2.405750000000000000e+03
2.727000000000000000e+03 2.419849999999999909e+03
2.687000000000000000e+03 2.421349999999999909e+03
2.743000000000000000e+03 2.424900000000000091e+03
2.935000000000000000e+03 2.437150000000000091e+03
2.607000000000000000e+03 2.437250000000000000e+03
2.559000000000000000e+03 2.485849999999999909e+03
2.703000000000000000e+03 2.493700000000000273e+03
2.903000000000000000e+03 2.531349999999999909e+03
2.695000000000000000e+03 2.551900000000000091e+03
2.743000000000000000e+03 2.553050000000000182e+03
2.615000000000000000e+03 2.576849999999999909e+03
2.895000000000000000e+03 2.632500000000000000e+03
2.695000000000000000e+03 2.633500000000000000e+03
2.887000000000000000e+03 2.649849999999999909e+03
2.751000000000000000e+03 2.658150000000000091e+03
2.463000000000000000e+03 2.667700000000000273e+03
2.511000000000000000e+03 2.736750000000000000e+03
2.847000000000000000e+03 2.752200000000000273e+03
2.727000000000000000e+03 2.768599999999999909e+03
2.847000000000000000e+03 2.768599999999999909e+03
3.103000000000000000e+03 2.792250000000000000e+03
2.983000000000000000e+03 2.793900000000000091e+03
2.623000000000000000e+03 2.817599999999999909e+03
2.559000000000000000e+03 2.821800000000000182e+03
3.135000000000000000e+03 2.826700000000000273e+03
3.167000000000000000e+03 2.839450000000000273e+03
2.735000000000000000e+03 2.849650000000000091e+03
3.183000000000000000e+03 2.862900000000000091e+03
2.855000000000000000e+03 2.898700000000000273e+03
3.183000000000000000e+03 2.904349999999999909e+03
3.111000000000000000e+03 2.907650000000000091e+03
2.415000000000000000e+03 2.926400000000000091e+03
2.687000000000000000e+03 2.932300000000000182e+03
3.191000000000000000e+03 2.952550000000000182e+03
2.455000000000000000e+03 2.959150000000000091e+03
2.791000000000000000e+03 2.972000000000000000e+03
2.679000000000000000e+03 2.972950000000000273e+03
2.887000000000000000e+03 3.405349999999999909e+03
3.031000000000000000e+03 3.418500000000000000e+03
2.695000000000000000e+03 3.428450000000000273e+03
2.567000000000000000e+03 3.455550000000000182e+03
2.463000000000000000e+03 3.470700000000000273e+03
2.975000000000000000e+03 3.531650000000000091e+03
2.767000000000000000e+03 3.535800000000000182e+03
2.495000000000000000e+03 3.546950000000000273e+03
2.975000000000000000e+03 3.570599999999999909e+03
3.119000000000000000e+03 3.713500000000000000e+03
3.055000000000000000e+03 3.737099999999999909e+03
2.855000000000000000e+03 3.748500000000000000e+03
2.543000000000000000e+03 3.779300000000000182e+03
2.447000000000000000e+03 3.791550000000000182e+03
2.607000000000000000e+03 3.809300000000000182e+03
2.687000000000000000e+03 3.812300000000000182e+03
2.623000000000000000e+03 3.815650000000000091e+03
3.191000000000000000e+03 3.825400000000000091e+03
2.743000000000000000e+03 3.829700000000000273e+03
2.991000000000000000e+03 3.848000000000000000e+03
2.927000000000000000e+03 3.880250000000000000e+03
2.679000000000000000e+03 3.894950000000000273e+03
2.583000000000000000e+03 3.920150000000000091e+03
3.071000000000000000e+03 3.933000000000000000e+03
2.495000000000000000e+03 3.934650000000000091e+03
3.047000000000000000e+03 3.948650000000000091e+03
3.191000000000000000e+03 4.139800000000000182e+03
3.159000000000000000e+03 4.140399999999999636e+03
2.751000000000000000e+03 4.154100000000000364e+03
2.887000000000000000e+03 4.175250000000000000e+03
2.831000000000000000e+03 4.175399999999999636e+03
2.615000000000000000e+03 4.232500000000000000e+03
2.607000000000000000e+03 4.249149999999999636e+03
2.919000000000000000e+03 4.259050000000000182e+03
3.119000000000000000e+03 4.272050000000000182e+03
2.807000000000000000e+03 4.280600000000000364e+03
2.463000000000000000e+03 4.289399999999999636e+03
2.607000000000000000e+03 4.294250000000000000e+03
2.727000000000000000e+03 4.347399999999999636e+03
2.975000000000000000e+03 4.351699999999999818e+03
2.671000000000000000e+03 4.353050000000000182e+03
3.071000000000000000e+03 4.355399999999999636e+03
3.023000000000000000e+03 4.517500000000000000e+03
2.511000000000000000e+03 4.591400000000000546e+03
2.831000000000000000e+03 4.606900000000000546e+03
2.727000000000000000e+03 4.647350000000000364e+03
2.423000000000000000e+03 4.669449999999999818e+03
2.839000000000000000e+03 4.753300000000000182e+03
2.439000000000000000e+03 4.766550000000000182e+03
2.447000000000000000e+03 4.768050000000000182e+03
3.159000000000000000e+03 4.771150000000000546e+03
3.031000000000000000e+03 4.791350000000000364e+03
2.639000000000000000e+03 4.793199999999999818e+03
3.111000000000000000e+03 4.821800000000000182e+03
2.511000000000000000e+03 4.822050000000000182e+03
2.527000000000000000e+03 4.832199999999999818e+03
2.591000000000000000e+03 4.845600000000000364e+03
2.559000000000000000e+03 4.866850000000000364e+03
3.167000000000000000e+03 4.872250000000000000e+03
2.743000000000000000e+03 4.882449999999999818e+03
2.695000000000000000e+03 4.948750000000000000e+03
2.879000000000000000e+03 5.021449999999999818e+03
3.063000000000000000e+03 5.077300000000000182e+03
2.935000000000000000e+03 5.078000000000000000e+03
2.679000000000000000e+03 5.086900000000000546e+03
2.983000000000000000e+03 5.092949999999999818e+03
2.583000000000000000e+03 5.103199999999999818e+03
2.839000000000000000e+03 5.116500000000000000e+03
3.167000000000000000e+03 5.188550000000000182e+03
3.023000000000000000e+03 5.189400000000000546e+03
2.783000000000000000e+03 5.502250000000000000e+03
3.151000000000000000e+03 5.575850000000000364e+03
3.135000000000000000e+03 5.577050000000000182e+03
3.159000000000000000e+03 5.777449999999999818e+03
2.847000000000000000e+03 5.863550000000000182e+03
3.103000000000000000e+03 5.868150000000000546e+03
2.727000000000000000e+03 5.884600000000000364e+03
2.783000000000000000e+03 5.891850000000000364e+03
